0,1,2,3,4,5,6,7,8,9,10,11,12,13,14,15,16,17,18,19,20,21,22,23
no,headword,PoS,definition,example,translation,example,translation,example,translation,example,translation,example,translation,example,translation,scientific name,gram category,social context,semantic field,loanword,crm,af,id
1,a:,particle,"so, then",A: sakarang aku tungkangi kau,So now I will explain to you,,,,,,,,,,,,,,,,,,
2,-a,pronoun,"his, her, its",losung anaka,mortar (child of a pestle),bayaka sarunga,sheath of a machete,,,,,,,,,,third singular genitive marker,,,,,,
3,-a,article,"the, the one focused on",De mana kapota?,From where (is) the arrival?,alusa,the small one,,,,,,,,,,,,,,"-na, -ina",,
4,aba,noun,"father, a term used in some families",,,,,,,,,,,,,,,,,,,,
5,abang,,,,,,,,,,,,,,,,,,,,porut abanga,,
6,abok,noun,kind of steamed triangular cake of cassava,,,,,,,,,,,,,,,,food,,,,
7,acar,,,,,,,,,,,,,,,,,,,,dabu-dabu acar,,
8,ada,intransitive verb,to exist,de belabelang de itu ada lapangan anu apé terbang,"At Belang-Belang over there, there",cece dua pulu belek basisa ke ada,"Never mind twenty conatainers, there would even be",,,,,,,,,,,,,,,,
9,ada,verb,to possess,Masa walanda kami ada pakeang,In the Dutch era we had clothes.,,,,,,,,,,,,,,,,,,
10,ada,particle,"in the process, currently",aku ini ada baumang-baumang kintal mitu,I have been in the process of looking and,de toko ada mujual itu,In stores they currently sell them.,,,,,,,,,,a verbal marker indicating continuity or iterarity,,,,,,
11,ada harus,adverb,"unsurprisingly, no wonder, logically",ada harus si abu bakar ilia lau itu,No wonder Abu Bakar saw it there.,,,,,,,,,,,,,,,,,,
12,ada kalanya,particle,sometimes,,,,,,,,,,,,,,,,,,,,
13,adaing,particle,later,Adaing kuumbuk de Matius,"Later on, I'll ask Matius for it.",,,,,,,,,,,,"as a syntactic marker, future marker",,,,,,
14,adaing,verb,to await someone,Cece balampo adaing aku,Don't go,wait for me.,,,,,,,,,,,,,,,adang,,
15,adang,,,,,,,,,,,,,,,,,,,,,adangi,
16,adang,verb,"to wait for someone, to await someone",torus kami barikang tala pake adangi mo,Then we went fishing,we had no use for,,,,,,,,,,,,,,,,adangi akang,
17,adang,verb,to wait for someone at someone's request or on someone's behalf,,,,,,,,,,,,,,,,,,,ba:baada:ng,
18,adang,intransitive verb,"to wait (of several people), to wait a very long time",po musi kamú ba:baada:ng nang motor itu,That's why all of you must wait for that,,,,,,,,,,,,,,,,,paadang,
19,adang,verb,to wait for someone a long time,,,,,,,,,,,,,,,,,,,,
20,adapang,,,,,,,,,,,,,,,,,,,,,adapangi,
21,adapang,verb,to face someone,,,,,,,,,,,,,,,,,,,baadapangang,
22,adapang,intransitive verb,to be face to face,,,,,,,,,,,,,,,,,,,,
23,adat,noun,"customs, traditions, manners",,,,,,,,,,,,,,,,society,,,,
24,ade:,exclamation,"ooh, a cry of pain",,,,,,,,,,,,,,,,,,,,
25,ade: de: de:,exclamation,"ooh, a groan when experiencing persistent pain",,,,,,,,,,,,,,,,,,,,
26,adi,noun,younger sibling,adingku bini-bini,my sister,musi barunding puang nang inaku nang inaku kakana nang adina mena,Then we must confer with my mother and with my mother's older and younger siblings first.,,,,,,,,,,,,,,,,"adi tiri \df step-sister, step-brother"
27,ado:,exclamation,"ouch, a cry of sudden pain",,,,,,,,,,,,,,,,,,,,
28,ado,,,,,,,,,,,,,,,,,,,,molo molo ado,,
29,ado: do: do:,exclamation,"ow, a wail when being beaten",,,,,,,,,,,,,,,,,,,,
30,adrés,noun,address,,,,,,,,,,,,,,,,,,,,
31,adu,noun,kind of intestinal disease characterized by hardness or swelling in the upper abdomen,,,,,,,,,,,,,,,,health,,,,
32,aduping,noun,flood,,,,,,,,,,,,,,,,,,,,
33,agama,noun,religion,,,,,,,,,,,,,,,,spiritual,,,,
34,agas,noun,gnat,,,,,,,,,,,,,Ceratopogonidae,,,insect,,,,
35,ahalí,noun,"family member, distant relative",,,,,,,,,,,,,,,,,,,saahalí,
36,ahalí,noun,"one family, a family relationship",,,,,,,,,,,,,,,,kinship,,,,
37,aherát,noun,"the eternal world, the place of life after death <eternity>",,,,,,,,,,,,,,,,,,"bobato ahera/t, dunia/",,
38,ahir,noun,conclusion,,,,,,,,,,,,,,,,,,,,
39,ahirnya,conjunction,finally,,,,,,,,,,,,,,,,,Indonesian,,,
40,ahát,noun,Sunday,,,,,,,,,,,,,,,,,,,,
41,ai,exclamation,"hey, exclamation of surprise or admonition",ai kamú ke inga-ingat bahasanta tu i:,"Hey, all of you should always be mindful of that",,,,,,,,,,,,,,,,,,
42,air goraka,noun,a beverage of ginger and palm sugar,,,,,,,,,,,,,,,,,Malay,,,
43,ajar,verb,"to teach someone or s.t., to scold someone",nyawaku mantak po kuajar si Umar,I was really offended so I told Umar off,,,,,,,,,,,,,,,,,ajari,
44,ajar,verb,to teach someone,,,,,,,,,,,,,,,,,,,ajari:,
45,ajar,intransitive verb,to scold someone intensively,,,,,,,,,,,,,,,,,,,ajar akang,
46,ajar,verb,to teach s.t. at someone's request,,,,,,,,,,,,,,,,,,,ba:jajarang,
47,ajar,intransitive verb,to  argue with and scold someone,,,,,,,,,,,,,,,,,,,palajari,
48,ajar,verb,"to teach intensively with training and demonstration, to instruct <demonstrate>",Bapaku mupalajari andeket tu basilap,My father instructs that youngster in martial arts,,,,,,,,,,,,,,,,,,
49,ajarang,noun,"horse,",,,,,,,,,,,,,Equus caballus,,,animal,,,,
50,ajeri,verb,"to rip open a fish gill, to kill freshly taken fish",,,,,,,,,,,,,,,,fishing,,,,
51,ajeri:,verb,"to berate someone, to excoriate someone",,,,,,,,,,,,,,,,,Malay,jejer,,
52,ajimat,noun,"charm, a token carried to protect the bearer",,,,,,,,,,,,,,,,,,,,
53,akal,noun,"mind, intelligence, cunning, mental solution, resolution (of a problem)",akal barisi,many ways to solve (a problem),,,,,,,,,,,,,,,,,,
54,akan,,,,,,,,,,,,,,,,,,,,akang,,
55,akang,,,,,,,,,,,,,,,,,,,Indonesian,,,
56,akang,particle,"will, shall, about to",a itu akang tida bisa,"So, that will be impossible.",adaing kapala perkebunan akang mubei mangarti,Later the agriculture officer will,,,,,,,,,,future marker,,,Indonesian,,,
57,adaing,preposition,"regarding, with respect to",kau mucamuni akang de ruma habua puang,You should have hidden it in a house for,,,,,,,,,,,,"a postverbal particle marking causation, benefaction or instrumentality",,,,,,
58,akang,conjunction,"however, nonetheless",a kita balapetak yogo ka da: bakaya akang kani: lapetak ni lambat,"So we garden and go inland to collect sago pith, nonetheless it is certain the garden will be late (for harvesting)",,,,,,,,,,,,,,,,,,
59,akar,noun,root,,,,,,,,,,,,,,,,,,,,"akar kuning \ps  n \df carrot, \sn Daucus carota \sf  food"
60,aku,pronoun,"I, me",aku yogo kutanyai kau habua hadiki,"I want to ask you about something, please.",haiku ini mubei aku doit tolu ratus ka mai,This guy gave me three hundred rupiah,,,,,,,,,,"first person singular, emphatic",informal,,,"iku,, ngku,, ku,, ku-, dangang",,
61,aku,,,,,,,,,,,,,,,,,,,,,akui,
62,aku,verb,to admit s.t.,kuakui laki-laki tu memang jagona,I admit that man surely has prowess,,,,,,,,,,,,,,,,mangaku,,
63,akí,noun,"storage battery, car battery",,,,,,,,,,,,,,,,,,batre/,,
64,ala,verb,"to take s.t., to assume s.t. as a starting point for calculations",nyawana ia ma bei ga tu muala jamingku,Whose heart let him take my watch? (Who,basaláng ala de tanggal kani: ahat tu sak,"If you start with the calendar, then it surely",,,,,,,,,,,,,,,,"ala paisu \df to be absorbent (said of sago bread) <sop> \il  baku ini ma ala paisu This sago bread sops up the sauce \crm  sika \af  ala akang \ps  v \df to take on behalf of someone \il  Muala akang aku tabako. Get some cigarettes for me. \af  baala \ps  vi \df to be engaged in taking <take> \il  Baala ga de ini. Take from here, too. \il  baala les to take dues, baala nyawa \df to curry favor (e.g. of o.'s boss) \af  baalala:ng \ps  vi \df to be intertwined, to be criss-crossed, to be tied up in a multitude of knots, etc. \il  Ada filinggir dua biji baalala:ng. There are two kites criss-crossed. \df to argue with each other \crm  sika"
65,ala:,exclamation,"Lord!, exclamation of surprise or disapproval",ala: tauli ka lau majang,Lord! We looked out towards the horizon and it was great!,,,,,,,,,,,,,,,,ya ala,,
66,ala-alang,,,,,,,,,,,,,,,,,,,,"alang-alang, manuk ala-alang",,
67,alabobo,noun,kind of small mollusc found in muddy riverbanks,,,,,,,,,,,,,,,,mollusc,,,,
68,alahumadafá,exclamation,"Good lord!, exclamation of surprise or shock",,,,,,,,,,,,,,,,,,,,
69,alalungang,noun,small waves,,,,,,,,,,,,,,,,,,alualungang,,
70,alam,noun,nature,,,,,,,,,,,,,,,,,,,,
71,alang-alang,noun,"kind of grass, alang-alang,",,,,,,,,,,,,,Imperata cylindrica,,,,,,,
72,alangang,noun,"inhibitory factor, problem",kami ini nang alangang po pauli mo balampo jau,We have a difficulty to deal with so,,,,,,,,,,,,,,,,,,
73,alap,,,,,,,,,,,,,,,,,,,,,alap akang,
74,alap,verb,to invite someone (at another's request) to a ritual meal,Mualap akang langker inycana kamai.,Invite that elder there to  come here.,,,,,,,,,,,,,,,,,alap-alap,
75,alap,noun,"those invited to a ritual meal, guests",alap-alap di dodak tala kapo ka bolung,Have those invited earlier already arrived or,,,,,,,,,,,,,,,,,baalap-alap,
76,alap,intransitive verb,to extend invitations for a ceremony,,,,,,,,,,,,,,,,,,undang,,
77,alapi:,verb,to take for someone,Mualapí: aku glas aku yogo kulonggar paisu.,Get me a glass,I want to drink some,,,,,,,,,,,,,,,ala,,
78,alat,noun,"tool, equipment",,,,,,,,,,,,,,,,,,,,alat pakakas \df requisite equipment \af  baalat \ps  vi \df to be equipped or characterized by a tool \crm  pakakas \sf  tool
79,alawís,noun,"kind of bird, hawk or kite of the family Accipitridae",,,,,,,,,,,,,,,,bird,,,,
80,ale-ale,,,,,,,,,,,,,,,,,,,,,ale-ale akang,
81,ale-ale,transitive verb,"to soothe someone (an infant) by dancing or singing, to lullaby someone",,,,,,,,,,,,,,,,,,,baale-ale,
82,ale-ale,intransitive verb,to lullaby or amuse and soothe children,,,,,,,,,,,,,,,,,,,,
83,alelendí,noun,"kind of epiphytic fern,",,,,,,,,,,,,,Drynaria rigidula <epiphyte>,,,plant,,,,
84,alengo,particle,"a moment ago, mentioned earlier, aforesaid",alengo kulanggari pasar sunyi manusia mo,A few minutes ago I passed by the market.,...supaya daung alengo itu dadi kasal,...so that the aforementioned leaves become,,,,,,,,,,,,,,,,
85,alhamdu,,,,,,,,,,,,,,,,,,,,sukur alhamdu,,
86,alidaráng,noun,kind of traditional fried cake made of rice flour and palm sugar,,,,,,,,,,,,,,,,,,,,
87,alifuru,noun,"animist, pagan, to be a naive person, to behave like a rustic or unsophisticated person (e.g. to be",si jani alifuruna,Mujani's lack of sophistication is really something.,,,,,,,,,,,,,derogatory,,,,,
88,alilipang,noun,"centipede, class Chilopoda",,,,,,,,,,,,,,,,insect,,"alimamayang, calumeme",,
89,alim,verb,pious,,,,,,,,,,,,,,,,,,,,
90,alimamayang,noun,"kind of luminescent centipede, class Chilopoda",,,,,,,,,,,,,,,,insect,,"alilipang, calumeme",,
91,alimarang,particle,last night,,,,,,,,,,,,,,,,,,ari malang,,
92,alimpapat,noun,"firefly, fam. Lampyridae, ladybug",,,,,,,,,,,,,"Lampyridae, ladybug, fam. Coccinellidae",,,insect,,,,
93,alimposuk,noun,"whale, order Cetacea",,,,,,,,,,,,,,,,sea creature,,"posuk, paus-paus",,
94,alinamung,noun,"a sea plant, with clusters of strap-like leaves",,,,,,,,,,,,,,,,plant,,,,
95,alinang kalo,noun,"kind of snake, probably the flat sea snake,",,,,,,,,,,,,,Pelamis platurus,,,sea creature,,ular,,
96,alintangang,noun,the cross-beam supporting ceiling boards,,,,,,,,,,,,,,,,house,,lintang,,
97,alinggoi,noun,"kind of lizard, perhaps, kind of lizard, perhaps a chameleon,",,,,,,,,,,,,,"Mabouya multifasciata, Calotes",,,animal,,,,
98,aliofa,noun,"kind of large, pink fish, remarkable for its long tongue",,,,,,,,,,,,,,,,fish,,,,
99,Allah,noun,God,,,,,,,,,,,,,,,,,,"alahumadafa/, insallah, ompu lahtala, ya ala, ya ilahi",,
100,almanangkir,noun,the two angels who question the spirit of the dead,,,,,,,,,,,,,,,,spiritual,,"mungkar, nakir, malaekat",,
101,almanák,noun,calendar,,,,,,,,,,,,,,,,,,tanggal,,
102,almarhúm,noun,"the deceased, the late, a sobriquet attached to the name of the dead",almarhiúm pa umar,"Mr. Umar, the deceased",,,,,,,,,,,,,,,,"mati-mati, aruaha",,
103,alolang,noun,twine (esp. o. made of palm fiber),,,,,,,,,,,,,,,,,,,,
104,alolong,,,,,,,,,,,,,,,,,,,,datuk,,
105,alu,noun,mortar,,,,,,,,,,,,,,,,,,,,
106,alu-alu,noun,"kind of fish, barracuda,",,,,,,,,,,,,,"Agrioposphyranea barracuda, possibly, Sphyraena   as well",,,fish,,,,
107,alu-alungang,noun,wave,,,,,,,,,,,,,,,,natural phenomenon,,suru-surung,,
108,alus,intransitive verb,"small, fine",,,,,,,,,,,,,,,,,,,alusa,
109,alus,noun,"very fine substance, particle, dust, the small one",,,,,,,,,,,,,,,,,,,alu-alus,
110,alus,intransitive verb,"very fine, extremely small",ujang alu-alus,a very light shower,,,,,,,,,,,,,,,,,,
111,aman,intransitive verb,"peaceful, at peace",jadi rencana alengo itu gagal karna tala aman,"Thus, that plan of theirs failed because it",,,,,,,,,,,,,,,,,,
112,amas,noun,gold,,,,,,,,,,,,,,,,,,,,
113,amas tampawang,,,,,,,,,,,,,,,,,,,,mas tampawang,,
114,amasing kali,noun,a village somewhat inland from Labuha's north side,,,,,,,,,,,,,,,,place name,,,,
115,amasing kota,noun,"the northeastern side of Labuha, where most Bacan speakers reside",,,,,,,,,,,,,,,,place name,,,,
116,ambasaya,noun,"peasant, common folk (without a palace rank)",,,,,,,,,,,,,,,archaic,society,,,,
117,ambat,verb,"to erect obstructions, to dam a river, to cast a net (in order to block a school of fish) in a certain direction",Ambat ka kairi,Cast lefthand,,,,,,,,,,,,,,,,,ambati,
118,ambat,verb,to obstruct s.t.,,,,,,,,,,,,,,,,,,,amba-ambat,
119,ambat,noun,"sago midribs added to the sides of a boat to deflect waves, a temporary strake, any obstruction, temporary door, etc.",,,,,,,,,,,,,,,,sailing,,,,
120,ambaya,conjunction,"when, at the time that, at the beginning",Ambaya ujang pasi batodu de jojaga.,"When it began to rain, they sought shelter in a","ambaya motor itu kapo de ini, kami barikang","When the motorboat arrives here, we will",,,,,,,,,,,,,,,,
121,ambon,noun,"an island, Ambon",,,,,,,,,,,,,,,,,,,,
122,ambulung,noun,"sago palm,",bakaya de siá ambulunga,You're going to process sago flour at whose sago palms?,,,,,,,,,,,Metroxylon,,,sago,,,,"ambulung duri puti \df kind of sago palm with pale green thorns \sf  sago, ambulung licing \df kind of thornless sago palm, with very sharp leaves \sf  sago, ambulung pulutang \df kind of large sago palm \sf  sago, ambulung nggani \df kind of sago palm bearing little pith but harvested for its midribs and bark \sf  sago, ambulung sike/ \df kind of sago palm \sf  sago, ambulung soang \df kind of large sago palm \sf  sago, ambulung tirus \df kind of sago palm with a tapering base \sf  sago \crm  baku \crm bakaya"
123,aming,,,,,,,,,,,,,,,,,,,,ga aming,,
124,amo,noun,"kind of tree bearing edible fruit, the breadfruit,",,,,,,,,,,,,,Artocarpus altilis,,,,Malay,bakar,,
125,ampa,,,,,,,,,,,,,,,,,,,,ampat,,
126,ampar,verb,"to open up, to spread out (e.g., a sheet, a mat, etc.)",,,,,,,,,,,,,,,,,,,ampari,
127,ampar,verb,to spread s.t. out for someone,Ampari aku tikar.,Spread a mat for me.,,,,,,,,,,,,,,,,,ampar akang,
128,ampar,verb,to spread s.t. out (at someone's request),,,,,,,,,,,,,,,,,,,baampar,
129,ampar,intransitive verb,"to be spread out, to sleep indiscriminately on the floor",Ari malang kami tidu baampar.,Last night we slept on mats.,,,,,,,,,,,,,,,,,naampar,
130,ampar,intransitive verb,"fallen down (of broad flat objects, e.g. a sheet of plywood or zinc roofing)",,,,,,,,,,,,,,,,,,,,
131,ampas,verb,to strike down,,,,,,,,,,,,,,,,,,,,
132,ampas,noun,sediment,te ampasa,tea dregs,,,,,,,,,,,,,,,,,ampasi,
133,ampas,verb,to fall on s.t. or someone,Kayu muampasi rumana.,A tree fell on his house.,,,,,,,,,,,,,,,,,naampas,
134,ampas,intransitive verb,"to trip and to fall, to have collapsed",barang ribut kapé nang kayu naampas,"Because of the typhoon, what else?, the trees",,,,,,,,,,,,,,,,,naampasi,
135,ampas,verb,to have fallen on s.t.,,,,,,,,,,,,,,,,,,,,
136,ampat,numeral,four,,,,,,,,,,,,,,,,,,,,
137,ampong,noun,"forgiveness (esp. of someone of higher status), absolution",Harap ampong de kami dangang.,We hope you'll forgive us.,,,,,,,,,,,,,,,,,,
138,amporing,noun,"kind of legume (requiring boiling), rice bean,",,,,,,,,,,,,,Vigna umbellata,,,food,,,,"amporing ijo \df kind of bean, mung bean, \sn Vigna radiata \sf  food, amporing kayu \df kind of bean \df kind of vine, \sn Vigna marina \sf  food, amporing paisu \df kind of vine \sf  plant, amporing sela \df kind of red bean \sf  food, amporing tanggalaot \df kind of shrub, \sn Tephrosia purpurea \crm  biraro \crm  kacang \sf  plant"
139,ampunokang,,,,,,,,,,,,,,,,,,,,mampunokang,,
140,ampung,,,,,,,,,,,,,,,,,,,,ampong,,
141,amuk,,,,,,,,,,,,,,,,,,,,mangamuk,,
142,amál,noun,"good works, good deeds",,,,,,,,,,,,,,,,,,,,
143,ana seni,noun,"children, youth, kids",ini ana seni sakarang basaláng pasi duduk bangaji ilakat bacarita,"Kids nowadays, if",,,,,,,,,,,,,,,,,,
144,ana-anadara,intransitive verb,"immature, not full-grown (of trees)",,,,,,,,,,,,,,,,,,,,
145,anagakang,verb,to pawn s.t.,,,,,,,,,,,,,,,,,,,anagakangi,
146,anagakang,verb,to pawn s.t. for someone,kau muanagakangi radioku ini hadiki,Please pawn my radio for me.,,,,,,,,,,,,,,,,,anagakang akang,
147,anagakang,verb,to pawn s.t. at someone's request,,,,,,,,,,,,,,,,,,,baanagakang,
148,anagakang,intransitive verb,to engage in pawning,ia tala rugi po ia baanagakang binina amasa,He suffered a financial loss and then took,,,,,,,,,,,,,,,,,,
149,anak,noun,"child, offspring",anaku,my child,perna bawali inycana muba: anaka sondor surat,Once Bawali over there was traveling,,,,,,,,,,,,kinship,,,,"anak aono \df first child, eldest child, anak dede \df baby, infant, anak hara/m jada \df illegitimate child <bastard>, anak kamanakang \df nephew, niece \crm  kamanakang, anak kambar \df twin \crm  kambar, anak piatu \df motherless child, orphan, anak piara \df foster-child, adopted child, anak tiri \df step-child, anak watok \df step-child, anak yati/m \df fatherless child, orphan, anak yati/m piatu \df orphan, with both parents dead, anaka rodak \df miscarriage \sf  health \af  baranak \ps  vi \df to give birth, to have a baby \af  paranak akang \ps  v \df to give birth to someone \crm  losung anaka \crm  ana seni \crm  andeket \crm  paranakang \crm  saparnakang \crm  sapasanakang"
150,anam,numeral,"six, esp. in compounds",anam ratus,six hundred,anam pulu,sixty,,,,,,,,,,,,,,anang,,
151,anandeket,,,,,,,,,,,,,,,,,,,,andeket,,
152,anang,numeral,six,anang ari,six days,,,,,,,,,,,,,,,,anam,,
153,anasage,noun,"kind of fish, the Dart or Swallowtail,, incl.",,,,,,,,,,,,,Trachinotus blochi,,,fish,,,,
154,andaing,,,,,,,,,,,,,,,,,,,,adaing,,
155,andap,verb,to peek,,,,,,,,,,,,,,,,,,,andapi,
156,andap,verb,to peek at someone,,,,,,,,,,,,,,,,,,,andap akang,
157,andap,verb,to peek at someone at the request of another,Kuandap akang andeket haiku de ruma palika.,I peeked at a kid on the side of the,,,,,,,,,,,,,,,,,baandap,
158,andap,intransitive verb,to engage in peeking and peeping,,,,,,,,,,,,,,,,,,,,
159,ande-ande,noun,"popular term, esp. a codeword, catchword, nickname",,,,,,,,,,,,,,,,,,,ande-ande akang,
160,ande-ande,verb,"to provide a nickname, to label someone",Kuande-ande akang ia,I gave him an unflattering nickname,,,,,,,,,,,,,,,,,,
161,ande-ande,conjunction,if,ande-ande saiku lima pulu ...,If one fish is fifty (rupiah)...,,,,,,,,,,,,,,,,,,
162,andeket,noun,"a young person, youth",andeket jawa ini katakutang,This Javanese youth became frightened.,,,,,,,,,,,,,,,,anak,,
163,anei,noun,"kind of sea fish, incl. Coral trout and Tiger trout,",,,,,,,,,,,,,Plectropoma maculatum,,,fish,,,,
164,aniaya,verb,"to ruin s.t., to beat someone thoroughly",manusia muaniaya itu kaleronta,"Someone ruined it, our bonfire",,,,,,,,,,,,,,,,,,
165,antara,preposition,between,antara fini nang fini,between planting seeds,,,,,,,,,,,,,,,,mamananga,,
166,antaranya,,,,,,,,,,,,,,,,,,,,di antaranya,,
167,antarjiwa,noun,kind of bird,,,,,,,,,,,,,,,,bird,,,,
168,antawali,noun,"kind of plant used in preparing bitter, medicinal concoctions, ,",,,,,,,,,,,,,Tinospora tuberculata,,,plant,,,,
168,antawali,noun,"kind of plant used in preparing bitter, medicinal concoctions, ,",,,,,,,,,,,,,Tinospora tuberculata,,,food,,,,
169,anti,noun,opposite,,,,,,,,,,,,,,,casual,,,,,
170,antimung,noun,"cucumber,",,,,,,,,,,,,,Cucumis sativus,,,plant,,,,"antimung puti \df wax-gourd, \sn Benincasa hispida \sf  plant, antimung ompu ruma \df kind of vine bearing red fruit, \sn Melothria heterophylla \sf  plant, antimung japa/ng \df chayote, \sn Sechium edule \crm  labu siang \sf  plant \sf  food"
170,antimung,noun,"cucumber,",,,,,,,,,,,,,Cucumis sativus,,,food,,,,"antimung puti \df wax-gourd, \sn Benincasa hispida \sf  plant, antimung ompu ruma \df kind of vine bearing red fruit, \sn Melothria heterophylla \sf  plant, antimung japa/ng \df chayote, \sn Sechium edule \crm  labu siang \sf  plant \sf  food"
171,antuk,,,,,,,,,,,,,,,,,,,,,antuki,
172,antuk,verb,"to ram s.t. (e.g. a head) against a flat vertical surface <knock>, to bargain over s.t., to haggle over s.t. (the price)",alengo abdúl muantuki si muksín di dinding,Just now Abdul knocked Muksin's head,,,,,,,,,,,,,codeword,,,,antuk akang,
173,antuk,verb,to ram (s.t.) against,,,,,,,,,,,,,,,,,,,baantu-antukang,
174,antuk,intransitive verb,to rattle against e.o. (e.g. bottles in a box being moved),,,,,,,,,,,,,,,,,,,naantuk,
175,antuk,intransitive verb,to be,,,,,,,,,,,,,,,,,,,,
176,anyir,intransitive verb,"foul smelling, malodorous (of rotten fish)",,,,,,,,,,,,,,,,,,,,
177,anyir,noun,codeword for fish,,,,,,,,,,,,,,,,,,,anyiri,
178,anyir,verb,to ferment s.t. (e.g. bait fish  because the strong smell will attract other fish.),,,,,,,,,,,,,,,,fishing,,,,
179,anyjal,,,,,,,,,,,,,,,,,,,,,anyjal akang,
180,anyjal,verb,to slam down,Kau baolo-olo. Sodo ku anyjal akang kau.,You've been mocking me.  How about if I,,,,,,,,,,,,,,,,,baanyjal,
181,anyjal,intransitive verb,to slam o.s. down (e.g. of pouting children),,,,,,,,,,,,,,,,,,,naanyjal,
182,anyjal,intransitive verb,"slammed down, dropped",Papangku hakembang naanyjal po napiak.,One of my planks got dropped and split,,,,,,,,,,,,,,,,,,
183,anyut,verb,"to drift, to be adrift",,,,,,,,,,,,,,,,,,,anyut akang,
184,anyut,verb,to set s.t. adrift,,,,,,,,,,,,,,,,,,,baanyut,
185,anyut,intransitive verb,to move by allowing o.'s boat to be carried in a current,,,,,,,,,,,,,,,,natural phenomenon,,,,
186,a,particle,"you know, emphatic marker",,,,,,,,,,,,,,,,,,,,
187,aolas,noun,kind of tree yielding timber,,,,,,,,,,,,,,,,tree,,,,
188,a,,,,,,,,,,,,,,,,,,,,a:,,
189,apa-,noun,"possession, property, thing",apamu,your possession,,,,,,,,,,,,,,,,,,
190,apa-apar,noun,flotsam (when it is afloat),,,,,,,,,,,,,,,,,,mboyat,,
191,apabila,conjunction,when,,,,,,,,,,,,,,,,,,,,
192,apabila,pronoun,when,apabila kamú balampo de indomut,When are you going to Indomut?,,,,,,,,,,,,,,,,,,
193,apadua,pronoun,half,,,,,,,,,,,,,,,,,,sapadua,,
194,apang,noun,kind of cup cake baked in an oven,,,,,,,,,,,,,,,,food,,,,
195,api,noun,"fire, light, taper",,,,,,,,,,,,,,,,natural phenomenon,,,,
196,apit,numeral classifier,"stack, a counter for pieces of thatch",,,,,,,,,,,,,,,,,,,,
197,apit,verb,to squeeze between two objects,,,,,,,,,,,,,,,,,,,apiti,
198,apit,verb,to tie s.t. together tightly for someone,apiti otap,to fasten together several pieces of thatch,,,,,,,,,,,,,,,,,apit akang,
199,apit,verb,to fasten s.t. at someone's request,,,,,,,,,,,,,,,,,,,baapit,
200,apit,intransitive verb,"to work at fastening into tight stacks, to be squeezed into a narrow space",,,,,,,,,,,,,,,,,,,baapitang,
201,apit,intransitive verb,"to be squeezed close to another or a few others, e.g. to walk very closely together",,,,,,,,,,,,,,,,,,,babaapitang,
202,apit,intransitive verb,"to be seated or lying in a constricted space (of several people), e.g. of several children",,,,,,,,,,,,,,,,,,,apit-apit,
203,apit,noun,"a utensil, usually of bamboo, to smoke or roast fish, a grill",,,,,,,,,,,,,,,,utensil,,,naapit,
203,apit,noun,"a utensil, usually of bamboo, to smoke or roast fish, a grill",,,,,,,,,,,,,,,,culinary,,,naapit,
204,apit,intransitive verb,"to be constricted, narrow",,,,,,,,,,,,,,,,,,,,
205,apé,pronoun,what,,,,,,,,,,,,,,,,,,,,"ape/ dang \df what else, what more, ape/ ka \df is  it the case? \sc  a sentence initial question-marker, based on an Indonesian form \il  apé ka kau pauli singga di kampung Is it the case that you can stop in the village? \df something \il  tahasil akang apé yang musi taparlí Let us produce s.t. which we necessarily require., ape/ mamisa \df codeword for sugar, ape/ parata \df codeword for salt, ape/ rangata \df codeword for condiments and chili peppers \af  apé-apé \df whatever, whatsoever, ape/-ape/ moyo \df It's no problem, nothing whatsoever \af  ape-pé \ps  pr \df whatever \crm  bunape/ \crm  kape/"
206,arabáp,noun,kind of single-stringed musical instrument <fiddle>,,,,,,,,,,,,,,,,,,,,
207,arak,noun,alcoholic beverage,,,,,,,,,,,,,,,,,,,,
208,arang,noun,charcoal,,,,,,,,,,,,,,,,,,,,
209,ararít,noun,"kind of plant with rhizomes, arrowroot,",,,,,,,,,,,,,Maranta arundinacea,,,plant,,,,
210,arat,intransitive verb,"tight, taut",bo sabua kita arat,united we are firm,,,,,,,,,,,,,,,,,arat-arat,
211,arat,adverb,"tightly, very tightly",basaláng kau yogo mupabua ia muikat arat-arat,"If you want to make it, fasten it very",,,,,,,,,,,,,,,,,paarati,
212,arat,verb,"to tighten (a cinch, etc.), to draw together, to strengthen the bonds of friendship, etc.",Kamai tapaarati pasaruma:ngina kita,Come! Let us strengthen this friendship of ours,,,,,,,,,,,,,,,,,,
213,ari,noun,day,dua ari,two days,ari bapaguna:ng de masigit,a day for working at the mosque,,,,,,,,,,,,,,,,
214,ari,particle,-day,ari saptu,Saturday,,,,,,,,,,,,marker for days of the week,,,,,,"ari bai \df yesterday, ari bai mulu bai \df day before yesterday, ari bai mulu bai sakalina \df three days ago, ari malang \df last night \crm  sari \crm  hari-hari"
215,arimata,noun,tear,,,,,,,,,,,,,,,,,,,,
216,artinya,noun,meaning,,,,,,,,,,,,,,,,,,bararti,,
217,aruaha,noun,"spirit of the dead, the deceased, esp. as a title used with a personal name, the late",kudapa lia kofiang habua ni po kuingat aruaha ka umar,I caught a glimpse of this,,,,,,,,,,,,,,spiritual,,"almarhu/m, mati-mati",baaruaha,
218,aruaha,intransitive verb,to recite prayers for the dead,,,,,,,,,,,,,,,,spiritual,,,,
219,aru-aru,noun,paddle-shaped spatula,,,,,,,,,,,,,,,,tool,,,,
220,arwaha,,,,,,,,,,,,,,,,,,,,aruaha,,
221,asa,verb,"to sharpen s.t., to grind s.t. (e.g. a stone to polish it)",,,,,,,,,,,,,,,,,,,asai,
222,asa,verb,to sharpen or grind s.t. for someone,asai aku bayaka hadiki,Please sharpen my machete for me,,,,,,,,,,,,,,,,,asai akang,
223,asa,verb,to sharpen or grind s.t. at someone's request,,,,,,,,,,,,,,,,,,,baasa,
224,asa,intransitive verb,to engage in sharpening (with water) or grinding,,,,,,,,,,,,,,,,,,,pa:sa:ng,
225,asa,noun,whetstone,,,,,,,,,,,,,,,,,,salawa,,
226,asai,noun,kind of layered cake made of sweet potatoes,,,,,,,,,,,,,,,,,,,,
227,asal,noun,origin,kaluargana ia tu asala de jawa,His family originates from Java.,,,,,,,,,,,,,,,,ompu,,
228,asang jawa,noun,"kind of tree, the tamarind, the fruits of which are used as a souring agent,",,,,,,,,,,,,,Tamarindus indica,,,tree,,,,
229,asap,noun,smoke,asapa itu mutuong kita,Its smoke enveloped us.,,,,,,,,,,,,,,natural phenomenon,,,asapi,
230,asap,verb,to smoke s.t.,taasapi buáng supaya capát masak,We smoke langsat fruits so they will ripen quickly.,,,,,,,,,,,,,,,,,baasap,
231,asap,intransitive verb,"to be characterized by having smoke, to smoke",taping habua ini baasap ka moyo,Is the hearth smoking or not? (Is there a fire or not?),,,,,,,,,,,,,,,,,baasapi,
232,asap,intransitive verb,to be engaged in smoking s.t.,aku ka da: baasapi buáng alengo,I went inland to work at smoking those langsat fruits,,,,,,,,,,,,,,,,,,
233,asar,noun,the time for the Islamic prayer ritual in the mid-afternoon,,,,,,,,,,,,,,,,,,,,
234,asek,intransitive verb,"enthused, absorbed",,,,,,,,,,,,,,,,,,,,
235,asrakal,noun,"a verse of the Quran recited at certain rituals, incl. celebration of Muhammad's",,,,,,,,,,,,,,,,spiritual,,,baasrakal,
236,asrakal,intransitive verb,"to recite such a verse, usually in a standing posture",,,,,,,,,,,,,,,,,,,,
237,astagapirula:/,exclamation,"Heavens!, a pious exclamation of surprise",,,,,,,,,,,,,,,,,,,,
238,ata,locative,direction towards the cape <capeward>,ka ata,direction to the left when facing the sea,,,,,,,,,,,,,,,,ianta,,
239,atas,,,,,,,,,,,,,,,,,,,,ata,,
240,atau,conjunction,or,bahasa walanda atau bahasa apé,Dutch or whatever language,,,,,,,,,,,,,,,,,,atau ka \df or \sc  apparently Indonesian \crm  ka
241,ati,noun,liver,,,,,,,,,,,,,,,,body,,,,"ati pait \df spleen, ati pusu \df heart, ati pusu narutak \df stupid \sf  body, ati kumbar \df lungs \sf  body"
242,atombóm,,,,,,,,,,,,,,,,,,,,"duriang atombo/m, bom",,
243,atur,verb,to arrange s.t.,,,,,,,,,,,,,,,,,,,ba:turang,
244,atur,intransitive verb,"to make mutual arrangements, to compromise and deal",,,,,,,,,,,,,,,,,,,aturang,
245,atur,noun,"arrangement, procedure, set-up",,,,,,,,,,,,,,,,,,,,
246,au-aular,noun,kind of large-leaved vine,,,,,,,,,,,,,,,,plant,,ngguming,,
247,aur,noun,"bamboo, tribe Bambuseae",,,,,,,,,,,,,,,,plant,,,,"aur kakumis \df kind of large bamboo, egg bamboo, \sn Schizostachyum zollingeri, characterized by many exterior hairs \sf  plant, aur batu \df kind of large, smooth, green bamboo,  Gigantochloa  , used to make fences \sf  plant, aur cina \df kind of yellow bamboo,  Bambusa vulgaris, used for furniture \sf  plant, aur lotu-lotu \df kind of small bamboo, used for children's toys \sf  plant, aur bona \df kind of small bamboo \sf  plant, aur rapa \df kind of bamboo \sf  plant, aur somang \df kind of large bamboo, related to iba \sf  plant, aur tamiang \df kind of large, tall bamboo \sf  plant, aur tangga \df kind of bamboo of medium size, esp. used to make laths for thatch \sf  plant, aur tewa-tewa \df kind of bamboo, \sn Bambusa arundinacea, aur baduri \df kind of bamboo, \sn Bambusa arundinacea \sc  TM \crm  iba \sf  plant"
248,aur-aur,noun,"kind of plant, the day-flower,",,,,,,,,,,,,,Commelina diffusa,,,plant,,,,
249,australi,noun,"Australia, Australian",,,,,,,,,,,,,,,,,,,,
250,aya-aya,,,,,,,,,,,,,,,,,,,Malay,,,
251,aya-aya,noun,kind of sifting basket,,,,,,,,,,,,,,,,utensil,Malay,pamusukang,,
252,ayat,noun,a verse of the Quran,,,,,,,,,,,,,,,,spiritual,,,,
253,ayogo,noun,"kind of tree,",,,,,,,,,,,,,Premna obtusifolia,,,tree,,,,
254,ayung,verb,"to rock (a cradle, etc.)",,,,,,,,,,,,,,,,,,,ayung akang,
255,ayung,verb,to rock s.t. at another's request,,,,,,,,,,,,,,,,,,,ayungi akang,
256,ayung,verb,to repeatedly rock s.t. for someone,,,,,,,,,,,,,,,,,,,naayung,
257,ayung,intransitive verb,"sleepy, about to doze off with o.'s head bobbing",,,,,,,,,,,,,,,,,,,,
258,ayung,noun,"a large sago swamp, upriver from Amasing",,,,,,,,,,,,,,,,place name,,,,
259,awa-awat,noun,"kind of mollusc, giant clam",,,,,,,,,,,,,Tridacna,,,mollusc,,,,
260,awakang,noun,kind of large fish,,,,,,,,,,,,,,,,fish,,,,
261,awalang,intransitive verb,"shy, embarrassed",,,,,,,,,,,,,,,,,,,pa:walangi,
262,awalang,verb,to shame or embarass someone,,,,,,,,,,,,,,,,,,,papa:walangi,
263,awalang,verb,to shame someone (repeatedly or in a number of ways),,,,,,,,,,,,,,,,,,,,
264,awang,noun,cloud,,,,,,,,,,,,,,,,natural phenomenon,,"pangarang, mega",baawang,
265,awang,intransitive verb,cloudy,,,,,,,,,,,,,,,,,,,baawang-awang,
266,awang,intransitive verb,"obscured, hazy, clouded (of vision)",,,,,,,,,,,,,,,,,,,,
267,awanggó,noun,a Bacan-speaking hamlet near Labuha,,,,,,,,,,,,,,,,place name,,,,
268,awarong,noun,current,,,,,,,,,,,,,,,,natural phenomenon,,,baawarong,
269,awarong,intransitive verb,"to be characterized by a strong current, choppy, rough and turbulent (of the sea)",tapi sakarang tala baawarong,But now there's quite a strong current.,,,,,,,,,,,,,,,,,,
270,awas,intransitive verb,to be wary or careful,sedang itu pun kita musi awas,"Even in those circumstances, we must be watchful.",,,,,,,,,,,,,,,,,,
271,awat,noun,a man's name,,,,,,,,,,,,,,,,personal name,,,,
272,awatar,noun,"kind of insect, the sago grub, a kind of beetle larvae",,,,,,,,,,,,,"Cerambycidae, genus",,,insect,,,,
273,awir,noun,"kind of bird, hawk",,,,,,,,,,,,,Accipitridae,,,bird,,,,
274,ba-,affix,,,,,,,,,,,,,,,verbal affix marking intransitive or reciprocal states or activities,,,,,,
275,ba: ruma,noun,"the space below a house or bed, a crawl-space",dek ba: rumana,the meter-high crawl-space between a boat's deck and its hold,,,,,,,,,,,,,,,,"ruma, bawa",,
276,babago,noun,"embers, burning coal, charcoal",,,,,,,,,,,,,,,,,,,,
277,babakul,noun,kind of closed container made of tightly plaited pandanus leaves,,,,,,,,,,,,,,,,utensil,,,,
278,babakumasak,,,,,,,,,,,,,,,,,,,,masak,,
279,babalaona,intransitive verb,"to stay up late talking, to stay awake all night",,,,,,,,,,,,,,,,,,kayu babalaona,,
280,babaleang,noun,a low eating platform,,,,,,,,,,,,,,,,house,,bale,,
281,babalomba,,,,,,,,,,,,,,,,,,,,lomba,,
282,babanter,intransitive verb,bruised,,,,,,,,,,,,,,,,health,,,,
283,babang,noun,a village,,,,,,,,,,,,,,,,place name,,,,
284,babara,intransitive verb,angry,,,,,,,,,,,,,,,slang,,,,,
285,babarsalahang,intransitive verb,"diverse, multiple (kinds), different",,,,,,,,,,,,,,,,,,,,
286,babat,noun,"a round container for sago-meal, made by binding sago leaves together",,,,,,,,,,,,,,,,utensil,,,,
286,babat,noun,"a round container for sago-meal, made by binding sago leaves together",,,,,,,,,,,,,,,,sago,,,,
287,babat,verb,to repair s.t. (e.g. a pole) by binding the bent part with twine or lashing,,,,,,,,,,,,,,,,,,,babati,
288,babat,verb,to bind s.t. for someone,,,,,,,,,,,,,,,,,,,babat akang,
289,babat,verb,to bind s.t. at someone's request,,,,,,,,,,,,,,,,,,,bababat,
290,babat,intransitive verb,to engage in such binding activity,,,,,,,,,,,,,,,,,,,,
291,babau,intransitive verb,"to be odorous, to exude a smell",,,,,,,,,,,,,,,,,,panambau,,
292,babentol,intransitive verb,to have contusions or bumps because of blows to the body,,,,,,,,,,,,,,,,,,,,
293,baberesi:,,,,,,,,,,,,,,,,,,,,beresi:,,
294,babide,noun,"a holy shrine, a sacred grave",,,,,,,,,,,,,,,,spiritual,,,,
295,babiliang,intransitive verb,"to make purchases, to shop <buy>",,,,,,,,,,,,,,,,,,tuka,,
296,babuongi,,,,,,,,,,,,,,,,,,,,buong,,
297,baburung,intransitive verb,to be engaged in untying (difficult) knots,,,,,,,,,,,,,,,,,,,pababurungi,
298,baburung,verb,to untie a complicated knot for someone,,,,,,,,,,,,,,,,,,,,
299,babál,intransitive verb,stupid,,,,,,,,,,,,,,,,,,,,
300,babáng,verb,to cut (with a long machete or sword),,,,,,,,,,,,,,,,,,bayaka,,
301,babás,noun,mallet,,,,,,,,,,,,,,,,tool,,bas,,
302,baca,verb,"to read s.t., to recite s.t. (from the Quran)",cece jual puang tabaca doa salamat puang,Don't sell straight away,"first of all, recite a",,,,,,,,,,,,,spiritual,,,,"baca sahadat \df to utter the Islamic confession of faith \sf  spiritual \af  bacai \ps  v \df to read s.t. for someone \af  baca akang \ps  v \df to read s.t. at someone's request \af  babaca \ps  vi \df to be engaged in reading \df to be engaged in reciting the Quran, babaca arwaha \df to hold a ritual meal and recite the Quran to commemorate a dead person, babaca debe \df to hold a ritual meal of thanksgiving \sf  spiritual, babaca doa \df to recite prayers \sf  spiritual, babaca sukur \df to hold a ritual of thanksgiving at which the Quran is recited \af pambaca:ng \ps  n \df o.'s place in a book"
303,baca:ng,noun,the island of Bacan and its autochthonous people,,,,,,,,,,,,,,,,,,,babaca:ng,
304,baca:ng,intransitive verb,to speak the language of Bacan,tala babaca:ng kasal,You speak Bacanese well.,,,,,,,,,,,,,,,,,,
305,bacang,noun,"kind of mango,",,,,,,,,,,,,,Mangifera,,,food,,wowo,,
306,bacapa-capa,intransitive verb,to be half-dry,,,,,,,,,,,,,,,,,,,,
307,badada:ng,,,,,,,,,,,,,,,,,,,,adang,,
308,badak,noun,"rhinoceros, fam. Rhinocerotidae",,,,,,,,,,,,,,,,,,,,
309,badang,noun,body,umbuk doa supaya badangku sehat,Utter a prayer that my body be healthy.,,,,,,,,,,,,,,body,,,babadanga,
310,badang,intransitive verb,naked to the waist,,,,,,,,,,,,,,,,,,,bada-badanga,
311,badang,intransitive verb,"naked to the waist, bare-chested",,,,,,,,,,,,,,,,,,,,
312,badapatang,,,,,,,,,,,,,,,,,,,,dapat,,
313,badi-badi,noun,kind of dagger,,,,,,,,,,,,,,,,,,,,
314,badák,verb,"to burp, to belch",,,,,,,,,,,,,,,,,,sodut,,
315,baestél,,,,,,,,,,,,,,,,,,,,nggaeka baeste/l,,
316,baf,intransitive verb,to rattle (of seeds),wowo bijina ke baf,That mango makes a rattling noise,,,,,,,,,,,,,,,,kate-kate baf,,
317,bafukul turíf,intransitive verb,"to be unable to keep a secret, to blather",,,,,,,,,,,,,,,,,,,,
318,bagaji,,,,,,,,,,,,,,,,,,,,gaji,,
319,bagarak,intransitive verb,"to shake, to shiver",,,,,,,,,,,,,,,,,,,,
320,bage,verb,to share out s.t.,,,,,,,,,,,,,,,,,,,bage akang,
321,bage,verb,to share out s.t. at someone's request,,,,,,,,,,,,,,,,,,,babage,
322,bage,intransitive verb,"to engage in dividing up or sharing (profits, income, yield) <divide>",,,,,,,,,,,,,,,,,,,babageang,
323,bage,intransitive verb,to share with e.o.,,,,,,,,,,,,,,,,,,,bageang,
324,bage,noun,o.'s share,,,,,,,,,,,,,,,,,,,,
325,bagea,noun,a crisp cake of sago and other ingredients baked in small molds,,,,,,,,,,,,,,,,,,,,"bagea bonyci \df kind of crisp sago cake made with peanuts, bagea kanari \df kind of crisp sago cake made with kanari nuts, bagea nggaoti \df kind of crisp sago made with coconut, bagea rampa \df kind of crisp sago cake made with herbs , onion and garlic \sf  sago \sf  food"
326,bage-bage,noun,"the muscle of the back between the shoulder blades and the upper flank, the",,,,,,,,,,,,,,,,,,,,
327,baginanao,noun,"murderer, wicked person, sobriquet for someone in disfavor, rascal",,,,,,,,,,,,,,,,,,,,
328,bagodu,intransitive verb,a part of the wedding ritual in which the groom is not allowed to part the curtains of,,,,,,,,,,,,,,,,,,,,
329,bagogara,,,,,,,,,,,,,,,,,,,,bogogara,,
330,bagu,noun,"kind of tree bearing edible fruit,",,,,,,,,,,,,,Gnetum gnemon,,,tree,,,,
331,baguang,intransitive verb,"to echo, to resonate deeply (of o.'s voice)",,,,,,,,,,,,,,,,,,,,
332,bagunapé,pronoun,"what was happening, doing what",ka sana rapat-rapat mena tanyai a bagunapé ompu,"Having approached very closely,",,,,,,,,,,,,,,,,"ape/, banape/",,
333,baha-baha,noun,sago mixed with palm sugar and baked in molds,,,,,,,,,,,,,,,,sago,,,,
333,baha-baha,noun,sago mixed with palm sugar and baked in molds,,,,,,,,,,,,,,,,food,,,,
334,bahaljat,,,,,,,,,,,,,,,,,,,,hal,,
335,bahalá,noun,"o.'s just deserts, retribution for an offense, punishment for a  misdeed, come-uppance",,,,,,,,,,,,,,,,,,,,
336,bahaláng,,,,,,,,,,,,,,,,,,,,basala/ng,,
337,bahang,noun,"material, thing",,,,,,,,,,,,,,,,,,,,
338,bahasa,noun,"language, utterance, statement",ini bahasa baca:ng tapata mitu tu,This was correct Bacan language,it was like that,,bolung pasti bahasa ini fitaná,It's not certain whether this statement is calumny.,,,,,,,,,,,,,bahasai,
339,bahasa,verb,to talk to someone,bahasai ia nang basa baca:ng,Speak to her in the Bacan language.,,,,,,,,,,,,,,,,,bahasa akang,
340,bahasa,verb,to talk to someone at someone's request,,,,,,,,,,,,,,,,,,,babahasa,
341,bahasa,intransitive verb,"to exchange information, to engage in conversation <converse>",pasi babahasa nang guru ke ieti mo,They talked with the Quranic teacher but they did,,,,,,,,,,,,,,,,basa,,
342,bahelahai,intransitive verb,"to refuse to do some chore, to avoid a task",,,,,,,,,,,,,,,,,,,,
343,baháng,,,,,,,,,,,,,,,,,,,,basala/ng,,
344,bahíl,intransitive verb,"to pout, to be thin-skinned and easily offended",,,,,,,,,,,,,,,,,,,,
345,bai,,,,,,,,,,,,,,,,,,,,ari bai,,
346,baingkole,noun,kind of bird with a melodious song,,,,,,,,,,,,,,,,bird,,,,
347,bairungang,noun,strut of outrigger,,,,,,,,,,,,,,,,boat,,,,
348,baising,intransitive verb,"to be respectful, to act politely because of someone's status, age or rank",pasi baising de dede Jamal,they are respectful towards Sir Jamal,,,,,,,,,,,,,,,,,,
349,baiyaka,,,,,,,,,,,,,,,,,,,,bayaka,,
350,baiyaka,,,,,,,,,,,,,,,,,,,,bayaka,,
351,baja,verb,to revile,,,,,,,,,,,,,,,,,,,bajai,
352,baja,verb,"to heap insults on someone, to revile someone",,,,,,,,,,,,,,,,,,,babaja-baja,
353,baja,intransitive verb,to revile with obscene language repeatedly,,,,,,,,,,,,,,,,,,,babababaja:ng,
354,baja,intransitive verb,to revile e.o.,,,,,,,,,,,,,,,,,,,,
355,bajape-jape,intransitive verb,"messy and wet, dirty",,,,,,,,,,,,,,,,,,,,
356,bajiang,intransitive verb,"to behave like a bully, to strike indiscriminately",,,,,,,,,,,,,,,,,,,,
357,bakafefut,intransitive verb,"badly distorted, not true to form (e.g. a dented car), to beirregularly shaped (e.g. of a kidney-shaped durian, of a fruit forced to grow in",,,,,,,,,,,,,,,,,,,,
358,bakai:,intransitive verb,"to be short-tempered, to be overly sensitive",Ia bakai: de aku,She is being short-tempered with me,,,,,,,,,,,,,,,,,,
359,bakakidar,intransitive verb,tough (as if uncooked) of the cooked flesh of certain fish,,,,,,,,,,,,,,,,,,,,
360,bakal,,,,,,,,,,,,,,,,,,,Indonesian,,,
361,bakal,particle,about to,yang tadi bakal jadi baku itu,the one just mentioned that's about to become sago meal,,,,,,,,,,,,,,,Indonesian,,,
362,bakantalawat,intransitive verb,"very crowded, excessively many",,,,,,,,,,,,,,,,,,,,
363,bakar,noun,"kind of breadfruit, [Artocarpus altilis",,,,,,,,,,,,,,,,food,,"gomo, amo",,
364,bakar,noun,"a culinary technique, similar to roasting or braising <braise> with spices",,,,,,,,,,,,,,,,culinary,,,,"bakar santang \df kind of recipe for fish with coconut cream \sf  culinary, bakar rica \df kind of spicy recipe for fish \sf  culinary"
365,bakas,verb,to tie up s.t. in bundles,,,,,,,,,,,,,,,,,,,,
366,bakas,numeral classifier,"bundle, a counter of collections of long objects",kumbar tolu bakas,three bundles of sago midribs,,,,,,,,,,,,,,,,,bakasi,
367,bakas,verb,to tie s.t. (specific) for someone into a bundle,bakasi aku kumbar,Bundle up my sago petioles for me,,,,,,,,,,,,,,,,,bakasi akang,
368,bakas,verb,to tie s.t. (specific) up at someone's request,,,,,,,,,,,,,,,,,,,babakas,
369,bakas,intransitive verb,to fasten or bundle things as a task or job,,,,,,,,,,,,,,,,,,,,
370,bakasang,noun,"kind of condiment of fermented, salted fish entrails, kind of sauce of strained fermented fish",,,,,,,,,,,,,,,,food,,,,
371,bakaya,intransitive verb,to process sago pith into meal <work>,kamí yogo bakaya de siá ambulunga,At whose sago trees will you do the sago,,,,,,,,,,,,,,,,manyakul,bakaya akang,
372,bakaya,intransitive verb,to engage in processing a certain sago stand or palm,a kita tala balapetak yogo ka da: bakaya akang kani:,After we've worked on the,,,,,,,,,,,,,,sago,,,,
373,baki,noun,"low table, tray",,,,,,,,,,,,,,,,,,,,
374,bako,,,,,,,,,,,,,,,,,,,,bose bako,,
375,bakti,noun,communal work,bapaguna:ng bakti de masigit,perform communal work in the mosque,,,,,,,,,,,,,,,Indonesian,,,
376,baku,noun,"raw, processed sago meal, sago bread, baked or roasted in molds",,,,,,,,,,,,,,,,sago,,,,"baku garu \df kind of steamed sweetmeat made of palm sugar and sago flour \sf  sago \sf  food, baku kasbi \df kind of bread made from grated cassava \sf  sago \sf  food, baku mata nabukana \df sago bread, the upper part of which is not completely roasted because it was not completely or tightly covered during roasting \sf  sago \sf  food, baku nggaoti \df kind of sago bread baked with grated coconut \sf  sago \sf  food, baku puti \df kind of gray-colored sago bread \sf  sago \sf  food, baku ruo \df kind of cake, soaked sago bread stuffed with fruit or spices and re-roasted or rebaked"
376,baku,noun,"raw, processed sago meal, sago bread, baked or roasted in molds",,,,,,,,,,,,,,,,food,,,,"baku garu \df kind of steamed sweetmeat made of palm sugar and sago flour \sf  sago \sf  food, baku kasbi \df kind of bread made from grated cassava \sf  sago \sf  food, baku mata nabukana \df sago bread, the upper part of which is not completely roasted because it was not completely or tightly covered during roasting \sf  sago \sf  food, baku nggaoti \df kind of sago bread baked with grated coconut \sf  sago \sf  food, baku puti \df kind of gray-colored sago bread \sf  sago \sf  food, baku ruo \df kind of cake, soaked sago bread stuffed with fruit or spices and re-roasted or rebaked"
377,balaga,,,,,,,,,,,,,,,,,,,,mata balaga,,
378,balak,noun,"timber, lumber",riana itu tu balaka mamakang sapa kubit itu,The (yard's) size there will require how,,,,,,,,,,,,,,,,ruma balak,,
379,balakamang,noun,"kind of plant, probably [Basilicum",,,,,,,,,,,,,,,,,,,,
380,balala:ng,,,,,,,,,,,,,,,,,,,,ala,,
381,balama:ng,particle,"eventually, soon, after a short while, shortly",kofo ilau balama:ng rutak,A net at sea will eventually fall apart.,Balama:ng kubobar.,Keep it up and I'll hit you.,,,,,,,,,,,,,,,,
382,balampo,verb,"to go, esp. to walk",kamí balampo di mana dang,Where did all of you go then?,,,,,,,,,,,,,,,,,,"balampo de sawang \df to use an outhouse, to defecate, esp. on the shore or at a seaside outhouse \sc  Euphemism, balampo forsa \df to walk at high speed, balampo tiol \df to walk, to go on foot"
383,balanak,noun,"kind of fish, mullet family, Mugilidae, perhaps",,,,,,,,,,,,,"Mugil cephalus or, Mugil dussumieri",,,fish,,,,"balanak aduping \df kind of fish, balanak dompol \df kind of fish, mullet family, Mugilidae, perhaps \sn Liza vaigiensis \sf  fish"
384,balang,noun,"grasshopper, locust, order Orthoptera",,,,,,,,,,,,,,,,insect,,,,"balang gunting \df kind of mantid, suborder Mantodea \sf  insect, balang nggaoti \df kind of grasshopper, order Orthoptera \crm  boto-boto \sf  insect"
385,balangma:ng,,,,,,,,,,,,,,,,,,,,balama:ng,,
386,bala,verb,to split s.t. (esp. wood),,,,,,,,,,,,,,,,,,,balai,
387,bala,verb,to split s.t. for someone,,,,,,,,,,,,,,,,,,,bal-balai,
388,bala,verb,to split a great deal of wood,,,,,,,,,,,,,,,,,,,bala akang,
389,bala,verb,to divide in half,,,,,,,,,,,,,,,,,,,babala,
390,bala,intransitive verb,to split wood as a task,babala kayu,split wood,,,,,,,,,,,,,,,,,pabalai,
391,bala,verb,"to bring a task of splitting to conclusion, to complete the splitting of s.t.",,,,,,,,,,,,,,,,,,,nabala,
392,bala,intransitive verb,to be broken (of plates),,,,,,,,,,,,,,,,,,sabala,,
393,balanyja,noun,"the sum of money given to o.'s fiancée's parents <brideprice>, the money spent to supply o.'s daily food, kitchen expenses",,,,,,,,,,,,,,,,,,siri pinang,,
394,bala,noun,"a member of the sultan's retinue, a servant or lower-ranking officer in the palace, subjects",,,,,,,,,,,,,,,archaic,,,,,
395,balapis,noun,kind of layer cake,,,,,,,,,,,,,,,,food,,,,
396,balas,verb,"to pay up, to pay for s.t., to answer s.t. ( a letter)",Aku kubalas mulaku.,I paid my debt.,musi tabalas de pasi harga itu,We must pay the price to them.,sakarang ini kita tabatikang tabalas senso,Nowadays we say we'll pay for a chainsaw.,,,,,,,,,,,,,balasi,
397,balas,verb,to pay for someone,,,,,,,,,,,,,,,,,,,balas akang,
398,balas,verb,to pay for s.t. or someone,pauli tabalas akang tukang mupabua mesel alengo,We'll be able to pay the mason for,,,,,,,,,,,,,,,,,bababalasang,
399,balas,intransitive verb,to requite e.o.,bababalasang budi,repay e.o.'s kindness.,,,,,,,,,,,,,,,,,,
400,balatete,,,,,,,,,,,,,,,,,,,,ngguming,,
401,balatu,noun,kind of pit trap lined with sharpened bamboo stakes,,,,,,,,,,,,,,,,,,sungga,,
402,bale,noun,"bed, sleeping platform",,,,,,,,,,,,,,,,house,,"dego-dego, katidurang, babaleang",,
403,bale sumpa,noun,"kind of chameleon,",,,,,,,,,,,,,Calotes sp.,,,animal,,,,
404,balentik,noun,kind of spear trap,,,,,,,,,,,,,,,,,,sungga,,
405,bali,,,,,,,,,,,,,,,,,,,,nggaoti,,
406,balibalinggarang,intransitive verb,"to be extremely unstable (of a boat in the water), to tip and tilt excessively",,,,,,,,,,,,,,,,,,linggang,,
407,balik,,,,,,,,,,,,,,,,,,,,,baliki,
408,balik,verb,to turn s.t. over for someone,baliki lao itu capát mo logas,Flip over that fish fast,it's about to burn,,,,,,,,,,,,,,,,balik akang,
409,balik,verb,to turn s.t. over,,,,,,,,,,,,,,,,,,,babalik,
410,balik,intransitive verb,"to go back, to resume some earlier activity or state, to be inverted or turned over",babalik ka mai,Return here,bangaji babalik,Resume Quran reciting,babalik tu babicara alengo parkara lampa:ng,Resuming the earlier discussion regarding,lecak imbawana imbawa jadi ianta,,babalik,"The soil below, what's below becomes",,,,,,,,,,
411,balik,particle,"again, once more",,,,,,,,,,,,,,,,,,,nabalik,
412,balik,intransitive verb,to be accidentally twisted,,,,,,,,,,,,,,,,,,,,
413,balik,intransitive verb,"to have come of age (of women), to experience o.'s first menstrual period",,,,,,,,,,,,,,,,,,hajat,,
414,balimbing,,,,,,,,,,,,,,,,,,,,malimbing,,
415,balisa,intransitive verb,"to be nervous and hyperactive, to fidget",,,,,,,,,,,,,,,,,,,,
416,balo,noun,widower,,,,,,,,,,,,,,,,,,janda,,
417,balotu,,,,,,,,,,,,,,,,,,,,lotu,,
418,balu,,,,,,,,,,,,,,,,,,,,batu balu,,
419,balukus,noun,"kind of fish, the Flathead, Platycephalidae fam.",,,,,,,,,,,,,,,,fish,,,,"balukus batang \df kind of fish, \sn Platycephalus fuscus \sf  fish, balukus dolong \df kind of fish \sf  fish, balukus duong \df kind of fish, \sn Platycephalus indicus \sf  fish, balukus cacebar \df kind of fish \sf  fish, balukus karang \df kind of fish, the Grinner, \sn Trachinocephalus myops \sf  fish"
420,balung,verb,"to coil, to roll up (twine, etc.)",,,,,,,,,,,,,,,,,,,balungi,
421,balung,verb,to roll s.t. up for s.o,,,,,,,,,,,,,,,,,,,balung akang,
422,balung,verb,"to coil (a rope, etc.) at someone's request, to consume s.t. (food)",,,,,,,,,,,,,,,whimsical,,,,babalung,
423,balung,intransitive verb,to engage in winding up twine or rope,,,,,,,,,,,,,,,,,,,balung-balung,
424,balung,noun,spool,,,,,,,,,,,,,,,,,,,,
425,balá,,,,,,,,,,,,,,,,,,,,bahala/,,
426,baláng,,,,,,,,,,,,,,,,,,,,basala/ng,,
427,balóng,,,,,,,,,,,,,,,,,,,,long,,
428,bamayó,intransitive verb,to go hunting (with dogs),,,,,,,,,,,,,,,,,,yoyo/,,
429,bambanót,noun,"kind of fish, the saddle-tailed sea perch,",,,,,,,,,,,,,Lutjanus sanguineus,,,fish,,,,
430,bambang,verb,"to heat s.t. already cooked, to warm s.t. up",,,,,,,,,,,,,,,,culinary,,,bambangi,
431,bambang,verb,to heat s.t. for someone,,,,,,,,,,,,,,,,,,,,
432,bamomba,intransitive verb,"to peer from a hiding place, to flee and seek refuge in a concealed place",,,,,,,,,,,,,,,,,,,,
433,bamomba,noun,"a gazebo, a resting place",,,,,,,,,,,,,,,casual,,,,,
434,bampe,noun,"guard post, sentinel, inspection post (during the Japanese occupation)",,,,,,,,,,,,,,,archaic,,,,,
435,banana,intransitive verb,wet,,,,,,,,,,,,,,,,,,,banana-nana,
436,banana,intransitive verb,quite wet,,,,,,,,,,,,,,,,,,,banana akang,
437,banana,verb,"to wet s.t., to make s.t. wet",,,,,,,,,,,,,,,,,,,,
438,banapé,pronoun,"what event, what situation",banapé inycana itu dang tu,What was happening there then?,,,,,,,,,,,,,,,,bagunape/,,
439,bandang,,,,,,,,,,,,,,,,,,,,lao bandang,,
440,bandera,noun,"flag, pennant",,,,,,,,,,,,,,,,,,,,
441,banding,verb,"to compare to, to be comparable with",Karang bido tala itu ma banding semén.,"As for staghorn coral, it is comparable to",,,,,,,,,,,,,,,,pasaruma akang,,
442,baner,noun,buttress root,,,,,,,,,,,,,,,,plant,,,,
443,banta,verb,"to contradict s.t., to complain about s.t.",Cece mubanta bicaraku.,Don't contradict what I said.,,,,,,,,,,,,,,,,,bantai,
444,banta,verb,to complain to someone or about someone,Kusu: ia sigodo ma bantai bosina ia.,I told him to complain about his boss.,,,,,,,,,,,,,,,,,babanta:ng,
445,banta,intransitive verb,to contradict e.o.,,,,,,,,,,,,,,,,,,,,
446,bantalang,noun,roller for beached boats,,,,,,,,,,,,,,,,,,raroang,,
447,bantu,verb,to help someone or s.t.,,,,,,,,,,,,,,,,,,,bantu akang,
448,bantu,verb,to help someone or s.t. at someone's request,tabantu akang kamponta,Let us help our village,,,,,,,,,,,,,,,,tulung,,
449,bantunang,noun,"black sea cucumber,",,,,,,,,,,,,,Stichopus chloronotus,,,sea creature,,,,
450,bantung,verb,to yank s.t. out,,,,,,,,,,,,,,,,,,,bantungi,
451,bantung,intransitive verb,to yank s.t. out for someone,,,,,,,,,,,,,,,,,,,bantung akang,
452,bantung,verb,to yank out s.t. at someone's request,,,,,,,,,,,,,,,,,,,babantung,
453,bantung,intransitive verb,to engage in yanking out (e.g. weeding a garden),babantung jengkut,Work at plucking out o.'s facial hair,,,,,,,,,,,,,,,,,,
454,bantáng,intransitive verb,"to have a relapse, to fall ill (because o. is not fully recovered)",,,,,,,,,,,,,,,,health,,,,
455,banár,intransitive verb,TRUE,,,,,,,,,,,,,,,,,,,,
456,banár,particle,That's correct,,,,,,,,,,,,,,,,,,,,
457,bang,noun,the muzzein's call to prayer,,,,,,,,,,,,,,,,,,,,
458,bangaji,intransitive verb,to study and recite the Quran,guru tala batikang palu tolu musi kapo bangaji,The Quranic instructor said that at three,,,,,,,,,,,,,,,,"mangaji, pangaji akang",,
459,banggala,,,,,,,,,,,,,,,,,,,,kambing banggala,,
460,bangkak,intransitive verb,swollen,,,,,,,,,,,,,,,,,,,,
461,bangkalang,,,,,,,,,,,,,,,,,,,,tabangkalang,,
462,bangke,noun,"animal carcass, corpse",,,,,,,,,,,,,,,,,,maye/t,,
463,bangkita,noun,"kind of mangrove tree,",,,,,,,,,,,,,Bruguiera conjugata,,,tree,,,,bangkita papua \df kind of mangrove \sf  tree
464,bangkit,intransitive verb,"to assume an erect position, to get up",,,,,,,,,,,,,,,,,,,babangkit,
465,bangkit,intransitive verb,to arise (and leave one's sleeping place),,,,,,,,,,,,,,,,,,bangung,,
466,bangkit,,,,,,,,,,,,,,,,,,,,,bangkit-bangkit,
467,bangkit,noun,"a wooden tool for wiping empty sago molds, hotpads, potholders",,,,,,,,,,,,,,,,sago,,,babangkit,
467,bangkit,noun,"a wooden tool for wiping empty sago molds, hotpads, potholders",,,,,,,,,,,,,,,,tool,,,babangkit,
468,bangkit,noun,wooden struts to lift the sago mold out of the fire,,,,,,,,,,,,,,,,,,,,babangkita ndango \df a piece of cloth used as a potholder when moving a hot sago mold \sf  sago \sf  utensil
469,bangku,noun,bench,,,,,,,,,,,,,,,,,,nyjong bangku,,
470,bangkuang,noun,"kind of root crop, jicama or yam bean,",,,,,,,,,,,,,Pachyrrhizus erosus,,,plant,,,,
471,bangkurung,noun,"back, behind, posterior area",ruma bangkurunga,"behind the house, at the rear of the house",,,,,,,,,,,,,,,,,bangkurungi,
472,bangkurung,verb,to turn o.'s back on someone,,,,,,,,,,,,,,,,,,,babangkurung,
473,bangkurung,intransitive verb,to be in a position with o.'s back towards another,,,,,,,,,,,,,,,,,,,,
474,banglé,noun,"kind of ginger,",,,,,,,,,,,,,Zingiber cassumunar,,,plant,,,,
475,bangsat,noun,"wicked person, a strong exclamation of disapproval",,,,,,,,,,,,,,,,,,,,
476,bangsil,noun,a western-style transverse flute,,,,,,,,,,,,,,,archaic,,,,,
477,bangunapé,pronoun,"what happens, what needs doing",,,,,,,,,,,,,,,respectful,,,"bagunape/, banape/, guna",,
478,banguni,verb,"to wake up someone, to arouse someone",,,,,,,,,,,,,,,,,,bangung,,
479,bangung,intransitive verb,"to awaken, to regain consciousness",,,,,,,,,,,,,,,,,,bangkit,,
480,ba:,verb,"to carry s.t., to involve s.t., to entail s.t., to bring s.t. along with (the chief event), to operate a machine, to drive a vehicle",ma ba: singsara,that entailed a great deal of suffering,,,,,,,,,,,,,,,,,,"ba: kamai \df to bring, to carry in, ba: sopang \df to carry out \df to remove, to expel, ba: angat \df somewhat warm (of food and drink) \df to get upset, to be offended, to get heated up \df to look like trouble \crm  molu-molu kuku \af  ba:akang \ps  v \df to carry s.t. at someone's request \crm  bawa:ng"
481,banyak,pronoun,much (only in certain phrases),sukur banyak,many thanks to God,,,,,,,,,,,,,,,,"manusia banyak, barisi",,
482,banyjir,noun,flood,,,,,,,,,,,,,,,,,,,,
483,banyjir,intransitive verb,"to flood, to overwhelm by appearing in large numbers",durian tala banyjir laku,Durians have appeared in large numbers.,,,,,,,,,,,,,,,,,,
484,ba:,locative,"direction opposite the cape, beneath",,,,,,,,,,,,,,,,,,"bawa, imbawa, ba: ruma, ka ba:",,
485,bap,,,,,,,,,,,,,,,,,,,,sabap,,
486,bapa,noun,"father, uncle",,,,,,,,,,,,,,,,,,,,"bapa danycanaka \df an uncle younger than his sibling who is o.'s parent, bapa dekea \df an uncle older than his sibling who is o.'s parent \crm  hau \sf  kinship, bapa nang tua ina nang dado \df all of o.'s relatives"
487,bapaguna:ng,,,,,,,,,,,,,,,,,,,,guna,,
488,bapapilu,,,,,,,,,,,,,,,,,,,,pilu,,
489,bapatáng galou,intransitive verb,to wash o.'s face,,,,,,,,,,,,,,,,,,bata/ng galou,,
490,bapiang,,,,,,,,,,,,,,,,,,,,baupiang,,
491,ba:pé,,,,,,,,,,,,,,,,,,,,"ba:, ape/",,
492,bara,noun,tumor,,,,,,,,,,,,,,,,health,,,,"bara bunga \df cold sore, fever blister, herpes simplex \df infection of the gums \df chancre \sf  health"
493,barakát,noun,"grace, blessing (of God or of elders upon children)",,,,,,,,,,,,,,,,,,,,
494,baranak,,,,,,,,,,,,,,,,,,,,anak,,
495,barandang,,,,,,,,,,,,,,,,,,,,randang,,
496,barani,intransitive verb,brave,,,,,,,,,,,,,,,,,,,pabarani akang,
497,barani,verb,"to quicken the bravery of someone, to embolden or encourage someone",,,,,,,,,,,,,,,,,,,,
498,barangka,noun,"gorge, dry river course",,,,,,,,,,,,,,,,geography,,,,
499,barangkali,particle,"maybe, perhaps",,,,,,,,,,,,,,,,,,,,
500,barangkat,intransitive verb,"to depart, to go away",,,,,,,,,,,,,,,,,,angkat,,
501,barang,conjunction,because,barang aku bolung perna barikang de itu,because I've not yet been fishing there,,,,,,,,,,,,,,,,saba/p,,
502,barang,adverb,"approximately, about",pauli barang dua pulu,obtain about twenty,,,,,,,,,,,,,,,,,,
503,barang,particle,maybe,ari ini barang ifuta ka apé,Today maybe he's tricking (us) or what?,,,,,,,,,,,,,,,,,,
504,barang,noun,"things, o.'s property and possessions, a matter, an issue",ini barang nang udang,This is a matter of months.,,,,,,,,,,,,,,,,,,
505,bararti,conjunction,"so, thus, that means",aku yoga baloya hadiki dang bararti aku musi ka sana nang naondoa,In a little while I'll be sailing off so I must go there a little early,,,,,,,,,,,,,,,,,,
506,bararti,conjunction,"thus, therefore",tajagai moyo bararti tanamanta alengo kangelang,"We don't take proper care (of the swidden), therefore our crops become wasted.",,,,,,,,,,,,,,,,,,
507,barat,noun,a point of the compass: west,,,,,,,,,,,,,,,,,,,,"barat daya \df a point of the compass: southwest, barat laut \df a point of the compass: northwest \df foreign (incl. Asian foreigners)"
508,barawango,noun,"kind of palm, perhaps the palmyra palm,",,,,,,,,,,,,,Borassus flabellifer,,,,,lontar,,
509,barba,noun,"whiskers, a full beard",,,,,,,,,,,,,,,,,,,babarba,
510,barba,intransitive verb,"bewhiskered, bearded",,,,,,,,,,,,,,,,,,jengkut,,
511,bardosa,intransitive verb,to commit a sin <sinful>,basaláng babicara de koran dalama itu bardosa,If you talk in the midst of reciting the,,,,,,,,,,,,,,spiritual,,,,
512,barenti,intransitive verb,"to stop, to be completed",bena mantak barenti,just over an illness,,,,,,,,,,,,,,,,,,
513,barenti,particle,"after, when",Kita mamakang barenti mena kita ka daya.,"After we've eaten, then  let's go inland.",,,,,,,,,,,,,,,,,,
514,baria,intransitive verb,to defecate,,,,,,,,,,,,,,,,,,,baria-ria,
515,baria,intransitive verb,to have diarrhoea,,,,,,,,,,,,,,,,health,,,tabatabaria,
516,baria,intransitive verb,"to defecate inadvertently (in o.'s clothes, etc.)",,,,,,,,,,,,,,,,,,berai,,
517,barikang,intransitive verb,"to go fishing, using bait (either scattered in the water or placed on a hook), to fish for a certain kind of fish",barikang lao nonda,to fish for snapper,,,,,,,,,,,,,,fishing,,,,
518,bari,intransitive verb,"stale, spoiled (of rice)",,,,,,,,,,,,,,,,,,,,
519,bari,,,,,,,,,,,,,,,,,,,,,babari,
520,bari,intransitive verb,"to serve or host a meal for those helping in a project, to undertake cooperative work <cooperate>",pauli tabari manusia balampo mupabua balaka,We'll be able to serve up a meal for the,,,,,,,,,,,,,,,,,,
521,baris,verb,"to scoop up completely, to completely remove with o.'s hand (e.g., food from a plate)",,,,,,,,,,,,,,,,,,,baris akang,
522,baris,verb,"to remove s.t. completely at someone's request, to complete s.t. (a meal), to polish off s.t. (food)",tala tabaris akang nang baku molo-molo ado,We polished (them) off with some well-,,,,,,,,,,,,,,,,,,
523,barisa,intransitive verb,"to make unexplained or eery noises, to be noisy (of unseen spirits) <haunt>",ari malang manusia mantak po panycungut barisa sigodo,Last night someone was on his,,,,,,,,,,,,,,,,,,
524,barisi,pronoun,"many, much",,,,,,,,,,,,,,,,,,,barisi-risi,
525,barisi,pronoun,"very much, very many",sukur barisi-risi,Many thanks to God!,,,,,,,,,,,,,,,,,,
526,baronda,intransitive verb,to go for a stroll,,,,,,,,,,,,,,,,,,,,
527,baruntung,exclamation,"fortunately, luckily",baruntung ia capat kapo,"Fortunately, she arrived soon",,,,,,,,,,,,,,,,"untung, untumajang",,
528,baru,intransitive verb,new,,,,,,,,,,,,,,,,,Malay,papoa-poa,,
529,baru,particle,then,,,,,,,,,,,,,,,,,,bubuena,,
530,basa,noun,language,,,,,,,,,,,,,,,,,,,,"basa kadatong \df court language, terms used in the sultan's palace, basa pilit-pilit akang \df a set of codewords used to refer indirectly to certain items \df words, report \il  basa ini fitaná This report is a lie. \af  babasa \ps  vi \df to have a certain language as o.'s language, to speak a certain \language \il  babasa bacáng to speak Bacan \df to speak, to talk \il  pasi babasa nang guru ke ieti mo Even when they talk with a Quranic teacher, they do not understand (proper behavior). \crm  bahasa"
531,basalahang,intransitive verb,"to be twisted (of the ankle, etc.)",,,,,,,,,,,,,,,,,,,barbasalahang,
532,basalahang,intransitive verb,"to be mixed-up (of several objects, e.g. sandals, etc.)",,,,,,,,,,,,,,,,,,sala,,
533,basalendo,intransitive verb,to dance (traditional dances),,,,,,,,,,,,,,,,,,,,
534,basaláng,conjunction,if,"basaláng udang kapota pitu malang dang, lao itu mati",If it is the seventh night of the,,,,,,,,,,,,,,,,,,"basala/ng umur tinggi-tinggi \df with any luck, hopefully"
535,batiti,,,,,,,,,,,,,,,,,,,,,,"batiti buku \df to kneel, esp. with haunch touching the heels, batiti oko \df to rest o.'s chin on o.'s palm \df to daydream \crm  titi"
536,batoróp,intransitive verb,to hunt with dogs,,,,,,,,,,,,,,,archaic,,,,,
537,batu,noun,stone,,,,,,,,,,,,,,,,,,,,"batu baca:ng \df kind of semi-precious stone,  similar to agate, batu balu \df kind of stone which moves, batu iu \df kind of coral, brain coral, ( \sn Symphyllia  ) \crm  katang \af  babatu \ps  vi \df to be full of rocks, stoney"
538,batu-batu,noun,"kind of tree, yielding firewood",,,,,,,,,,,,,,,,,,,,
539,batuk,intransitive verb,to cough,,,,,,,,,,,,,,,,health,,,batuki,
540,batuk,verb,"to cough at someone, to cough to alert someone of o.'s presence",,,,,,,,,,,,,,,,,,,babatuk,
541,batuk,intransitive verb,"to have a cough, to cough continuously",,,,,,,,,,,,,,,,,,,,
542,batuyutang,intransitive verb,to be thoroughly mixed (of dough in a cake mix or of freshly strained sago flour),,,,,,,,,,,,,,,,,,tuyutang,,
543,batáng,particle,"as for, all the more so, suppose, what if",Kau batikang aku paocoang batáng kau.,You say I'm lazy.  What  about you?,"batáng itu, ardani pauli mo","Suppose that's so, Ardani will be unable to do it.","batáng basaláng talapor mo, tapabua tu kira-kira deminyá itu",What if we don't,,,,,,,,,,,,,,
544,batáng galou,intransitive verb,to wash o.'s face,,,,,,,,,,,,,,,,,,bapatang galou,,
545,baung,,,,,,,,,,,,,,,,,,,,bangung,,
546,bau,noun,shoulder,,,,,,,,,,,,,,,,body,,,,
547,bau,noun,an areal measurement of forty fathoms,sabau,one bau,,,,,,,,,,,,,,,,,,
548,baupiang,intransitive verb,"to engage in cooperative work, to help out at a feast <cooperate>",jadi sari dua ari kau musi baupiang aku sadiki puong,So in a day or two you will have,,,,,,,,,,,,,,,,,,
549,baurang,,,,,,,,,,,,,,,,,,,,urang,,
550,baurat,,,,,,,,,,,,,,,,,,,,mbaurat,,
551,bausi,,,,,,,,,,,,,,,,,,,,usi,,
552,bayaka,noun,machete,,,,,,,,,,,,,,,,tool,,,,"bayaka baba/ng \df kind of long machete used in boat building, bayaka tinggi \df kind of long sword-like machete \sf  tool"
553,bayang,noun,"various kind of leafy green vegetables, edible amaranth, incl.",,,,,,,,,,,,,Amaranthus tricolor,,,plant,,,,"bayang baduri \df kind of plant, \sn Amaranthus  spinosus \sf  plant, bayang tidore \df kind of plant, ayapana, \sn Eupatorium triplinerve, used for poultices on \swollen limbs \sf  plant"
554,bayang-bayang,noun,reflection,,,,,,,,,,,,,,,,,,,bayang-bayangi,
555,bayang-bayang,verb,to affect someone by o.'s only very slight presence (e.g. to defuse a quarrel by simply,,,,,,,,,,,,,,,,,,,babayang-bayang,
556,bayang-bayang,intransitive verb,"to imagine, to have the illusion of someone's presence",,,,,,,,,,,,,,,,,,,,
557,bayasa,,,,,,,,,,,,,,,,,,,,yasa,,
558,bawa,locative,"below, beneath, at the bottom, direction opposite the cape <counter-capewards>, westward (when in Labuha itself)",botangi lecak de itu ka bawa,Put the soil there towards the bottom.,adaing itu motor de bawa,Wait for the motorboat over on the right side (of the shore).,ka bawa,direction to the right when facing the sea,kita musi talapor de kapala desa de itu ka bawa,We had to report at the village head's,,,,,,,,,,,,
559,bawa,particle,"emphatically, with finality, thoroughly",,,,,,,,,,,,,,,,,,"ka bawa, ba: ruma, imba:",,
560,bawalí,noun,a man's name,,,,,,,,,,,,,,,,personal name,,,,
561,bawang,noun,"various kind of onions,",,,,,,,,,,,,,Allium,,,plant,,,,"bawang sela \df shallot, \sn Allium cepa, var. ascalonicum \sf  plant, bawang puti \df garlic, \sn Allium sativum \sf  plant"
562,bawa:ng,noun,"burden, s.t. carried",,,,,,,,,,,,,,,,,,,babawa:ng,
563,bawa:ng,intransitive verb,"to have many burdens, to be laden, to become a burden to others, to be burdensome",,,,,,,,,,,,,,,,,,ba:,,
564,bawi,noun,pig,,,,,,,,,,,,,Suidae,,,animal,,sasambiluna bawi,,"bawi tumana \df pig louse, order Phthiraptera, or tick, order Acari \sf  insect"
565,bebas,intransitive verb,"free, independent",sigodo umur ampa taung a itu bena ia bebas,"When it reaches four years of age, then",,,,,,,,,,,,,,,,,,
566,bebe,noun,duck,,,,,,,,,,,,,Anatidae,,,bird,,,,"bebe jawa \df kind of small duck, fam. Anatidae, bebe laut \df pelican, fam. Pelecanidae \sf  bird, bebe manila \df kind of large duck, fam. Anatidae"
567,beda,intransitive verb,to be different,,,,,,,,,,,,,,,,,,malaing,,
568,bedeng,noun,nursery for plants,,,,,,,,,,,,,,,,,,,,
569,bedeng,verb,"to plant s.t. in a nursery, e.g., clove, etc.",,,,,,,,,,,,,,,,,,,,
570,bei,verb,"to give someone s.t., to extend s.t.",Ia mubei langker tabako.,He gave him cigarettes.,,,,,,,,,,,,,,,,,,"bei maaf \df to extend forgiveness, to forgive, bei suara \df to greet, to extend salutations \ps  part \gc  causative marker \df to cause s.t. to happen, bei makang \df to feed someone (to cause someone to eat), bei eti \df to inform (to cause someone to know), to explain \af  bei akang \ps  v \df to give s.t. away \il  Langker mubei akang buk.  He gave a book away. \af  babei \ps  vi \df to take the first step in a game \af  babeiang \ps  vi \df to give things to e.o., to contribute to e.o. \af pambeiang \ps  n \df s.t. given, a gift, a present"
571,bek-bek,ideophone,"the sound made by a duck, the quack of a duck",,,,,,,,,,,,,,,,,,,,
572,beles,noun,a stake to which boats are tied,,,,,,,,,,,,,,,,sailing,,,,
573,belit,transitive verb,to bear a burden beyond o.'s usual capability,,,,,,,,,,,,,,,,,,,,
574,belo-belo,noun,cock's comb,,,,,,,,,,,,,,,,,,,,
575,belék,noun,tin can,,,,,,,,,,,,,,,,,,,,
576,bembém,,,,,,,,,,,,,,,,,,,,benbe/n,,
577,bembén,,,,,,,,,,,,,,,,,,,,benbe/n,,
578,bena,,,,,,,,,,,,,,,,,,,,bubuena,,
579,benar,intransitive verb,"true, correct",,,,,,,,,,,,,,,,,Indonesian,banar,,
580,ben-ben,noun,"kind of crustacean, yabby, a burrowing crayfish with one very large claw, similar to",,,,,,,,,,,,,Callianassa australiensis,,,,,,,
581,benteng,noun,"fort, palisade",,,,,,,,,,,,,,,,,,kota,,
582,benga,,,,,,,,,,,,,,,,,,,,,benga akang,
583,benga,verb,to straighten s.t.,,,,,,,,,,,,,,,,,,,nabenga,
584,benga,intransitive verb,to have inadvertently become straight (when it should not),,,,,,,,,,,,,,,,,,,,
585,benga-benga,noun,"jawbone, mandible, the base of the jaw",,,,,,,,,,,,,,,,body,,benga,,
586,bengko,intransitive verb,bent,,,,,,,,,,,,,,,,,,,,
587,beo,,,,,,,,,,,,,,,,,,,,dabu-dabu beo,,
588,berai,verb,to defecate on s.t. or someone,,,,,,,,,,,,,,,,,,baria,,
589,berak,verb,to stretch apart the limbs of a person or animal,,,,,,,,,,,,,,,,,,cacaberak,beraki,
590,berak,verb,to spread s.t. (limbs in a certain way or for a certain length),,,,,,,,,,,,,,,,,,,berak akang,
591,berak,verb,to spread s.t. (o.'s legs or an animal's limbs) at someone's request,"Tala ia muberak akang kambing tiola, mena ia ma lupes kulita",After he spread apart the,,,,,,,,,,,,,,,,,baberak,
592,berak,intransitive verb,"to be in a posture with legs spread apart, akimbo",tala isu: pasi baberak,"After he issued the order, they stood at ease (of soldiers drilling)",tidu baberak,to sleep with legs akimbo,,,,,,,,,,,,,,,naberak,
593,berak,intransitive verb,"to have become spread apart (e.g. o. side of a bamboo pulled apart from another),, to be broad and flat (of o.'s nose)",,,,,,,,,,,,,,,,,,,,
594,beranak,noun,kind of tree,,,,,,,,,,,,,,,,,,,,
595,bere-bere,noun,kind of disease affecting the bones,,,,,,,,,,,,,,,,,,,,
596,berengkes,noun,kind of cake made of sago flour with banana roasted in banana leaves,,,,,,,,,,,,,,,,,,,,
597,beresi:,verb,to assist someone cleansing after defecating,beresi: adimu,Clean up (wipe up) your little brother.,,,,,,,,,,,,,,,,,beresi: akang,
598,beresi:,verb,to assist someone cleansing after defecating (at someone's request),,,,,,,,,,,,,,,,,,,baberesi:,
599,beresi:,intransitive verb,"to cleanse o.s. after defecating, to engage in assisting others to cleanse themselves or to cleanse them (of infants or",,,,,,,,,,,,,,,,,,,,
600,bermacam-macam,intransitive verb,to be various,,,,,,,,,,,,,,,,,,macang-macang,,
601,berman,noun,neighbor,,,,,,,,,,,,,,,,,,,,
602,bersi,,,,,,,,,,,,,,,,,,,,,pabersi akang,
603,bersi,verb,"to clean s.t. up, to tidy s.t.",,,,,,,,,,,,,,,,,,"beresi:, bersi:",,
604,bersihkan,verb,to clean s.t. up,,,,,,,,,,,,,,,,,,"bersi, kebersihan",,
605,bersí,intransitive verb,"clean, cleared, without obstruction",,,,,,,,,,,,,,,,,,beresi:,,
606,besi,noun,"kind of mineral, iron",,,,,,,,,,,,,,,,,,,,
607,besing,verb,to sneeze,,,,,,,,,,,,,,,,,,,besingi,
608,besing,verb,to sneeze on someone or in a certain direction,,,,,,,,,,,,,,,,,,,babesing,
609,besing,intransitive verb,to sneeze again and again,babesinga,He's (continually) sneezing!,,,,,,,,,,,,,,,,,,
610,betik,,,,,,,,,,,,,,,,,,,,,betik akang,
611,betik,transitive verb,to tear s.t. (a net),,,,,,,,,,,,,,,,,,,nabetik,
612,betik,intransitive verb,torn (of nets),,,,,,,,,,,,,,,,,,,,
613,betis,noun,calf (of leg),,,,,,,,,,,,,,,,,,,,
614,beto,noun,"venom, sting (of a venomous fish or insect)",,,,,,,,,,,,,,,,,,,babeto,
615,beto,intransitive verb,"to be venomous, to have a sting",,,,,,,,,,,,,,,,,,,beto-beto,
616,beto,noun,"insect bites, site of stings, misfortune, often caused by arguing with o.'s parents",,,,,,,,,,,,,,,,,,,,
617,biaji,noun,"clove,",,,,,,,,,,,,,Syzygium aromaticum,,archaic,,,cengke,,
618,biang,noun,traditional midwife,,,,,,,,,,,,,,,,,,,,biang sunat \df Islamic functionary who circumsizes men \sc  Arch
619,biar,exclamation,let it be,,,,,,,,,,,,,,,,,,,,
620,biar,conjunction,although,kita tala pauli tidu biar bolung badindingi ke biar,We could sleep although the shed,,,,,,,,,,,,,,,,,,biar...ke \df no matter \il  Biar taikat nang apé ke No matter what we tie it with
621,biasa,intransitive verb,usual,tala paling biasa tala itu pitu taung,The most common is seven years.,,,,,,,,,,,,,,,,,,
622,biasanya,conjunction,usually,,,,,,,,,,,,,,,,,,,,
623,bibi,noun,"aunt, term of address for older women",,,,,,,,,,,,,,,,kinship,,,,
624,bibir,noun,lip,,,,,,,,,,,,,,,,body,,sungut bibira,,
625,bibir,intransitive verb,full (of a boat so its rim is just out of water),kamí bamuat sigodo bibir,You have taken on cargo to the point that the boat is barely,,,,,,,,,,,,,,,,,,
626,bibisang,noun,kind of fish,,,,,,,,,,,,,,,,fish,,,,"bibisang bonggol \df kind of fish with a deep concavity above the eye, perhaps the yellow perchlet, \sf  fish, bibisang inana \df kind of fish, the yellow perchlet \sn Priopidichthys marianus \sf  fish"
627,bibit,noun,planting seed,,,,,,,,,,,,,,,,,,,,
628,bibiti,verb,"to pinch  off s.t. (esp. fish) for someone, to pinch someone",bibiti aku lao tu ka mai,Pinch off some of that fish for me.,,,,,,,,,,,,,,,,,bibiti akang,
629,bibiti,verb,to pinch s.t. off at someone's request,,,,,,,,,,,,,,,,,,,,
630,bicara,verb,to talk about s.t. or s.o,bicara lao togor,talking about tough fish,,,,,,,,,,,,,,,,,bicarai,
631,bicara,verb,"to talk to someone, to engage someone in a conversation",Ia mubicarai aku mo.,She doesn't talk to me.,cece itu nai-naik kata po bicarai nandolang,Don't as an adolescent chat up young,,,,,,,,,,,,,,,babicara,
632,bicara,intransitive verb,to be engaged in speaking,basaláng babicara de koran dalama itu bardosa,If you carry on a conversation in the,,,,,,,,,,,,,,,,,babicara:ng,
633,bicara,intransitive verb,to speak to each other,Kamí babicara:ng moyo basetangang kapé.,You aren't talking to each other. Are you,,,,,,,,,,,,,,,,,bicarana,
634,bicara,noun,"speech, conversation, manner of speaking",Bicarana laung-laung.,His way of talking is barely audible.,,,,,,,,,,,,,,,,lakat babicara,,
635,bido,noun,"kind of vine, the betel, [Piper betle",,,,,,,,,,,,,,,,plant,,,,"bido lendang \df kind of herb, perhaps lizard's tail, \sn Saururus chinensis \<plant> \crm  karang bido \sf  plant"
636,bido-bido,noun,kind of tree,,,,,,,,,,,,,,,,plant,,,,
637,bigo,noun,kind of fish,,,,,,,,,,,,,,,,fish,,,,
638,biji,noun,"seed, growth or protuberance on the skin, kernel (of maize)",,,,,,,,,,,,,,,,,,,,
639,biji,numeral classifier,"counter for items of clothing and fruits, to be characterized by many seeds, to have a rash or eruption of growths on the skin",durian dua biji,two durians,bangkurungku kanai padas po babiji,My back got too much sun then broke out in a,,,,,,,,,,,,,,peler biji-biji,babiji,
640,bilak,verb,"to open s.t. (a box) very wide, to leave s.t. open (which should not be opened, e.g. a toilet door)",,,,,,,,,,,,,,,,,,,,
641,bilalu,adverb,"extremely, very",,,,,,,,,,,,,,,,,,,,
642,bili,,,,,,,,,,,,,,,,,,,,babiliang,,
643,bilis,verb,to preserve certain kind of small fish by stringing them together and smoking them,,,,,,,,,,,,,,,,,,,bilisi,
644,bilis,verb,to smoke s.t. for someone,,,,,,,,,,,,,,,,,,,bilis akang,
645,bilis,verb,to smoke s.t. (fish) at someone's request,,,,,,,,,,,,,,,,,,,babilis,
646,bilis,intransitive verb,to be engaged in such a smoking process,,,,,,,,,,,,,,,,,,,,
647,biluntas,noun,"kind of plant used to make medicinal concoctions,",,,,,,,,,,,,,Pluchea indica  <herb>,,,plant,,,,
647,biluntas,noun,"kind of plant used to make medicinal concoctions,",,,,,,,,,,,,,Pluchea indica  <herb>,,,medicine,,,,
648,binasa,intransitive verb,"broken, in disrepair, damaged, ruined",mukoat mukoat mukoat gagawang dang kofo itu binasa tala,They gnaw and gnaw and,,,,,,,,,,,,,,,,,,
649,bini,noun,wife,binina urang,someone else's wife,,,,,,,,,,,,,,kinship,,,babini,
650,bini,intransitive verb,"to be married (of men), to have a wife",,,,,,,,,,,,,,,,,,,pabini akang,
651,bini,verb,to make someone o.'s wife,kau yogo mupabini akang siá anaka?,Whose daughter do you want to marry?,,,,,,,,,,,,,,,,kawing,sapabiniang,
652,bini,noun,"a marital couple, husband and wife",,,,,,,,,,,,,,,,,,,bini-bini,
653,bini,noun,"female, woman, a term in plant nomenclature",paku bini-bini,kind of fern,,,,,,,,,,,,,,,,sapabiniang,,
654,binoang,noun,kind of tree,,,,,,,,,,,,,,,,plant,,,,
655,bintang,noun,star,,,,,,,,,,,,,,,,natural phenomenon,,,,"bintang pariama \df the seven-star constellation, bintang pitu \df the seven-star constellation \sf  nat phen"
656,bintangur,noun,kind of inland tree,,,,,,,,,,,,,,,,plant,,,,
657,bintara:,noun,the morning star,,,,,,,,,,,,,,,,,,bintang,,
658,binti,verb,"to kick s.t., esp. the shins",,,,,,,,,,,,,,,,,,,babinti,
659,binti,intransitive verb,"to engage in kicking, to be prone to kick others",,,,,,,,,,,,,,,,,,,babintiang,
660,binti,intransitive verb,to kick e.o.,,,,,,,,,,,,,,,,,,,babibabintiang,
661,binti,intransitive verb,to kick e.o. (of several persons),,,,,,,,,,,,,,,,,,,,
662,binti,numeral classifier,"sheet, a counter of pieces of sago thatch",,,,,,,,,,,,,,,,,,,,
663,bintoto,noun,"kind of bird, various kind of kingfishers",,,,,,,,,,,,,"Halcyon chloris, Alcedinidae",,,bird,,,,bintoto pule/t \df kind of kingfisher \sf  bird \crm  pule/t
664,bingkarong,noun,"kind of lizard,",,,,,,,,,,,,,Gecko gecko,,,animal,,,,
665,bingkat,verb,"to lift s.t. up, to move s.t.",,,,,,,,,,,,,,,,,,,bingkati,
666,bingkat,verb,to lift s.t. for someone,,,,,,,,,,,,,,,,,,,bingkat akang,
667,bingkat,verb,to lift s.t. at someone's request,,,,,,,,,,,,,,,,,,,babingkat,
668,bingkat,intransitive verb,to engage in some lifting or moving task,,,,,,,,,,,,,,,,,,,babingkatang,
669,bingkat,intransitive verb,to lift e.o.,,,,,,,,,,,,,,,,,,,,
670,bingkolis,noun,"kind of very fine, white louse, order Phthiraptera, which infests the hair, possibly a",,,,,,,,,,,,,,,,insect,,,,
671,bingkus,noun,"kind of bird, codeword for rice",,,,,,,,,,,,,,,,bird,,,,
672,binyci,verb,"to hate, to dislike",,,,,,,,,,,,,,,,,Malay,saturu/,,
673,biola,noun,violin or any violin-like musical instrument,,,,,,,,,,,,,,,,,,,,
674,birahi,intransitive verb,"neat in personal appearance, to be appealing, esp. of children or members of the opposite sex",,,,,,,,,,,,,,,,,,,,
675,biraro,noun,"kind of legume, the winged bean",,,,,,,,,,,,,Psophocarpus tetragonolobus,,,plant,,,,
676,birorang,noun,"thwart, seat in a boat",,,,,,,,,,,,,,,,,,,,
677,biruru,noun,"kind of tall tree with malodorous flowers,",,,,,,,,,,,,,Sterculia foetida,,,plant,,,,
678,bisa,particle,can,,,,,,,,,,,,,,,,,Malay,"pauli, mampo",,
679,bisara,,,,,,,,,,,,,,,,,,,,bicara,,
680,bisik,,,,,,,,,,,,,,,,,,,,,bisiki,
681,bisik,verb,to whisper to someone,,,,,,,,,,,,,,,,,,,bisik akang,
682,bisik,verb,to whisper s.t. at someone's request,,,,,,,,,,,,,,,,,,,babisik,
683,bisik,intransitive verb,to engage in whispering,,,,,,,,,,,,,,,,,,,,
684,boanó,noun,"calabash,, water container (of calabash)",,,,,,,,,,,,,Lagenaria siceraria,,,utensil,,"walu botol, kalabasa",,
685,boar,noun,threshold,,,,,,,,,,,,,,,archaic,,,,,
686,bobak,noun,coconut flesh left in the shell after scraping,,,,,,,,,,,,,,,,,,,,
687,bobar,verb,"to strike with a rod, to beat, to pummel",ibobar sigodo nalipa-lipat de itu ka bawa,They would beat us till we were bent down,,,,,,,,,,,,,,,,,babobarang,
688,bobar,intransitive verb,"to engage in a fight, to fight each other",,,,,,,,,,,,,,,,,,,,
689,bobato,noun,"leader, chief, royal council member",,,,,,,,,,,,,,,,,,,,"bobato saanang salapang \df the collection or alliance of the nine rulers of certain territories of the sultanate, bobato dunia/ \df councilors who deal with non-religious administrative matters, bobato ahera/t \df councilors who deal with religious matters"
690,bobeto,,,,,,,,,,,,,,,,,,,,,babobeto,
691,bobeto,intransitive verb,to perform ceremonies in order to expel or withstand evil  spirits or disease,,,,,,,,,,,,,,,,spiritual,,rorasa,,
692,bobodiku,noun,"the drawstring in trousers, etc.",,,,,,,,,,,,,,,,,,kandi-kandi,,
693,boboena,,,,,,,,,,,,,,,,,,,,bobuena,,
694,bobooca,noun,a subcutaneous swelling or tumor,,,,,,,,,,,,,,,,health,,,,
695,bobot,noun,mollusc,,,,,,,,,,,,,,,,,,,,"bobot kopo-kopo \df kind of mollusc, money cowrie, \sn Cypraea moneta, bobot baduri \df kind of mollusc, spiny woodcock, \sn Murex pecten, bobot bawang \df kind of mollusc, fig shells, \sn Ficidae spp, bobot bor \df kind of mollusc, distaff spindle, \sn Fusinus colis and New Holland spindle, \sn Fusinus novaehollandae, bobot bawi \df kind of mollusc, humpback cowrie, \sn Cypraea mauritania, bobot buso-buso \df kind of large mollusc, cone shell, \sn Conus  ,suitable for bangles, bobot udang \df kind of mollusc, incl. rock shells, such as toad purple, \sn Thais bufo and kind of abalone, varied ear shell, \sn Haliotis varia, bobot laki-laki \df kind of mollusc, olive shells, fam. Olividae, bobot burung \df kind of mollusc, conch shells, fam. Strombidae, bobot kakirap \df kind of mollusc, king scallop, \sn Pecten meridionalis, bobot susu \df kind of mollusc, kind of venus shell, the step-ladder dosinia, \sn Dosinia scalaris, bobot mutiara \df kind of mollusc, incl. large golden lip pearl oyster, \sn Pinctada maxima and black lip pearl oyster, \sn Pinctada margaritifera, bobot bangkalang \df kind of mollusc, frilled venus, \sn Callanaitis disjecta, bobot nyanya/ \df kind of mollusc, ornate olive, \sn Oliva lignaria, bobot pep \df kind of mollusc, elephant tusk, \sn Dentalium elephantinum, bobot popaco \df kind of mollusc, incl. virgin cone, \sn Conus virgo and tessellated cone, \sn Conus tessulatus, bobot taogi \df kind of  mollusc, incl. yellow mouthed drupe, \sn Drupina grossularia and gigantic frog shell <Bursa>, \sn Tutufa bubo, bobot tarumpak \df kind of mollusc, Australian trumpet, \sn Syrinx aruanus, bobot tiol nabalik \df kind of mollusc, scorpion spider conch, \sn Lambis scorpius, bobot totorang \df kind of mollusc,giant clam, \sn Tridacna gigas and possibly the giant murex, \sn Chicoreus ramosus, bobot tutuonang \df kind of mollusc, dwarf turban, \sn Turbo brunneus \crm  alabobo \crm  awa-awat \crm  buso-buso \crm  cege \crm  deri/s \crm  kakapis \crm  kalaka \crm  koroniong \crm  marumbung \crm  osa \crm  sasiang \crm  tambelo"
696,bobuena,intransitive verb,"last, most recent in a series of measured temporal units",udang bobuena,last month,,,,,,,,,,,,,,,,bubuena,,
697,bodito,noun,"mishap, misfortune, accident",,,,,,,,,,,,,,,,,,,,
698,bogogara,noun,"an incentive, an attraction, a decoy (said of an object left in place in order to attract",,,,,,,,,,,,,,,,,,,,
699,boki,noun,"princess, a title for a daughter of the sultan",,,,,,,,,,,,,,,,,,,,
700,boko-boko,noun,sago roasted in bamboo tubes,,,,,,,,,,,,,,,,sago,,,,
700,boko-boko,noun,sago roasted in bamboo tubes,,,,,,,,,,,,,,,,food,,,,
701,bokor,noun,"metallic wash basin, metallic plates",,,,,,,,,,,,,,,,utensil,,mok,boko-bokorang,
702,bokor,noun,"various kind of basins and platters, basins-full, by the basin",,,,,,,,,,,,,,,,utensil,,,,
703,bola,noun,marbles,,,,,,,,,,,,,,,,,,,,bola nawang \df door lock
704,bolio,intransitive verb,spoiled (of children),,,,,,,,,,,,,,,,,,,,
705,bolo,intransitive verb,to lie down,,,,,,,,,,,,,,,,,,,babolo,
706,bolo,intransitive verb,to lie down,,,,,,,,,,,,,,,,,,,babolo-bolo,
707,bolo,intransitive verb,to nap,,,,,,,,,,,,,,,,,,,nabolo-bolo,
708,bolo,intransitive verb,"to fall over, rolling repeatedly",,,,,,,,,,,,,,,,,,,,
709,boloaso,conjunction,"then, it follows that, however, but",Basáng kau mumau kaweng boloaso kau ada nang doit,"If you want to get married, then you must be there with money.",Aku yogo ka sana boloaso de tampa itu kurang majang.,I'd like to go there,"however, it's not very pleasant at that place.",,,,,,,,,,,,,,,
710,bolotur,noun,prop roots of the mangrove tree,,,,,,,,,,,,,,,,,,,,
711,bolung,particle,not yet,Ce' bolung kaweng.,What!  He's not married yet?,basaláng bolung baca duduk badiang-diang,If you have not yet begun to recite the,,,,,,,,,,,,,,,,
712,bolung,intransitive verb,to not yet,,,,,,,,,,,,,,,,,,,,
713,bose,intransitive verb,to paddle a boat,kudanga habár kamí yogo bose maóp e:,I heard a report that all of you want to,,,,,,,,,,,,,,,,,,"bose barikang \df to fish from a boat \ps  n \df paddle, bose baca:ng \df kind of short paddle with a broad blade, bose bako \df kind of long paddle with a narrow blade, bose rembat \df oar, kind of paddle with no topmost grip, bose tadore \df kind of paddle with a tapering blade \sf  boat \af bose akang \ps v \df to paddle for someone else \il  pasi mubose akang aku de indomít  They took me to Indomut by boat \af  babose \ps  vi \df to engage in paddling \il  deminyá basaláng kita tolu nang langker babose hakali barikang  How would it be if the three of us and this elder went paddling out to fish once? \sf  sailing"
714,bose-bose,noun,shoulder-blade,,,,,,,,,,,,,,,,body,,,,
715,bota-bota,,,,,,,,,,,,,,,,,,,,,,bota-bota gala ke mo \ps  excl \df expression of exasperation because someone is very tardy
716,botaing,,,,,,,,,,,,,,,,,,,,botangi,,
717,botang,noun,island,,,,,,,,,,,,,,,archaic,geography,,,,
718,botang,intransitive verb,"to stay, to be in place, to reside, to remain",Glas kosonga botang de meja buluta.,The empty glass put on the top of the table.,Langker masi botang indaya de lapetak sasaurang.,He still lives inland by himself in,Botang lima hari,There remain five days. There are five days remaining.,,,,,,,,,,,,,,
719,botang,verb,to leave s.t. behind,botang babago,It leaves behind burned out embers.,,,,,,,,,,,,,,,,,,"botang nyawa \df to be emotionally or physically attracted \af  botangi \ps  v \df to leave s.t. behind \df to place or put s.t. \il  Ma botangi glas de meja mo dadi napiak. She didn't put the glass on the table, so it shattered. \il  kulia kamí sodo botangi silóng ka ba: tu I think you should put a temporary shed over there \il  pasi mubotaing itu icampur nang kayu aolas (When) they put (the fire together), they mixed it with aolas wood. \af  botang akang \ps  v \df to leave s.t. behind for someone, to set s.t. aside for someone <set aside> \il  Mubotang akang aku nggaeka habua. Leave a banana for me. \df to bear s.t. in mind, to keep s.t. in mind \il  tabotang puang manusia banyak sabap cece mo idoá:kang kita nang kita  Let us keep the community foremost in our minds lest they lay a curse on us, among ourselves. \af  babotangang \ps  vi \df to leave e.o. behind \df to mutually break up \il  Babotangang kita nataur. Divided we are scattered."
720,botik,,,,,,,,,,,,,,,,,,,,,botik akang,
721,botik,transitive verb,"to force apart or tear s.t. (e.g., worn cloth, etc.)",,,,,,,,,,,,,,,,,,,nabotik,
722,botik,intransitive verb,"torn apart (of worn cloth), split apart (of partially healed wounds)",,,,,,,,,,,,,,,,,,,,
723,boto-boto,noun,"kind of small, green grasshopper, order Orthoptera",,,,,,,,,,,,,,,,insect,,balang,,
724,botol,noun,bottle,,,,,,,,,,,,,,,,utensil,,walu botol,,
725,botus,noun,watery discharge from the ear,,,,,,,,,,,,,,,,health,,,,
726,bu:,noun,kind of largefish trap of plaited rattan,,,,,,,,,,,,,,,,fishing,,,,
727,bua nona,noun,"kind of tree bearing edible fruit, the custard apple,",,,,,,,,,,,,,Annona squamosa,,,plant,,,,
728,bua yakis,noun,"kind of tree bearing edible fruit, the cashew,",,,,,,,,,,,,,Anacardium occidentale,,,plant,,,,
729,buai,verb,to invite someone (who happens by) to join in eating,ibuai kita ke mo tu,She didn't even ask us to join her (for lunch).,,,,,,,,,,,,,,,,togo/r,,
730,buang,verb,"to toss or to throw s.t., to throw or drop s.t. downward",Kau mubuang buáng ka bawa ka tamakang.,Toss the langsat fruits down so we can,kapal udara kapo mubuang bom,A plane arrived and dropped bombs,buang surat,to drop leaflets (from a plane),,,,,,,,,,,,,babuang,
731,buang,intransitive verb,"to be engaged in tossing away, to dispose",,,,,,,,,,,,,,,,,,,,babuang susa \df to sigh deeply \crm  buong
732,bua,noun,fruit,,,,,,,,,,,,,,,,,,,,
733,bua,numeral classifier,counter for various items,sabua lagu,a song,,,,,,,,,,,,,,,,,babua,
734,bua,intransitive verb,to bear fruit,manusia laina cengkena babua kasal,Other persons' clove trees bear fruit luxuriantly,,,,,,,,,,,,,,,,,babua-bua,
735,bua,intransitive verb,to bear fruit repeatedly (season after season),,,,,,,,,,,,,,,,,,,,
736,bua,,,,,,,,,,,,,,,,,,,,pabua,,
737,buat,,,,,,,,,,,,,,,,,,,,pabuat akang,,
738,buaya,noun,"kind of crocodilian, thecrocodile,",,,,,,,,,,,,,Crocodylus,,,animal,,,,
739,bubuena,conjunction,"straightaway, then",,,,,,,,,,,,,,,,,,"bena, mena, bobuena",,
740,bubuk,noun,"dust indicating insect infestation of wood or clothing, fragments",galampeang nang bubuka,smoked fish and pieces of it,,,,,,,,,,,,,,,,,babubuk,
741,bubuk,intransitive verb,"to have such dust, to be infested",,,,,,,,,,,,,,,,,,,,
742,bubulu,,,,,,,,,,,,,,,,,,,,bulu bulu,,
743,bubur,noun,kind of traditional savory cake made of rice flour,,,,,,,,,,,,,,,,,,,,
744,bubus,verb,"to remove s.t. (a plug, a bung) to create a channel for liquid, to drain in such a, to remove the eye of a boil or the scab of an infected wound, to lance a wound",,,,,,,,,,,,,,,,,,,bubusi,
745,bubus,verb,to remove s.t. (a plug) for someone,,,,,,,,,,,,,,,,,,,bubus akang,
746,bubus,verb,to remove s.t. (a plug) at someone's request,Bubus akang paisu bagajina de bak tu,Drain the dirty water in the basin,,,,,,,,,,,,,,,,,babubus,
747,bubus,intransitive verb,to be about the task of draining a wound or a basin,,,,,,,,,,,,,,,,,,,nabubus,
748,bubus,intransitive verb,to have drained (e.g. of a boil which has burst),,,,,,,,,,,,,,,,,,,,
749,bubím,intransitive verb,"to take a bath, to bathe",,,,,,,,,,,,,,,children's language,,,,,
750,bubíng,noun,box (of sago bark),,,,,,,,,,,,,,,archaic,,,,,
751,budi,noun,"generosity, kindness",,,,,,,,,,,,,,,,,,,babudi,
752,budi,intransitive verb,to be generous and understanding,,,,,,,,,,,,,,,,,,,,
753,bue-bue,noun,"kind of cradle, made by hanging a sarong from a rafter",,,,,,,,,,,,,,,,,,,,
754,buena,,,,,,,,,,,,,,,,,,,,bubuena,,
755,buf,ideophone,sound of a coconut falling,,,,,,,,,,,,,,,,,,,,
756,bugo,noun,"a small model house, usually used in hex-signs and magical rites",,,,,,,,,,,,,,,,,,uru,,
757,bui,noun,"jail, prison",,,,,,,,,,,,,,,,,,,,
758,buja-bujang,noun,male youths of marrying age,,,,,,,,,,,,,,,,,,nandolang,,
759,bujuk,verb,to persuade someone,ingkamai po ibujuk kita sigodo,She came over here and really coaxed us.,adaing tabujuk langker supaya ia bausi,Later we'll persuade him to come along.,,,,,,,,,,,,,,,bujuk akang,
760,bujuk,verb,to persuade someone at someone's request,,,,,,,,,,,,,,,,,,,babujukang,
761,bujuk,intransitive verb,to engage in persuading and coaxing in an intensive way,,,,,,,,,,,,,,,,,,sau,,
762,buka,transitive verb,"to open s.t., to unfasten or remove clothing",,,,,,,,,,,,,,,,,,"bilak, baku mata nabukana",,
763,buka,intransitive verb,to break o.'s fast,bakar rica untuk buka barenti makang,The bakar rica recipe is for eating after,,,,,,,,,,,,,,,,,bukai,
764,buka,transitive verb,to open s.t. for someone,Bukai aku nawang.,Open the door for me.,,,,,,,,,,,,,,,,,buka akang,
765,buka,transitive verb,to open s.t. at another's request,,,,,,,,,,,,,,,,,,,babuka,
766,buka,intransitive verb,"to be engaged in opening s.t., to eat at the meal concluding the fast during Ramadan, to break o.'s fast",,,,,,,,,,,,,,,,,,,nabuka,
767,buka,intransitive verb,to be unintentionally open,Nawang nabuka ianta.,The door is open over there.,,,,,,,,,,,,,,,,,,
768,bukan main,adverb,very,,,,,,,,,,,,,,,,,,,,
769,bukang,negation,not,bukang maksut,not the intention,,,,,,,,,,,,marker for nouns and propositions,,,,"kang, mo",,
770,bukang,particle,"right?, am I correct?",basaláng hapadua halangang hapadua mujagai bukang,If one-half are delayed (or,,,,,,,,,,,,a tag to secure the listener's agreement,,,,,,
771,bukit,noun,"hill, mountain, heap",,,,,,,,,,,,,,,,,,,,"bukit api \df volcano, bukit pokona \df base of a hill \sf  geography \af  babukit \ps  vi \df to be characterized by hills \df to form hills or heaps \il  lecak itu itambongi sigodo babukit He piled the soil up till it formed small hills."
772,buk,ideophone,sound of a punch,,,,,,,,,,,,,,,,,,,,
773,buk,noun,book,bukiku,my book,,,,,,,,,,,,,,,,,,
774,buku,noun,"node (of a branch), corner (of a room)",,,,,,,,,,,,,,,,,,,babuku,
775,buku,intransitive verb,to have a bump,,,,,,,,,,,,,,,,,,,buku-buku,
776,buku,noun,knee,,,,,,,,,,,,,,,,body,,,,
777,bukuraci,noun,"kind of tuna, the yellow fin tuna,",,,,,,,,,,,,,Neothunnus macropterus,,,fish,,,,
778,bulang,noun,month,,,,,,,,,,,,,,,,,Malay,"udang, nggaoti bulang",,
779,bulat,intransitive verb,round,,,,,,,,,,,,,,,,,,,bulat akang,
780,bulat,verb,to make s.t. round at someone's request,,,,,,,,,,,,,,,,,,,pabulati,
781,bulat,verb,"to shape s.t. into round objects, to round the sharp angles of s.t.",pasi mupabulati kayu itu yogo ipabua tiang bandera,They rounded the wood because,,,,,,,,,,,,,,,,,,
782,bulu-bulu,noun,body hair,,,,,,,,,,,,,,,,,,,,"bulu-bulu nyawa \df body hair \sf  body \df fur \df feather \df insect setae \af  babulu \ps  vi \df to be covered with fur, feathers, or body hair \af  bubulu \ps  n \df many feathers or hairs \sc  a term used by certain speakers \il  manuk bubuluna  chicken feather \crm  ulat babulu \crm  buok \crm  mata bulu-buluna"
783,bulus,,,,,,,,,,,,,,,,,,,,,bulus akang,
784,bulus,verb,to cause to sink,,,,,,,,,,,,,,,,,,,nabulus,
785,bulus,intransitive verb,to be sunk,,,,,,,,,,,,,,,,,,nggaeka bulus,,
786,bulut,noun,"top, summit, highest point",di meja buluta,on the top of the table,de masing buluta,on the surface of the sea (not the bottom),,,,,,,,,,,,,,,,
787,bum,ideophone,"the sound of a cannon, boom",,,,,,,,,,,,,,,,,,,,
788,bumi,,,,,,,,,,,,,,,,,,,,gumi,,
789,bunapé,,,,,,,,,,,,,,,,,,,,bagunape/,,
790,bundur,noun,"brush, incl. toothbrush, hairbrush and scrub brush",,,,,,,,,,,,,,,,utensil,,,babundur,
791,bundur,intransitive verb,to brush (o.'s teeth or body),,,,,,,,,,,,,,,,,,,,
792,bunu,verb,"to kill, to extinguish (a flame), to turn off (electricity)",,,,,,,,,,,,,,,,,,,bunui,
793,bunu,verb,to extinguish (a flame) or turn off s.t. so as to affect someone,kaná po kau mubunui aku padamara?,Why did you put out the lamp on me?,,,,,,,,,,,,,,,,,bunu akang,
794,bunu,verb,to extinguish s.t. (a flame) or turn s.t. off at someone's request,,,,,,,,,,,,,,,,,,,bunui akang,
795,bunu,verb,to affect someone (at someone's request) by extinguishing s.t. (a flame) or turning s.t. off,,,,,,,,,,,,,,,,,,,babunuang,
796,bunu,intransitive verb,"to be engaged in killing e.o., to fight e.o.",pauli dadi babunuang de itu de kayuang dalama,It could turn into violent discord there,,,,,,,,,,,,,,,,,,
797,bunga,,,,,,,,,,,,,,,,,,,,"petsawi babunga, kolouno bunga",,
798,bunga rampe,,,,,,,,,,,,,,,,,,,,duriang bunga rampe,,
799,bungang,noun,roof ridge,,,,,,,,,,,,,,,,,,house,,
800,bunging,noun,sandbar which rises above the water,,,,,,,,,,,,,,,,geography,,pasi,,
801,buok,noun,head hair,,,,,,,,,,,,,,,,body,,,,"buok didi: \df kind of hairstyle, a brush cut (only a few centimeters of hair standing upright), buok puti \df gray-haired \af  babuok \ps  vi \df to have hair (on o.'s head, e.g. of an infant) \df to have produced cornsilk, characteristic stage of the growth of corn \crm  bulu bulu"
802,buong,verb,to throw away,Sadangkang tabotangi uru ke pasi jagai mubantung mena mukemi: mena mubuong.,,topi habua ni bahaláng aku tala kubuong,"This hat, if it was me, I would have thrown it",,,,,,,,,,,,,,,buong akang,
803,buong,verb,"to throw s.t. away for someone, to dispose of s.t.",,,,,,,,,,,,,,,,,,,babuong,
804,buong,intransitive verb,"to jump from a height, esp. into water",,,,,,,,,,,,,,,,,,,babuongi,
805,buong,intransitive verb,to bake sago bread,,,,,,,,,,,,,,,,sago,,,,
805,buong,intransitive verb,to bake sago bread,,,,,,,,,,,,,,,,culinary,,,,
806,bura,noun,"bubble, foam",,,,,,,,,,,,,,,,,,,,
807,bura,verb,to spit on s.t. (for medical purposes),alengo pa umar mubura adiku poruta,A moment ago Mr. Umar treated my younger,,,,,,,,,,,,,,,,,burai,
808,bura,verb,to spit on s.t. (specific) to relieve a pain,,,,,,,,,,,,,,,,,,,babura,
809,bura,intransitive verb,to bubble up,,,,,,,,,,,,,,,,,,,,
810,burit,noun,"rump, buttocks",,,,,,,,,,,,,,,,body,,,,burit posuka \df anus \sf  body
811,buro-buro,noun,"kind of pandanus, the screw pine,",,,,,,,,,,,,,Pandanus,,,plant,,,,"buro-buro baduri \df kind of thorny seaside pandanus, \sn Pandanus tectorius \sf  plant"
812,buru,noun,"laborer, roustabout",,,,,,,,,,,,,,,,,,,baburu,
813,buru,intransitive verb,to work as a laborer or roustabout,,,,,,,,,,,,,,,,,,,,
814,burudel,noun,kind of pound cake,,,,,,,,,,,,,,,,food,,,,
815,buruk,intransitive verb,rotten,,,,,,,,,,,,,,,,,,"jat, nyawa buruk",,
816,burung,noun,"bird, in certain collocations",,,,,,,,,,,,,,,,bird,,,,"burung rekre/k \crm  rere/k, burung rica \df kind of bird \sf  bird, burung taung \df kind of bird, hornbill, fam. Bucerotidae \sf  bird \crm  kalo, burung tukang \df kind of bird, woodpecker, fam. Picidae \sf  bird"
817,burung,,,,,,,,,,,,,,,,,,,,,burungi,
818,burung,transitive verb,to consume s.t. (food) by putting into o.'s mouth a quantity of food rather too large,,,,,,,,,,,,,,,,,,burung,,
819,burung,,,,,,,,,,,,,,,,,,,,baburung,,
820,buso,noun,bangle,,,,,,,,,,,,,,,,,,"buso-buso, gala/ng",,
821,buso-buso,noun,"a mollusc, a cone shell, possibly",,,,,,,,,,,,,Conus consors,,,,,"buso, bobot buso buso",,
822,busuk,transitive verb,"to clean a fish, i.e., remove scales and bones, as a preliminary stage in preparing",,,,,,,,,,,,,,,,culinary,,poruti,busuki,
823,busuk,verb,to prepare fish in such a way for someone,,,,,,,,,,,,,,,,,,,busuki akang,
824,busuk,verb,"to prepare fish at someone's request, to prepare fish at someone's request",busuk akang aku lao lompa,Prepare some lompa fish for me,,,,,,,,,,,,,,,,,"busuk akang, babusuk",
825,busuk,intransitive verb,to engage in preparing fish,babusuk edat,to prepare fish for seviche,,,,,,,,,,,,,,,,,pabusukang,
826,busuk,noun,kind of sieve used in the early stages of sifting sago meal <sifter> to remove fibers.,,,,,,,,,,,,,,,,,,"pamusukang, lalasang, kusuk",,
827,busur,,,,,,,,,,,,,,,,,,,,,busuri,
828,busur,transitive verb,to crash into someone or s.t.,,,,,,,,,,,,,,,,,,,busur akang,
829,busur,verb,to crash or shove into s.t. or someone,,,,,,,,,,,,,,,,,,,babusurang,
830,busur,intransitive verb,"to run into e.o., to reach for the same platter of food at the same time",,,,,,,,,,,,,,,,,,,nabusur,
831,busur,intransitive verb,"to have bumped, to have crashed",,,,,,,,,,,,,,,,,,,,
832,buta,intransitive verb,"blind, vision-impaired",,,,,,,,,,,,,,,,,,"mambuta, ular buta",,
833,buta-buta,noun,"kind of seaside tree with highly toxic sap, which can cause blisters and lesions,",,,,,,,,,,,,,Excoecaria agallocha,,,plant,,,,
834,butik,noun,"skin rash, skin disease, small pox",,,,,,,,,,,,,,,archaic,health,,,,
835,butu,noun,penis,,,,,,,,,,,,,,,,body,,peler,,
836,butu cina,noun,kind of fish,,,,,,,,,,,,,,,,fish,,,,
837,buáng,noun,"kind of of fruit, langsat,",,,,,,,,,,,,,Lansium domesticum,,,plant,,,,bua/ng duku \df kind of langsat fruit \sf  plant
838,ca:,exclamation,Imagine!  Wow!,Ca: buk ini mubei aku.,Wow!  You've given me this book.,ca: itu basáng ompu mucatu jadi bo: rijiki,Imagine if the Lord granted that it be for our,,,,,,,,,,,,,,,,
839,ca,noun,"a culinary method for fish or vegetables, frying with soy sauce",,,,,,,,,,,,,,,,culinary,,,,
840,cabang,noun,branch of a tree,,,,,,,,,,,,,,,,,,"da:ng, jangkar",,
841,ca:-ca:,exclamation,"What!, exclamation of disapproval or disagreement",,,,,,,,,,,,,,,,,,,,
842,cacaberak,noun,"kind of horned toad, probably",,,,,,,,,,,,,Megophrys monticola,,,animal,,"cacak, berak",,
843,cacak,noun,"house lizard, gecko,",,,,,,,,,,,,,Hemidactylus frenatus,,,animal,,cacaberak,,
844,cacawi,noun,"kind of vegetable, Chinese cabbage,",,,,,,,,,,,,,Brassica rapa Pekinensis  Group,,,plant,,,,
845,cacawilu,noun,"kind of fish, a halfbeak, possibly the garfish,",,,,,,,,,,,,,Hyporhamphus ardelio,,,fish,,,,
846,cacebar,noun,mud,,,,,,,,,,,,,,,,,,,bacacebar,
847,cacebar,intransitive verb,muddy,,,,,,,,,,,,,,,,,,,,
848,caga,,,,,,,,,,,,,,,,,,,,raut caga,caga-caga,
849,caga,adverb,"in a panic, hurriedly under pressure",,,,,,,,,,,,,,,,,,,,
850,cai,verb,to look for lice in someone's hair,,,,,,,,,,,,,,,,,,,bacai,
851,cai,intransitive verb,to engage in looking for lice,,,,,,,,,,,,,,,,,,,bacaiang,
852,cai,intransitive verb,to look for lice in e. o.'s hair,,,,,,,,,,,,,,,,,,,bacabacaiang,
853,cai,intransitive verb,to look for lice in e.o.'s hair consecutively,,,,,,,,,,,,,,,,,,,pacai-cai,
854,cai,verb,"to look for s.t., to search for s.t.",,,,,,,,,,,,,,,,,,,,
855,cai-cai,noun,"kind of insect of the family Phasmidae, the stick insect or twig insect,",,,,,,,,,,,,,Datames,,,insect,,,,
856,cakabanga,noun,"kind of evil spirit which punishes a person for inadvertently treading on its dwelling,",,,,,,,,,,,,,,,,spiritual,,,,
857,cakal,verb,"to grasp firmly, to hold, to catch, to grasp the meaning of s.t., to understand s.t.",cakal kupu-kupu,catch butterflies,cakal bicarana,grasp her statement,,,,,,,,,,,,,,,cakali,
858,cakal,verb,"to put s.t. into someone's grasp, to press s.t. into someone's hand",alengo langker mucakali aku doit dua ribu,A few minutes ago he pressed 2000 rupiah,,,,,,,,,,,,,,,,,cakal akang,
859,cakal,verb,to grab or grasp someone or s.t. at someone's request (e.g. to catch someone's runaway chicken or,,,,,,,,,,,,,,,,,,,cakali akang,
860,cakal,verb,to cause someone to grasp s.t. by asking someone else to help,aku kucakali akang si Umar doi,I made sure that Umar was given money.,aku kucakali akang doit de si Alkani bo: si Umar,I arranged for Alkani to put money,,,,,,,,,,,,,,,bacakal,
861,cakal,intransitive verb,"to grasp someone's hands (e.g. to give a boost to another), to engage in catching or trapping miscreants, animals or truants, to usually hold some position or s.t.",pasi ka mai bo: bacakal nonók,They came here to catch macaques.,,,,,,,,,,,,,,,,,,"bacakal paguna:ng \df to hold a job, to be employed \af  bacakalang \ps  vi \df to hold together firmly \il  meja itu mupaku marosong-marosong ka ia bacakalang  Nail that table well so it will hold together., bacakalang tangang \df to shake hands \af  bacabacakalang \ps  vi \df to grasp e.o.'s hands \af pacakal akang \ps  v \df to bring together two pieces so that they meet in close contact (e.g. to lever a door so it fits in tightly with its frame) \df to join together close relatives (e.g. cousins) in marriage in order to strengthen family ties and to secure inheritance within the clan \il  Pasi yogo mupacakal akang aku nang sapupuku  They want to arrange for me to marry my cousin. \af  cacakala \ps  n \df handles, grip \crm  pamula:ng \crm  campak"
862,cakalang,,,,,,,,,,,,,,,,,,,,wowo,,
863,caku:,noun,kind of bird,,,,,,,,,,,,,,,,bird,,,,
864,calana,noun,trousers,,,,,,,,,,,,,,,,,,,,"calana bobodiku \df pants or shorts with a drawstring, calana pandak \df shorts, calana tinggi \df long trousers, pants \sf  clothing"
865,calepo,,,,,,,,,,,,,,,,,,,,,calepo akang,
866,calepo,verb,to seat someone (e.g. an infant) on the ground,,,,,,,,,,,,,,,,,,,bacalepo,
867,calepo,intransitive verb,to sit on the bare floor or ground without any covering,,,,,,,,,,,,,,,,,,"duduk, penyak",,
868,calumeme,noun,"kind of millipede, class Diplopoda",,,,,,,,,,,,,,,,insect,,"alilipang, alimamayang",,
869,camara,noun,false hair-piece,,,,,,,,,,,,,,,,,,,,
870,camara mo,noun,disturbance of the water surface where two currents meet,,,,,,,,,,,,,,,,,,,,
871,camat,noun,district head,,,,,,,,,,,,,,,,society,,,,
872,camba lait,,,,,,,,,,,,,,,,,,,,ngguming,,
873,cambaekat,noun,"kind of fish, a halfbeak, perhaps the black-barred garfish,",,,,,,,,,,,,,Hemiramphus far,,,fish,,,,
874,cambuk,noun,"crest or erect feathers characteristic of certain birds, antennae or feelers (of certain insects), barbels (of certain fish)",,,,,,,,,,,,,,,,,,,,
875,campak,noun,handle of the canoe paddle,,,,,,,,,,,,,,,,,,,,
876,campaka kubur,noun,"kind of tree with showy flowers, the frangipangi,",,,,,,,,,,,,,Plumeria,,,plant,,,,
877,camparíng,noun,"kind of small, black bird with a melodious morning song",,,,,,,,,,,,,,,,bird,,,,
878,campur,verb,to mix s.t.,campur baku nang paisu,mix sago flour with water,,,,,,,,,,,,,,,,,campuri,
879,campur,verb,"to mix s.t. for someone, to interfere in s.t.",campuri aku te hadiki,Mix me up a little tea,cece mucampuri halingku,Don't interfere in my affairs,,,,,,,,,,,,,,,campur akang,
880,campur,verb,to mix s.t. at someone's request,,,,,,,,,,,,,,,,,,,campuri akang,
881,campur,verb,to mix s.t. for someone at someone's request,,,,,,,,,,,,,,,,,,,bacampur,
882,campur,intransitive verb,"to be engaged in mixing, to process sago by mixing water and scraped sago pith and forcing it through a filter",tolu-tolu tu tala ka sana bacampur tala barenti,All three of them go there after they've,,,,,,,,,,,,,,,,,bacampurang,
883,campur,intransitive verb,"to mix with e.o., to become involved with e.o.",bararti ola-ola ini tala bacampurang ini nang fofoki alengo itu,That means the stewed,,,,,,,,,,,,,,,,,pacampur akang,
884,campur,verb,to mix to such an extent that the contents cannot be separated or distinguished,,,,,,,,,,,,,,,,,,,pacampu-campur akang,
885,campur,verb,to thoroughly mix up and confuse a large number of things <haphazard>,ini pasi ipacampu-campur akang bena yogo basusung,"They mix them up haphazardly,",,,,,,,,,,,,,,,,,pacampurang,
886,campur,noun,"the place for mixing, e.g. a trough for cement, the mix or mixture",,,,,,,,,,,,,,,casual,,,,,
887,camuni,,,,,,,,,,,,,,,,,,,,,camuni akang,
888,camuni,verb,"to hide, conceal, or secrete s.t.",,,,,,,,,,,,,,,,,,,bacamuni,
889,camuni,intransitive verb,to hide o.s.,manusia tama de itu ka bawa bacamuni de itu,People enter there in the west (and) hide,,,,,,,,,,,,,,,,,bacamuniang,
890,camuni,intransitive verb,to hide (of several persons),tampa bacamuniang,"hiding place, i.e. a place where persons hide themselves",,,,,,,,,,,,,,,,,,
891,cana,,,,,,,,,,,,,,,,,,,,inycana,,
892,canga,noun,"performance of an adat dance, usually a war dance, esp. to obtain contributions for a",,,,,,,,,,,,,,,,,,,bacanga,
893,canga,intransitive verb,to engage in such an activity,,,,,,,,,,,,,,,,,,,,
894,canggar,intransitive verb,erect (of the penis),,,,,,,,,,,,,,,,,,,canggar akang,
895,canggar,verb,to manipulate the penis until it is erect (for someone else),,,,,,,,,,,,,,,,,,,pacanggari,
896,canggar,verb,to stimulate or excite someone sexually with suggestive talk or action,kau babicara kura-kurang ajar kau mupacanggari kami,You have been telling dirty,,,,,,,,,,,,,,,,,,
897,capa-capa,,,,,,,,,,,,,,,,,,,,bacapa-capa,,
898,capaka,noun,"kind of tree with showy flowers of the magnolia family, the champac or champaka,",,,,,,,,,,,,,Michelia,,,plant,,,,
899,capatu,noun,shoe,,,,,,,,,,,,,,,,clothing,,,,
900,cap-cáp,ideophone,the sound of smacking and chomping,,,,,,,,,,,,,,,,,,,bacap-cáp,
901,cap-cáp,intransitive verb,"to chomp, to smack lips, to snack, esp. to eat while walking",,,,,,,,,,,,,,,,,,,,
902,capeo,noun,hat,,,,,,,,,,,,,,,,clothing,,,,
903,capilóng,noun,"kind of tree, probably a TM term",,,,,,,,,,,,,,,,plant,,olong,,
904,capát,adverb,fast,gunanya itu taasapi buáng supaya ia capát masak,"The purpose of it, of our smoking",,,,,,,,,,,,,,,,,cacapát,
905,capát,adverb,"immediately, very quickly",batikang de kapala kampung itu su: cacapát ka ba:,Tell the village head to order (them),,,,,,,,,,,,,,,,,pacapáti,
906,capát,verb,"to accelerate the speed of s.t., to encourage someone to be faster",paguna:ngimu itu mupacapati hadiki,Speed up your work a little.,,,,,,,,,,,,,,,,,,
907,cara,noun,"manner, way",carana,"its manner, the way",,,,,,,,,,,,,,,,,,"cara deminya/ \df how to, the way to (do s.t.) \il  pasi musauk cara deminyá How do they scoop them out? \il  daulu mangaji cara deminyá In the old days what was the manner of studying the Quran?"
908,carama,noun,"lecture, usually on religious topics",,,,,,,,,,,,,,,,,,,,
909,carangenge,noun,"petulance, a tendency to whine and pout",,,,,,,,,,,,,,,,,,,,
910,caranya,preposition,in the manner,,,,,,,,,,,,,,,,,Indonesian,,,
911,carita,noun,story,,,,,,,,,,,,,,,,,,,carita akang,
912,carita,verb,to narrate s.t.,,,,,,,,,,,,,,,,,,,bacarita,
913,carita,intransitive verb,"to tell a story, to chat, converse or gossip",ibaca moyo tu duduk bena bacarita,They do not recite the Quran,they simply sit down,,,,,,,,,,,,,,,,,
914,cati,intransitive verb,"to show off, to be overbearingly proud, to be smug and pampered",,,,,,,,,,,,,,,,,,,cati akang,
915,cati,verb,to pamper someone,,,,,,,,,,,,,,,,,,,bacati,
916,cati,intransitive verb,to engage in pampering,,,,,,,,,,,,,,,,,,,,
917,catu,transitive verb,to grant a prayer or wish,Basáng ompu mucatu dadi bo: rijikí.,"If the Lord grant (it), it will become bounteous.",,,,,,,,,,,,,,,,,,
918,catut,,,,,,,,,,,,,,,,,,,,,bacatut,
919,catut,intransitive verb,to seek a profit in commercial transactions,,,,,,,,,,,,,,,,,,,,
920,caya,noun,"daytime, noontime",tala caya,It's daytime!,,,,,,,,,,,,,,,,,,"cayana \df the next day, the morrow, caya ka ba: \df the next day \crm   tidu caya-caya \crm  damping caya \af  bacaya \ps  vi \df to stay up talking till dawn"
921,ce,,,,,,,,,,,,,,,,,,,,ce',,
922,cece,vetitive,"don't, never mind, disregard",Cece mulonggar te mamis.,Don't drink sweet tea.,cece dua pulu belék basisa ke ada,"Never mind twenty cans, there can be even more!",,,,,,,,,,,,,,,,"cece mo \df lest, in the untoward event that \il  tabotang puang manusia banyak sabáp cece mo idoá:kang kita  Keep the community foremost in your mind lest someone curse us."
923,cece,noun,great-grandchild,,,,,,,,,,,,,,,,kinship,,totu,,
924,cege,noun,,,,,,,,,,,,,,,,,,,,,
925,cimbat,noun,"kind of bird, perhaps the blue-crowned hanging parrot,",,,,,,,,,,,,,Loriculus galgulus,,,bird,,,,
926,cina,noun,"China, Chinese",,,,,,,,,,,,,,,,place name,,,,
927,cinta,noun,"love, affection",,,,,,,,,,,,,,,,,,,,
928,cinta,verb,to love someone,,,,,,,,,,,,,,,,,,sayang,bacinta,
929,cinta,intransitive verb,"to court, to be in a love relationship",,,,,,,,,,,,,,,,,,,bacibacinta:ng,
930,cinta,intransitive verb,to love e.o.,,,,,,,,,,,,,,,,,,,,
931,cinga-cinga,noun,"kind of plant,",,,,,,,,,,,,,Wedelia biflora,,,plant,,,,
932,cinycing,noun,ring,,,,,,,,,,,,,,,,,,,,
933,cinycíng,noun,"kind of insect, dragonfly, order Odonata",,,,,,,,,,,,,,,,insect,,,,
934,cipo,noun,"robe, covering all but the face and hands, worn by women performing the Islamic",,,,,,,,,,,,,,,,clothing,,,,
935,cir,ideophone,"the sound or sensation of buzzing, ringing and other resonations",,,,,,,,,,,,,,,,,,,bacír,
936,cir,intransitive verb,to experience ringing (in the ears),,,,,,,,,,,,,,,,,,,,
937,circír,noun,kind of insect,,,,,,,,,,,,,,,,insect,,,,
938,circír,noun,kind of plant,,,,,,,,,,,,,,,,plant,,,,
939,citcít,,,,,,,,,,,,,,,,,,,,,bacitcít,
940,citcít,intransitive verb,"to be spotted, checkered or variegated",,,,,,,,,,,,,,,,,,cicak,,
941,cobo,verb,"to pinch off a bit (of food, tobacco, etc.), to take food and pop it into o.'s mouth",,,,,,,,,,,,,,,,,,,co-coboi,
942,cobo,verb,"to repeatedly snap up s.t. to eat (e.g., eating from a plate of snacks, peanuts, etc.)",,,,,,,,,,,,,,,,,,,,
943,cocok,intransitive verb,"appropriate, fitting",paguna:ng itu cocok moyo,That job was not appropriate (for me).,,,,,,,,,,,,,,,,,,
944,cocokoi,noun,"kind of bird, the maleo,",,,,,,,,,,,,,Macrocephalon maleo,,,bird,,,,"cocokoi tumana \df kind of mite, order Acari \sf  insect"
945,cocoromi,intransitive verb,"distorted (of the mouth), twisted (of the lips)",,,,,,,,,,,,,,,,,,,,
946,cocók,noun,"kind of bird, a small gray heron",,,,,,,,,,,,,Ardeidae,,,bird,,"soi, sueko",,
947,coe,noun,"kind of culinary preparation, steaming",roti coe,a steamed bun,,,,,,,,,,,,,,,,,coe-coe,
948,coe,noun,"kind of cooking utensil, a steamer",,,,,,,,,,,,,,,,utensil,,,,
948,coe,noun,"kind of cooking utensil, a steamer",,,,,,,,,,,,,,,,culinary,,,,
949,cofo,noun,the relationship between two persons who marry into the same family <in-law>,,,,,,,,,,,,,,,,kinship,,,,
950,cogor,,,,,,,,,,,,,,,,,,,,,cogori,
951,cogor,intransitive verb,to urinate in a standing position,,,,,,,,,,,,,,,,,,,,
952,cogor,transitive verb,to urinate on someone,,,,,,,,,,,,,,,,,,,bacagorang,
953,cogor,intransitive verb,"to be in a standing position (of several persons), e.g. to rest in a standing posture, to be erect (of a stand of trees or plants)",,,,,,,,,,,,,,,,,,,cogor-cogor,
954,cogor,intransitive verb,"very straight (posture), vertical, ramrod",,,,,,,,,,,,,,,,,,,,
955,coho,verb,to treat s.t. by dripping medicine onto it,Ia macoho matana ia.,He's dripping medicine into his eye.,,,,,,,,,,,,,,health,Malay,,bacoho,
956,coho,intransitive verb,to treat the hair by smearing coconut flesh into it,,,,,,,,,,,,,,,,,,inyjang,,
957,cokang,noun,"a military rank in the Japanese army of the occupation, commander",,,,,,,,,,,,,,,archaic,,,,,
958,cokur,noun,"kind of medicinal rhizome, the lesser galangal,",,,,,,,,,,,,,Kaempferia galanga,,,plant,,,,
959,cole,noun,"camisole, women's undergarment",,,,,,,,,,,,,,,,,,,,
960,colóp,verb,to dip s.t.,,,,,,,,,,,,,,,,,,,colópi,
961,colóp,verb,to dip s.t. for s.o,mucolópi aku baku habua,Dip a piece of sago bread for me,,,,,,,,,,,,,,,,,colóp akang,
962,colóp,verb,to dip s.t. (into a liquid) at someone's request,,,,,,,,,,,,,,,,,,,colópi akang,
963,colóp,verb,to dip s.t. (specific) at someone's request,ia mucolópi akang capeo de paisu dalama barang bagaji,She dipped the hat in water,,,,,,,,,,,,,,,,,bacolóp,
964,colóp,intransitive verb,"to be dipped, to be immersed",kuidap angat po aku bacalóp,I felt hot so I took a dip,,,,,,,,,,,,,,,,,pacolóp akang,
965,colóp,verb,to soak s.t. for a rather long time,,,,,,,,,,,,,,,,,,,,
966,cring,ideophone,sound of a plate falling and shattering,,,,,,,,,,,,,,,,,,,,
967,cris-cris buf,ideophone,sound of a durian falling,,,,,,,,,,,,,,,,,,,,
968,cu,,,,,,,,,,,,,,,,,,,,cucu,,
969,cucu,noun,grandchild,,,,,,,,,,,,,,,,,,,pacucuang,
970,cucu,noun,"a familial set, grandparents and grandchildren",,,,,,,,,,,,,,,,kinship,,,sapacucuang,
971,cucu,noun,related within that familial set (which may include great-aunts and great-uncles as,,,,,,,,,,,,,,,,,,,,
972,cuit,noun,kind of small yellow and black bird with a melodious morning song,,,,,,,,,,,,,,,,bird,,,,
973,cuit,,,,,,,,,,,,,,,,,,,,limo,,
974,cuka,noun,"palm sap, esp. as vinegar or palm wine",,,,,,,,,,,,,,,,,,,,
975,cukmár,verb,to finish s.t. off,,,,,,,,,,,,,,,coarse,,,,,
976,culas,intransitive verb,insincere,,,,,,,,,,,,,,,,,,,,
977,culik,verb,"to skewer s.t., to point at s.t. or someone",muculik awatar ka tapabua sate,You skewer sago grubs so we can make satay,kana: muculik aku,Why are you pointing at me?,,,,,,,,,,,,,,,culiki,
978,culik,verb,to point out someone or s.t. or skewer s.t. for someone,pesa muculiki aku si Umar de mana ia?,Please point out Umar to me. Where is he?,,,,,,,,,,,,,,,,,culik akang,
979,culik,verb,to point at or point out someone or skewer s.t. at someone's request,culik akang langker Umar di mana,Point out for him where Umar is.,,,,,,,,,,,,,,,,,baculik,
980,culik,intransitive verb,"to be engaged in pointing out, to work at skewering",cece kau baculik de ini paposong,Don't go about pointing at things: here it is a taboo,pasi baculik sate de pasar,They skewer (regularly work at skewering) satay at the,,,,,,,,,,,,,,,bacubaculikang,
981,culik,intransitive verb,"to point at e.o., to accuse e.o.",,,,,,,,,,,,,,,,,,,panyculik akang,
982,culik,verb,"to cause s.t. to be skewered at someone's request, to appoint or elect someone",,,,,,,,,,,,,,,,,,,,
983,cunting,noun,"anal muscles, esp. when distended <anus>",,,,,,,,,,,,,,,,,,,,cunting naulur \df hemorrhoid \sf  body \crm  burit posuka
984,cung,verb,"to sniff s.t., to kiss s.t.",,,,,,,,,,,,,,,,,,,cungi:,
985,cung,verb,to sniff at s.t.,pesa kau mucungi: makanang itu tala jat ka bolung,Please sniff that food. Is it spoiled,,,,,,,,,,,,,,,,,bacungiang,
986,cung,intransitive verb,"to kiss e.o., to nuzzle e.o.",,,,,,,,,,,,,,,,,,,pacung akang,
987,cung,verb,"to sniff out s.t., to search for s.t. by smelling (e.g. look for durian)",,,,,,,,,,,,,,,,,,,,
988,cupil,noun,a stage in the growth of a coconut; the fruit is quite small,,,,,,,,,,,,,,,,,,,,
989,curi,verb,to steal,Ia tala ma curi pondoku bena ma umbuk halál.,"He stole my shirt, then asked for my",,,,,,,,,,,,,,,,,curi:,
990,curi,verb,to steal s.t. for someone,Curi: aku baku habua.,Steal me a piece of sago bread.,,,,,,,,,,,,,,,,,curi akang,
991,curi,verb,to steal on someone's behalf,Danycanaka ia musu: ia curi akang nggaoti tolu biji.,His brother told him to steal three coconuts.,,,,,,,,,,,,,,,,,bacuri,
992,curi,intransitive verb,to engage in thieving and pilfering,Ia bapaguna:ng mo dugana bacuri manuk torus.,"He doesn't work, he just steals",,,,,,,,,,,,,,,,,bacuriang,
993,curi,intransitive verb,to steal from e.o.,,,,,,,,,,,,,,,,,,,pacuri-curi akang,
994,curi,verb,"to steal someone's things on successive occasions (e.g. to steal a shirt, then some days later",,,,,,,,,,,,,,,,,,,manycuri,
995,curi,intransitive verb,to engage in thefts and robberies,,,,,,,,,,,,,,,,,,,,
996,curít,noun,kind of hard finger-shaped cookie of sago,,,,,,,,,,,,,,,,sago,,,,
996,curít,noun,kind of hard finger-shaped cookie of sago,,,,,,,,,,,,,,,,food,,,,
997,cuti,noun,"holiday, vacation",,,,,,,,,,,,,,,,,,,,
998,cuti,,,,,,,,,,,,,,,,,,,,iyu cuti,,
999,da:,locative,"the direction of the land, landside",aku ka daya maramas ka da: nang angat,I went inland to process sago there in all that,,,,,,,,,,,,,,,,"daya, inda:",,
1000,da,,,,,,,,,,,,,,,,,,,,,,da...mo \ps  part \df definitely not \il  Ke aku da sopang mo. But I didn't go out at all.
1001,dabu-dabu,noun,"kind of spicy, sour sauce to accompany roasted fish or boiled vegetables",,,,,,,,,,,,,,,,culinary,,,,"dabu-dabu acar \df kind of sour salad of raw vegetables, esp. cucumber, shallots, and French beans \sf  food, dabu-dabu beo \df kind of condiment of ground chiles, salt and lime juice \sf  culinary, dabu-dabu bonyci \df kind of sauce made of ground peanuts and spices \sf  culinary, dabu-dabu garu \df kind of condiment of dry-fried grated coconut sauted with spices and coconut cream \sf  culinary, dabu-dabu kasawari \df kind of compote of eggplant, mawe fruit and other ingredients \sf  food, dabu-dabu komos \df kind of condiment made of coconut, pepper and a souring agent \sf  culinary, dabu-dabu lano \df kind of condiment made with crispy dregs of oil and fish with chiles \sf  culinary, dabu-dabu manta \df kind of condiment of sliced chiles and lime juice \sf  culinary, dabu-dabu sambal \df a condiment of grated coconut ground with chiles and other spices \sf  culinary, dabu-dabu seri \df kind of side-dish made with chopped eggplant, coconut cream, tomato and other spices \sf  food"
1002,dada,noun,the flat interior surface of hands or feet <palm> <sole>,,,,,,,,,,,,,,,,body,,,,"tangang dadana \df palm (of the hand) \sf  body, tiol dadana \df sole (of the foot) \sf  body \af  badada-dada \ps  vi \df heaping full, filled to the rim (of containers, e.g., plates, etc.) \il  nggaeka sinanga sapinggang badada-dada a heaping plate of fried bananas"
1003,dadang,verb,"to roast or smoke s.t. (esp. fish) wrapped in leaves for a long time, to wrap s.t. in leaves for roasting",,,,,,,,,,,,,,,,,,,dadangi,
1004,dadang,verb,to roast s.t. for a long time for someone,Dadangi aku lao haiku,Roast me a fish,,,,,,,,,,,,,,,,,dadang akang,
1005,dadang,verb,to roast s.t. at someone's request,,,,,,,,,,,,,,,,,,,badadang,
1006,dadang,intransitive verb,to cook by roasting as a task,,,,,,,,,,,,,,,,,,,,
1007,dadang,,to make s.t. (beverage or food) last for a long time,si kani mudadang kofina ia sigodo,Kani made his coffee last and last,,,,,,,,,,,,,,,,,badadang,
1008,dadang,intransitive verb,to sip at liquids at infrequent intervals thus making the beverage last a long time,,,,,,,,,,,,,,,,,,,,
1009,dadap,noun,"kind of tree, probably the Indian coral tree",,,,,,,,,,,,,Erythrina variegata,,,plant,,,,
1010,dadi,intransitive verb,"to become, to be completed",batanga alengo itu dadi pocot,Its stem will become thick (fat),tala dadi ka bolung,Has it come to an end yet or not?,,,,,,,,,,,,,,,,"dadi bo: \df it will come to nothing, in vain, vainly \il  cece mo sigodo kamudiang dadi bo: Don't plan to do it afterwards; that will come to nothing. \ps  conj \df hence, thus \il  dadi kita sotu musi ada nang surat  Thus, if we were to pass by (the sentinel), there must be an accompanying letter. \af  padadi \ps  v \df to metamorphose s.t., to change the shape or characteristics of s.t. \il  Kupadadi diringku alu-alu  I changed myself to a barracuda \af  padadi akang \ps  v \df to change the state of s.t. \il  Padadi akang api ka sinanga nggaeka  Get that fire going and fry those bananas."
1011,dado,noun,aunt,,,,,,,,,,,,,,,,kinship,,bapa nang tua ina nang dado,,
1012,dadu,intransitive verb,light pink,,,,,,,,,,,,,,,,,,,padadui,
1013,dadu,verb,"to give s.t. a pink color, to increase the pinkness of s.t.",,,,,,,,,,,,,,,,color,,,,
1014,daera,noun,"region, vicinity",,,,,,,,,,,,,,,,,Indonesian,,,
1015,daeraji,noun,"male headgear, similar to a turban",,,,,,,,,,,,,,,archaic,,,,,
1016,daga,intransitive verb,to be thirsty,,,,,,,,,,,,,,,,,,,,
1017,daga,noun,thirst,,,,,,,,,,,,,,,,,,,,
1018,dagang,,,,,,,,,,,,,,,,,,,,,dagangi,
1019,dagang,verb,to offer s.t. for sale <sell>,,,,,,,,,,,,,,,,,,,dagang akang,
1020,dagang,verb,to peddle s.t. at someone's request,,,,,,,,,,,,,,,,,,,badagang,
1021,dagang,intransitive verb,to engage in peddling or commercial activity,,,,,,,,,,,,,,,,,,,,
1022,daging,noun,"meat, flesh",,,,,,,,,,,,,,,,,,,sadaging,
1023,daging,intransitive verb,"to be of the same family, to be related",,,,,,,,,,,,,,,,kinship,,,,
1024,dai,noun,forehead,,,,,,,,,,,,,,,,body,,,,
1025,dakap,transitive verb,to embrace s.t.,,,,,,,,,,,,,,,,,,,badakap,
1026,dakap,intransitive verb,to engage in hugging,,,,,,,,,,,,,,,,,,,,badakap nyawa \df to fold o.'s arms around o'.s chest \af  badakapang \ps  vi \df to hug e.o. \af  badabadakapang \ps  vi \df to be in mutual embraces for some time or intensively
1027,dake,,,,,,,,,,,,,,,,,,,,,dake akang,
1028,dake,transitive verb,to part (fighting parties),,,,,,,,,,,,,,,,,,,badake,
1029,dake,intransitive verb,to separate belligerent persons,,,,,,,,,,,,,,,,,,,,
1030,daki,noun,body grime,,,,,,,,,,,,,,,,,,,badaki,
1031,daki,verb,"to be grimey, to be covered with body grime",,,,,,,,,,,,,,,,,,,,
1032,dalam,noun,"interior <in> <inside>, confines <within>, during (a certain period of time)",kayuang dalama,in the forest,puasa dalama itu musi bakaya ga,During the month of Ramadan we must process sago too.,,,,,,,,,,,,,,"dalamai, indalang",,
1033,dalamai,verb,"to fill s.t. up, to fill with s.t.",,,,,,,,,,,,,,,,,,dalam,,
1034,dalang,,,,,,,,,,,,,,,,,,,,dalam,,
1035,dalapang,,,,,,,,,,,,,,,,,,,,dualapang,,
1036,dalikang,noun,hearth,,,,,,,,,,,,,,,,house,,mandapat,,
1037,dalima,noun,"kind of tree bearing edible fruit, the pomegranate,",,,,,,,,,,,,,Punica granatum L.],,,plant,,,,
1038,dalise,noun,"kind of fish, a snapper, the red emperor,",,,,,,,,,,,,,Lutjanus sebae,,,,,,,dalise tolap \df kind of fish \sf  fish
1039,dam,noun,checkers,,,,,,,,,,,,,,,,game,,,,
1040,dampar,,,,,,,,,,,,,,,,,,,,,dampari,
1041,dampar,verb,to lie face down on s.t.,,,,,,,,,,,,,,,,,,,dampar akang,
1042,dampar,verb,"to cause s.t. to overturn, to lay someone face down",,,,,,,,,,,,,,,,,,,badampar,
1043,dampar,intransitive verb,"to lie face down, to lie prone",,,,,,,,,,,,,,,,,,,badampar-dampar,
1044,dampar,intransitive verb,to sleep face down (of several people),,,,,,,,,,,,,,,,,,,nadampar,
1045,dampar,intransitive verb,"to be cast ashore, esp. of boats",,,,,,,,,,,,,,,,,,,,
1046,damping,intransitive verb,"near, approximately, almost, about",tukayana tala damping saratus ribu,Its price is almost one hundred thousand,,,,,,,,,,,,,,,,,,"damping caya \df pre-dawn, just before daybreak \af  dampingi \ps  v \df to approach \af  damping akang \ps  v \df to move s.t. close \af  badampingang \ps  vi \df to be in close proximity to e.o. \il  rumana pasi tu badampingang Their houses are near e.o. \af  badabadampingang \ps  vi \df to be closely arranged, to be in proximity to e.o. (of a large number) \af  damping-damping \ps  vi \df rather nearby"
1047,dan,,,,,,,,,,,,,,,,,,,Indonesian,,,
1048,dan,conjunction,and,,,,,,,,,,,,,,,,,,nang,,
1049,dana,intransitive verb,tame,,,,,,,,,,,,,,,,,,,padanai,
1050,dana,verb,"to tame s.t., to train some animal (e.g. a parrot)",,,,,,,,,,,,,,,,,,,,
1051,dandansa,noun,kind of dance in which movements are called <quadrille>,,,,,,,,,,,,,,,archaic,,,,,
1052,dandang,noun,kind of rice pot,,,,,,,,,,,,,,,,utensil,,,,
1052,dandang,noun,kind of rice pot,,,,,,,,,,,,,,,,culinary,,,,
1053,da:ng,noun,"branch, bough",,,,,,,,,,,,,,,,,,,,
1054,dang,particle,"again, more, in addition, else, furthermore",Ari malang ompu ruma mukemi: dang.,Last night the rat pissed on him again.,itu kira-kira tolu ari dang,That's probably three more days.,karugiang dang,That's a further financial loss.,Apé dang.,What else?,,,,,,,,,,,,
1055,danga,verb,to hear s.t.,kudanga kamí yogo tama bakaya ini,I hear that you are planning to get started on sago,,,,,,,,,,,,,,,,,danga akang,
1056,danga,verb,to listen to s.t. or someone on another's behalf,,,,,,,,,,,,,,,,,,,dangai akang,
1057,danga,verb,"to listen to someone, to obey someone",,,,,,,,,,,,,,,,,,,badangai akang,
1058,danga,intransitive verb,to be engaged in listening to s.t.,,,,,,,,,,,,,,,,,,,badangaiyang,
1059,danga,intransitive verb,to belistened to carefully for some time,carama alengo ini badangaiyang ke moyo,That lecture just now was not even clear,,,,,,,,,,,,,,,,,,
1060,dangan,,,,,,,,,,,,,,,,,,,,,dangani,
1061,dangan,verb,"to accompany someone, to be with someone",,,,,,,,,,,,,,,,,,,dangani akang,
1062,dangan,verb,to be with someone at another's request,,,,,,,,,,,,,,,,,,,badanganang,
1063,dangan,intransitive verb,"to accompany, to go as a friend of someone",,,,,,,,,,,,,,,,,,,padanganang,
1064,dangan,noun,"companion, follower, someone asked to accompany another, often temporarily",,,,,,,,,,,,,,,,,,dangang,,
1065,dangan,,,,,,,,,,,,,,,,,,,,dangang,,
1066,dangang,pronoun,I,Dangang muumbuk ampung,I beg forgiveness,,,,,,,,,,,,first singular,respectful,,,kami dangang,,
1067,danycanak,noun,older sibling,,,,,,,,,,,,,,,,,,,,"danycanak bini-bini \df elder sister, danycanak laki-laki \df elder brother \crm  bapa \crm  ina \sf  kinship"
1068,dapa,verb,"to obtain, to get, to experience or undergo s.t. (usually unpleasant)",Kudapa papait capatu.,I got a gift of shoes.,si taslim mudapa tampar de guruna,Taslim got slapped by his teacher.,,,,,,,,,,,,,,,,"dapa hajat \df to experience menstruation, to have o.'s menstrual period \crm  pauli \crm  dapat"
1069,dapat,,,,,,,,,,,,,,,,,,,,,badapatang,
1070,dapat,intransitive verb,"to meet, to encounter",Adangi de surat laina bena kita badapatang,"Wait, in another letter we will meet (again).",,,,,,,,,,,,,,,,"dapa, pandapatang",,
1071,daras,intransitive verb,"swift (of water flow, the pace of walking, a punch, etc.), loud (of voices and bird calls)",,,,,,,,,,,,,,,,,,,padarasi,
1072,daras,verb,to increase the volume (e.g. of a radio) or the speed (e.g. of a punch) <speed up>,,,,,,,,,,,,,,,,,,,,
1073,dari,preposition,from,,,,,,,,,,,,,,,,,,de,,
1074,daripada,,,,,,,,,,,,,,,,,,,,dari,,
1075,dasar,noun,"base, cement floor",capata dasara,soles of shoes,,,,,,,,,,,,,,,,,,
1076,datar,intransitive verb,to be flat of (topography),,,,,,,,,,,,,,,,,,,,
1077,datar,noun,"a flat place, a plain or plateau",,,,,,,,,,,,,,,,,,,,
1078,datuk,noun,a palace rank and title,,,,,,,,,,,,,,,,society,,,,"datuk alolong \df high-ranking representative of the Sultan of Bacan, datuk sapanggala \df the minister governing the territory (city) around the palace of Bacan \crm kadatong \sf  society"
1079,datu,noun,an official of the sultanate,,,,,,,,,,,,,,,,,,,,
1080,datu,,,,,,,,,,,,,,,,,,,,ngguming,,
1081,daulu,particle,"previous, earlier times",daulu kamí mangaji cara deminyá,In the old days how did you study Quranic,,,,,,,,,,,,,,,,,,
1082,daulu,adverb,"ahead, first",kita tapabua mesela daulu,We make the cement foundation first.,,,,,,,,,,,,,,,,,dadauluna,
1083,daulu,intransitive verb,old (of inanimate objects),benteng dadauluna,old fort,,,,,,,,,,,,,,,,,,
1084,daung,noun,leaf,,,,,,,,,,,,,,,,,,,badaung,
1085,daung,intransitive verb,leaved,,,,,,,,,,,,,,,,,,,,
1086,daung baru,noun,"kind of fish, diamond fish,",,,,,,,,,,,,,Monodactylus argenteus,,,fish,,,,
1087,daung baru,noun,kind of tree,,,,,,,,,,,,,,,,plant,,,,
1088,daung gatal ambon,noun,kind of toxic-leafed plant,,,,,,,,,,,,,,,,plant,,,,
1089,daung tabal,noun,"kind of plant, perhaps the floss flower,",,,,,,,,,,,,,Ageratum conyzoides,,,plant,,,,
1090,daung tumana,noun,"kind of insect, aphid, suborder Homoptera",,,,,,,,,,,,,,,,,,,,
1091,daung tumbu daung,noun,"kind of seaside cactus, prickly pear,",,,,,,,,,,,,,Opuntia vulgaris,,,plant,,,,
1092,daya,locative,landward direction,ka daya,landward,,,,,,,,,,,,,,,,,,
1093,daya upaya,noun,capability,,,,,,,,,,,,,,,,,,,,
1094,dayango,noun,kind of insect emitting an unpleasant odor,,,,,,,,,,,,,,,,insect,,,,
1095,de,preposition,"of, from, at, on, in",kamí tuka de siá,Who did you buy it from?,duga-dugana kami umbuk ambulung de abdíl nang wahit,We will simply request,de ahat,on Sunday,itu de gambar alengo itu,That was it in the picture we just saw.,de manado,at Manado,,,,often used to mark human goals,,,,,,"de ini \df here \crm  di, de itu \df there, de mana \df where, de nyamo \df for example \df from"
1096,debe,,,,,,,,,,,,,,,,,,,,babaca debe,,
1097,dede,noun,"a palace title indicating royal descent, an affectionate term of address and reference for the sultan's sons <prince>",,,,,,,,,,,,,,,,,,kacili,,
1098,dedego,,,,,,,,,,,,,,,,,,,,dego-dego,,
1099,dego-dego,noun,"kind of bench or sleeping platform, usually made of bamboo",,,,,,,,,,,,,,,,house,,"bale, katidurang",,
1100,dekat,intransitive verb,"nearby, proximate",,,,,,,,,,,,,,,,,Malay,,,
1101,dekea,intransitive verb,elder (of o.'s aunts and uncles),,,,,,,,,,,,,,,,,,"bapa dekea, ina dekea",,
1102,deker,noun,a cover placed over a gutter or ditch,,,,,,,,,,,,,,,,,,,,
1103,deket,intransitive verb,small,nusa deket,"a small island near nusa ra:, Big Island",andeket,youth,,,,,,,,,,,archaic,,,,,
1104,deminyá,pronoun,how,jadi deminyá nang kintalmu inycana tu,So how is it with your lot over there?,,,,,,,,,,,,,,,,,,"cara deminya/ \df how to, method to, deminya/ mo \df example \crm  de nyamo"
1105,denda,noun,"legal fine, court penalty",,,,,,,,,,,,,,,,,,,,
1106,dendeng,noun,"dried, preserved meat <jerky>, usually venison",,,,,,,,,,,,,,,,,,,,
1107,depeng,,,,,,,,,,,,,,,,,,,,ndaeping,,
1108,des,conjunction,"so, therefore",,,,,,,,,,,,,,,,,,,,
1109,desa,,,,,,,,,,,,,,,,,,,,kapala desa,,
1110,desel,noun,boat-building adze,,,,,,,,,,,,,,,,,,,,
1111,desel,verb,"to hew or smooth s.t. (wood) with an adze, to dress s.t. (wood)",kita tadesel barenti mena iskaf,After we have dressed (the wood) then they can plane it.,,,,,,,,,,,,,,tool,,,,
1112,di:,,,,,,,,,,,,,,,,,,,,didi:,,
1113,di,preposition,at,di luar,outside,di mana,where,,,,,,,,,,,,,,de,,
1114,di antaranya,conjunction,including,musu di antaranya amerika,"enemies, including America",,,,,,,,,,,,,,,,,,
1115,diakang,,,,,,,,,,,,,,,,,,,,didi: akang,,
1116,diang,,,,,,,,,,,,,,,,,,,,,badiang,
1117,diang,intransitive verb,to be quiet,,,,,,,,,,,,,,,,,,,badiang-diang,
1118,diang,intransitive verb,to be absolutely quiet <silent>,basaláng bolung baca duduk badiang-diang,"If you haven't begun to recite, just sit",,,,,,,,,,,,,,,,,babadiang,
1119,diang,intransitive verb,"to be discreet, to be stealthy",,,,,,,,,,,,,,,,,,,padiangi,
1120,diang,verb,to coax or persuade someone to be quiet,,,,,,,,,,,,,,,,,,,padiang akang,
1121,diang,verb,"to make s.t. quiet, e.g. to reduce the volume of a radio",,,,,,,,,,,,,,,,,,,,
1122,dibo-dibo,noun,"wholesaler, someone who buys a whole crop or catch and controls the market",,,,,,,,,,,,,,,,,,,badibo-dibo,
1123,dibo-dibo,intransitive verb,to engage in such commercial activities,,,,,,,,,,,,,,,,,,,,
1124,dodak,noun,chest (of the body),,,,,,,,,,,,,,,,,,,,
1125,dodak,noun,"front, ahead, forthcoming, previous, earlier in a series",nusa ra: dodaka,in the front of Nusa Ra:,saptí de dodak,next Saturday,alap-alap di dodak,The guests (summoned) earlier,,,,,,,,,,,,manda/,badobadodakang,
1126,dodak,intransitive verb,"to be facing e.o. <face>, to be opposite e.o. (e.g. on the same street)",,,,,,,,,,,,,,,,,,,,
1127,dodato mo,intransitive verb,to have a fear that s.t. would or would not occur or be acceptable,ku dodato mo kamu: mumakang mo,I feared lest you would not eat (it),,,,,,,,,,,,,,,,,,
1128,dodoku,noun,bridge,,,,,,,,,,,,,,,,,,panitiang,,
1129,dodol,noun,kind of durian sweetmeat,,,,,,,,,,,,,,,,food,,,,"dodol koko \df kind of cassava sweetmeat, similar to taffy"
1130,dodomi,noun,placenta,,,,,,,,,,,,,,,,,,,,"dodomi sagale gale \df be of one blood line, be united by blood \sf  body"
1131,dofola,noun,"kind of insect, the bedbug",,,,,,,,,,,,,Cimicidae,,,insect,,,,
1132,dohor,noun,the time for the Islamic prayer ritual at noontime,,,,,,,,,,,,,,,,spiritual,,,,
1133,doit,noun,money,,,,,,,,,,,,,,,,,,,,"doit salawat \df money contributed to the mosque <contribution> during the recital of the laudation of the Prophet on certain Islamic holy days \crm  salawat, doit tataura \df coin (i.e. money for scattering) \crm  taur"
1134,dok,noun,dock,,,,,,,,,,,,,,,,,,,,
1135,doko,intransitive verb,greedy,,,,,,,,,,,,,,,,,,,badoko,
1136,doko,intransitive verb,"to be covetous, to gaze longingly (but not express o.'s desire)",,,,,,,,,,,,,,,,,,,,
1137,dola,intransitive verb,"to block someone's path of escape by predicting the direction, to cut someone off <cut off>",,,,,,,,,,,,,,,,,,,dola akang,
1138,dola,verb,to block someone at someone's request,,,,,,,,,,,,,,,,,,,badola,
1139,dola,intransitive verb,"to engage in blocking, to buy goods for resale by arriving at the market early, to corner the market in such",badola manyjangang,to corner a deer,,,,,,,,,,,,,,,,,,
1140,dolong,intransitive verb,deep,,,,,,,,,,,,,,,,,,lumpa-lumpat dolong,padolongi,
1141,dolong,verb,to deepen s.t. (e.g. a well or a foundation),,,,,,,,,,,,,,,,,,,,
1142,dolosi,noun,kind of small multicoloredfish,,,,,,,,,,,,,,,,fish,,,,"dolosi papang \df kind of fish, the southern fusilier, \sn Caesio xanthurus \sf  fish, dolosi iba \df kind of fish, the black-tipped fusilier, \sn Caesio chrysozonus \sf  fish, dolosi magiau \df kind of small pink fish \sf  fish"
1143,domplet,noun,"wallet, change purse",,,,,,,,,,,,,,,,,,,,
1144,donga-donga,noun,ankle bone (which protrudes),,,,,,,,,,,,,,,,body,,,,
1145,dongkrat,,,,,,,,,,,,,,,,,,,Indonesian,,,
1146,dongkrat,verb,to lever s.t. up (e.g. a boat),,,,,,,,,,,,,,,,,,,,
1147,donyci,intransitive verb,"whining, fussy (of children)",,,,,,,,,,,,,,,,,,,badonyci,
1148,donyci,intransitive verb,to be characterized by whining <whine>,,,,,,,,,,,,,,,,,,,,
1149,dop,noun,infant's pacifier,,,,,,,,,,,,,,,,,,pep,,
1150,dosa,,,,,,,,,,,,,,,,,,,,bardosa,,
1151,dosi-dosi,noun,"box, esp. cardboard box",,,,,,,,,,,,,,,,,,,,
1152,doti,noun,black magic,,,,,,,,,,,,,,,,,,,,
1153,doti,verb,to attack and negatively affect someone with black magic,nyawaku mantak po kudoti ia ni ke,I feel offended so I'll use some black magic on him,,,,,,,,,,,,,,,,,badoti,
1154,doti,intransitive verb,to practice black magic and to use spells and poisons,,,,,,,,,,,,,,,,,Malay,guna-guna,,
1155,doá,,,,,,,,,,,,,,,,,,,,,doákang,
1156,doá,verb,to curse someone,cece mo idoákang kita,Let it not happen that they curse us.,,,,,,,,,,,,,,,,,badoá,
1157,doá,intransitive verb,to curse,,,,,,,,,,,,,,,,,,,badoákang,
1158,doá,intransitive verb,to be engaged in cursing someone <curse>,,,,,,,,,,,,,,,,,,sasi,,
1159,du,exclamation,"oh, an expression of disappointment or disapproval",,,,,,,,,,,,,,,,,,,,
1160,dua,numeral,two,dua pulu,twenty,,,,,,,,,,,,,,,,,badua-dua,
1161,dua,verb,"to be in a set of two, to form a pair",pasi balampo badua-dua,They walked off in pairs.,,,,,,,,,,,,,,,,"apadua, sapadua, kadua",,
1162,dualapang,numeral,eight,,,,,,,,,,,,,,,,,,,,
1163,dudugana,,,,,,,,,,,,,,,,,,,,duga,,
1164,duduk,intransitive verb,"to sit, to reside (at some place), to occupy",ia itu duduk mo de amasing kota ke di mandawóng,He doesn't live in Amasing Kota,,,,,,,,,,,,,,,,,duduki,
1165,duduk,verb,to sit on someone or s.t.,Ia itu mududuki taina manuk,He sat on chicken droppings,,,,,,,,,,,,,,,,,duduk akang,
1166,duduk,verb,"to assist someone to sit at someone's request, to put s.t. in place",,,,,,,,,,,,,,,,,,,badudukang,
1167,duduk,intransitive verb,to sit around in large numbers (e.g. at a meeting),,,,,,,,,,,,,,,,,,,badubadudukang,
1168,duduk,intransitive verb,to sit on e.o. (of many persons in play or in a crowded vehicle),,,,,,,,,,,,,,,,,,,paduduk akang,
1169,duduk,verb,"to use s.t. as a seat (i.e. s.t. not usually for sitting on, e.g. a table), to let s.t. stand, to put s.t. in a stable position (e.g. a container of water so the dregs, to put s.t. in its appropriate place",paduduk akang paisu itu ga aming,Put the water on to the hearth (so it will boil),,,,,,,,,,,,,,,,,pandudukang,
1170,duduk,noun,"sitting place, esp. the elaborate public benches often found on corners in Labuha",,,,,,,,,,,,,,,,,,,kadudukang,
1171,duduk,noun,"a place to sit, a seat, situation, social setting, a place",kadudukangku nagawar-gawar,My seat wobbles,kadudukang ini jat,This situation (e.g. in a known sorcerer's company) is unfavorable,dupa-dupa kadudukanga,"a place for incense, a censer",inda: tu haiwan kadudukanga,Inland in the forest it's animal territory (i.e. too many,,,,,,,,,,,,
1172,duga,verb,"to assume, to guess, to suppose",,,,,,,,,,,,,,,,,,sangka,,
1173,dugana,conjunction,"only to the extent, however, in so far as","dugana kamí tama itu, ingat-ingat paguna:ng ari saptu","However, as you start that,",,,,,,,,,,,,,,,,,,
1174,dugana,particle,only and insufficient,Doitku dugana hadiki,There's only a small amount of my money (left),,,,,,,,,,,,,,,,,duga-duga,
1175,dugana,particle,only,durian duga-duga ke habua po yogo iumbuk dang,There was just one durian yet he still,,,,,,,,,,,,,,,,,duga-dugana,
1176,dugana,particle,only,pondo duga-dugana habua mena narebus dang,"There was only one shirt, then it ripped",,,,,,,,,,,,,,,,,dudugana,
1177,dugana,particle,only,,,,,,,,,,,,,,,,,,,,
1178,duka,noun,sorrow,,,,,,,,,,,,,,,,,,,baduka,
1179,duka,intransitive verb,to be in mourning,,,,,,,,,,,,,,,,,,,,
1180,duku,,,,,,,,,,,,,,,,,,,,langsat duku,,
1181,dumik,intransitive verb,completed,papang inycana itu tala dumik,The boards over there are finished.,,,,,,,,,,,,,,,,,dumik akang,
1182,dumik,verb,to complete s.t. at another's request,musi ka da: ga dumik akang jojaga itu puong,You must go inland too to finish that hut first.,,,,,,,,,,,,,,,,,padumiki,
1183,dumik,verb,to finish off s.t.,Kau tala mupadumiki lao de kas.,You have finished off the fish in the cupboard.,,,,,,,,,,,,,,,,,padumik akang,
1184,dumik,verb,to complete s.t. thoroughly,adaing padumik akang paguna:ng tu,Later we will complete that task.,,,,,,,,,,,,,,,,,dumi-dumik,
1185,dumik,intransitive verb,all,,,,,,,,,,,,,,,,,,,,
1186,dumik,adverb,completely,,,,,,,,,,,,,,,,,,,,
1187,dumpul,noun,boat caulking,,,,,,,,,,,,,,,,boat,,,,
1188,duniá,noun,"world, the transitory world, the place of the mundane",,,,,,,,,,,,,,,,,,"bobato dunia/, ahera/t",,
1189,dungkul,,,,,,,,,,,,,,,,,,,,,dungkul akang,
1190,dungkul,transitive verb,to cause s.t. (esp. another's foot) to ram s.t.,,,,,,,,,,,,,,,,,,,nadungkul,
1191,dungkul,intransitive verb,stubbed (of the toe),,,,,,,,,,,,,,,,,,,,
1192,duong,,,,,,,,,,,,,,,,,,,,lao,,
1193,dupa,noun,tapers of fragrant wood used as incense,,,,,,,,,,,,,,,,,,,,
1194,duri,noun,thorn,,,,,,,,,,,,,,,,,,ambulung duri puti,baduri,
1195,duri,intransitive verb,"to be covered with thorns, prickly, thorny",buro-buro baduri,a kind of pandanus with many thorns,,,,,,,,,,,,,,,,"bayang baduri, aur baduri",baduri-duri,
1196,duri,intransitive verb,"to be covered with thorns or spines, prickly",,,,,,,,,,,,,,,,,,,,
1197,duri babi,noun,"kind of black, long-spined sea urchin",,,,,,,,,,,,,Diadema setosum,,,sea creature,,tayong,,
1198,duriang,noun,"kind of fruit, the durian, [Durio zibethinus",,,,,,,,,,,,,,,,plant,,,,"duriang cacak \df kind of small durian, duriang bunga rampe \df kind of small durian, duriang pairuk \df kind of dark, round, large durian, duriang mawe \df kind of small durian, duriang panglu/ \df kind of durian with easily visible sutures, duriang biji mati \df kind of durian with small flat seeds, duriang atombo/m \df kind of very large somewhat oval-shaped durian, duriang gora \df kind of durian shaped like a water apple, duriang roket \df kind of elongated durian, duriang mata-mata lompa \df a very early stage in the ripening process of a durian, duriang pusu \df kind of tear-shaped durian, duriang pala \df kind of round durian, duriang mantega \df kind of durian with very yellow contents, duriang payung \df kind of durian, duriang bapalumbang \df a late stage in the ripening stage of a durian, watery,odorless, tasteless but edible, duriang ambulung \df kind of durian found near sago, duriang tewa-tewa \df kind of durian"
1199,e:,particle,"er, uh",pasawat e: kapal udara,"plane, I mean, airplane",,,,,,,,,,,,hesitation word,,,,,,e: ole i: \df oh yes (I almost forgot)
1200,edat,noun,"kind of culinary preparation of raw fish, citrus fruit juice and spices, kind of seviche",,,,,,,,,,,,,,,,food,,kolot,,
1201,egang,intransitive verb,to be odd (of o.'s gait),,,,,,,,,,,,,,,,,,,,
1202,eling,verb,"to recall someone, to remember someone fondly",,,,,,,,,,,,,,,,,,,eling-eling,
1203,eling,verb,to continuously recollect someone,kueling-eling kau torus,I always remember you,,,,,,,,,,,,,,,,,,
1204,embing,verb,to hold s.t. in the lap,,,,,,,,,,,,,,,,,,,,
1205,embusang,noun,"bellows, the pump used at a forge",,,,,,,,,,,,,,,,,,,,
1206,endar,verb,"to be mirthful and excited, to be gleeful and happy",Aku endar kudapa papait capatu itu.,I was delighted to get that gift of shoes.,,,,,,,,,,,,,,,,,baendar-endar,
1207,endar,intransitive verb,to be excessively gleeful and happy,,,,,,,,,,,,,,,,,,kaendar,,
1208,engi,noun,"the people, the peasantry, the subjects of a certain ruler",,,,,,,,,,,,,,,archaic,society,,,,
1209,engku,pronoun,you,,,,,,,,,,,,,,term of address for teachers,,,,,,
1210,engku,noun,"teacher, esp. as an identifying sobriquet",muhamat engku,Muhammad the teacher (as opposed to someone else named Muhammad),,,,,,,,,,,,,,,,,,
1211,e,exclamation,"hey, say!",e pesa kamí danga itu itu bahasanta,"Hey, just try listening to that",that's our language!,,,,,,,,,,,,,,,,,
1212,e,particle,"huh?, am I right?",kudanga habár kamí yogo pabua ruma e,"I heard that you are going to build a house,",o jadi lima udang tagala e,"Oh so it takes five months, does it?",,,,,,,,,,a question marker,,,,i:,,
1213,esde,noun,elementary school,,,,,,,,,,,,,,,,,,,,
1214,esing,numeral classifier,"bunch or hand of bananas, a counter for bananas",,,,,,,,,,,,,,,,,,,baesing,
1215,esing,intransitive verb,to engage in separating hands of bananas from the stalk,,,,,,,,,,,,,,,,,,,,
1216,eso,,,,,,,,,,,,,,,,,,,,,baeso,
1217,eso,intransitive verb,"to pull oneself (in a seated position) along the floor, to slide o.'s rump across a level",,,,,,,,,,,,,,,,,,,,
1218,esá,noun,the time for the Islamic prayer ritual in the evening,,,,,,,,,,,,,,,,spiritual,,,,
1219,eti,verb,to understand or know s.t.,kueti mo,I don't understand.,kamí eti pabua bedeng,Do you two know (how) to make a planting bed?,,,,,,,,,,,,,,,eti akang,
1220,eti,verb,to know about s.t.,Taeti akang mo,We don't know (anything) about it.,aku kueti akang moyo keadaan sabapina,I do not understand about the reasons for the,,,,,,,,,,,,,,,,
1221,faduli,verb,to pay attention to s.t. (when such attention is inappropriate),,,,,,,,,,,,,,,,,,,bafaduli,
1222,faduli,intransitive verb,to pry into other's business,,,,,,,,,,,,,,,,,,,,
1223,faham,intransitive verb,to understand,,,,,,,,,,,,,,,,,,,,
1224,fajar,noun,the morning star,,,,,,,,,,,,,,,,natural phenomenon,,,,
1225,fam,noun,"descent, family-line, family name",nyamana pusung fam pusung,His name was Pusung,the family name was Pusung.,,,,,,,,,,,,,,,,,
1226,fandíng,verb,to have need of someone or s.t.,hadiki dang aku fandíng kau,In a little while I will have need of you (your presence),,,,,,,,,,,,,,,,,,
1227,fandíng,particle,"need to, have to",aku fandíng kau tulis surat ini,I need you to write this letter.,,,,,,,,,,,,,,,,,,
1228,fantal,verb,"to untie s.t. (a knot), to unlace",fatal capatu,unlace shoes,,,,,,,,,,,,,,,,,fantal akang,
1229,fantal,verb,to unfasten s.t. at someone's request,,,,,,,,,,,,,,,,,,,nafantal,
1230,fantal,intransitive verb,"opened, split apart",,,,,,,,,,,,,,,,,,,,
1231,fara,noun,"freckle, birthmark",,,,,,,,,,,,,,,,body,,,,
1232,farak,verb,to spread s.t. apart (e.g. to level a heap of sand),,,,,,,,,,,,,,,,,,,bafara-farakang,
1233,farak,intransitive verb,"to arrange in separate classes, to be arranged in different categories",aku ini tala botang mala-malaingang bafara-farakang ini,,kayu ini yogo kupake yang,,,,,,,,,,,,archaic,,,,,
1234,faroro,intransitive verb,shriveled or shrunken with age,,,,,,,,,,,,,,,,,,,bafaroro,
1235,faroro,intransitive verb,to shrink or shrivel (of o.'s skin and body appendages) because of exposure to cold,,,,,,,,,,,,,,,,,,,,
1236,farák,noun,"fare, the price of passage",,,,,,,,,,,,,,,,,,,,
1237,farák,intransitive verb,"to show the signs of a recent illness, to be drawn and wan",,,,,,,,,,,,,,,,,,,,
1238,fastiu,,,,,,,,,,,,,,,,,,,,pastiu,,
1239,fato,transitive verb,"to put s.t. in order, to arrange objects, to lay out (foods, etc.), to set s.t. (on the table)",Nis tala mufato macang-macang momami de meja.,Nis has set out all kinds of cakes on,,,,,,,,,,,,,,,,,bafato,
1240,fato,intransitive verb,"to get in line, to be arranged",,,,,,,,,,,,,,,,,,,,
1241,fefut,,,,,,,,,,,,,,,,,,,,bakafefut,,
1242,felem,noun,"film (for a camera), cinematic showing, movie",,,,,,,,,,,,,,,,,,,,
1243,felpeng,noun,"various kind of pens, including felt tip, ballpoint and fountain pens",,,,,,,,,,,,,,,,,,,,
1244,fentol,,,,,,,,,,,,,,,,,,,,gigi fentol,,
1245,fete-fete,noun,"various kind of plants, incl.bromeliads such as",,,,,,,,,,,,,"Bromelia humilis and the, Crinum asiaticum",,,plant,,,,
1246,fia,,,,,,,,,,,,,,,,,,,,,nafia,
1247,fia,intransitive verb,wide open,,,,,,,,,,,,,,,,,,,,
1248,fikir,verb,to think about s.t.,,,,,,,,,,,,,,,,,,,fikir akang,
1249,fikir,intransitive verb,"to consider s.t., to bear s.t. in mind",kufikir akang anaku ni bolung ada pondo,I am considering that my child does not yet,,,,,,,,,,,,,,,,,bafikir,
1250,fikir,intransitive verb,"to think, to be reflective",tala ompu lahtala mubei supaya kita tadapa bafikir,God Most High has granted it that,,,,,,,,,,,,,,,,,fikirang,
1251,fikir,noun,thought,,,,,,,,,,,,,,,,,,,,
1252,filinggir,noun,kite (for flying),,,,,,,,,,,,,,,,,,,bafilinggir,
1253,filinggir,intransitive verb,to engage in kite flying,,,,,,,,,,,,,,,,,,,,
1254,fini,,,,,,,,,,,,,,,,,,,Malay,,,
1255,fini,noun,"seed, esp. for planting",,,,,,,,,,,,,,,,,,bibit,,
1256,fingkal,verb,"to fight someone, to strike or hit someone",,,,,,,,,,,,,,,,,,,,
1257,fis,noun,bicycle,,,,,,,,,,,,,,,archaic,,,,,
1258,fisa,noun,cloth made from bark,,,,,,,,,,,,,,,archaic,,,,,
1259,fitaná,noun,"untruth, slander, gossip",,,,,,,,,,,,,,,,,,,,
1260,fitaná,verb,"to spread lies, slander or calumny about someone",ia mufitaná si nis,She has spread lies about Nis,,,,,,,,,,,,,,,,,fitaná akang,
1261,fitaná,verb,to spread lies about someone,,,,,,,,,,,,,,,,,,,bafitaná,
1262,fitaná,intransitive verb,"to lie, to calumniate",,,,,,,,,,,,,,,,,,,,
1263,fofat,verb,to strike someone,,,,,,,,,,,,,,,,,,,,
1264,fofoki,noun,"eggplant,",,,,,,,,,,,,,Solanum melongena,,,plant,,,,"fofoki ndule \df kind of food consisting of roasted and peeled eggplant, cubed and mixed with coconut cream, ground peanuts and herbs, fofoki tangkoring \df kind of eggplant, the African eggplant, \sn Solanum macrocarpon \sf  plant"
1265,fofoyakang,,,,,,,,,,,,,,,,,,,,foya,,
1266,fol,intransitive verb,full,,,,,,,,,,,,,,,casual,,,,,
1267,foloi,noun,"extra, excess",kumbuk foloina,I am asking for the excess.,itu foloina barisi,That's way too much extra.,,,,,,,,,,,,,,,,
1268,foloi,adverb,"extra, over and above what is required, in addition",Kau mubei doit de ia itu foloi.,You've given money to him over and above what is necessary.,,,,,,,,,,,,,,,,,pafoloi akang,
1269,foloi,verb,to give s.t. in excess,pasi muumbuk duriang tu tapafoloi akang hadiki,They asked that we please give an extra amount of durian.,,,,,,,,,,,,,,,,,,
1270,fonai,,,,,,,,,,,,,,,,,,,,,bafonai,
1271,fonai,intransitive verb,"to fish, esp. for tuna, with a nyjong fonai",,,,,,,,,,,,,,,,,,nyjong fonai,,
1272,fonderen,noun,foundation,,,,,,,,,,,,,,,,,,mesel,,
1273,for,,,,,,,,,,,,,,,,,,,,fur,,
1274,forfél,intransitive verb,"worried, unhappy",,,,,,,,,,,,,,,,,,,,
1275,forno,noun,"oven, esp. for baking bagea cakes",,,,,,,,,,,,,,,,culinary,,,,
1276,forong,noun,cookie-cutter,,,,,,,,,,,,,,,,utensil,,,,
1276,forong,noun,cookie-cutter,,,,,,,,,,,,,,,,culinary,,,,
1277,forsa,adverb,with great intensity or strength <intensely>,balampo forsa,to walk at high speed,,,,,,,,,,,,,,,,,,
1278,foti,verb,"to collect here and there, to rummage",,,,,,,,,,,,,,,,,,,foti-foti,
1279,foti,verb,to collect and forage intensively or in large numbers,dadi nampisiang ni pauli kita ka da: tafoti-foti,So tomorrow we can go inland and,,,,,,,,,,,,,,,,,bafoti-foti,
1280,foti,intransitive verb,"to engage in collecting or foraging <forage>, to pick (fruit) selectively",,,,,,,,,,,,,,,,,,,,
1281,foya,verb,"to lie to someone, to deceive someone",,,,,,,,,,,,,,,,,,,fofoya:kang,
1282,foya,verb,to deceive someone at someone's request,,,,,,,,,,,,,,,,,,,bafoya,
1283,foya,intransitive verb,to engage in prevarication,,,,,,,,,,,,,,,,,,,foya-foya,
1284,foya,intransitive verb,"deceptive, deceitful, false",,,,,,,,,,,,,,,,,,,,
1285,fuku-fuku,noun,"conch shell, esp. used as a trumpet, fam. Strombidae",,,,,,,,,,,,,,,archaic,,,,,
1286,fur,preposition,"for, to",pa wahit mubei kos ini ini fur aku,Mr Wahit gave this very T-shirt to me.,,,,,,,,,,,,,,,,,,
1287,fur,conjunction,"to, in order to",ma tuka nggaeka ini fur ma jual inycana de babang,He bought these bananas to sell,,,,,,,,,,,,,,,,"bo:, para, untuk",,
1288,fur,noun,kind of cloth used for pockets and lining,,,,,,,,,,,,,,,,,,,,
1289,furu,,,,,,,,,,,,,,,,,,,,"furu/k, nonda furu",,
1290,furík,adverb,early,,,,,,,,,,,,,,,,,,,furík-furík,
1291,furík,adverb,very early,,,,,,,,,,,,,,,,,,,,
1292,futa,verb,"to twist s.t. (fiber) into rope, to deceive someone, to trick someone",ari ni barang ifuta kapé,Today maybe he'll deceive us or what.,,,,,,,,,,,,,,,Malay,,,
1293,fuya,noun,colored thin paper used for making kites and wrapping cakes,,,,,,,,,,,,,,,,,,,,
1294,ga,particle,"even, as well, just, anyway, though",Dang kusangka lao batu ga.,I thought it was a reef fish as well.,Muala ga de ini.,Just take it from here.,barisi mo ke tongo diki ada ga,"Not a large quantity but there is a small portion,",,,,,,,,,,,,,,
1295,ga aming,particle,already,Ala itu ga aming.,"Take that one, already",,,,,,,,,,,,a sentence final particle indicating finality or emphasis,,,,,,
1296,gaca,noun,"kind of fish, the hussar or sea-perch,",,,,,,,,,,,,,Lutjanus amabilis,,,fish,,,,
1297,gagal,intransitive verb,"to fail, to lose, to be unsuccessful",,,,,,,,,,,,,,,,,,,gagal akang,
1298,gagal,verb,to cause s.t. to fail,,,,,,,,,,,,,,,,,,,,
1299,gagang,noun,"the grip or handle of a utensil, the protrusion or curve of a utensil from which it is",,,,,,,,,,,,,,,,,,,,
1300,gagartáng,intransitive verb,"to feel compelled to touch, pinch or squeeze someone attractive (e.g. a well-groomed child,",,,,,,,,,,,,,,,,,,,,
1301,gagaráp,noun,"joke, practical joke",,,,,,,,,,,,,,,,,,,,
1302,gagawang,intransitive verb,startled,Aku gagawang lindur alengo.,I was startled by the tremor a few moments ago.,,,,,,,,,,,,,,,,,,"gagawang dang \df suddenly \il  Gagawang dang ia sotu.  Suddenly he apppeared in front of us. \il  ompu ruma mukoat mukoat gagawang dang kofo itu binasa tala  The rats gnaw and gnaw and, before you know it, the net is completely ruined., gagawang udara \ps  n \df air-raid \af  gagawangi \ps  v \df to startle someone \af  gagawang akang \ps  v \df to startle someone at someone else's request"
1303,gagilamu,noun,"kind of tree, similar to [Gnetum  , used for medicine and powders",,,,,,,,,,,,,,,,plant,,,,
1304,gagu,intransitive verb,to stutter,,,,,,,,,,,,,,,,,,,,
1305,gaguar,transitive verb,to awaken someone by shaking violently and shouting,,,,,,,,,,,,,,,,,,,gaguar akang,
1306,gaguar,verb,to awaken someone at someone's request,,,,,,,,,,,,,,,,,,gurak,,
1307,gaja,noun,"elephant, fam. Elephantidae, a term used in plant nomenclature to indicate large size",popare gaja,kind of bitter gourd,,,,,,,,,,,,,,,,,,
1308,gaji,noun,animal fat,,,,,,,,,,,,,,,,,,,bagaji,
1309,gaji,intransitive verb,to be dirty,,,,,,,,,,,,,,,,,,,,
1310,gaji,noun,salary,,,,,,,,,,,,,,,,,,,,
1311,gaki,noun,"a chunk, esp. a lengthwise quarter of stems, trunks or beams",,,,,,,,,,,,,,,,,,,gaki:,
1312,gaki,verb,"to cut s.t. (esp. wood) lengthwise into four portions, to quarter s.t.",,,,,,,,,,,,,,,,,,,gaki akang,
1313,gaki,verb,to quarter s.t. at another's request,,,,,,,,,,,,,,,,,,,nagaki,
1314,gaki,intransitive verb,"to be cut in lengthwise quarters, to be quartered",,,,,,,,,,,,,,,,,,,hagaki,
1315,gaki,noun,"a quarter portion cut lengthwise, esp. of large fish",,,,,,,,,,,,,,,,,,,,
1316,gala,noun,"kind of flat drum or tambourine, kind of music played with such an instrument",,,,,,,,,,,,,,,,,,,bagala,
1317,gala,intransitive verb,to play such an instrument,,,,,,,,,,,,,,,,,,bota-bota gala ke mo,,
1318,galala monge,,,,,,,,,,,,,,,,,,,,nggaeka,,
1319,galampa,noun,"an open gallery which extends from the house over the river, porch",,,,,,,,,,,,,,,,house,,,,
1320,galampeang,intransitive verb,"smoked (in a grill), esp. of fish",,,,,,,,,,,,,,,,,,,,
1321,galampeang,noun,smoked fish,,,,,,,,,,,,,,,,culinary,,,,
1322,galang-galang,noun,intestinal worms,,,,,,,,,,,,,,,,,,ngalang-galang,,
1323,galasak,noun,rack of plaited bamboo to sun and salt fish,,,,,,,,,,,,,,,,,,,,galasak manyompo \df a plaited rack on which offerings for spirits are placed <altar> \crm  anycak \sf  utensil \sf  spiritual
1324,gale-gale,noun,intestine,,,,,,,,,,,,,,,,body,,dodomi sagale-gale,sagale gale,
1325,galema,noun,"kind of ray, order Hypotremata",,,,,,,,,,,,,,,,,,,,
1326,ganggu,verb,to annoy or tease someone,,,,,,,,,,,,,,,,,,,baganggu,
1327,ganggu,intransitive verb,to engage in annoying behavior,,,,,,,,,,,,,,,,,,,,
1328,ganyco,noun,gaff,,,,,,,,,,,,,,,,tool,,,,
1328,ganyco,noun,gaff,,,,,,,,,,,,,,,,fishing,,,,
1329,garagaji,,,,,,,,,,,,,,,,,,,,gargaji,,
1330,garak,,,,,,,,,,,,,,,,,,,,bagarak,,
1331,gareja,noun,church,,,,,,,,,,,,,,,,,,,,
1332,gargaji,noun,saw,,,,,,,,,,,,,,,,tool,,,,
1333,gargaji,verb,to saw s.t.,,,,,,,,,,,,,,,,,,,,
1334,gari-garis,,,,,,,,,,,,,,,,,,,,garis-garis,,
1335,garis-garis,noun,matches,,,,,,,,,,,,,,,,,,,,
1336,garnát,,,,,,,,,,,,,,,,,,,,grana/t,,
1337,garo,,,,,,,,,,,,,,,,,,,,garu,,
1338,garpu,noun,"fork, rake, harrow, pitchfork",,,,,,,,,,,,,,,,utensil,,,,
1338,garpu,noun,"fork, rake, harrow, pitchfork",,,,,,,,,,,,,,,,tool,,,,
1339,garu,verb,"to scratch, to stir (sago porridge, etc.)",,,,,,,,,,,,,,,,,,,,garu rica \df kind of culinary preparation in which fish is cooked in a sauce of chile peppers \crm  lampa/ng garu \af  bagagaru \ps  vi \df to scratch and peck (of fowl) \af  garu-garu \ps  n \df rake \sf  tool
1340,garubung,noun,shield,,,,,,,,,,,,,,,,,,,,
1341,garák,intransitive verb,"to experience a sudden surge of desire, to feel an emotion of desire or lust for",bini-bini haiku ni nyawaku garák ke mo,How could I not have feelings of desire for,,,,,,,,,,,,,,,,,,
1342,gasi,noun,salt,,,,,,,,,,,,,,,,,,,bagasi,
1343,gasi,intransitive verb,to be salted,,,,,,,,,,,,,,,,food,,,,
1344,gasili,noun,"kind of fish, the Pike conger, <eel>,",,,,,,,,,,,,,Muraenesox cinereus,,,fish,,,,
1345,gaspár,intransitive verb,to be prone to break whatever is handled <accident-prone>,,,,,,,,,,,,,,,,,,,,
1346,gata,noun,"blood, sap",,,,,,,,,,,,,,,,body,,,bagata,
1347,gata,intransitive verb,"bloody, exuding blood or sap",,,,,,,,,,,,,,,,,,,,
1348,gatal,intransitive verb,to itch,,,,,,,,,,,,,,,,,,daung gatal ambon,bagatal,
1349,gatal,intransitive verb,to experience itchiness,,,,,,,,,,,,,,,,,,,,
1350,gau,noun,a paper cigarette wrapper,,,,,,,,,,,,,,,,,,,,
1351,gayang,noun,"kind of tree bearing edible fruit, the Otaheite chestnut,",,,,,,,,,,,,,Inocarpus edulis,,,plant,,,,
1352,gayang,noun,"protruding rump of certain primates, esp. the endemic macaque of Bacan",,,,,,,,,,,,,,,,,,,,
1353,gawar,verb,"to move s.t. from side to side, to oscillate s.t., to shake s.t.",Kugawar tiang itu.,I wiggled the stake from side to side.,,,,,,,,,,,,,,,,,gawari,
1354,gawar,verb,to cause s.t. to move from side to side repeatedly,Mugawari tangamu.,Wave your hand from side to side.,,,,,,,,,,,,,,,,,gawar akang,
1355,gawar,verb,to cause s.t. to move back and forth at someone's request,Mugawar akang bue-bue.,Rock the cradle.,,,,,,,,,,,,,,,,,bagawar,
1356,gawar,intransitive verb,"to move from side to side, to move and sway rhythmically (as in a dance), to rustle (of leaves), to oscillate (of sound waves), to vibrate",,,,,,,,,,,,,,,,,,,pagawar akang,
1357,gawar,verb,to shake s.t. vigorously to achieve s.t. (e.g. to shake a tree to make fruit fall),,,,,,,,,,,,,,,,,,,nagawar,
1358,gawar,intransitive verb,"to be shaken, to unexplainedly shudder and shake",,,,,,,,,,,,,,,,,,,,
1359,gawat,,,,,,,,,,,,,,,,,,,,nawang gawat,,
1360,gegerang,intransitive verb,"to suffer hysteria, to shout and express great emotion because of a sudden wound or",,,,,,,,,,,,,,,,,,,,
1361,gele,intransitive verb,"to feel ticklish, to feel nauseous and unable to consume any more, e.g. because of drinking or eating",,,,,,,,,,,,,,,,,,,,
1362,gele,verb,to tickle someone,,,,,,,,,,,,,,,,,,,gele akang,
1363,gele,verb,to tickle someone at someone's request,,,,,,,,,,,,,,,,,,nyawa gele,,
1364,gero,noun,"thatch added to increase the capacity of a boat, a temporary strake",,,,,,,,,,,,,,,,boat,,,,
1365,gerot,verb,"to gnaw s.t. (of rats), to chew or gnaw s.t. (e.g. very hard sago bread)",ompu ruma mugerot capatuku po narebus-rebus,A rat gnawed at my shoes,now,,,,,,,,,,,,,,,,bagerot,
1366,gerot,intransitive verb,to engage in gnawing,,,,,,,,,,,,,,,,,,,bagerot-gerot,
1367,gerot,intransitive verb,to intensively or repeatedly gnaw,ari malang ompu ruma bagerot-gerot de lonteng,Last night the rats were gnawing,,,,,,,,,,,,,,,,,nagerot,
1368,gerot,intransitive verb,"to be shredded, torn or damaged by gnawing",,,,,,,,,,,,,,,,,,,nagerot-gerot,
1369,gerot,intransitive verb,to be severely damaged by gnawing or tearing (as if by gnawing),,,,,,,,,,,,,,,,,,,,
1370,geti,,,,,,,,,,,,,,,,,,,,pinang geti,,
1371,gigi,noun,tooth,,,,,,,,,,,,,,,,body,,,,"gigi fentol \df buck teeth <tooth> \sf  body, gigi karanga \df stump of a broken off tooth, gigi jat \df diseased or rotten teeth, gigi nogi \df toothless, missing several teeth \sf  health, gigi mangongot \df toothache \sf  health \af  bagigi \ps  vi \df to be toothed or fanged, to have teeth"
1372,giginogi,noun,"kind of fish, the beaked leatherjacket,",,,,,,,,,,,,,Oxymonacanthus longirostris,,,fish,,,,
1373,gigit,verb,to bite s.t.,,,,,,,,,,,,,,,,,,porut magigit,gigiti,
1374,gigit,verb,to bite s.t. for someone,,,,,,,,,,,,,,,,,,,gigit akang,
1375,gigit,verb,to bite s.t. at someone's request,,,,,,,,,,,,,,,,,,,bagigitang,
1376,gigit,intransitive verb,to bite e.o.,,,,,,,,,,,,,,,,,,,bagibagigitang,
1377,gigit,intransitive verb,to bite e.o. (of several people),,,,,,,,,,,,,,,,,,,,
1378,gila,intransitive verb,to be crazy,,,,,,,,,,,,,,,,,,urumbo/,bagila,
1379,gila,intransitive verb,"to behave obsessively, e.g. sexual attraction, gambling obsession",bagila longgar,to drink obsessively,,,,,,,,,,,,,,,,,bagila-gila,
1380,gila,intransitive verb,"to undertake some impossible or inappropriate task, to behave in a ridiculous manner","cece bagila-gila, paotang",Don't act crazy,it's just too heavy (to lift by o.s.),,,,,,,,,,,,,,,,,
1381,ginogi,,,,,,,,,,,,,,,,,,,,giginogi,,
1382,giop,noun,kind of net used for deep-sea fishing,,,,,,,,,,,,,,,,,,,bagiop,
1383,giop,intransitive verb,to fish with such a net,,,,,,,,,,,,,,,,,,op,,
1384,giwang,noun,ear-studs,,,,,,,,,,,,,,,,,,nganting-nganting,,
1385,glas,noun,drinking glass,,,,,,,,,,,,,,,,utensil,,,,
1386,godios,noun,"kind of medicinal rhizome similar to ginger, perhaps",,,,,,,,,,,,,Alpinia malaccensis,,,plant,,,,
1387,gofosonyinga,noun,"kind of plant, possibly the floss-flower,",,,,,,,,,,,,,Ageratum conyzoides,,,plant,,,,
1388,gogodo,noun,kind of fritter made with bits of banana in a flour batter,,,,,,,,,,,,,,,,food,,,,
1389,gogolobo,noun,"kind of fish, a halfbeak, similar to the three-by-two garfish,",,,,,,,,,,,,,Hemiramphus robustus,,,fish,,,,
1390,gogololo,noun,"bolster, Dutch wife <pillow>",,,,,,,,,,,,,,,,,,,,
1391,goha,noun,cave,,,,,,,,,,,,,,,,geography,,,,
1392,gole,,,,,,,,,,,,,,,,,,,,wowo,,
1393,golumpung,ideophone,"sound of an explosion, boom",tala tadanga golumpung,We heard explosions.,,,,,,,,,,,,,,,,,bagolumpung,
1394,golumpung,intransitive verb,"to make an exploding sound, to melt and collapse (due to extreme heat)",itu tatagang bagolumpung,That is the coral melting (in the heat of the fire).,,,,,,,,,,,,,,,,,,
1395,golumpíng,noun,cassava flour,,,,,,,,,,,,,,,,food,,,,
1396,gomo,noun,"kind of breadnut, useful for its edible seeds,",,,,,,,,,,,,,Artocarpus altilis <breadfruit>,,,plant,,bakar,,
1397,gomutu paha,,,,,,,,,,,,,,,,,,,Malay,,,
1398,gomutu paha,noun,kind of twine from arenga palm fiber,,,,,,,,,,,,,,,,,,kao/ng,,
1399,goni,noun,"burlap, jute cloth",,,,,,,,,,,,,,,,,,,,
1400,gong,noun,gong,,,,,,,,,,,,,,,,,,,,
1401,gora,,,,,,,,,,,,,,,,,,,,"duriang gora, lao gora",,
1402,goreng,,,,,,,,,,,,,,,,,,,,pisang goreng,,
1403,goriadi,noun,"kind of tree bearing edible fruit, the Malay apple",,,,,,,,,,,,,Eugenia malaccensis,,,plant,,,,
1404,goring,,,,,,,,,,,,,,,,,,,,pisang goreng,,
1405,goro,noun,strips of rubber,,,,,,,,,,,,,,,,,,,,goro gala/ng \df rubber band \df elastic (sewn into clothes)
1406,goro,,,,,,,,,,,,,,,,,,,,,bagoro,
1407,goro,intransitive verb,"to be slimy, to exude a sticky substance (of certain kind of coral)",,,,,,,,,,,,,,,,,,,,
1408,gosale,noun,kind of tree,,,,,,,,,,,,,,,,plant,,,,
1409,gosehe,noun,kind of tree,,,,,,,,,,,,,,,,plant,,,,
1410,goso,,,,,,,,,,,,,,,,,,,Malay,,,
1411,goso,transitive verb,"to rub, esp. with a tool",,,,,,,,,,,,,,,,,,rondas,,
1412,goyaba,noun,"kind of tree, the guava,",,,,,,,,,,,,,Psidium guajava,,,plant,,,,
1413,granát,noun,grenade,,,,,,,,,,,,,,,,,,,,
1414,gudanga,noun,"kind of vegetable dish, featuring dry coconut flakes and boiled vegetables and herbs",,,,,,,,,,,,,,,,,,,,
1415,guer,transitive verb,to remove s.t. (o.'s shirt or trousers) <undress>,,,,,,,,,,,,,,,,,,,gueri,
1416,guer,verb,to take off s.t. (someone's article of clothing),,,,,,,,,,,,,,,,,,,guer akang,
1417,guer,transitive verb,to take off someone's shirt (etc.) at another's request,,,,,,,,,,,,,,,,,,,baguerang,
1418,guer,intransitive verb,to undress e.o.,,,,,,,,,,,,,,,,,,,baguer-guerang,
1419,guer,intransitive verb,to assist e.o. in undressing (of large numbers),,,,,,,,,,,,,,,,,,sasa guer,,
1420,gugí,,,,,,,,,,,,,,,,,,,,jou,,
1421,gula,noun,sugar,,,,,,,,,,,,,,,,food,,,,gula sela \df palm sugar \sf  food
1422,gule-gule,noun,porridge (of plain rice and water),,,,,,,,,,,,,,,,,,,,gule-gule amporing \df split pea porridge \sf  food
1423,gumi,noun,"earth, world",,,,,,,,,,,,,,,,,,tola gumi,,
1424,guna,noun,"use, purpose",itu guna apé kau muasapi buáng itu,What is the purpose of your smoking those,,,,,,,,,,,,,,,,,baguna,
1425,guna,intransitive verb,"to make, do or build",Baguna ape:?,What are you doing?,jadi kamí basaláng maksut yogo baguna ruma itu majanga pabua kalero,"So you, if your intention is to build a house, then it's a good idea to construct a banked fire (to produce calcium oxide).",,,,,,,,,,,,,,,paguna:ng,
1426,guna,noun,"job, profession",tampa paguna:ng,place of work,,,,,,,,,,,,,,,,,bapaguna:ng,
1427,guna,intransitive verb,to work,Aku bapaguna:ng bakaya indaya.,I'm working processing sago pith over there.,,,,,,,,,,,,,,,,,,
1428,guna-guna,noun,"magical spells, esp. those used to obtain sexual advantage, love charms",tala imakang guna-gunana ia,He has been affected (has internalized) by her spells (and,,,,,,,,,,,,,,,Malay,doti,,
1429,gunting,noun,scissors,,,,,,,,,,,,,,,,tool,,balang gunting,,
1430,gunting,verb,to cut s.t. with scissors,,,,,,,,,,,,,,,,,,,guntingi,
1431,gunting,verb,to cut s.t. for someone with a scissors,guntingi buoku hadiki,Please cut my hair,,,,,,,,,,,,,,,,,guntingi akang,
1432,gunting,verb,to cut s.t. with a scissors at someone's request,guntingi akang adiku buoka,Cut my little sister's hair.,,,,,,,,,,,,,,,,,bagunting,
1433,gunting,intransitive verb,"to have had a haricut, to regularly give haircuts, to barber",,,,,,,,,,,,,,,,,,,,
1434,guntur,noun,thunder,,,,,,,,,,,,,,,,natural phenomenon,,,,"guntu gigina \df kind of dark black stone, associated with thunder \af  baguntur \ps  vi \df to thunder"
1435,gurak,transitive verb,to awaken someone by calling and touching,,,,,,,,,,,,,,,,,,,guraki,
1436,gurak,verb,to awaken someone for s.o,,,,,,,,,,,,,,,,,,,bagurakang,
1437,gurak,intransitive verb,to engage in awakening others,,,,,,,,,,,,,,,,,,,bagubagurakang,
1438,gurak,intransitive verb,"to awaken e.o., esp. of large numbers of people, usually in consecutive order","nampisiang ni kapala puasa, bagubagurakang",Tomorrow is the first day of the fasting,,,,,,,,,,,,,,,,gaguwar,,
1439,guru,noun,"teacher, Quranic instructor",,,,,,,,,,,,,,,,,,"engku, ompu guru",baguru,
1440,guru,intransitive verb,"to have a teacher, to study with a teacher",ia baguru de aku basilap,He is learning from me [how] to perform martial arts.,,,,,,,,,,,,,,,,,,
1441,gurui,intransitive verb,"fertile, esp. of plants",,,,,,,,,,,,,,,,,,,,
1442,ha:,exclamation,"hey, exclamation used to startle someone",,,,,,,,,,,,,,,,,,,,
1443,ha-,numeral,one,hapanggal,a chunk,,,,,,,,,,,,,,,,sa-,,
1444,habua,numeral,one,mena japang pabua surat habua sopang de ini ka bawa,Then the Japanese put together,habua sabayá,How much for one?,,,,,,,,,,,,,,,,
1445,habua,pronoun,something,"kutanyai, kau habua puang",I'll ask you something first.,,,,,,,,,,,,,,,,sabua,,
1446,habár,noun,"news, information",kudanga habár kamí yogo pabua ruma e,I heard the news that you are planning to,,,,,,,,,,,,,,,,,habár akang,
1447,habár,verb,"to spread information, to pass on news",,,,,,,,,,,,,,,,,,,bahabár,
1448,habár,intransitive verb,to engage in passing on information,,,,,,,,,,,,,,,,,,,,
1449,hadiki,pronoun,"a little, some",itu muli barenti ka mai aku mamakang hadiki,"So it was that after I'd returned, I came",,,,,,,,,,,,,,,,sadiki,,
1450,hadiki,particle,"please, a particle to soften a command or query, okay?, if I may",rangkut akang kayu tibasa ka mai hadiki,"Bring over some firewood, would you?",aku yogo kutanyai kau habua hadiki,"I'd like to ask you something, if I may.",,,,,,,,,,,,,,,,"hadiki dang \df a little more \df in a short period of time (but not immediately), soon"
1451,haga,intransitive verb,to stare vacantly at s.t.,,,,,,,,,,,,,,,,,,iyu haga,bahaga-haga,
1452,haga,intransitive verb,"to stare aimlessly for a long time, to be in a daze, to daydream",,,,,,,,,,,,,,,,,,,pahaga-haga,
1453,haga,verb,"to make a fool of someone, to trick someone",,,,,,,,,,,,,,,,,,,,
1454,hagaki,,,,,,,,,,,,,,,,,,,,gaki,,
1455,haiku,pronoun,"a certain person, a certain party, someone (perhaps known but not specified or",a itu ka sana haiku ini mubei aku doit,"Oh about that, well I went there and a certain",,,,,,,,,,,,an unspecified human referent,,,,,,
1456,haiku,particle,some (person),guru haiku,"some teacher, a certain teacher",,,,,,,,,,,,,,,,iku,,
1457,hairáng,intransitive verb,to be surprised,Kuhairáng kau ini iskola ke tala mo.,I'm surprised. You're not even in school any,,,,,,,,,,,,,,,,,,
1458,haiwán,noun,"any animate, nonhuman creature, i.e., animal, bird, insect, etc.",,,,,,,,,,,,,,,,,,,,"haiwan painggap \df any flying creature, incl. birds, bats, insects."
1459,hajat,noun,"menses, o.'s menstrual period",dapa hajat,have o.'s period,,,,,,,,,,,,,,,,balik,,
1460,haji,noun,o. who has made the hajj,,,,,,,,,,,,,,,,spiritual,,"udang haji, hariraya haji",,
1461,hakali,particle,once,,,,,,,,,,,,,,,,,,kali,,
1462,hakau,,,,,,,,,,,,,,,,,,,,kayu,,
1463,hakim,noun,judge,,,,,,,,,,,,,,,,,,,,"hakim sara \df Islamic judge, esp. as o. officiating at weddings"
1464,hakubit,pronoun,a little,,,,,,,,,,,,,,,,,,kubit,,
1465,hakuntil,pronoun,a little,,,,,,,,,,,,,,,,,,,,
1466,hal,noun,"issue, legal case",halingku,my affairs,,,,,,,,,,,,,,,,,,"halina urang \df someone else's business or affairs, hal jat \df a misdeed, a reprehensible situation \af  bahal jat \ps  vi \df to fornicate, to engage in sexual union outside of marriage"
1467,halaga:ng,noun,scraped coconut,,,,,,,,,,,,,,,,,,,,
1468,halam,,,,,,,,,,,,,,,,,,,,alam,,
1469,halang,,,,,,,,,,,,,,,,,,,,,halangi,
1470,halang,verb,to obstruct or block someone or s.t.,,,,,,,,,,,,,,,,,,alangang,,
1471,halangang,,,,,,,,,,,,,,,,,,,,alangang,,
1472,halál,intransitive verb,allowed by Islamic law,,,,,,,,,,,,,,,,,,,,
1473,halál,noun,"clearance, forgiveness from someone we have stolen from",,,,,,,,,,,,,,,,,,"hara/m, makru, umbuk hala/l",,
1474,halál bin halál,noun,an Islamic gathering during which participants can formally forgive each other's,,,,,,,,,,,,,,,,,,,,
1475,hambaka,noun,"regular activity, habitual endeavor",Andeket haiku ini hambakana dugana baumang-umang janda torus.,This kid's,,,,,,,,,,,,,,,,,,
1476,hamís',noun,Thursday,,,,,,,,,,,,,,,,,,,,
1477,hamís,noun,a man's personal name,,,,,,,,,,,,,,,,,,,,
1478,handuk,noun,towel,,,,,,,,,,,,,,,,,,,,
1479,hantang,verb,to strike or attack someone,,,,,,,,,,,,,,,,,,,,hantang tatawa-tatawa \df to break out in uproarious laughter \af  bahantangang \ps  vi \df to engage in a fight
1480,hangi,noun,"coaster, saucer",,,,,,,,,,,,,,,,,,,,
1481,hanya,particle,only,kayu kalero hanya tolu macang,For a banked fire (to produce calcium oxide) there are,,,,,,,,,,,,,,,,,hanya-hanya,
1482,hanya,particle,"merely, just",,,,,,,,,,,,,,,,,,,,
1483,hapadua,,,,,,,,,,,,,,,,,,,,sapadua,,
1484,hapanggal,,,,,,,,,,,,,,,,,,,,panggal,,
1485,hapiaka,pronoun,"the other side, the area across the river",,,,,,,,,,,,,,,,,,piak,,
1486,harap,verb,to hope for s.t.,Harap ampung de kami dangang.,We hope for forgiveness for ourselves.,,,,,,,,,,,,,,,,,harap akang,
1487,harap,verb,to expect s.t.,,,,,,,,,,,,,,,,,,,baharap,
1488,harap,intransitive verb,"to be expectant, to be hopeful, to be reliant",baharap lao mata-mata ni dadi moyo,Relying on fresh fish like this simply does not do.,,,,,,,,,,,,,,,,,,
1489,hari,,,,,,,,,,,,,,,,,,,,ari,,
1490,haria,,,,,,,,,,,,,,,,,,,Malay,,,
1491,haria,verb,"to slacken or loosen s.t. (of boat riggings, fish lines)",,,,,,,,,,,,,,,,,,ora,,
1492,hari-hari,adverb,every day,,,,,,,,,,,,,,,,,,ari,,
1493,hariraya,noun,Islamic holiday marking the end of fasting month,,,,,,,,,,,,,,,,spiritual,,sawa/l,,hariraya haji \df the Islamic holiday marking the pilgrims' sacrifice in Mecca \sf  spiritual \crm  ari
1494,harus,particle,must,,,,,,,,,,,,,,,,,,musi,,"harusa \df fittingly, obligatorily"
1495,harám,intransitive verb,forbidden by Islamic law,,,,,,,,,,,,,,,,,,,,
1496,harám,particle,"(not) a little, (not) the least bit, damned",harám habua ke kubei mo,Not even one damned piece will I give you!,,,,,,,,,,,,an intensifier used to emphasize a negative,colloquial,,,"hala/l, makru, anak hara/m jada",,
1497,hasa,intransitive verb,to sail close to shore,,,,,,,,,,,,,,,,sailing,,,,
1498,hasiat,noun,"function or characteristic use, esp. of herbs and medicines",,,,,,,,,,,,,,,,,,,,
1499,hasida,noun,kind of steamed cake with several spices,,,,,,,,,,,,,,,,,,,,
1500,hasil,noun,"product, yield",sakayu itu hasila sabayá,The yield of one tree is about how much?,,,,,,,,,,,,,,,,,hasil akang,
1501,hasil,verb,to produce or yield s.t.,tahasil akang apé yang musi taparlí,Let us produce s.t. which we necessarily require.,,,,,,,,,,,,,,,,,,
1502,hatanga,pronoun,half,,,,,,,,,,,,,,,,,,"mamananga, tanga malang, sapadua",,
1503,hatíp,noun,"mosque functionary who reads the sermon,",,,,,,,,,,,,,,,,,,,hunya,
1504,hatíp,verb,to groom someone,,,,,,,,,,,,,,,,,,,hunyai,
1505,hatíp,verb,"to groom someone, to assist someone in applying make-up",,,,,,,,,,,,,,,,,,,bahunya,
1506,hatíp,intransitive verb,"to primp, to apply make-up to o.s., to groom o.s.",,,,,,,,,,,,,,,,,,,,
1507,huríf,noun,"letter (of the alphabet), graph or written symbol",,,,,,,,,,,,,,,,,,,bahuríf,
1508,huríf,intransitive verb,to be characterized by or covered with certain letters,bahuríf arap,with Arabic letters,,,,,,,,,,,,,,,,,,
1509,husus,intransitive verb,"special, exclusive",,,,,,,,,,,,,,,,,,,,
1510,hutba,noun,sermon (in a mosque),,,,,,,,,,,,,,,,spiritual,,,,
1511,i-,affix,,lao di kas itu tala ipadumiki,Someone finished off the fish in the food cupboard.,,,,,,,,,,,,a verbal marker which indicates that the action was performed by an unknown or unspecified third person or persons,,,,,,
1512,i:,particle,"Is that so?, Correct?",tukaya rodak ini ke bahala/ng tabatak barisi i:,"The price will go down anyway if we bring in plenty, right?",ardani mutanya aku i: sarumanta haiku de mana ni,"Ardani asked me, right, where that friend of ours was.",,,,,,,,,,question marker,,,,,,
1513,ia,pronoun,"he, she, it, him, her, it",ia musi barusik ga maumang ongkosa,He will have to get moving too to seek (payment for) its expenses.,daulu musi tanang ia,We first have to plant it.,,,,,,,,,,third person singular,,,,"na, a",,
1514,iaitu,conjunction,namely that is,,,,,,,,,,,,,,,,,,,,
1515,ianta,locative,"above, in the direction of the cape, left when facing the sea in Amasing",imbawa jadi ianta babalik,The bottom (part) became the upper (part). It was inverted.,,,,,,,,,,,,,,,,,,ianta de ata \df from the direction of the cape \crm  in \crm  ata
1516,ias,,,,,,,,,,,,,,,,,,,,,ias akang,
1517,ias,transitive verb,to bend s.t. over,Ia muias akang saya sigodo natempik.,He bent the flower until it broke.,,,,,,,,,,,,,,,,,naias,
1518,ias,intransitive verb,"to be bent over, usually of plants",,,,,,,,,,,,,,,,,,,,
1519,iba,noun,"kind of bamboo, tribe Bambuseae",,,,,,,,,,,,,,,,plant,,,,iba nasijaha \df kind of bamboo \crm  aur \sf plant
1520,ibi,noun,coconut cream mixed with sugar or salt,,,,,,,,,,,,,,,,,,,,"ibi duriang \df a concoction of coconut cream with pieces of durian fruit, ibi gula \df a beverage of coconut cream and sugar \sf food \crm  seri"
1521,ibili/s,noun,"the devil, satan",,,,,,,,,,,,,,,,,,,,
1522,idap,intransitive verb,"to feel, to have a sensation or emotion",Kuidap mantak.,I feel sick.,Dangang muidap natarik nang ompu,"I feel interested in you, sir",,,,,,,,,,,,,,,idapi,
1523,idap,verb,"to taste s.t., to get a taste of s.t., to experience s.t.",Aku yogo kuidapi baha-baha.,I'd like to taste coconut sago bread.,Tala kuidapi tidu de bui.,I have experienced sleeping in a jail.,,,,,,,,,,,,,,kinyami,baidap,
1524,idap,intransitive verb,"to experience premonitions, to have a sense of what will happen",,,,,,,,,,,,,,,,,,,pangidapang,
1525,idap,noun,"the place of sensation, a particularly sensitive part of the body, for example the fingertips",,,,,,,,,,,,,,,,,,,bapaidapang,
1526,idap,intransitive verb,"to have certain premonitions, to be clairvoyant",,,,,,,,,,,,,,,,,,,,
1527,idung,noun,nose,,,,,,,,,,,,,,,,body,,,,"idung batanga \df nasal ridge, idung pokona \df the base of the nostrils, idung posuka \df nostril \sf body"
1528,ijo,intransitive verb,green,,,,,,,,,,,,,,,,,,,paijoi,
1529,ijo,verb,"to make s.t. green, to increase the greenness of s.t.",,,,,,,,,,,,,,,,color,,,,
1530,ijuk,noun,fiber of the arenga palm,,,,,,,,,,,,,,,,,,ono,,
1531,ikat,verb,to tie s.t.,,,,,,,,,,,,,,,,,,,,"ikat bulu-bulu sodut \df to tie a slip-knot, ikat mati \df to tie a fast, difficult knot, ikat poko \df to affix a hex sign to some fruit tree \af ikati \ps v \df to tie s.t. for someone \il ikati aku duriang dua biji itu hadiki  Please tie two durian up for me \af ikat akang \ps v \df to tie s.t. at someone's request \af baikat \ps vi \df to be engaged in tying, to tie as a task \af baikatang \ps vi \df to tie e.o. up \af paikatang \ps n \df fastening, esp. the rattan lashing attaching the struts to the outrigger pontoon \il paikatanga ia marosong  His fastening is quite strong"
1532,-iku,pronoun,my,sandaliku,my sandals,,,,,,,,,,,,first person singular genitive marker,,,,"-ku, -ngku",,
1533,iku,numeral classifier,head (of cattle),sapi tolu iku,three head of cattle,,,,,,,,,,,,"numerical classifier for animals and, casually, humans",,,,,,"haiku \df a, an \il  orang song haiku  an elder \il ular haiku a snake \crm  haiku \crm  ikur"
1534,ikur,noun,tail,,,,,,,,,,,,,,,,,,,baikur,
1535,ikur,intransitive verb,to possess a tail,,,,,,,,,,,,,,,,,,iku,,
1536,ilau,locative,"seaside, the direction of the sea",kamu: ka lau pabua ape/ ilau itu,All of you went towards the seaside. What did you do there?,,,,,,,,,,,,,,,,,,ilau de lau \df from the seaside direction \crm  lau
1537,ilik,noun,"kind of coral-reef fish with a painful sting in its fin spines, the gold-spotted spinefoot,",,,,,,,,,,,,,Siganus chrysospilos,,,fish,,,,
1538,ima/m,noun,"Islamic prayer-leader, imam",,,,,,,,,,,,,,,,,,ompu,,
1539,imba:,locative,"beneath, below, in the direction opposite of the cape, right when facing the sea in Amasing",balangma:ng ompu basisip bausi imba:,After a while the rats get in from below.,,,,,,,,,,,,,,,,,,imba: de ba: \df from the direction opposite of the cape \crm  bawa
1540,imbai,exclamation,Lo!  Here it is!,Imbai tabako.,Here's a cigarette.,lao satanga nyjong imbai,"Half a boat full of fish, there it was (for all to see)!",,,,,,,,,,,,,,,,imbai m: \df here he is
1541,imbawa,,,,,,,,,,,,,,,,,,,,"imba:, in",,
1542,impus,noun,infusion,,,,,,,,,,,,,,,,,,,,
1543,in,locative,at,,,,,,,,,,,,,,,,,,"de, ianta, indalang, inycana, imbawa",,
1544,-ina,pronoun,"his, her, its",sandalina,her sandals,bukina,his book,,,,,,,,,,third person singular genitive marker,,,,"-a, ia, -na",,
1545,ina,numeral classifier,,kayu da:ng ina tolu,three branches,mbong ina dua,two flowers,,,,,,,,,,"a numerical classifier, esp. of plants",,,,,,
1546,ina,noun,mother,inana,his mother,,,,,,,,,,,,,,kinship,,jari-jari inana,,
1547,inda:,locative,"landside, the direction away from the sea",po kuingat lapetak inda:,Then I remembered the swidden there (inland),,,,,,,,,,,,,,,,,,inda: de da: \df from the direction of the interior \crm  da: \crm  daya
1548,indalang,locative,inside,,,,,,,,,,,,,,,,,,in,,
1549,indaya,,,,,,,,,,,,,,,,,,,,inda:,,
1550,ini,pronoun,this,kami musi pabua ini,We have to do this.,,,,,,,,,,,,,,,,,,
1551,ini,particle,this,de abdu/l ini anang kayu ka,In this Abdul's [land] are there six trees?,anang ari ini kita  manabang,For these six days [I mentioned] we were chopping down trees.,,,,,,,,,,a deictic marking s.t. nearby or previously mentioned,,,,,,"ini ini \df precisely this, this very, ini ni \df precisely this \il maumang de udang ini ni seeking [money] in this very month, de ini \df here \crm  ni"
1552,insala,,,,,,,,,,,,,,,,,,,,insallah,,
1553,insallah,exclamation,God-willing,,,,,,,,,,,,,,,,,,,,
1554,-inta,pronoun,our,maksutinta,our intention,paguna:nginta,our jobs,,,,,,,,,,first person plural inclusive genitive marker,,,,"kita, -nta",,
1555,ingang,intransitive verb,"light, lightweight",,,,,,,,,,,,,,,,,,paingani,,
1556,ingar,noun,"disturbance, uproar",,,,,,,,,,,,,,,,,,,ingar akang,
1557,ingar,verb,"to make noise, to make a disturbance",,,,,,,,,,,,,,,,,,,baingar,
1558,ingar,intransitive verb,to be noisy,cece kamu/ baingar,Don't you make a lot of noise!,,,,,,,,,,,,,,,,,paingari,
1559,ingar,verb,"to make a ruckus about s.t., to raise the alarm about s.t., to make an issue of s.t.",tala babadiang ga ka bawa mo cece paingari,"Just go discreetly there, right, don't make a fuss about it.",,,,,,,,,,,,,,,,,,
1560,ingat,verb,to remember,,,,,,,,,,,,,,,,,,,ingati,
1561,ingat,verb,to remind someone,Kuingati kau aku kulonggar te mamis moyo.,I remind you that I don't drink sweet tea.,,,,,,,,,,,,,,,,,ingat akang,
1562,ingat,verb,"to bear s.t. in mind, to remember s.t.",Aku kuingat akang ia.,I remember him.,,,,,,,,,,,,,,,,,ingat-ingat,
1563,ingat,verb,"to continually recall, to remember frequently iltaingat-ingat paguna:nginta de masigit dalama We always remember our work inside the mosque.",,,,,,,,,,,,,,,,,,,inga-ingat,
1564,ingat,verb,to always keep s.t. in mind,cece kamu/ inga-ingat ce' puasa tala rapat ni,Don't you keep thinking: Hey! Fasting month is already close.,,,,,,,,,,,,,,,,,inga-ingati,
1565,ingat,verb,to repeatedly remind someone,manusia tua-tua tala muinga-ingati kita,Our elders reminded us again and again.,,,,,,,,,,,,,,,,,baingat,
1566,ingat,intransitive verb,"to bear in mind, to keep remembering",Sapi baingat medena torus ke ia barangkat.,Safi keeps thinking of his girlfriend although she's already gone.,,,,,,,,,,,,,,,,,ingatang,
1567,ingat,noun,"memory, thoughts, worries",Ingatangku de kau.,My thoughts are of you.,ingatangmu/ tala mo tala,Your worries are really over.,,,,,,,,,,,,,,,,
1568,ingat,exclamation,Remember!,,,,,,,,,,,,,,,,,,,,
1569,inggap,,,,,,,,,,,,,,,,,,,,,painggap,
1570,inggap,intransitive verb,to fly,,,,,,,,,,,,,,,,,,,painggapi,
1571,inggap,verb,to cause or allow s.t. to fly,painggapi burung tu ga aming balama:ng mati,It's high time to let that bird fly away,otherwise it will eventually die.,,,,,,,,,,,,,,,,painggap akang,
1572,inggap,verb,to cause or allow s.t. to fly at someone's request,,,,,,,,,,,,,,,,,,,painggap-inggap,
1573,inggap,intransitive verb,to fly in large numbers,,,,,,,,,,,,,,,,,,lao inggap,,
1574,ingka,,,,,,,,,,,,,,,,,,,,ka,,
1575,ingkanai,,,,,,,,,,,,,,,,,,,,kanai <kana,,
1576,ingur,noun,"nasal mucus,",,,,,,,,,,,,,,,,,,,baingur,
1577,ingur,intransitive verb,to have a runny nose,,,,,,,,,,,,,,,,health,,,,
1578,inycana,locative,there,inycana de masigit sia/-sia/ ga,Who all is there at the mosque?,,,,,,,,,,,,,,,,"in, sana",,
1579,inyjang,,,,,,,,,,,,,,,,,,,,,inyjangi,
1580,inyjang,verb,to drip (medicine) into s.t. (o.'s eye),,,,,,,,,,,,,,,,,,,bainyjang,
1581,inyjang,intransitive verb,to treat o.'s eye with medicinal drops,,,,,,,,,,,,,,,,,,,painyjang,
1582,inyjang,noun,eye-drops,,,,,,,,,,,,,,,,,,,,
1583,ipa,noun,"sister-in-law, brother-in-law",ipana,his sister-in-law,ipaku,my brother-in-law,,,,,,,,,,,,kinship,,,,
1584,ipar,,,,,,,,,,,,,,,,,,,,,baipar,
1585,ipar,intransitive verb,"to have as a brother-in-law or sister-in-law, to be in-laws with someone, to be e.o.'s brother-in-law or sister-in-law",aku baipar wahit,I have Wahit for a brother-in-law.,,,,,,,,,,,,,,,,ipa,,
1586,ipaya,noun,his or her sister-in-law or brother-in-law,ipaya,his sister-in-law,ipaya ia,his sister-in-law,,,,,,,,,,,,,,ipa,,
1587,ipil,noun,"kind of tree, the ironwood, perhaps",,,,,,,,,,,,,Eusideroxylon zwageri,,,plant,,kayu besi,,
1588,irang,intransitive verb,very black (of o.'s skin),,,,,,,,,,,,,,,,,,nggoa,,
1589,irup,verb,"to suck up, to sip up, to draw in gasps",Ia yogo ma irup te.,He wants to sip tea.,,,,,,,,,,,,,,,,,bairup,
1590,irup,intransitive verb,to smoke tobacco,,,,,,,,,,,,,,,,,,,,
1591,irus,noun,coconut shell ladle,,,,,,,,,,,,,,,,utensil,,,,
1592,isa-isa,noun,"kind of bamboo drying rack, kind of fence",,,,,,,,,,,,,,,archaic,,,,,
1593,isap,verb,to suck s.t.,,,,,,,,,,,,,,,,,,,isapi,
1594,isap,verb,to cause someone to suck,kuisapi andeket itu nang dopina,I helped the child suck on her pacifier.,,,,,,,,,,,,,,,,,isap akang,
1595,isap,verb,to cause someone to suck on s.t.,isap akang dop tu ka sana,Get (him) to suck on that pacifier over there.,,,,,,,,,,,,,,,,,baisap,
1596,isap,intransitive verb,to be engaged in sucking,,,,,,,,,,,,,,,,,,,baisap-isapang,
1597,isap,intransitive verb,to assist e.o. in sucking,,,,,,,,,,,,,,,,,,,isa-isap,
1598,isap,verb,to suck s.t. repeatedly,isa-isap susu,frequently suck (nipples of) the breast,,,,,,,,,,,,,,,,,,
1599,isi,noun,"contents, aril (of durian)",,,,,,,,,,,,,,,,,,ontok,baisi,
1600,isi,intransitive verb,"to have contents, to be characterized by certain contents",,,,,,,,,,,,,,,,,,,,
1601,iskaf,,,,,,,,,,,,,,,,,,,,skaf,,
1602,iskola,,,,,,,,,,,,,,,,,,,,skola,,
1603,iskop,noun,shovel,,,,,,,,,,,,,,,,tool,,,,
1604,iskop,verb,to shovel s.t.,,,,,,,,,,,,,,,,,,,,
1605,isla/m,noun,the Muslim religion,manusia isla/m,a Muslim,,,,,,,,,,,,,,,,,,
1606,isne/ng,,,,,,,,,,,,,,,,,,,,sane/n,,
1607,ispera,noun,"bamboo cannon treated with kerosene to make a booming noise, kind of cannon",,,,,,,,,,,,,,,,,,,,
1608,isprei,noun,"sheet, coverlet, bedspread",,,,,,,,,,,,,,,,,,,,
1609,istageng,noun,kind of sash worn by women around the waist,,,,,,,,,,,,,,,,clothing,,,,
1610,istenga,noun,half,,,,,,,,,,,,,,,,,,"sapadua, satenga",,
1611,isterek,exclamation,"great! good, terrific",,,,,,,,,,,,,,,,,,,,
1612,isterek,intransitive verb,"good, attractive",,,,,,,,,,,,,,,,,,,,
1613,isterek,adverb,"extremely, very",nang masak itu ia mamis isterek,"Ripened that way, they are really sweet.",,,,,,,,,,,,,slang,,,,,
1614,istia/r,verb,"to make preparations, to be prepared (for a fight, etc.), to ascertain s.t. (as a preliminary step)",istia/r cece mo haiwa/n duduk indalang batodu,Make sure no animal is inside taking shelter.,,,,,,,,,,,,,,,,,,
1615,istia/r,noun,"preparations, efforts",jadi itu memang istia/rmu memang kana,"Thus, it is certain, your efforts were right on target.",,,,,,,,,,,,,,,,,,
1616,istila,noun,"term, code-word",,,,,,,,,,,,,,,,,,ande-ande,,
1617,isti/r,noun,handle-bars of a bicycle,,,,,,,,,,,,,,,,,,,,
1618,istre/p,noun,stripe,,,,,,,,,,,,,,,,,,,baistre/p,
1619,istre/p,intransitive verb,striped,,,,,,,,,,,,,,,,,,,,
1620,istro/p,noun,"syrup, colored sugar solution",,,,,,,,,,,,,,,,,,,,
1621,itu,pronoun,"that, it",po iminyjang mo e itu,"Besides that, they didn't even borrow that.",itu biasanya ambulung soang,That is usually the soang sago palm.,japang munyama:kang itu,The Japanese named it.,,,,,,,,,,,,,,
1622,itu,particle,"that, the",basala/ng kau sampe de sawang itu,If you arrive at that beach,muuasapi bua/ngimu itu,You smoke those langsat fruits of yours.,,,,,,,,,,a deictic marking s.t. not very distant or s.t. previously mentioned,,,,,,"itu itu \df precisely that, that very \il duriang itu itu those very durians, itu tu \df precisely that, that very \il waktu itu tu de mana pasi Right at that very moment where were they? \il lao itu tu that very fish, de itu \df there, yonder \crm  tu"
1623,iyu,noun,"kind of fish, shark, order Lamniformes",,,,,,,,,,,,,,,,sea creature,,,,"iyu baikur \df kind of shark with a remarkably long caudal fin, the zebra shark, \sn Stegostoma fasciatum \sf sea creature, iyu bintang \df kind of spotted shark \sf sea creature, iyu buta \df kind of small shark found on reef flats, the epaulette shark or blind shark, \sn Hemiscyllium ocellatum \sf sea creature, iyu campak \df kind of large shark with a head shaped like a canoe paddle, the hammerhead shark, \sn Sphyrna lewini \sf sea creature, iyu cuti \df kind of shark, the black-tip shark, \sn Clarcharhinus spallanzani \sf sea creature, iyu haga \df kind of small, pointed-nosed shark, the little blue shark, \sn Scoliodon palasorrah \sf sea creature, iyu paser \df kind of large and ferocious shark, the white shark, \sn Carcharodon carcharias \sf sea creature, iyu tanggiri \df kind of large shark with coloring similar to the Spanish mackerel, the tiger shark, \sn Galeocerdo cuvieri \sf sea creature \df various kind of of other fish, similar to or associated with sharks, iyu gargaji \df kind of fish, the sawfish, \sn Pristis zijsron \sf sea creature, iyu tumana \df kind of fish, the suckerfish, \sn Remora remora \sf fish \crm  lao"
1624,jada,,,,,,,,,,,,,,,,,,,,anak hara/m jada,,
1625,jadi,conjunction,"hence, therefore, so",jadi kamí batak lao mo,"So, you did not pull in any fish.",,,,,,,,,,,,,,,,,,
1626,jadi,intransitive verb,"to become, to be complete, to become realized, to eventualize, to work out",tala mujadi galip tu,It has become commonplace.,kira-kira didi: akang itu pauli saari itu torus pauli jadi,I suppose it's possible to build it,bahaláng jadi aku pauli kutuka,"If it works out, I can buy it.",,,,,,,,,,,,"dadi, manyjadi",,
1627,jaga,verb,to guard or tend s.t.,jaga duriang,guard durian trees in fruiting season,,,,,,,,,,,,,,,,"jaga buri, jaga saturu/:, panyjaga, panyjaga:ng",jagai,
1628,jaga,verb,"to watch out for someone, to be on the alert for s.t.",,,,,,,,,,,,,,,,,,,,
1629,jaga,particle,"frequently, usually, often",kamí jagai jual itu habua sabayá  tu,How much do you usually sell one of them for?,,,,,,,,,,,,,,,,,bajagai,
1630,jaga,intransitive verb,"to be waiting and watching over s.t. specified, to tend some crop",kami dua nang jafar bajagai duriang sodo badibo-dibo,"The two of us, me and Jaffar,",,,,,,,,,,,,,,,,,bajajaga:ng,
1631,jaga,verb,to be on watch for e.o.,,,,,,,,,,,,,,,,,,,,
1632,jaga buri,noun,"kind of insect, a planthopper",,,,,,,,,,,,,Pulastya discolorata,,,insect,,,,
1633,jaga saturu:,noun,"kind of shrub, candlestick cassia,",,,,,,,,,,,,,Cassia alata,,,plant,,"kupang kupang, saturu:",,
1634,jago,intransitive verb,"strong (of physical prowess), well-rounded, capable of many tasks",,,,,,,,,,,,,,,,,,,,
1635,jait,verb,to sew s.t.,,,,,,,,,,,,,,,,,,,jaiti,
1636,jait,verb,to sew s.t. for someone,,,,,,,,,,,,,,,,,,,jait akang,
1637,jait,verb,to sew s.t. on someone's behalf,Jait akang otap sabinti.,Sew a piece of thatch for me.,,,,,,,,,,,,,,,,,bajait,
1638,jait,intransitive verb,to be engaged in sewing,,,,,,,,,,,,,,,,,,,pajait akang,
1639,jait,verb,to join two things by sewing,,,,,,,,,,,,,,,,,,,,
1640,jajabei,verb,"to strike, to eat",,,,,,,,,,,,,,,coarse,,,,,
1641,jajabei,intransitive verb,"to undertake s.t. hurriedly, to do s.t. fast",Jajabei balumpat ka mai.,Run over there quickly.,,,,,,,,,,,,,,,,,,
1642,jajahan,noun,"colonial possession, colony",,,,,,,,,,,,,,,,,Indonesian,,,
1643,jajál,intransitive verb,"nasty, prone to bully others",,,,,,,,,,,,,,,,,,,,
1644,jaji,intransitive verb,to live,,,,,,,,,,,,,,,archaic,,,jadi,,
1645,jakát,noun,obligatory contributions made by Muslims on certain days,,,,,,,,,,,,,,,,,,,,"jakat mal \df a contribution in a will, a benefice, jakat pitara/ \df the annual tithe \df gift, souvenir \sc  Colloquial \il alima tala mudapa jakatina ia Halimah has received her presents."
1646,jalang,noun,"road, path, way, methods",jalang-jalang pabua ruma,the way to build a house,,,,,,,,,,,,,,,,,jalang-jalang,
1647,jalang,intransitive verb,"restless, seldom at home, prone to go out of the home and roam, wild",,,,,,,,,,,,,,,,,,,,
1648,jaling,noun,twine or lashing intertwined in s.t.,,,,,,,,,,,,,,,,,,,,
1649,jaling,verb,to intertwine s.t.,Ia mujaling ngguming capatuna ia.,He intertwined his shoe lacing.,,,,,,,,,,,,,,,,,jalingi,
1650,jaling,verb,"to twine s.t. for someone, to lace or braid s.t. for someone",mujalingi aku goro galáng,She braided some rubber bands for me,,,,,,,,,,,,,,,,,jaling akang,
1651,jaling,verb,to intertwine s.t. at someone's request,,,,,,,,,,,,,,,,,,,bajaling,
1652,jaling,intransitive verb,to be engaged in some lacing or braiding task,,,,,,,,,,,,,,,,,,,bajabajalingang,
1653,jaling,intransitive verb,to do braiding or lacing for e.o. (e.g. of two women who braid e.o.'s hair),,,,,,,,,,,,,,,,,,,pajaling akang,
1654,jaling,verb,to braid or intertwine s.t. in a very complex or intense way,,,,,,,,,,,,,,,,,,,,
1655,jam,noun,"clock, watch, hour, o'clock,",jamingku tala lengit,My watch has disappeared,tagala sapa jam,How many hours (long) is it?,jam sabayá,What time is it?,,,,,,,,,,,,palu,bajam-jam,
1656,jam,intransitive verb,to last for hours,itu tama sigodo bajam-jam,That was a case of entering (air raid shelters) for hours and,,,,,,,,,,,,,,,,,,
1657,jama,noun,"tomorrow, only in certain collocations",,,,,,,,,,,,,,,,,,,,"jama kalamari \df tomorrow night, jama lusa \df tomorrow or the next day \df some unspecified future time <later>"
1658,jaman,noun,era,,,,,,,,,,,,,,,,,,,,
1659,jamán,noun,facial features <face>,,,,,,,,,,,,,,,,,,,,"jama/n jat \df ugly, jama/n majang \df pretty"
1660,jambata,noun,outhouse built on posts over a riverbank,,,,,,,,,,,,,,,,,,,,
1661,jame-jame,,,,,,,,,,,,,,,,,,,,kasbi/ jame-jame,,
1662,janda,noun,"divorcee, widow",,,,,,,,,,,,,,,,society,,balo,,
1663,janela,noun,window,,,,,,,,,,,,,,,,house,,,,
1664,janto,,,,,,,,,,,,,,,,,,,,jantung,,
1665,jantung,noun,heart,jantumu,your heart,,,,,,,,,,,,,,body,,ati pusu,,
1666,jangkar,noun,"a small dry branch extending from the trunk of a tree, in some cases a waterspout",,,,,,,,,,,,,,,,,,pajangkar,,
1667,jao,,,,,,,,,,,,,,,,,,,,jau,,
1668,japang,noun,"Japan, Japanese",,,,,,,,,,,,,,,,,,,,
1669,jape-jape,,,,,,,,,,,,,,,,,,,,bajape-jape,,
1670,jarak,noun,distance,,,,,,,,,,,,,,,,,,,,
1671,jari-jari,noun,"finger, toe",,,,,,,,,,,,,,,,body,,,,"jari-jari cinycing \df ring finger \sf  body, jari-jari inana \df thumb \sf  body, jari-jari kalingking \df little finger \sf  body, jari-jari mamananga \df middle finger \sf  body, jari-jari manis \df ring finger \sf  body, jari-jari sahadat \df index finger \sf  body, jari-jari tenga \df middle finger \sf  body"
1672,jarung,noun,needle,jarung masín,a needle for a sewing machine,,,,,,,,,,,,,,,,,,
1673,jarung,,,,,,,,,,,,,,,,,,,,,bajarung,
1674,jarung,verb,"to sprout, esp. of grains, i.e. to reach a stage of growth in which a blade has formed",,,,,,,,,,,,,,,,,,tumbu,,
1675,jat,intransitive verb,"rotten (of fruits or teeth), to be in disrepair or inappropriate, wicked, bad",ia rodak jat,It falls already rotten.,gigi jat,rotten teeth and infected gums,napodas jat,to crumble in the wrong way,maksut jat,wicked intention,,,,,,,,,,hal jat,pajat akang,
1676,jat,verb,to calumniate or slander someone,,,,,,,,,,,,,,,,,,,,
1677,jau,intransitive verb,far,jau barikang itu,Is it far where you went fishing?,,,,,,,,,,,,,,,,,,jauna \df distance \il  jauna sapa mil The distance is how
1678,jeni-jeni,noun,water blister,,,,,,,,,,,,,,,,health,,,,
1679,jengkut,noun,"chin, beard of the chin, goatee",,,,,,,,,,,,,,,,body,,barba,,
1680,jerit,noun,"a grave with supernatural associations, a burial place treated as a shrine",,,,,,,,,,,,,,,,,,kubur,,
1681,jilat,verb,to lick,,,,,,,,,,,,,,,,,,panyjanyjilat,jilati,
1682,jilat,verb,to lick s.t. for someone (e.g. to test the flavor),,,,,,,,,,,,,,,,,,,jilati akang,
1683,jilat,verb,to lick s.t. at someone's request,,,,,,,,,,,,,,,,,,,bajilat,
1684,jilat,intransitive verb,to engage in licking for some time,,,,,,,,,,,,,,,,,,,bajibajilatang,
1685,jilat,intransitive verb,to lick s.t. belonging to e.o. (e.g. children licking e.o.'s ice cream cones),,,,,,,,,,,,,,,,,,,,
1686,jin,noun,"kind of invisible spirit, often associated with rivers",,,,,,,,,,,,,,,,,,,,jin balumbar \df rainbow \crm  balumbar \crm kimbat
1687,jinak,intransitive verb,to be very soundly asleep,,,,,,,,,,,,,,,,,,,jinak akang,
1688,jinak,verb,to put someone soundly asleep,,,,,,,,,,,,,,,,,,,bajinakang,
1689,jinak,intransitive verb,to be soundly asleep (of several persons),,,,,,,,,,,,,,,,,,,pajinaki,
1690,jinak,verb,to put someone soundly asleep with various methods,,,,,,,,,,,,,,,,,,,,
1691,jingkal,noun,handspan,sajingkal istenga,one and a half handspans,,,,,,,,,,,,,,,,,bajingkal,
1692,jingkal,intransitive verb,to measure by handspan,,,,,,,,,,,,,,,,,,,,
1693,jo,exclamation,yes,,,,,,,,,,,,,,,respectful,,,"lem, ole",,
1694,johar,noun,kind of tree,,,,,,,,,,,,,,,,plant,,,,
1695,jojaga,noun,"hut, simple shed in a field",jojagangku bolung dumik,My garden shed isn't finished yet.,,,,,,,,,,,,,,,,,,
1696,jojobo,noun,"cooking, cuisine, a (cooked) food, a dish",jojobomu ni nyamang,Your cooking is tasty,jojobo itu kurang gasi,This dish has too little salt.,,,,,,,,,,,,culinary,,,bajojobo,
1697,jojobo,intransitive verb,to cook,,,,,,,,,,,,,,,,culinary,,masak,,
1698,jomput,,,,,,,,,,,,,,,,,,,,,jomputi,
1699,jomput,verb,to pick s.t. up with the fingertips and extend it to someone  <pick up> <offer>,,,,,,,,,,,,,,,,,,,jomput akang,
1700,jomput,verb,to pick s.t. up with the fingertips for someone <pick up>,,,,,,,,,,,,,,,,,,,sajomput,
1701,jomput,noun,"a bit, the quantity held by the fingertips",,,,,,,,,,,,,,,,,,,,
1702,jomur,verb,to dry s.t. in the sun,jomur ia barang sapulu ari,Dry it for about ten days.,,,,,,,,,,,,,,,,,jomuri,
1703,jomur,verb,"to dry s.t. (specified), to dry s.t. for someone",,,,,,,,,,,,,,,,,,,jomur akang,
1704,jomur,verb,to dry s.t. at someone's request,,,,,,,,,,,,,,,,,,,bajomur,
1705,jomur,intransitive verb,to be engaged in drying clothes,,,,,,,,,,,,,,,,,,,panyjomurang,
1706,jomur,noun,"place for drying clothes, clothes line",,,,,,,,,,,,,,,,,,,,
1707,jopu-jopu,noun,"water sprayer made of a bamboo tube with a plunger, used to moisten dry and dusty",,,,,,,,,,,,,,,,,,,,
1708,joro,,,,,,,,,,,,,,,,,,,,limo,,
1709,jorong,,,,,,,,,,,,,,,,,,,,malimbing joronga,,
1710,jou,noun,"ruler in north Maluku, usually the sultan of Bacan unless otherwise specified",jou tarnate tala iba:,They'd already taken the sultan of Ternate away (to Australia).,,,,,,,,,,,,,,society,,,,"jou gugu \df sultan's representative, jou wakila \df sultan's representative \sf  society"
1711,ju,conjunction,"therefore, thus",Aku ngolu ju tidu.,I'm tired so I'm going to sleep.,,,,,,,,,,,,,,,,,,
1712,jual,verb,to sell s.t.,baku jual,sago bread made for sale,,,,,,,,,,,,,,,,,juali,
1713,jual,verb,"to sell someone s.t., to sell s.t.",Pasi mujuali aku lapetak.,They sold me a garden,,,,,,,,,,,,,,,,,jual akang,
1714,jual,verb,to sell s.t. at someone's request,,,,,,,,,,,,,,,,,,,bajual,
1715,jual,intransitive verb,"to sell (for a living), to trade in some commodity",kita parcuma máop bajual lao mata-mata ni,It is useless for us to go fishing and sell fresh fish.,,,,,,,,,,,,,,,,,panyjualang,
1716,jual,noun,"s.t. already purchased, purchases",,,,,,,,,,,,,,,,,,,jualang,
1717,jual,noun,"merchandise, o.'s trade items or wares",,,,,,,,,,,,,,,,,,,,
1718,juar,,,,,,,,,,,,,,,,,,,,pajajuar,,
1719,juba,noun,kind of long flowing robe favored by men who made the hajj and formerly worn by,,,,,,,,,,,,,,,,,,,,
1720,jubi,,,,,,,,,,,,,,,,,,,,katang,,
1721,judi,noun,gambling,,,,,,,,,,,,,,,,,,,bajudi,
1722,judi,intransitive verb,"to gamble, to wager",,,,,,,,,,,,,,,,,,,,
1723,juga,conjunction,also,supaya ia juga ma eti,so he too can know...,,,,,,,,,,,,,,,,,,
1724,julhija,noun,the twelfth month of the Islamic calendar,,,,,,,,,,,,,,,,,,udang haji,,
1725,juling,,,,,,,,,,,,,,,,,,,,mata juling,,
1726,julkaida,noun,the eleventh month of the Islamic calendar,,,,,,,,,,,,,,,,,,,,
1727,juluk,verb,to knock down (of fruit),ia mujuluk limo,He's knocking down limes,,,,,,,,,,,,,,,,,juluki,
1728,juluk,verb,to knock s.t. down for someone,,,,,,,,,,,,,,,,,,,juluk akang,
1729,juluk,verb,to knock s.t. down at someone's request,,,,,,,,,,,,,,,,,,,bajuluk,
1730,juluk,intransitive verb,to engage in collecting fruit by knocking it down,,,,,,,,,,,,,,,,,,,jajuluk,
1731,juluk,noun,kind of pole for knocking down fruit,,,,,,,,,,,,,,,,tool,,,,
1732,jumaat,noun,"Islamic congregation, the sufficient number of Muslim men needed to conduct Friday",,,,,,,,,,,,,,,,,,jemaah,,
1733,jumaat,,,,,,,,,,,,,,,,,,,,juma:t,,
1734,jumadil ahir,noun,the sixth month of the Islamic calendar,,,,,,,,,,,,,,,,,,,,
1735,jumadil awal,noun,the fifth month of the Islamic calendar,,,,,,,,,,,,,,,,,,,,
1736,juma:t,noun,Friday,,,,,,,,,,,,,,,,,,,,
1737,jumutufa,noun,"kind of water plant, the water hyacinth",,,,,,,,,,,,,Eichhornia crassipes,,,plant,,,,
1738,juragang,noun,"steersman, skipper of a boat, a term of address and reference",juragang suding,steersman Suding,,,,,,,,,,,,,,sailing,,,,
1739,jurame,,,,,,,,,,,,,,,,,,,Malay,,,
1740,jurame,noun,"the overgrown site of a former garden, scrub, overgrowth, secondary forest",,,,,,,,,,,,,,,,,,monde,,
1741,juru,noun,"someone skilled, specialist",,,,,,,,,,,,,,,,,,,,"juru basa \df language interpreter, juru tulis \df scribe, writer \crm hati/p juru tulis"
1742,juta,numeral,million,,,,,,,,,,,,,,,,,,,,
1743,ka-,affix,,kadua,second,,,,,,,,,,,,cardinal number marker,,,,,,
1744,ka ba:,particle,definitively,Makang ka ba:.,Eat it all up.,De ini ka ba: mo.,"Here, it's not at all like that.",torus tarabi itu tarabi ka ba:,"Then we burn it, we burn it thoroughly",,,,,,,,,,,,"ba:, bawa",,
1745,ka ba:,particle,"the next downward or, in a series, the following",caya ka ba:,the next day,,,,,,,,,,,,,,,,,,
1746,ka bawa,,,,,,,,,,,,,,,,,,,,"ka ba:, imba:",,
1747,ka mai,locative,"hither, towards the speaker",tama ka mai,Come on inside (Enter hither).,ba: ka mai api hadiki,Please bring a light over here to me.,,,,,,,,,,,,,,,,
1748,ka mai,particle,"approaching, imminent, impending",puasa ka mai,approaching month of Ramadan,,,,,,,,,,,,,,,,,,
1749,kabal,intransitive verb,invulnerable,,,,,,,,,,,,,,,,,,,pakabali,
1750,kabal,verb,to give someone invulnerability,tala kuumbuk de sousou inycana po ipakabali aku,I asked the shaman there to provide,,,,,,,,,,,,,,,,,,
1751,kabar,,,,,,,,,,,,,,,,,,,,haba/r,,
1752,kabaya,,,,,,,,,,,,,,,,,,,,pondo kabaya,,
1753,kabe,verb,"to seek someone's weakness in a martial arts contest, to probe someone for weakness",,,,,,,,,,,,,,,,,,,,
1754,kaberkatan,noun,"divine grace, God's blessing",,,,,,,,,,,,,,,,,,baraka/t,,
1755,kabi-kabi,noun,kind of plant,,,,,,,,,,,,,,,,plant,,,,
1756,kabila,noun,"kind of fish found in coral reef lagoons, the blue-spotted box-fish,",,,,,,,,,,,,,Ostracion tuberculatus,,,fish,,,,
1757,kabiri,intransitive verb,castrated (of animals),,,,,,,,,,,,,,,,,,kambing kabiri,,
1758,kabiri,verb,to castrate s.t.,Abdíl tala mukabiri kambinga,Abdul castrated his goat,,,,,,,,,,,,,,,,,kabiri akang,
1759,kabiri,verb,to castrate s.t. at someone's request,,,,,,,,,,,,,,,,,,,bakabiri,
1760,kabiri,intransitive verb,to geld as a task,,,,,,,,,,,,,,,,,,,,
1761,kabulurang,intransitive verb,to be feverish due to insufficient food,,,,,,,,,,,,,,,,health,,,,
1762,kabutulang,noun,coincidence,,,,,,,,,,,,,,,,,,,,
1763,kaca,noun,"glass, esp. window panes",,,,,,,,,,,,,,,,,,,,
1764,kacak,intransitive verb,"industrious, hard-working",,,,,,,,,,,,,,,,,,,,
1765,kacamatan,noun,"district, a modern Indonesian governmental unit",,,,,,,,,,,,,,,,,,,,
1766,kacang,noun,legume,,,,,,,,,,,,,,,,plant,,,,"kacang panyjang \df kind of legume, cowpea, yard-long bean, \sn Vigna unguiculata \sf  plant, kacang sabil \df kind of legume, lima bean, \sn Phaseolus lunatus \sf  plant, kacang babulu \df kind of legume, \sn Mucuna pruriens \sf  plant \crm  amporing \crm  biraro \crm  kadale"
1767,kacíl,,"vi, small",,,,,,,,,,,,,,,,,Malay,dikit,,
1768,kacili,noun,"prince, a title for a son of the sultan",,,,,,,,,,,,,,,,,,boki,,
1769,kacumbung,noun,"kind of medicinal plant,",,,,,,,,,,,,,Datura metel,,,plant,,,,
1770,kadatong,noun,"palace, esp. the residence of the Sultan of Bacan",,,,,,,,,,,,,,,,,,datuk,,
1771,kado:,noun,kind of marsupial,,,,,,,,,,,,,,,,animal,,,,"kado: painggap \df kind of arboreal animal, perhaps a marsupial, gray with a black stripe on the face; it is a favored ingredient in bottles of palm alcohol \df perhaps a kind of flying squirrel of flying opossums \sf  animal, kado: rumana \df an epiphytic growth in trees <epiphyte>, esp. bird's nest ferns, \sn Asplenium nidus \sf  plant"
1772,kaendar,,,,,,,,,,,,,,,,,,,,,kaendar akang,
1773,kaendar,verb,"to greet someone with great enthusiasm, to demonstrate o.'s happiness on someone (e.g. gleefully hug or laugh)",ikaendar akang pa wahit,He was so happy he hugged and joked with Mr. Wahid.,,,,,,,,,,,,,,,,,bakaendar akang,
1774,kaendar,intransitive verb,"to greet someone after a long separation, to have a reunion with someone",,,,,,,,,,,,,,,,,,,kakaendarang,
1775,kaendar,noun,"mirthfulness, extreme happiness",,,,,,,,,,,,,,,,,,,bakakaendarang,
1776,kaendar,intransitive verb,to be in a state of extreme happiness for some time,,,,,,,,,,,,,,,,,,endar,,
1777,kaendong,noun,"kind of terrestial snail, class Gastropoda",,,,,,,,,,,,,,,,,,,,
1778,kafefut,,,,,,,,,,,,,,,,,,,,bakafefut,,
1779,kailupa,noun,"kind of tree, the silk cotton or kapok tree,",,,,,,,,,,,,,Ceiba pentandra,,,plant,,,,
1780,kaing pintu,noun,drapery for the doorway,,,,,,,,,,,,,,,,,,,,
1781,kairi,locative,left (side),,,,,,,,,,,,,,,,,,,,
1782,kais,verb,to sweep s.t.,,,,,,,,,,,,,,,,,,,kaisi,
1783,kais,verb,to sweep s.t. for someone,,,,,,,,,,,,,,,,,,,kais akang,
1784,kais,verb,to sweep s.t. at someone's request,,,,,,,,,,,,,,,,,,,bakais,
1785,kais,intransitive verb,to be engaged in sweeping,,,,,,,,,,,,,,,,,,,kakais,
1786,kais,noun,broom,,,,,,,,,,,,,,,,utensil,,,,
1787,kajanga,exclamation,Pity!  It's too bad.,kajanga kau mantak pesa mo kubobar kau.,"It's too bad you're sick, otherwise I'd beat",kajanga poruku bayasa jat,More's the pity that I'm having stomach troubles.,,,,,,,,,,,,,,,,
1788,kaka,noun,"elder sibling, as term of address and reference and in sobriquets",ka wahit,Brother Wahit,,,,,,,,,,,,,,kinship,,"danycanak, ka",,
1789,kakalapa,noun,"kind of tree,",,,,,,,,,,,,,Xylocarpus moluccensis,,,plant,,,,
1790,kakalentik,noun,"kind of fish, sea trout, probably the footballer trout,",,,,,,,,,,,,,Plectropoma maculatum,,,fish,,,,
1791,kakanabe,noun,"kind of fish, a moray or eel, the black-blotched reef-eel,",,,,,,,,,,,,,Gymnothorax favagineus,,,fish,,,,
1792,kakapis,noun,"kind of mollusc, the golden lip oyster,",,,,,,,,,,,,,Pinctada maxima,,,,,,,
1793,kakapurung,noun,"jellyfish, class Scyphozoa",,,,,,,,,,,,,,,,sea creature,,kapurung,,
1794,kakar,,,,,,,,,,,,,,,,,,,,,kakar akang,
1795,kakar,verb,to cause s.t. to swell up (by absorbing water),,,,,,,,,,,,,,,,,,,bakakar,
1796,kakar,intransitive verb,"to engage in soaking, esp. sago bread to make cakes",,,,,,,,,,,,,,,,,,,nakakar,
1797,kakar,intransitive verb,swollen (from absorbing water),Torus baku nakakar.,Then the sago bread swelled up.,,,,,,,,,,,,,,,,,,
1798,kakarai,noun,magic used to bring rain,,,,,,,,,,,,,,,,,,,bakakarai,
1799,kakarai,intransitive verb,to practice rain-making,,,,,,,,,,,,,,,,,,,,
1800,kakarongang,noun,kind of melancholic song,,,,,,,,,,,,,,,,,,,bakakarongang,
1801,kakarongang,intransitive verb,to sing such songs,,,,,,,,,,,,,,,,,,togal,,
1802,kakat,intransitive verb,"thick (of sauces, etc.), viscous",,,,,,,,,,,,,,,,,,,pakakati,
1803,kakat,verb,to thicken s.t.,,,,,,,,,,,,,,,,,,,,
1804,kakatua,noun,various kind of parrots and cockatoos,,,,,,,,,,,,,Psittacidae,,,bird,,lao kakatua,,"kakatua ijo \df kind of blue and green parrot, fam. Psittacidae \sf  bird \crm  ubo, kakatua puti \df the sulphur-crested cockatoo, \sn Cacatua galerita \sf  bird \crm  laka-laka, kakatua sela \df kind of red parrot, fam. Psittacidae \sf  bird \crm  kaleha"
1805,kakedu,noun,"dent, depression",,,,,,,,,,,,,,,,,,,bakakedu,
1806,kakedu,intransitive verb,"dented, bent, warped",,,,,,,,,,,,,,,,,,,,
1807,kakepit,noun,"utensil for squeezing, tongs, pincers, etc., claws (of a crab)",,,,,,,,,,,,,,,,utensil,,kepit,,
1808,kakepit,noun,"kind of insect, earwig, order Dermaptera, possibly",,,,,,,,,,,,,Forficula,,,insect,,kepit,,
1809,kakoa,noun,"kind of plant similar to pandanus, kind of utensil made of kakoa used to transfer sago flour to the sago molds",,,,,,,,,,,,,,,,plant,,,,
1810,kakumis,,,,,,,,,,,,,,,,,,,,aur,,
1811,kalabasa,noun,"kind of tree, the calabash, container made of calabash fruit, utensil",,,,,,,,,,,,,,,,plant,,boano/,,
1812,kaladede,noun,"kind of fungus growing in overlapping clusters on logs and dead branches, possibly",,,,,,,,,,,,,Panellus stipticus,,,,,kulat,,
1813,kaladi,noun,"kind of edible aroid, taro,",,,,,,,,,,,,,Colocasia esculenta,,,plant,,,,kaladi kayuang \df various \af  kalóp akang \ps  vt \df to dent s.t. \af  nakalóp \ps  vi \df dented
1814,kalóp,,,,,,,,,,,,,,,,,,,,,kalóp akang,
1815,kalóp,verb,to dent s.t.,,,,,,,,,,,,,,,,,,,nakalóp,
1816,kalóp,intransitive verb,dented,,,,,,,,,,,,,,,,,,,,
1817,kalopak,noun,footholds notched into a (coconut) trunk,,,,,,,,,,,,,,,,,,,,
1818,kaluang,,,,,,,,,,,,,,,,,,,,,kaluangi,
1819,kaluang,verb,to fight someone,Kau mukaluangi ia.,You fought him.,,,,,,,,,,,,,,,,,bakaluang,
1820,kaluang,intransitive verb,to engage in fighting,,,,,,,,,,,,,,,,,,,,
1821,kaluarga,noun,"relatives, extended family",,,,,,,,,,,,,,,,kinship,,,,
1822,kamala ndingang,noun,"kind of shrub, perhaps",,,,,,,,,,,,,Sesbania,,,plant,,,,
1823,kamala nyjinga,,,,,,,,,,,,,,,,,,,,kamala nydinga,,
1824,kamalenga,noun,"kind of plant, yielding a large fruit used for a vegetable",,,,,,,,,,,,,,,,plant,,,,
1825,kamanakang,noun,"nephew, niece",,,,,,,,,,,,,,,,kinship,,anak,,
1826,kambang capatu,noun,"kind of flowering shrub,",,,,,,,,,,,,,Hibiscus,,,plant,,,,
1827,kambar,,,,,,,,,,,,,,,,,,,,,bakambar,
1828,kambar,intransitive verb,"to belong to a set of twins, to be twins",pasi dua sanak itu bakambar,Those two sisters are twins,,,,,,,,,,,,,,,,,pakambari,
1829,kambar,verb,to join together two things of similar size or shape,durian dua biji itu sama ra: kau mupakambari hadiki,Those two durians are the same size,you should tie them together.,,,,,,,,,,,,,,,,pakambar akang,
1830,kambar,verb,to join two like things at someone's request,,,,,,,,,,,,,,,,,,,,
1831,kambeti,noun,"rope fastened to both ankles to facilitate climbing areca palms, telephone poles, etc.",,,,,,,,,,,,,,,,,,,,
1832,kambing,noun,"goat,",,,,,,,,,,,,,Capra,,,,,,,"kambing banggala \df kind of large goat, kambing pote \df kind of goat with a pleasing bleat, kambing nilon \df a goat suffering from a kind of fatal disease, kambing kabiri \df a castrated goat"
1833,kambor,transitive verb,"to grasp s.t. with the talons (of a hawk, etc.), to claw s.t. or someone",,,,,,,,,,,,,,,,,,,kakambor,
1834,kambor,noun,talon,,,,,,,,,,,,,,,,,,,,
1835,kami,pronoun,"we, us",,,,,,,,,,,,,,"first person plural, exclusive",,,,"mami, kami dangang",,
1836,kami dangang,pronoun,"first person plural, exclusive, we, us",,,,,,,,,,,,,,,respectful,,,,,
1837,kamplang,noun,sago flour mixed with fish and made into crispy chips,,,,,,,,,,,,,,,,sago,,karupuk,,
1837,kamplang,noun,sago flour mixed with fish and made into crispy chips,,,,,,,,,,,,,,,,food,,karupuk,,
1838,kampong,noun,"village, hamlet",kamponta,our village,,,,,,,,,,,,,,,,lipu,,
1839,kampung,,,,,,,,,,,,,,,,,,,,kampong,,
1840,kamí,pronoun,"you, you all",,,,,,,,,,,,,,second person plural,,,,mu,,
1841,kamudi,noun,rudder,,,,,,,,,,,,,,,,boat,,,bakamudi,
1842,kamudi,intransitive verb,"to act as the helmsman, to steer the boat",,,,,,,,,,,,,,,,,,,,
1843,kamudiang,adverb,"last, latest",Kau kapo kamudiang.,You arrived last.,,,,,,,,,,,,,,,,,,
1844,kamudiang,,,,,,,,,,,,,,,,,,,Malay,,,
1845,kamudiang,conjunction,then,,,,,,,,,,,,,,,,,Malay,bubuena,,
1846,kamu-kamu,,,,,,,,,,,,,,,,,,,Malay,,,
1847,kamu-kamu,noun,"fog, mist",,,,,,,,,,,,,,,,natural phenomenon,Malay,maya/s,,
1848,kan,,,,,,,,,,,,,,,,,,,,kang,,
1849,kana,intransitive verb,"correct, appropriate, precise",istiarmu memang kana,Your efforts are absolutely appropriate.,,,,,,,,,,,,,,,,,kana-kana,
1850,kana,adverb,"truly, really",,,,,,,,,,,,,,,,,,,kanai,
1851,kana,verb,"to come up against, to be affected by s.t., to be on target",ingkanai seduna...,whoever has been affected by this joke...,bangkurungku kanai padas po babiji,My back got too much sun then broke out in a,,,,,,,,,,,,,,,,
1852,kaná,pronoun,why,kaná po pasi mubotaing pupuk itu,Why then did they apply the fertilizer?,,,,,,,,,,,,,,,,,,
1853,kanál,,,,,,,,,,,,,,,,,,,,takana/l,,
1854,kanang,locative,right (side),,,,,,,,,,,,,,,,,,,,
1855,kananga,noun,"kind of tree, the ylang-ylang,",,,,,,,,,,,,,Cananga odorata,,,plant,,,,
1856,kanapsá,noun,"kind of box or container, esp. for the areca nut implements",,,,,,,,,,,,,,,,,,,,
1857,kandang,noun,shed for livestock,bawi kandanga,pig sty,,,,,,,,,,,,,,,,,,
1858,kandi-kandi,noun,"a length of twine, etc. permanently cinched around the waist, into which trousers or",,,,,,,,,,,,,,,,clothing,,,,
1859,kani:,particle,"surely, certainly","basaláng ala de tanggal, kani: ahát tu","If it's based on the calendar date, surely it's",itu ia tagal biar tagal ke kani: rusak moyo,"As for that, if it's a long time, let it be a long",,,,,,,,,,,,,,,,
1860,kania,particle,perhaps,,,,,,,,,,,,,,,,,,,,
1861,kaniker,noun,marbles,,,,,,,,,,,,,,,,,,,,
1862,kanini,particle,"shortly, soon, in a moment",,,,,,,,,,,,,,,,,,,,
1863,kano-kano,noun,"kind of grass,",,,,,,,,,,,,,Ischaemum,,,plant,,,,
1864,kanóp,noun,"button, switch, knob (of a machine)",,,,,,,,,,,,,,,,,,,,
1865,kantal,,,,,,,,,,,,,,,,,,,,seri kantalina,,
1866,kantáng,noun,"potato,",,,,,,,,,,,,,Solanum tuberosum,,,plant,,,,
1867,kantór,noun,office,,,,,,,,,,,,,,,,,,,,kanto/r pos \df post office
1868,kang,particle,Isn't it so?  Right?,,,,,,,,,,,,,,question marker,,,,,,
1869,kangelang,intransitive verb,"tired, exhausted",tajagai tanamanta itu kangelang,"If we guard our crops, we'll be tired.",,,,,,,,,,,,,,,,,,
1870,kangkong,noun,"kind of vegetable, a flowering convulvus, swamp cabbage or ong choy,",,,,,,,,,,,,,Ipomoea,,,plant,,,,kangkong kurus \df a narrow-leaved variety of swamp cabbage \sf  plant
1871,ka,preposition,"to, towards",ka lau,seaward,,,,,,,,,,,,,,,,,,"ka ba: \df to Ternate, ka lau \df to Ambon \df approaching \il  ka kalamari  getting on towards afternoon \df in order to, with respect to"
1872,kanyang,intransitive verb,satiated,,,,,,,,,,,,,,,,,,,,
1873,kanycáng,intransitive verb,very fast,,,,,,,,,,,,,,,,,,,,
1874,kanycing,noun,"button, fitting (e.g. of two beams, etc.)",,,,,,,,,,,,,,,,,,ruma kanycing,,
1875,kanycing,verb,"to button s.t., to close up a fitting, to lash together",,,,,,,,,,,,,,,,,,,kanycingi,
1876,kanycing,verb,to button or interfit s.t. for someone,ia mukanycingi puda pondona barang ia kumatar sigodo talawár mo bangung,He,,,,,,,,,,,,,,,,,kanycing akang,
1877,kanycing,verb,to button up or fit together s.t. at someone's request,,,,,,,,,,,,,,,,,,,bakanycing,
1878,kanycing,intransitive verb,to engage in buttoning or fitting things,,,,,,,,,,,,,,,,,,,pakanycing akang,
1879,kanycing,verb,"to conclude the task of interfitting s.t., esp. house frames",,,,,,,,,,,,,,,,,,,nakanycing,
1880,kanycing,intransitive verb,"to be stuck or jammed, to sink into an epileptic fit, to fall into a trance",,,,,,,,,,,,,,,,health,,,,
1881,kanyjar,verb,to hold s.t. fast,,,,,,,,,,,,,,,casual,,,,,
1882,kanyji,noun,starch (for ironing),,,,,,,,,,,,,,,,,,,bakanyji,
1883,kanyji,intransitive verb,to make or apply starch,,,,,,,,,,,,,,,,,,,,
1884,ka,particle,"Is that so?, or",de abdul ini anang kayu ka,"At Abdul's there are six trees, right?",itu tala pauli tajual ka bolung,Can we already sell them or not?,lao itu de batu ka de pase,Is that fish (found) in the rocks or on the sandy bottom?,,,,,,,,"question marker, disjunctive marker",,,,,,...ka...ka \df either...or \il  mumakang pasi ka mumakang kau ka Either it devours them or it devours you.
1885,ka,noun,term of address for an elder sibling or someone older than the speaker,ka wahit,Brother Wahid,,,,,,,,,,,,,,kinship,,kaka,,
1886,kapa-kapas,noun,"kind of fish, a grunt or grunter, the small-spotted javelin-fish,",,,,,,,,,,,,,Pomadasys opercularis,,,fish,,,,"kapa-kapas paser \df kind of fish, a mojarra, the silverbelly or silver biddy, \sn Gerres ovatus \sf  fish"
1887,kapal,noun,ship,,,,,,,,,,,,,,,,boat,,,,kapal udara \ps  n \df airplane
1888,kapala,noun,head,,,,,,,,,,,,,,,,body,,,,"kapala batu \df stubborn \df the principle part or feature, kapala puasa \df the first day of Ramadan"
1889,kapala kampong,noun,village head <headman>,,,,,,,,,,,,,,,,society,,,,
1890,kapala madang,noun,"kind of fish, the dolphin-fish, or mahimahi,",,,,,,,,,,,,,Coryphaena hippurus,,,fish,,,,
1891,kapala togor,noun,"kind of fish, the banded trumpeter,",,,,,,,,,,,,,Eutherapon theraps,,,fish,,,,
1892,kapáng puji,intransitive verb,"to revel in adulation, to enjoy sycophancy",,,,,,,,,,,,,,,,,,,,
1893,kaparu,,,,,,,,,,,,,,,,,,,,"kasbi/ kaparu, paru",,
1894,kapayang,noun,"kind of tree bearing edible fruit, the papaya,",,,,,,,,,,,,,Carica papaya,,,plant,,,,"kapayang bulat \df kind of papaya bearing round fruit \sf  plant, kapayang digol \df kind of papaya bearing long fruit \sf  plant"
1895,kapé,particle,"or what, huh, then what",tala majang kapé,"That's ok, right?",,,,,,,,,,,,sentence final question marker to invite further discourse or agreement,,,,,,
1896,kapilár,noun,kind of ant,,,,,,,,,,,,,Pheidologiton,,,insect,,somut,,
1897,kapita laut,noun,naval commander,,,,,,,,,,,,,,,archaic,,,,,
1898,kapo,intransitive verb,"to arrive, to come",Kapo de mana?,Where have you come from?,,,,,,,,,,,,,,,,"kapot, kapota",,
1899,kapot,,,,,,,,,,,,,,,,,,,,,kapoti,
1900,kapot,verb,"to arrive at some place, to reach some object",kukapoti mo,I did not reach it,,,,,,,,,,,,,archaic,,,,kapot akang,
1901,kapot,verb,"to bring, to cause to arrive",Ia mukapot akang apaku ka mai.,He brought my things here.,,,,,,,,,,,,,,,,,kapotangi,
1902,kapot,verb,"to visit or go to someone or s.t., to arrive at (a place) for some purpose",Kukapotangi ia sapatang itu.,I went to him that night.,,,,,,,,,,,,,,,,,bakapotang,
1903,kapot,intransitive verb,"to meet, to come across someone",,,,,,,,,,,,,,,,,,,,
1904,kapota,particle,"next, in a series of measured temporal units",udang kapota,next month,,,,,,,,,,,,,,,,,,
1905,kapota,noun,"arriving, arrival (only in certain phrases)",de mana kapota,Where have you just come from? (From where is the arriving?),,,,,,,,,,,,,,,,,,
1906,kapur,noun,whitewash,,,,,,,,,,,,,,,,,,,,
1907,kapurung,noun,sago porridge,,,,,,,,,,,,,,,,sago,,kakapurung,,
1907,kapurung,noun,sago porridge,,,,,,,,,,,,,,,,food,,kakapurung,,
1908,kar,noun,playing cards,,,,,,,,,,,,,,,,game,,,,
1909,karabés,noun,"sideburns, whiskers",,,,,,,,,,,,,,,,body,,,,
1910,karambau,noun,"kind of tree bearing edible fruit with prickly leaves,",,,,,,,,,,,,,Dillenia indica,,,plant,,,,
1911,karambung,,,,,,,,,,,,,,,,,,,,,bakarambung,
1912,karambung,intransitive verb,"to rant, to struggle to get free",,,,,,,,,,,,,,,,,,,,
1913,karang,noun,"reef, coral,",,,,,,,,,,,,,,,,geography,,rep,,"karang bido \df kind of coral, the Staghorn coral, \sn Acropora, karang bido alusa \df kind of coral, the Fire coral, \sn Millepora, karang pinggang \df kind of coral, the Carnation coral, \sn Pectinia lactuca"
1914,karang,verb,to compose s.t.,guru haiku nyamana pusung ia mukarang lagu habua,There was a teacher named,,,,,,,,,,,,,,,,,,
1915,karanyjang,noun,kind of basket of plaited rattan,,,,,,,,,,,,,,,,utensil,,,,
1916,kararangga,noun,kind of aggressive red ant,,,,,,,,,,,,,Formicidae,,,insect,,somut,,
1917,karena,,,,,,,,,,,,,,,,,,,,karna,,
1918,karet,noun,"the rubber tree, para rubber,",,,,,,,,,,,,,Hevea brasiliensis,,,,,kasbi/ karet,,
1919,karna,conjunction,because,,,,,,,,,,,,,,,,,,saba/p,,
1920,karoka,noun,"fallen, dry coconut fronds, torch of coconut fronds",,,,,,,,,,,,,,,,,,,,
1921,karoka,noun,"house, a term used in court language to refer to o.'s (lowly) house",,,,,,,,,,,,,,,,,,,,
1922,karombo,noun,a rough container of sago leaf sheath used to carry sago pith,,,,,,,,,,,,,,,,utensil,,,,
1922,karombo,noun,a rough container of sago leaf sheath used to carry sago pith,,,,,,,,,,,,,,,,sago,,,,
1923,karopot,noun,"octopus, {Octopus",,,,,,,,,,,,,,,,sea creature,,,,
1924,kartás,noun,paper,,,,,,,,,,,,,,,,,,,,
1925,karuaya,noun,"kind of tree, the banyan,",,,,,,,,,,,,,Ficus,,,plant,,,,"karuaya manyulur \df kind of tree, thesacred fig \sn Ficus religiosa \crm  manyulur \sf  plant"
1926,karukus,pronoun,"she, her",,,,,,,,,,,,,,respectful third person singular term of reference for older women,,,,,,
1927,karukus,noun,"female elder, older woman, female adult",,,,,,,,,,,,,,,,,,langker,,
1928,karumping,noun,dried saliva at the corner of o.'s mouth upon awaking,,,,,,,,,,,,,,,,,,,,
1929,karung,noun,gunnysack,tapis karung,a filter made of gunny or burlap,,,,,,,,,,,,,,,,,,
1930,karupuk,noun,fish or shrimp chips,,,,,,,,,,,,,,,,food,,kamplang,,
1931,karut,transitive verb,"to embroider, to stitch (by hand), to join two pieces of cloth together",,,,,,,,,,,,,,,,,,,karuti,
1932,karut,verb,to stitch s.t. for someone,karuti pondoku hadiki barang tala natatas,Please stitch up my shirt,it's torn,,,,,,,,,,,,,,,,karut akang,
1933,karut,verb,to stitch s.t. at someone's request,,,,,,,,,,,,,,,,,,,bakarut,
1934,karut,intransitive verb,to do the stitching and mending,,,,,,,,,,,,,,,,,,,kakarut,
1935,karut,noun,"a stitch, esp. a medical o.",,,,,,,,,,,,,,,,,,,,
1936,karuwaya,,,,,,,,,,,,,,,,,,,,karuaya,,
1937,kas,noun,"cupboard, armoire",,,,,,,,,,,,,,,,,,,,"kas baku \df an elevated, covered box in which to keep sago bread and dried fish \crm  lamari"
1938,kasal,intransitive verb,"good, appropriate, fitting, pretty",,,,,,,,,,,,,,,,,,majang,,
1939,kasampatang,noun,opportunity,,,,,,,,,,,,,,,,,,,,
1940,kasawari,noun,"kind of bird, the cassowary,",,,,,,,,,,,,,Casuarius,,,bird,,kasuari,,
1941,kasbí,noun,"cassava,",,,,,,,,,,,,,Manihot esculenta,,,,,,,
1942,kati,noun,a measure of weight,,,,,,,,,,,,,,,archaic,,,,,
1943,katiak,noun,armpit,,,,,,,,,,,,,,,,body,,,,
1944,katidurang,,,,,,,,,,,,,,,,,,,,tidur,,
1945,katu-katurungang,,,,,,,,,,,,,,,,,,,,turung,,
1946,katurungang,,,,,,,,,,,,,,,,,,,,turung,,
1947,katót,noun,"dog flea, order Siphonaptera",,,,,,,,,,,,,,,,insect,,,,
1948,kau,pronoun,you,yogo kutanyai kau hadiki,"I'd like to ask you s.t., if I may.",,,,,,,,,,,,second person singular term of address,,,,mu,,
1949,kaya,intransitive verb,"wealthy, rich",,,,,,,,,,,,,,,,,,,pakayai,
1950,kaya,verb,"to enrich someone, to bestow wealth on someone",Pa Lut yang pakayai ia,It was Mr. Lut who made her rich.,,,,,,,,,,,,,,,,,,
1951,kayu,noun,"tree, wood",,,,,,,,,,,,,,,,plant,,,,"kayu babalaona \df a stick of firewood likely to last through the night, kayu rabi \df firewood, kayu tibasa \df splints of firewood \ps  num con \gc  numerical classifier for trees and palms \il  ambulung hakayu one sago palm \il  de abdíl ini anang kayu ka Are there six trees at Abdul's? \crm  kayuang"
1952,kayu besi,noun,"kind of tree, the ironwood, perhaps",,,,,,,,,,,,,Eusideroxylon zwageri,,,plant,Malay,ipil,,
1953,kayu lawang,noun,kind of wood used to give a red tint to boiled water,,,,,,,,,,,,,,,,,,,,
1954,kayu manis,noun,"kind of spice, cinnamon,",,,,,,,,,,,,,Cinnamomum zeylanicum,,,culinary,,,,
1955,kayu somut,noun,"kind of shrub,",,,,,,,,,,,,,Desmodium,,,plant,,,,
1956,kayuang,noun,forest,,,,,,,,,,,,,,,,,,kayu,,"kayuang tomang \df virgin forest, deep forest, kayuang basar \df deep forest \df a term used in plant and animal nomenclature \il  penyju kayuang kind of land tortoise (not a sea tortoise)"
1957,kawal,verb,"to guard someone, to protect someone",,,,,,,,,,,,,,,,,,,,
1958,kawali,noun,wok,,,,,,,,,,,,,,,,utensil,,,,
1959,kawang,noun,a school of fish,,,,,,,,,,,,,,,,,,,,
1960,kawasa,noun,"power, authority",,,,,,,,,,,,,,,,,,dikuasai,,
1961,kawat,noun,wire,,,,,,,,,,,,,,,,,,,,
1962,kawe-kawe,noun,"collar-bone, clavicle, the lower part of a fish's gills, bones below the operculum, probably the",,,,,,,,,,,,,,,,body,,,,
1963,kawil,noun,hook,,,,,,,,,,,,,,,,,,,,
1964,kawing,intransitive verb,"to wed, to get married <marry>",,,,,,,,,,,,,,,,,,,kawing akang,
1965,kawing,verb,"to arrange someone's marriage, to marry someone off",Langker yogo mukawing akang anaka udang kapota ni,He wants to marry off his child,,,,,,,,,,,,,,,,orang kawing,,
1966,kawit,verb,to hook on s.t.,,,,,,,,,,,,,,,,,,,kakawit,
1967,kawit,noun,"dragging hook, gaff",,,,,,,,,,,,,,,,fishing,,ganyco,,
1968,kaóng,noun,kind of twine or fishing line made of arenga palm fiber,,,,,,,,,,,,,,,archaic,,,,,
1969,ke,conjunction,"even,, however, but, neither",meskena kamí bei ka sana nang ka mai ke tala ingatangmu tala mo tala,Even though,pasi babahasa nang guru ke ieti mo,They spoke with the Quranic teacher but they did,aku ke ngana,me neither!,,,,,,,,,,,,,,"ke...ke... \df on the one hand... on the other hand... <both> \il  lao basar-basar ke tama alu-alus ke tama On the one hand very large fish get in, on the other hand, so do very small ones."
1970,keadaan,noun,condition,,,,,,,,,,,,,,,,,Indonesian,,,
1971,kebersihan,noun,cleanliness,,,,,,,,,,,,,,,,,Indonesian,"bersi, beresi:",,
1972,kehutanan,noun,forestry,,,,,,,,,,,,,,,,,Indonesian,,,
1973,keker,noun,"telescope, binoculars",,,,,,,,,,,,,,,,,,,,
1974,kekuatan,noun,strength,,,,,,,,,,,,,,,,,Indonesian,,,
1975,kelang,noun,provision,,,,,,,,,,,,,,,,,,,,
1976,kelep,transitive verb,to squeeze in a one-arm hold,,,,,,,,,,,,,,,,,,,,
1977,kelor,noun,"kind of tree, the horseradish tree,, codeword for money",,,,,,,,,,,,,Moringa pterygosperma,,,plant,,,,
1978,kelér,noun,color,,,,,,,,,,,,,,,,,,,,
1979,kembang,numeral classifier,"piece, plank, counter for wood",,,,,,,,,,,,,,,,,,,,
1980,kembat,noun,kind of tree,,,,,,,,,,,,,,,,plant,,,,
1981,kemi,noun,urine,,,,,,,,,,,,,,,,body,,,kemi:,
1982,kemi,transitive verb,to urinate on s.t.,alengo ompu ruma mukemi: aku,Earlier a rat pissed on me.,,,,,,,,,,,,,,,,,bakemi,
1983,kemi,intransitive verb,to urinate,,,,,,,,,,,,,,,,,,,kemi-kemi,
1984,kemi,verb,to urinate repeatedly or in large numbers,ada manusia sigodo takemi-kemi de lombo-lombo dalama,There were persons among,,,,,,,,,,,,,,,,,pakemiang,
1985,kemi,noun,"the place where urinating occurred, e.g. clothes soiled by a child's urine",,,,,,,,,,,,,,,,,,,,
1986,kempis,intransitive verb,"flat (tire, etc.)",,,,,,,,,,,,,,,,,,,,
1987,kemungkingan,noun,possibility,,,,,,,,,,,,,,,,,Indonesian,,,
1988,kening,noun,eyebrow,,,,,,,,,,,,,,,,body,,,,
1989,kening tulis,noun,"a dark cosmetic powder used around the eyes to darken the eyelids and eybrows,",,,,,,,,,,,,,,,,,,,,
1990,kenyataan,,,,,,,,,,,,,,,,,,,Indonesian,,,
1991,kenyataan,noun,fact,,,,,,,,,,,,,,,,,Indonesian,,,
1992,kepit,verb,to squeeze between,,,,,,,,,,,,,,,,,,,kepit akang,
1993,kepit,verb,to squeeze s.t. into place at the request of another,,,,,,,,,,,,,,,,,,,nakepit,
1994,kepit,intransitive verb,"to be squeezed between, to be caught between",,,,,,,,,,,,,,,,,,,kepit-kepit,
1995,kepit,noun,strips of bamboo used to hold thatch in place,,,,,,,,,,,,,,,,house,,kakepit,,
1996,kera-kera,noun,dressing or bandage wrapped around the recently circumcized penis,,,,,,,,,,,,,,,,,,,,
1997,kerang,noun,"turtle-shell, a commercial product",,,,,,,,,,,,,,,,,,,,
1998,kering,intransitive verb,dry,pondo keringa,the dry shirt,,,,,,,,,,,,,,,,,keri-kering,
1999,kering,intransitive verb,absolutely dry,,,,,,,,,,,,,,,,,,,pakeringi,
2000,kering,verb,to dry s.t. (by wringing it or sunning it),,,,,,,,,,,,,,,,,,,,
2001,ketahuan,noun,knowledge,,,,,,,,,,,,,,,,,Indonesian,,,
2002,keu,particle,"to refuse to, not want to",Aku keu balampo nang ia.,I don't want to walk with him.,,,,,,,,,,,,,,,,,,
2003,kiamat,noun,"judgement day, the end of the world",,,,,,,,,,,,,,,,,,,,
2004,kibar,,,,,,,,,,,,,,,,,,,,,bakibar,
2005,kibar,intransitive verb,"to flutter or wave (of flags, etc.)",,,,,,,,,,,,,,,,,,,,
2006,kiblat,noun,the direction of Mecca which should be faced when o. performs the Islamic prayer,,,,,,,,,,,,,,,,,,,,
2007,kijap,,,,,,,,,,,,,,,,,,,,,kijapi,
2008,kijap,verb,to blink s.t. (the eyes) at someone as an indication of disbelief,ia mukijapi aku mata isu: cece parcaya si Puda bicarana,"She blinked her eyes at me,",,,,,,,,,,,,,,,,mata pakijap,,
2009,kikis,verb,"to scrape s.t., to scrape (coconut) with a nyanyito",,,,,,,,,,,,,,,,,,paru,,
2010,kilala,verb,"to recognize someone, to be acquainted with s.t.",,,,,,,,,,,,,,,,,,,bakilala:ng,
2011,kilala,intransitive verb,to be acquainted with e.o.,aku bakilala:ng nang kau,I am acquainted with you,,,,,,,,,,,,,,,,,pakilalai,
2012,kilala,verb,"to introduce someone to someone else, to facilitate an acquaintanceship",,,,,,,,,,,,,,,,,,,,
2013,kilik,verb,to carry s.t. wedged below the armpit against o.'s flank,,,,,,,,,,,,,,,,,,,kilik akang,
2014,kilik,verb,to carry s.t. under the armpit at someone's request or in a careful way,,,,,,,,,,,,,,,,,,,bakilik,
2015,kilik,intransitive verb,"to engage in such carrying, e.g. carry a child",,,,,,,,,,,,,,,,,,,bakibakilikang,
2016,kilik,intransitive verb,to clasp e.o.'s arms by extending the arms around the other's back,,,,,,,,,,,,,,,,,,,,
2017,kilo,noun,"kilogram, kilometer",,,,,,,,,,,,,,,,,,,,
2018,kimbat,noun,rainbow,,,,,,,,,,,,,,,archaic,,,jin balumbar,,
2019,kimón,,,,,,,,,,,,,,,,,,,,pondo kimo/n,,
2020,kindang,transitive verb,"to remove the husk from a dry coconut, to husk a coconut",,,,,,,,,,,,,,,,,,,,
2021,kintal,noun,"yard, house lot",,,,,,,,,,,,,,,,,,,,
2022,kinyami,verb,"to taste the flavor of s.t., to savor",,,,,,,,,,,,,,,,,,"idap, payasa akang",,
2023,kiput,verb,to close s.t. (body parts) tightly,kiput sungut,close the mouth,,,,,,,,,,,,,,,,,babakiputang,
2024,kiput,intransitive verb,to have closed over (of several wounds),,,,,,,,,,,,,,,,,,,nakiput,
2025,kiput,intransitive verb,to have closed together (of a gash or wound),,,,,,,,,,,,,,,,,,,,
2026,kira-kira,adverb,"approximately, perhaps, I suppose, in my estimate",kira-kira mitu,approximately s.t. like that,kira-kira dua pulu lima senti,about twenty-five centimeters,kira-kira tabasopang doit sabayá tala pauli tatuka rumamu tu,About how much money,kira-kira tapabua kalero habua tolu repa,In my opinion we should make lime-ovens,,,,,,,,,,barang,,
2027,kirap,verb,to fan s.t.,,,,,,,,,,,,,,,,,,,kakirap,
2028,kirap,noun,kind of fan (usually of sago bark),,,,,,,,,,,,,,,,,,,,
2029,kiris,noun,kind of dagger,,,,,,,,,,,,,,,,,,,,
2030,kiríng,,,,,,,,,,,,,,,,,,,,lao kiri/ng,,
2031,kiskisul,noun,curtain,,,,,,,,,,,,,,,,,,,,
2032,kita,pronoun,"we, us",,,,,,,,,,,,,,"first person plural, inclusive",,,,nta,,
2033,klar,,,,,,,,,,,,,,,,,,,,kala/r,,
2034,koang,noun,a piece of cloth,,,,,,,,,,,,,,,,,,,,
2035,koat,verb,"to nibble, esp. of animals",,,,,,,,,,,,,,,,,,,,
2036,kobo:,,,,,,,,,,,,,,,,,,,,,bakobo:,
2037,kobo:,intransitive verb,to crawl on all fours,,,,,,,,,,,,,,,,,,,,
2038,koco,transitive verb,to shuffle (cards),,,,,,,,,,,,,,,,,,,,
2039,koco-koco,noun,"kind of fish with a venomous sting, the short-spined waspfish,",,,,,,,,,,,,,"Apistops caloundra, which agitates the sand repeatedly as it partially buries itself on",,,fish,,,,
2040,kodak,noun,"camera, photograph",,,,,,,,,,,,,,,,,,,,
2041,kodak,transitive verb,to photograph someone,,,,,,,,,,,,,,,,,,,,
2042,kodang-kodang,noun,scab (of a wound),,,,,,,,,,,,,,,,body,,,bakodang-kodang,
2042,kodang-kodang,noun,scab (of a wound),,,,,,,,,,,,,,,,health,,,bakodang-kodang,
2043,kodang-kodang,intransitive verb,"to be covered with scabs, to have reached the stage when a scab forms (of wounds)",,,,,,,,,,,,,,,,,,,,
2044,kodok,noun,"frog, toad, order Anura",,,,,,,,,,,,,,,,animal,Malay,nggora-nggora,,
2045,kofi,noun,"kind of tree, coffee,, a sweetened beverage made with roasted coffee berries, sweet coffee",,,,,,,,,,,,,Coffea,,,,,,,kofi susu \df coffee with milk
2046,kofiang,noun,"the rimless cap worn in prayer, fez",,,,,,,,,,,,,,,,,,,,kofiang haji \df kind of white skullcap worn by men who have made the hajj \sf  clothing
2047,kofo,noun,kind of fine-meshed fish net,,,,,,,,,,,,,,,,,,,bakofo,
2048,kofo,intransitive verb,to fish with such a net,,,,,,,,,,,,,,,,,,,,
2049,kohi,intransitive verb,to be slow (at o.'s work),kohina de motor ni,The tardiness of this boat!,,,,,,,,,,,,,,,,,,
2050,kohi,adverb,slowly,,,,,,,,,,,,,,,,,,,,
2051,koit,transitive verb,"to poke someone with the fingertips, to flick someone slightly",,,,,,,,,,,,,,,,,,,koiti,
2052,koit,verb,to nudge someone with the fingertips (to get his or her attention) for someone,,,,,,,,,,,,,,,,,,,koit akang,
2053,koit,verb,to nudge someone at someone's request,,,,,,,,,,,,,,,,,,,bakoit,
2054,koit,intransitive verb,"to engage in nudging and flicking, to tend to nudge",,,,,,,,,,,,,,,,,,,bakobakoitang,
2055,koit,intransitive verb,to nudge e.o. with the fingertips,,,,,,,,,,,,,,,,,,,nakoit,
2056,koit,intransitive verb,"touched, brushed",,,,,,,,,,,,,,,,,,,,
2057,kojut,,,,,,,,,,,,,,,,,,,,,kojuti,
2058,kojut,transitive verb,to startle someone,,,,,,,,,,,,,,,,,,,kojuti akang,
2059,kojut,verb,to startle someone at someone's request,,,,,,,,,,,,,,,,,,,kojut akang,
2060,kojut,verb,to startle or enervate someone at someone's request,,,,,,,,,,,,,,,,,,,pakojuti,
2061,kojut,verb,to repeatedly or intensively startle someone,,,,,,,,,,,,,,,,,,,nakojut,
2062,kojut,intransitive verb,"startled, surprised",,,,,,,,,,,,,,,,,,,,
2063,kokara,noun,"kind of legume, lima bean,",,,,,,,,,,,,,Phaseolus lunatus,,,plant,,amporing,,
2064,koke,transitive verb,to rap someone or s.t. with a backwards fling of the knuckles,,,,,,,,,,,,,,,,,,toki,koke akang,
2065,koke,verb,to rap someone at someone's request,,,,,,,,,,,,,,,,,,,bakoke,
2066,koke,intransitive verb,to engage in rapping for some time,,,,,,,,,,,,,,,,,,,bakobakokeang,
2067,koke,intransitive verb,to rap e.o. on the head,,,,,,,,,,,,,,,,,,,,
2068,koko,noun,"cacao tree or fruit,, cassava scraped and then dried in the sun (as cacao is)",,,,,,,,,,,,,Theobroma cacao,,,plant,,dodol koko,,
2068,koko,noun,"cacao tree or fruit,, cassava scraped and then dried in the sun (as cacao is)",,,,,,,,,,,,,Theobroma cacao,,,food,,dodol koko,,
2069,kokobu,transitive verb,"to gather (stumps, etc.) and to burn (a swidden field) a second time",,,,,,,,,,,,,,,,,,,bakokobu,
2070,kokobu,intransitive verb,to be engaged in secondary burning,bakokobu barenti mena tatanang cengke,"After burning the second time, then we plant",,,,,,,,,,,,,,,,,,
2071,kokomani,noun,sago flour roasted in sago leaves,,,,,,,,,,,,,,,,sago,,,,
2072,kokorai,noun,"kind of small fish, the trumpeter or grunter,",,,,,,,,,,,,,Pelates quadrilineatus,,,,,,,
2073,kokoté,noun,kind of children's game with a grid drawn on a flat surface,,,,,,,,,,,,,,,,game,,,,
2074,kokotók,ideophone,"the sound made by a hen after she has laid eggs, the chicken's cluck",,,,,,,,,,,,,,,,,,,bakokotók,
2075,kokotók,intransitive verb,"to make such sounds, to cluck",,,,,,,,,,,,,,,,,,,,
2076,kol,noun,"kind of vegetable, kind of cabbage,",,,,,,,,,,,,,Brassica sp.],,,plant,,,,"kol kapala \df kind of vegetable, cabbage, \sn Brassica oleracea Capitata gp. \sf  plant"
2077,kolambu,noun,mosquito net,,,,,,,,,,,,,,,,,,,,
2078,kolambéng,noun,kind of small cake or cookie made with sago or wheat flour and eggs,,,,,,,,,,,,,,,,food,,,,
2079,kolano,noun,king,,,,,,,,,,,,,,,,society,,jou,,
2080,kolili,verb,to encircle,,,,,,,,,,,,,,,,,,,,
2081,koloko,verb,to plant s.t. in a nursery,takoloko petsai itu lebe daulu,We plant those leaf mustard greens first of all,,,,,,,,,,,,,,,,,,
2082,kolombou,noun,kind of oil taper made with a bottle or flask,,,,,,,,,,,,,,,,,,,,
2083,kolompong,intransitive verb,"hollow, of a stage in the growth of a coconut; the fruit is full-sized but without flesh",,,,,,,,,,,,,,,,,,,,
2084,kolompong,noun,float for fishing nets,,,,,,,,,,,,,,,,fishing,,,,
2085,kolot,verb,to eat s.t. raw,Takolot nggaeka.,We ate raw bananas.,,,,,,,,,,,,,,,,,bakolot,
2086,kolot,intransitive verb,"to be engaged in eating raw food (e.g. fish, vegetables)",,,,,,,,,,,,,,,,,,,kolot-kolot,
2087,kolot,noun,a side-dish of raw vegetables <salad>,,,,,,,,,,,,,,,,food,,"mangolot, edat",,
2088,kolouno,noun,"kind of small fish, the hardyhead or silverside",,,,,,,,,,,,,Pranesus ogilbyi,,,fish,,,,"kolouno bunga \df kind of small fish used for bait \sf  fish, kolouno paneti \df kind of fish used for bait \sf  fish"
2089,komalo,noun,a filling of rice flour and coconut cream cooked to a custard consistency used in,,,,,,,,,,,,,,,,,,ular komalona,,
2090,komandán,noun,"military officer, commander",,,,,,,,,,,,,,,,,,,,
2091,kombili,noun,"kind of edible root, the greater yam,",,,,,,,,,,,,,Dioscorea alata,,,plant,,,,
2092,komos,verb,to scrape and squeeze s.t. with the fingertips,,,,,,,,,,,,,,,,,,,,komos ler \df to strangle by pressing the fingertips into the windpipe \crm  kurup \crm  dabu-dabu komos
2093,kompania ra:,noun,"the palace guard, personal bodyguards of the sultan",,,,,,,,,,,,,,,,,,,,
2094,kompi,noun,"military company, a body of troops",,,,,,,,,,,,,,,,,,,,
2095,kondor,intransitive verb,"slack (of ropes, etc.)",,,,,,,,,,,,,,,,,,,kondor akang,
2096,kondor,transitive verb,to slacken s.t.,,,,,,,,,,,,,,,,,,,,
2097,konto-konto,noun,"tailbone, coccyx",,,,,,,,,,,,,,,,body,,,,
2098,kongkong,verb,to immobilize someone (an opponent) in a martial arts contest by pinning the opponent's,,,,,,,,,,,,,,,,,,,,
2099,ko,noun,kind of black bird,,,,,,,,,,,,,,,,bird,,,,
2100,ko,noun,term of address for o.'s elder brother or a male of similar age,,,,,,,,,,,,,,,,,Malay,,,
2101,ko,ideophone,"caw, sound of certain birds",,,,,,,,,,,,,,,,,,,,
2102,kopi,noun,porcelain cup,,,,,,,,,,,,,,,,,,,,
2103,kopo-kopo,noun,"butterfly, moth, order Lepidoptera",,,,,,,,,,,,,,,,,,kupu-kupu,,
2104,kor,,,,,,,,,,,,,,,,,,,,kore,,
2105,korang,verb,to rip off a large piece of cooked fish,,,,,,,,,,,,,,,,,,,bakorang,
2106,korang,intransitive verb,to usually take a large quantity at once,salim ni bakorang laona,Salim always takes a large portion of fish.,,,,,,,,,,,,,,,,,,
2107,korat,noun,"kind of tuna, the little tuna or bonito,",,,,,,,,,,,,,Euthynnus alletteratus affinis,,,fish,,,,
2108,korbo:,noun,"water-buffalo,, someone stupid, a fool",,,,,,,,,,,,,Bubalus bubalis,,,,,,,
2109,kore,verb,"to dig s.t., to touch someone, to poke someone (slightly)",ompu ruma ma kore imba:,The rats will dig from below.,,,,,,,,,,,,,,,,,,
2110,koroniong,noun,"kind of cephalopod, the chambered Nautilus,",,,,,,,,,,,,,Nautilus pompilius,,,sea creature,,,,
2111,koru,,,,,,,,,,,,,,,,,,,,,koru akang,
2112,koru,verb,"to cloud s.t., to make (water) turbid (by stirring it, etc.)",,,,,,,,,,,,,,,,,,,bakoru,
2113,koru,intransitive verb,"clouded, turbid (of water)",,,,,,,,,,,,,,,,,,,,
2114,korán,,,,,,,,,,,,,,,,,,,,kura/n,,
2115,kos,noun,T-shirt,,,,,,,,,,,,,,,,,,,,"kos kaki \df stocking, sock, kos padamara \df mantle of a pressurized lamp"
2116,koso,transitive verb,"to rub s.t. (flour, etc.) against a cheesecloth",,,,,,,,,,,,,,,,culinary,,,,
2117,kosong,intransitive verb,"empty, non-existent, none",Nyjong imbawa kosong.,There are no boats there.,,,,,,,,,,,,,,,,,,
2118,kota,noun,fortification,amasing kota,the northeastern side of Labuha town,,,,,,,,,,,,,archaic,,,,,
2119,kotang,noun,"undershirt, camisole",,,,,,,,,,,,,,,,,,,,
2120,kote-kote,noun,"kind of plant,",,,,,,,,,,,,,Bridelia,,,plant,,,,
2121,kote-kote,,,,,,,,,,,,,,,,,,,,kokote/,,
2122,kotel,intransitive verb,stunted (of s.t.'s or someone's growth),,,,,,,,,,,,,,,,,,,,
2123,kotong,noun,"kind of fish, the grouper or groper,",,,,,,,,,,,,,Epinephelus lanceolatus,,,fish,,,,
2124,koya-koya,adverb,"fast, quickly",,,,,,,,,,,,,,,,,,,,
2125,kowor,noun,kind of cup or mug made of bamboo usually used to drink palm wine,,,,,,,,,,,,,,,archaic,,,,,
2126,-ku,pronoun,my,,,,,,,,,,,,,,first person singular genitive marker,,,,"-iku, -ngku",,
2127,ku-,pronoun,,dangang kulia,I see,aku kudanga habár,I heard some news.,,,,,,,,,,marker of first person singular for transitive verbs,,,,,,
2128,kua,noun,"sauce, gravy",,,,,,,,,,,,,,,,,,,bakua,
2129,kua,intransitive verb,to be served with a sauce,,,,,,,,,,,,,,,,,,,bakua-kua,
2130,kua,intransitive verb,to be served with much sauce,cece pabua lampang bakua-kua,Don't make the vegetable with so much liquid (sauce).,,,,,,,,,,,,,,,,,,
2131,kuasa,noun,"power, authority",,,,,,,,,,,,,,,,,,,,
2132,kubak,noun,a mortar-like device to pound betel,,,,,,,,,,,,,,,,,,,,
2133,kubur,noun,grave,,,,,,,,,,,,,,,,,,,kuburi,
2134,kubur,verb,to bury someone,,,,,,,,,,,,,,,,,,,kubur akang,
2135,kubur,verb,to bury someone at someone's request ..bakubur,,,,,,,,,,,,,,,,,,,,
2136,kubur,intransitive verb,"to engage in grave-digging, to be buried",,,,,,,,,,,,,,,,,,,,
2137,kudis,noun,scabies,,,,,,,,,,,,,,,,health,,,bakudis,
2138,kudis,intransitive verb,to suffer from scabies and similar skin diseases,,,,,,,,,,,,,,,,,,,bakudis-kudis,
2139,kudis,intransitive verb,to suffer from a severe case of skin disease,,,,,,,,,,,,,,,,,,,,
2140,kudu-kudu,noun,burning faggot,,,,,,,,,,,,,,,,,,,,
2141,kudung,noun,"shawl, scarf worn by women, the veil, worn by some Muslim women, which exposes only the face",,,,,,,,,,,,,,,,,,cipo,,
2142,kui mangko,noun,kind of steamed cupcake,,,,,,,,,,,,,,,,food,,,,
2143,kuisi,noun,"kind of fish, kind of bream, perhaps",,,,,,,,,,,,,Nemipterus upeneoides,,,,,,,
2144,kuku,,,,,,,,,,,,,,,,,,,,molo-molo kuku,,
2145,kukua,,,,,,,,,,,,,,,,,,,,kukuhua,,
2146,kukuhi,,,,,,,,,,,,,,,,,,,,,bakukuhi,
2147,kukuhi,intransitive verb,to collect bit by bit and then sell,,,,,,,,,,,,,,,,,,,,
2148,kukuhua,ideophone,sound of rooster crowing,,,,,,,,,,,,,,,,,,,bakukuhua,
2149,kukuhua,intransitive verb,to crow,,,,,,,,,,,,,,,,,,,,
2150,kukuhua,,,,,,,,,,,,,,,,,,,,,bakukuhua,
2151,kukuhua,intransitive verb,to float on o.'s back,,,,,,,,,,,,,,,,,,,,
2152,kukurai,,,,,,,,,,,,,,,,,,,,lao,,
2153,kulat,noun,"fungus, mushroom, fam. Agaricaceae",,,,,,,,,,,,,,,,,,,,"kulat batang \df kind of fungus growing on dead branches, kulat bintang \df kind of ridge fungus, kulat ambulung \df kind of mushroom \sn Volvaria, kulat guntur \df kind of mushroom, kulat bongkona \df kind of mushroom, straw mushroom, \sn Volvariella volvacea, kulat payung \df kind of mushroom, the white mushroom, \sn Agaricus bisporus, kulat nggaeka \df kind of mushroom, \sn Volvaria \crm  kaladede \crm  talingang tikus"
2154,kuli,,,,,,,,,,,,,,,,,,,,"kulit, lao kuli paser",,
2155,kuliling,verb,"to go around s.t., to encircle s.t. <circumambulate>",,,,,,,,,,,,,,,,,,,kulilingi,
2156,kuliling,verb,to go around s.t. for someone,alengo aku kulilingi lipo ni baumang nggaeka,Just now I went round the whole village,,,,,,,,,,,,,,,,,bakuliling,
2157,kuliling,intransitive verb,to engage in moving in circles,,,,,,,,,,,,,,,,,,,pakulilingi,
2158,kuliling,verb,to completely encircle s.t. (for a specific purpose),,,,,,,,,,,,,,,,,,,,
2159,kulinycir,,,,,,,,,,,,,,,,,,,,,kulinycir akang,
2160,kulinycir,verb,to cause to slide quickly,,,,,,,,,,,,,,,,,,,nakulinycir,
2161,kulinycir,intransitive verb,"slippery, to have slipped",,,,,,,,,,,,,,,,,,,,
2162,kulit,noun,"skin, cover, exterior wrapping, bark (of tree)",kulimu,your skin,buk kulita,book cover,,,,,,,,,,,,,,,,
2163,kulung,,,,,,,,,,,,,,,,,,,,tabang kulung,,
2164,kulung-kaling,noun,ankle,,,,,,,,,,,,,,,,,,,,
2165,kumang,noun,"kind of small louse, germ",,,,,,,,,,,,,,,,insect,,,,
2165,kumang,noun,"kind of small louse, germ",,,,,,,,,,,,,,,,health,,,,
2166,kumatar,intransitive verb,"to be ill, to be sick, to shiver from malarial attacks",pasi kumatar sigodo bagarak,They're so sick they're shivering.,,,,,,,,,,,,,,health,,,,
2167,kumbar,noun,"sago midribs or petiole, esp. when dried",,,,,,,,,,,,,,,,sago,,,,
2168,kumis kucing,noun,"various kind of plants, incl.",,,,,,,,,,,,,Orthosiphon spicatus,,,plant,,,,
2169,kumkím,noun,various kind of pigeons and doves <bird>,,,,,,,,,,,,,Columbidae,,,bird,,,,"kumku/m nggoa \df kind of pigeon <bird>, fam. Columbidae \sf  bird, kumku/m puti \df kind of pigeon, \sn Ducula   <bird> \sf  bird, kumku/m ratu \df kind of pigeon, \sn Ducula   <bird> \sf  bird"
2170,kunda,noun,kind of tree,,,,,,,,,,,,,,,,plant,,,,
2171,kundal,noun,kind of vegetable dish made of unripe bananas and coconut cream,,,,,,,,,,,,,,,,food,,,,
2172,kuning,,,,,,,,,,,,,,,,,,,,akar kuning,,
2173,kuntil,verb,to pinch someone or s.t.,,,,,,,,,,,,,,,,,,sakuntil,,
2174,kunu,particle,"purportedly, it is said <quoth>, supposedly (of s.t. reported but probably not true)",Kunu tala taurung.,He says he's hungry.,hasila ra: kita ini ni batikang kunu kalero itu hasil dikit,Its yield is great,but we here,,,,,,,,,quotative particle,,,,kata,,
2175,kung-kung,ideophone,"the sound made by a dog, the bark of a dog",,,,,,,,,,,,,,,,,,mano/ng,,
2176,kunyci,noun,key,,,,,,,,,,,,,,,,,,,kunyci akang,
2177,kunyci,verb,to lock s.t.,,,,,,,,,,,,,,,,,,,,
2178,kunyit,intransitive verb,yellow,,,,,,,,,,,,,,,,,,,pakunyiti,
2179,kunyit,verb,"to yellow s.t., to increase the yellowness of s.t. (e.g. paint being mixed)",,,,,,,,,,,,,,,,color,,kunyit,,
2180,kunyit,noun,"kind of rhizome (used as a spice), turmeric,",,,,,,,,,,,,,Curcuma longa,,,plant,,kunyit,,
2181,kupang,noun,"coin, money",,,,,,,,,,,,,,,archaic,,,tikus kupang,,
2182,kupang-kupang,noun,"kind of woody plant, the candlestick cassia,",,,,,,,,,,,,,Cassia alata,,,plant,,jaga sataru,,
2183,kupu-kupu,noun,"butterfly, order Lepidoptera",,,,,,,,,,,,,,,,insect,,kopo-kopo,,
2184,kurang,intransitive verb,"to fall short, to be insufficient",,,,,,,,,,,,,,,,,,,,
2185,kurang,adverb,less than,,,,,,,,,,,,,,,,,,,kurang akang,
2186,kurang,verb,to reduce s.t. at someone's request,,,,,,,,,,,,,,,,,,,bakurang,
2187,kurang,intransitive verb,to become diminished,,,,,,,,,,,,,,,,,,,pakurangi,
2188,kurang,verb,"to diminish s.t., to reduce or lessen s.t.",ipakurangi de laina barisi de laina,He diminishes in one area but in another area there is,,,,,,,,,,,,,,,,,kurang-kurang,
2189,kurang,particle,at least,,,,,,,,,,,,,,,,,,,kakurangang,
2190,kurang,noun,"shortage, shortfall",,,,,,,,,,,,,,,,,,,,
2191,kurang ajar,exclamation,Damn you!,,,,,,,,,,,,,,,,,,,,
2192,kurang ajar,intransitive verb,extremely rude,,,,,,,,,,,,,,,derogatory,,,,kura-kurang ajar,
2193,kurang ajar,intransitive verb,"immodest, off-color (of o.'s speech)",,,,,,,,,,,,,,,,,,,bakurang ajar,
2194,kurang ajar,intransitive verb,to behave improperly or immodestly,,,,,,,,,,,,,,,,,,,,
2195,kuranyci,noun,kind of tree,,,,,,,,,,,,,,,,plant,,,,
2196,kurap,noun,"kind of skin disease, ringworm, fungal disease caused by members of division",,,,,,,,,,,,,,,,health,,,,
2197,kurarap,,,,,,,,,,,,,,,,,,,,,bakurarap,
2198,kurarap,intransitive verb,to creep on o.'s belly,,,,,,,,,,,,,,,,,,,,
2199,kurcaci,noun,"kind of small spirit, gnome",,,,,,,,,,,,,,,,spiritual,,,,
2200,kuring-kuring,,,,,,,,,,,,,,,,,,,,lao kuring-kuring,,
2201,kuriwang,noun,sago bark,,,,,,,,,,,,,,,,sago,,,,
2202,kurung,verb,"to enclose, to imprison",Ia mukurung anasene de ruma.,He made his child stay at home.,,,,,,,,,,,,,,,,,bakurung,
2203,kurung,intransitive verb,"to stay at home, to be house bound",,,,,,,,,,,,,,,,,,,,bakurung umpang \df to enclose and catch bait-fish with nets \sf  fishing
2204,kurup,verb,to strangle someone with both hands,,,,,,,,,,,,,,,,,,"komos ler, sangal",kurup akang,
2205,kurup,verb,to strangle someone at another's request,,,,,,,,,,,,,,,,,,,bakurapang,
2206,kurup,intransitive verb,to strangle e.o.,,,,,,,,,,,,,,,,,,,,
2207,kurus,intransitive verb,thin,,,,,,,,,,,,,,,,,,,,
2208,kurán,noun,the Quran,,,,,,,,,,,,,,,,spiritual,,,,kuran dalama \df (in) a Quranic reading or recitation
2209,kusuk,transitive verb,"to pulverize s.t. by pressing the heel of the palm against it, esp. sago flour through a, to rub vigorously by pressing down with the heel of the palm",kusuk pakeang,to rub laundry to remove stains,,,,,,,,,,,,,,,,,,kusuk mata \df to rub o.'s eyes (esp. with the heel of the palm) \af  kusuki \ps  v \df to rub or pulverize (by rubbing) s.t. for someone \af  kusuki akang \ps  v \df to rub or pulverize s.t. at someone's request \af  kusuk akang \ps  v \df to rub or pulverize s.t. at someone's request \af  bakusuk \ps  vi \df to engage in rubbing \il  bakusuk baku to filter sago flour by forcing coarse flour through a sieve \crm  pambusukang
2210,kutil,noun,"freckle, birthmark, esp. of protruding fleshy growths, such as moles",,,,,,,,,,,,,,,,body,,,,
2211,kutuk,,,,,,,,,,,,,,,,,,,,bakutuk,,
2212,kuyap,intransitive verb,wrinkled (of clothes),,,,,,,,,,,,,,,,,,,nakuyap-kuyap,
2213,kuyap,intransitive verb,"wrinkled up, full of wrinkles, matted (of hair)",Buoka ia nakuyap-kuyap.,His hair is matted.,,,,,,,,,,,,,,,,,,
2214,kwas,noun,paintbrush,,,,,,,,,,,,,,,,,,,bakwas,
2215,kwas,intransitive verb,"to apply whitewash, to paint",,,,,,,,,,,,,,,,,,,,
2216,la,vetitive,don't,La kau muala,Don't take it,,,,,,,,,,,,,,,,cece,,
2217,la:,particle,so then,Muala pondoku la: kusasa.,Get my shirt so I can wash it.,,,,,,,,,,,,,,,,,,
2218,labung,noun,"squash,",,,,,,,,,,,,,Cucurbita,,,plant,,,,"labung mbulat \df pumpkin or winter squash, \sn Cucurbita moschata \sf  plant, labung tinggi \df kind of long squash \sf  plant"
2219,labu,noun,"certain kind of squash and chayote, Cucurbitaceae",,,,,,,,,,,,,,,,plant,,,,"labu siang \df chayote, \sn Sechium edule \sf  plant"
2220,labu,,,,,,,,,,,,,,,,,,,,,labu akang,
2221,labu,transitive verb,to anchor s.t.,Mulabu akang nyjong itu inycana.,Anchor the boat there.,,,,,,,,,,,,,,,,,balabu,
2222,labu,intransitive verb,to be anchored,,,,,,,,,,,,,,,,,,,labuang,
2223,labu,noun,anchorage,,,,,,,,,,,,,,,,,,,,
2224,labur,transitive verb,to smear,,,,,,,,,,,,,,,,,,,laburi,
2225,labur,transitive verb,"to smear (oil, etc.) on to s.t.",,,,,,,,,,,,,,,,,,,,
2226,lacup,verb,to pass by,manusia ka daya balapetak ilarang pauli mo lacup,Persons going inland to work at their,,,,,,,,,,,,,,,,,,
2227,lacup,particle,already past (of events),Oras jamangku skola daulu tala lacup.,My schooling days are past.,,,,,,,,,,,,,,,,,,lacup dari itu \df after that \af  lacupi \ps  vt \df to pass by s.t. \il  kau mulacupi tanyjong mangga Go past Mangga Cape.
2228,lado,noun,"kind of small moray the starry reef-eel,, some kind of sea snakes, suborders Serpentes and Ophidia",,,,,,,,,,,,,Echidna nebulosa,,,sea creature,,,,
2229,ladu,noun,"various kind of roots and tubers, similar to taro, edible aroids or corm",,,,,,,,,,,,,,,,plant,,,,"ladu makang anak \df kind of edible aroid, new cocoyam, \sn Xanthosoma violaceum \sf  plant, ladu sela \df kind of aroid with reddish roots \sf  plant"
2230,ladusere,noun,younger step-sister or step-brother,,,,,,,,,,,,,,,codeword,,,watok,,
2231,laga,,,,,,,,,,,,,,,,,,,,,lagai,
2232,laga,verb,to coil (e.g. a string on a spool),,,,,,,,,,,,,,,,,,,laga akang,
2233,laga,verb,to cause s.t. or someone to go in circles,mulaga akang ia,Make him go in circles (so he won't catch you).,,,,,,,,,,,,,,,,,lalaga:kang,
2234,laga,verb,"to twist around, to deceive",Sido mulalaga:kang si ahmat,Sido deceived Ahmat.,,,,,,,,,,,,,,,,,laga-laga akang,
2235,laga,verb,to twist s.t. around,,,,,,,,,,,,,,,,,,,balaga,
2236,laga,intransitive verb,"to spin, to go around, to circle, to circulate",surat-surat de kapal udara balaga de kampung dalama,Leaflets from the planes,,,,,,,,,,,,,,,,mata balaga,balaga-laga,
2237,laga,intransitive verb,to go in circles,,,,,,,,,,,,,,,,,,,balaga-laga akang,
2238,laga,intransitive verb,to be in the practice of deceiving someone,,,,,,,,,,,,,,,,,,mata balaga,,
2239,laga-laga,noun,kind of tree bearing edible fruit,,,,,,,,,,,,,,,,plant,,,,
2240,lagu,noun,song,,,,,,,,,,,,,,,,,,,,
2241,lahtala,,,,,,,,,,,,,,,,,,,,ompu lahtala,,
2242,lai,verb,to scoop up fish with a triangular net fixed across two crossed poles forming an x-,,,,,,,,,,,,,,,,fishing,,,lai akang,
2243,lai,verb,to scoop in such a way at someone's request,,,,,,,,,,,,,,,,fishing,,,balai,
2244,lai,intransitive verb,to be engaged in netting,,,,,,,,,,,,,,,,fishing,,,lai-lai,
2245,lai,noun,kind of triangular net affixed to an x-shaped frame,,,,,,,,,,,,,,,,fishing,,,,
2246,laila:,exclamation,"Heavens!, exclamation of disbelief",,,,,,,,,,,,,,,,,,,,
2247,laina,pronoun,the other one,,,,,,,,,,,,,,,,,,,lalaina,
2248,laina,pronoun,the others,yo anu de lalaina tala mo,"Well, are the whatchamacallits at the others' place still not",,,,,,,,,,,,,,,,malaing,,
2249,laka,noun,"kind of tree, alexandrian laurel,",,,,,,,,,,,,,Calophyllum inophyllum,,,plant,,,,
2250,laka-laka,noun,kind of flower,,,,,,,,,,,,,,,,plant,,,,
2251,laka-laka,noun,"kind of bird, the white cockatoo",,,,,,,,,,,,,,,,,,,,"laka-laka ujang \df kind of bird, perhaps a swallow, fam. Hirundinidae \crm  laulaka ujang"
2252,lakaré,noun,a twist of cloth coiled on o.'s head for resting burdens on,,,,,,,,,,,,,,,,,,,,
2253,lakat,verb,to strike,,,,,,,,,,,,,,,,,,,,"lakat babicara \df to strike up a conversation, lakat bacarita \df to strike up a conversation <discuss> \af  balakatang \ps  vi \df to hit e.o."
2254,lakat,,,,,,,,,,,,,,,,,,,,,lakati,
2255,lakat,verb,to stick s.t. to some place,lakati gambar kata de dinding,Stick (tape) a picture up on the wall.,,,,,,,,,,,,,,,,,lakat akang,
2256,lakat,transitive verb,to stick s.t. at someone's request,,,,,,,,,,,,,,,,,,,balakat akang,
2257,lakat,intransitive verb,to engage in putting things together with adhesives,aku balakat akang buk,I was busy glueing a book.,,,,,,,,,,,,,,,,malakat,,
2258,laki,noun,husband,lakina urang,someone else's husband,,,,,,,,,,,,,,,,,balaki,
2259,laki,intransitive verb,"to be married (of women), to have a husband",,,,,,,,,,,,,,,,kinship,,,laki-laki,
2260,laki,noun,"male, man, a term in plant nomenclature",masarang laki-laki,kind of palm,,,,,,,,,,,,,,,,,,
2261,laki,noun,"kind of tree,",,,,,,,,,,,,,Barringtonia asiatica,,,plant,,,,
2262,laksa,noun,"kind of translucent noodle, similar to vermicelli",,,,,,,,,,,,,,,,,,,,
2263,lakukang,transitive verb,"to do s.t., to perpetrate s.t.",,,,,,,,,,,,,,,,,,,,
2264,laku,adverb,very,paotang laku,excessively heavy,,,,,,,,,,,,,,,,,,
2265,laku,verb,"to sell well, to do a brisk trade",,,,,,,,,,,,,,,,,,,,
2266,lalagakang,,,,,,,,,,,,,,,,,,,,laga,,
2267,lalagar,noun,the lower horizontal structural members which support the planking of a bed,,,,,,,,,,,,,,,,,,pigis,,
2268,lalaina,,,,,,,,,,,,,,,,,,,,laina,,
2269,lalakut,,,,,,,,,,,,,,,,,,,,nggaeka lalakut,,
2270,lalampa,noun,kind of round savory cake of rice and fish wrapped in banana leaf and roasted,,,,,,,,,,,,,,,,food,,,,
2271,lalas,verb,to caress,,,,,,,,,,,,,,,,,,,lalasi,
2272,lalas,verb,to caress someone or s.t.,Ia mulalasi buoka.,She caressed his hair.,,,,,,,,,,,,,,,,,babalalas akang,
2273,lalas,intransitive verb,to caress e.o.,Song babalalas akang song.,One caressed the other.,,,,,,,,,,,,,,,,,,
2274,lalasang,noun,kind of large device to sift sand or gravel <sieve>,,,,,,,,,,,,,,,,utensil,,,,lalasang kawat \df kind of sifter with a screen mesh bottom \df a wire sifter or sieve for sago flour \crm  pamusukang \sf  utensil \af  balalasang \ps  vi \df to be engaged in sifting s.t.
2275,lalat,noun,"fly, order Diptera",,,,,,,,,,,,,,,,insect,,,,"lalat ijo \df kind of fly, the blue bottle fly, perhaps of the genus Calliphora \sf  insect, lalat nggoa \df kind of black fly \sf  insect, lalat sela \df kind of red fly \sf  insect"
2276,lalondang,noun,"sugarcane,",,,,,,,,,,,,,Saccharum officinarum,,,plant,,,,"lalondang luring \df kind of sugarcane favored by the luring bird \sf  plant, lalondang bangke \df kind of large sugarcane \sf  plant"
2277,lalí,noun,"lice crusher, esp. of bamboo (for personal grooming)",,,,,,,,,,,,,,,,utensil,,,,
2278,lalóp,noun,"kind of ray, the stingray,",,,,,,,,,,,,,Urolophus testaceus,,,fish,,,,"lalo/p bintang \df kind of ray, the blue-spotted fantail ray, \sn Taeniura lymna \sf  fish, lalo/p cacebar \df kind of ray, the long-tailed ray, \sn Himantura uarnak \sf  fish, lalo/p manuk \df kind of ray, the spotted eagle-ray, \sn Aetobatus narinari \sf  fish"
2279,lamak,intransitive verb,"delicious, oily and nutty",,,,,,,,,,,,,,,,,,,palamaki,
2280,lamak,verb,to add oil to s.t.,,,,,,,,,,,,,,,,,,,,
2281,lamari,noun,"cupboard, armoire",,,,,,,,,,,,,,,,,,kas,,
2282,lamas,intransitive verb,"to be on the verge of drowning, to be beyond o.'s ken or strength, to be overwhelmed, to be vastly outsized, e.g. when trying on clothing far too large",,,,,,,,,,,,,,,,,,,lamas akang,
2283,lamas,verb,to drown or sink s.t. or someone,,,,,,,,,,,,,,,,,,,,
2284,lamaurat,intransitive verb,to be nearly starved to death <hungry>,,,,,,,,,,,,,,,,,,,palamaurati,
2285,lamaurat,verb,"to cause someone to be hungry, to keep food from someone",,,,,,,,,,,,,,,,,,,,
2286,lambak,noun,"ravine, chasm",,,,,,,,,,,,,,,,geography,,oru-oru,,
2287,lambar,numeral classifier,"sheet, counter for paper, books, etc.",Kuala bukimu salambar?,How about if I take one of your books?,,,,,,,,,,,,,,,,,balambar-lambar,
2288,lambar,intransitive verb,to be arranged in numerous sheets,,,,,,,,,,,,,,,,,,,,
2289,lambat,intransitive verb,"slow-moving, tardy, late",,,,,,,,,,,,,,,,,,,lambati,
2290,lambat,verb,to delay someone,Kau mulambati aku bapaguna:ng.,You're delaying me from my work.,,,,,,,,,,,,,,,,,palambati,
2291,lambat,verb,"to reduce the speed of s.t., to slow s.t. down",,,,,,,,,,,,,,,,,,,,
2292,lambe,intransitive verb,"to wave, to beckon",,,,,,,,,,,,,,,,,,,lambe akang,
2293,lambe,verb,to beckon someone at another's request,,,,,,,,,,,,,,,,,,,,
2294,lampa,intransitive verb,straight,,,,,,,,,,,,,,,archaic,,,,,
2295,lampa:ng,noun,"vegetable, esp. cooked dishes of boiled foods that contain vegetables, i.e. noodles,",,,,,,,,,,,,,,,,food,,,,lampa:ng garu \df kind of culinary preparation in which sliced vegetables are sauteed with very little oil and some spices \crm  garu
2296,lamét,noun,"kind of flat cake of cassava and palm sugar, wrapped in banana leaf",,,,,,,,,,,,,,,,food,,,,
2297,landasan,noun,"basis, airfield, landing trip",,,,,,,,,,,,,,,,,Indonesian,,,
2298,lande,intransitive verb,shallow,,,,,,,,,,,,,,,,,,,,
2299,lano,noun,"residue, renderings from making coconut oil",,,,,,,,,,,,,,,,culinary,,lanyjar,,
2300,lano-lano,noun,marrow,,,,,,,,,,,,,,,,body,,,,
2301,lanos,intransitive verb,withered (due to heat),,,,,,,,,,,,,,,,,,,palanosi,
2302,lanos,verb,to cause s.t. to wither by heating it,,,,,,,,,,,,,,,,,,,,
2303,lantoro,noun,"kind of tree,",,,,,,,,,,,,,Leucaena glauca,,,plant,,,,
2304,langgamang,noun,"sensation preceding a fever attack, chills indicating the onset of illness",,,,,,,,,,,,,,,,health,,,,
2305,langgar,verb,to pass by,,,,,,,,,,,,,,,,,,,langgari,
2306,langgar,verb,to pass by s.t.,Alengo kulanggari pasar sunyi manusia mo.,"Just now I passed by the market, it was",,,,,,,,,,,,,,,,,,
2307,langgar,noun,an Islamic prayer house,,,,,,,,,,,,,,,,spiritual,,masigi/t,,
2308,langi-langit,noun,palate,,,,,,,,,,,,,,,,,,,,
2309,langit,noun,sky,,,,,,,,,,,,,,,,natural phenomenon,,,,
2310,langkap,verb,"fully equipped, fully furnished, complete",,,,,,,,,,,,,,,,,,,,
2311,langker,pronoun,"he, him",deminyá basaláng kita tolu nang langker babose hakali barikang,How about if he and,,,,,,,,,,,,respectful third person singular term of reference for older men,,,,,,
2312,langker,noun,"male elder, older man, male adult",si jafar mubei langker itu dodol,Jafar gave the man some durian cake.,,,,,,,,,,,,,,,,karukus,,
2313,langkuas,noun,"kind of ginger, used as a spice, the greater galangal,",,,,,,,,,,,,,Languas galanga,,,plant,,,,
2314,langsung,adverb,"straightaway, without deviation or interuption, straight",tapasang kaca nang langsung seng hakali,We put in the glass and straightaway the zinc,kau muli langsung de ruma,Are you going straight home?,,,,,,,,,,,,,,bobuena,,
2315,lanycat-lanycat,noun,kind of tree,,,,,,,,,,,,,,,,plant,,,,
2316,lanyjar,noun,"dregs after frying fish, residue of scorched fragments",,,,,,,,,,,,,,,,culinary,,lano,,
2317,lanyjar,verb,"to loosen (of kite strings), to slacken (ropes)",,,,,,,,,,,,,,,,,,,lanyjari,
2318,lanyjar,verb,to slacken s.t. for someone,,,,,,,,,,,,,,,,,,,,
2319,lanyjar,verb,to slacken s.t. at someone's request,,,,,,,,,,,,,,,,,,,balanyjarang,
2320,lanyjar,intransitive verb,to be criss-crossed and tangled in a kite fight,filinggir dua balanyjarang ianta,Two kites are crossed there in a kite fight,,,,,,,,,,,,,,,,,palanyjari,
2321,lanyjar,verb,to slacken s.t. (kite lines) in order to compete with another kite,,,,,,,,,,,,,,,,,,,lanyjar-lanyjar,
2322,lanyjar,intransitive verb,"loose (of strings), slack, easy-going",lanyjar-lanyjar hadiki mo kau,Don't you ever loosen up a little?,,,,,,,,,,,,,,,,"kalanyjarang, haria",,
2323,lao,noun,fish,lao ndule,roasted fish,,,,,,,,,,,,,,fish,,,,"lao ajarang \df kind of fish, the sea-horse, possibly the low-crowned sea-horse, \sn Hippocampus planifrons, fam. Syngnathidae \sf  fish, lao bandang \df kind of fish \sf  fish, lao bandera \df kind of fish, the feather-fin bullfish or the pennant coralfish, \sn Heniochus acuminatus \sf  fish, lao batu \df various kind of fish found in coral reef environments \sf  fish, lao bini \df kind of fish, possibly the sand bass \sn Psammoperca waigiensis \sf  fish, lao boki \df kind of brilliantly colored fish, the Venus tusk-fish or the blue parrot, \sn Choerodon venustus \sf  fish, lao boki ijo \df kind of fish, possibly the blue tusk-fish, {Choerodon albigena \sf  fish, lao boki baistrep \df kind of striped fish, \sn Choerodon \sf  fish, lao boki sela \df kind of fish, \sf  fish, lao busukang \df kind of very small fish, similar to ma:s, lao duriang \df kind of fish, the porcupine fish, \sn Diodon hystrix \sf  fish, lao gora \df kind of red fish with large eyes, lao idung lamak \df kind of fish, a threadfin, probably the colonial salmon, \sn Eleutheronema tetradactylum \sf  fish, lao ikur angus \df kind of fish, a herring, \sn Harengula \sf  fish, lao inggap \df kind of fish, the flying fish, \sn Cypsilurus \sf  fish, lao jawa-jawa \df kind of fish, the painted sweetlips or morowong, \sn Spilotichthys pictus \sf  fish, lao kakatua \df kind of fish, the tuskfish, \sn Choerodon \sf  fish, lao kakatua biru \df kind of fish, the purple tusk-fish or grass parrot, \sn Choerodon cephalotes \sf  fish, lao kakatua ijo \df kind of fish, the black-spot tusk-fish, \sn Choerodon schoenleinii \sf  fish, lao kiri/ng \df kind of food consisting of fish boiled in salt and a souring agent (mawe), lao kuli paser \df kind of fish, the ring-tailed surgeon-fish, \sn Acanthurus xanthopterus \sf  fish, lao kuring-kuring \df kind of white and black fish, lao mamakanga \df the time when fish feed <feeding times>, lao mati \df a time when fish are easily caught \sf  fishing, lao mbora \df kind of fish, a scad, perhaps the horse mackerel, \sn Trachurus declivis or another \sn Trachurus sp.] \sf  fish, lao nduyung \df dugong, sea cow, \sn Dugong dugong \sf  sea creature, lao  nggura-nggurat \df kind of light colored fish, lao noru \df kind of fish, lao papi: \df kind of black, thick-skinned fish with a small mouth, lao papua \df kind of fish, the peacock damsel-fish or sapphire demoiselle, \sn Pomacentrus pavo \sf  fish, lao puka \df kind of fish, possibly the red morwong, \sn Cheilodactylus fuscus \sf  fish, lao puti \df kind of fish, the iodine bream or the collared sea-bream, \sn Gymnocranius bitorquatus \sf  fish, lao raci \df kind of fish, the black-banded kingfish, \sn Seriolina nigrofasciata \sf  fish, lao roya \df kind of fish, similar to the garfish, lao ruma-ruma \df kind of fish similar to  mackerel, lao susumbilang \df kind of catfish, order Siluriformes, lao tajang \df kind of fish, a rabbitfish, possibly the golden-lined spinefoot, \sn Siganus guttatus \sf  fish, lao tampalong \df kind of fish, the two-banded Anemone fish, \sn Amphiprion akindynos \sf  fish, lao tatar \df kind of fish, the hairtail, \sn Trichurus savala \sf  fish, lao tatar batulang \df kind of fish, the wolf herring or knife-fish, \sn Chirocentrus dorab \sf  fish, lao tatar sabel \df kind of fish \sf  fish, lao tutuk \df kind of food made of dried fish pounded into small pieces or fragments \crm  aliofa \crm  alu alu \crm  anasage \crm  ane/i \crm  awakang \crm  balanak \crm  balukus \crm  bambano/t \crm  bibisang \crm  bigo \crm  bukuraci \crm  butu cina \crm  cacawilu \crm  cambaekat \crm  dalise \crm  daun baru \crm  dolosi \crm  gaca \crm  ginogi \crm  gogo lobo \crm  ilik \crm  iyu \crm  kabila \crm  kakalentik \crm  kapa-kapas \crm  kapala madang \crm  kapala togor \crm  koco-koco \crm  kokorai \crm  kolouno \crm  korat \crm  kotong \crm  kuisi \crm  lalo/p \crm  lolot \crm  lompa \crm  lompa-lompa \crm  lopi \crm  lopu \crm  lumpa-lumpat \crm  malaing \crm  mame/s \crm  maosik \crm  ma:s \crm  mata buku \crm  mata mambar \crm  mbaurat \crm  modalo karang \crm  mofil \crm  momar \crm  nanggoap \crm  ndaeping \crm  nggupi \crm  nonda \crm  nguti-nguti \crm  ondal \crm  pampang \crm  pangga \crm  papi/ \crm  pogot \crm  pulang-pulang \crm  puyu-puyu \crm  raja bau \crm  rantasi \crm  ruma-ruma \crm  sagalu/: \crm  salamanetu \crm  saradina \crm  sidar \crm  sikuda \crm  siloang \crm  singarok \crm  siwi \crm  soga \crm  sogili \crm  sorihi \crm  sulang \crm  sumbilang \crm  suo \crm  suru \crm  tampar puki \crm  tanggiri \crm  tatambola \crm  titiora \crm  toang \crm  tolap \crm  tolouro \crm  tontong \crm  totuko \crm  turumpe/t \crm  uhi \crm  utur \crm  wang"
2324,lap,verb,to slap someone,,,,,,,,,,,,,,,casual,,,,,
2325,lapangan,,,,,,,,,,,,,,,,,,,,lapangang,,
2326,lapangang,,,,,,,,,,,,,,,,,,,,,,"lapangang kapal udara \df airfield, lapangang terbang \df airfield \af  lapangang udara \df airfield, landing strip"
2327,lapas,intransitive verb,to be released,,,,,,,,,,,,,,,,,,,lapas akang,
2328,lapas,verb,to release s.t.,,,,,,,,,,,,,,,,,,,nalapas,
2329,lapas,intransitive verb,to be accidentally released or removed,Sandaliku nalapas.,My sandals came off.,,,,,,,,,,,,,,,,,,
2330,lapetak,noun,"garden at some distance from o.'s house, swidden",,,,,,,,,,,,,,,,,,,,"lapetak jurame \df swidden in secondary forest, lapetak kayuang \df swidden in primary forest \af  balapetak \ps  vi \df to cultivate the land, to work in o.'s garden"
2331,lapisan,noun,layer,,,,,,,,,,,,,,,,,,,,
2332,lap-lap,noun,"dishtowel, napkin",,,,,,,,,,,,,,,,,,,,
2333,lapor,intransitive verb,"to report o.s., to present o.s. to fulfill a certain requirement","basaláng talapor mo, tapabua tu kira-kira deminyá itu","If we do not report, how do you",,,,,,,,,,,,,,,,,,
2334,lapor,verb,to report s.t.,,,,,,,,,,,,,,,,,,,,
2335,lapát,noun,,,,,,,,,,,,,,,,,,,,,
2336,lawang,,,,,,,,,,,,,,,,,,,,kayu lawang,,
2337,lawér,intransitive verb,"to walk aimlessly, to travel around to no specific purpose, to wander",,,,,,,,,,,,,,,,,,,,
2338,laíf,intransitive verb,"confused, forgetful, flighty, drunk",,,,,,,,,,,,,,,codeword,,,,,
2339,lebe,,,,,,,,,,,,,,,,,,,,lebi,,
2340,lebi,noun,more,tatapi tala pake senso sabap senso lebi capát,But we already use chainsaws because,,,,,,,,,,,,,,,,,,"lebi daulu \df first of all (in a sequence), lebi majang \df it would be better \il  lebi majang balampo ka taala suligi You had better go off and maybe get a sharpened stake. \crm  lemajang, lebi sisa \df even more, all the more so \il  sero ia tama lebi sisa As for a stationary fish trap, they (fish) go in in even greater numbers."
2341,lecak,noun,"earth, soil, sand, esp. granules that get into o.'s house, sand mixed with dirt on the streets, land, esp. as property, real estate",tatanyai itu lecak puang siá lecaka ini,We ask first about the land,whose land is this?,,,,,,,,,,,,,,,,,lecak bata \df clay \crm  katang
2342,lefo,noun,"an abbreviated, learner's version of the Quran",,,,,,,,,,,,,,,,spiritual,,,,
2343,lefo,intransitive verb,to write,,,,,,,,,,,,,,,,,,,lefoi,
2344,lefo,transitive verb,to write s.t. for someone,,,,,,,,,,,,,,,,,,,balefo,
2345,lefo,intransitive verb,to engage in writing,,,,,,,,,,,,,,,,,,,palefoang,
2346,lefo,noun,"writing instruments, s.t. written, a text",,,,,,,,,,,,,,,,,,,,
2347,leger,noun,curb,,,,,,,,,,,,,,,,,,,,
2348,lele,,,,,,,,,,,,,,,,,,,,,lele akang,
2349,lele,transitive verb,to bend s.t. into a curve (e.g. to make an arch),,,,,,,,,,,,,,,,,,,nalele,
2350,lele,intransitive verb,"to be bent in a curve (e.g., to arch because of heavy weights on each side, to sag",,,,,,,,,,,,,,,,,,,,
2351,lelempe,noun,kind of pancake of sago flour,,,,,,,,,,,,,,,,sago,,,,
2351,lelempe,noun,kind of pancake of sago flour,,,,,,,,,,,,,,,,food,,,,
2352,leleáng,noun,"o. who joins in cooperative work, someone who helps at a ritual meal <server> <helper>",,,,,,,,,,,,,,,,,,,baleleáng,
2353,leleáng,intransitive verb,"to help at a ritual meal, to participate in a community or family task",,,,,,,,,,,,,,,,,,,,
2354,lem,exclamation,yes,,,,,,,,,,,,,,,polite,,,jo,,
2355,lemajang,particle,it would be better,Lemajang kau babose ka da:.,You'd better paddle back to shore.,lemajang pabua kalero,It's better to build a bonfire.,,,,,,,,,,,,,,majang,,
2356,lema-lema,noun,kind of ropes (used for sails),,,,,,,,,,,,,,,,boat,,,,"lema-lema bini-bini \df the lower rigging of sails \sf  boat, lema-lema laki-laki \df the upper rigging of sails \sf  boat"
2357,lembong,,,,,,,,,,,,,,,,,,,,,lembong akang,
2358,lembong,transitive verb,"to cause s.t. to drift in the wind (by cutting a kite's line, by tossing sheets of paper in the air, etc.)",,,,,,,,,,,,,,,,,,,balembong,
2359,lembong,intransitive verb,"to waft in the wind, to be borne on an updraft",,,,,,,,,,,,,,,,,,,,
2360,lena,verb,"to woo someone, to go with someone",Kulena ia.,I'm courting her.,,,,,,,,,,,,,,,,,balena,
2361,lena,intransitive verb,"to be courting, to be flirtatious",,,,,,,,,,,,,,,,,,,,
2362,lendang,,,,,,,,,,,,,,,,,,,,bido lendang,,
2363,lengit,intransitive verb,to disappear,,,,,,,,,,,,,,,,,,,lengit akang,
2364,lengit,transitive verb,to cause s.t. or someone to disappear,Musu yang hadiki mulengit akang musu yang barisi.,A handful of enemies cause a,,,,,,,,,,,,,,,,,balengit,
2365,lengit,intransitive verb,"to make o.s. scarce, to disappear from the scene, to vanish",Puda muala pondona nang tala balengit,Puda took his shirt and disappeared,,,,,,,,,,,,,,,,rigap,lengi-lengit,
2366,lengit,intransitive verb,to appear and to disappear,manusia lengi-lengit,disappearing folk,,,,,,,,,,,,,,,,,,
2367,lengit,noun,"twilight, nearly dark, uncertain vision",,,,,,,,,,,,,,,,,,,,
2368,leo,,,,,,,,,,,,,,,,,,,,,baleo-leo,
2369,leo,intransitive verb,"to be covered with water, to be flooded (of a surface)",,,,,,,,,,,,,,,,,,,,
2370,lepa,noun,the plaited sago leaf exterior and interior of a sago-meal container,,,,,,,,,,,,,,,,,,"babat, tali oi",,
2371,lepa-lepa,noun,kind of small dug-out,,,,,,,,,,,,,,,,boat,,nyjong,,
2372,leper,noun,"spoon, shovel or spade, bailing tool made of bamboo",,,,,,,,,,,,,,,,utensil,,,,
2372,leper,noun,"spoon, shovel or spade, bailing tool made of bamboo",,,,,,,,,,,,,,,,"utensil, tool",,,,
2373,lepik,verb,to place s.t. under s.t.,Botangi ia de itu mulepik puang.,"Before you put it there, put s.t. under it.",,,,,,,,,,,,,,,,,lepik akang,
2374,lepik,verb,"to place s.t. (a mat, saucer, etc.) under s.t. at someone's request",,,,,,,,,,,,,,,,,,,balepik,
2375,lepik,intransitive verb,to have breakfast,,,,,,,,,,,,,,,,,,,palepikang,
2376,lepik,noun,"breakfast, as it is laid out on the table",,,,,,,,,,,,,,,,,,,lepi-lepik,
2377,lepik,noun,"s.t. placed under another object (e.g., placemat, wedge under a table leg, etc.), a stand for pots, trivet, anvil",,,,,,,,,,,,,,,,,,,,
2378,ler,noun,neck,,,,,,,,,,,,,,,,body,,,,"ler pokona \df the length of the neck, incl. the nape and base of the neck \sf  body"
2379,lesa,noun,food (for the sultan),,,,,,,,,,,,,,,,,,,balesa,
2380,lesa,intransitive verb,"to eat, a term used to invite court officials and nobles",,,,,,,,,,,,,,,court,,,,,
2381,les,noun,"contribution, share (in an expense), dues",,,,,,,,,,,,,,,,,,,,
2382,les,noun,the frame of a door,,,,,,,,,,,,,,,,house,,,,
2383,leta,intransitive verb,to have a hare-lip,,,,,,,,,,,,,,,,body,,,,
2384,lewang,noun,"a stationary, erect blade used to husk coconuts <husker>",,,,,,,,,,,,,,,,tool,,,,
2385,lia,intransitive verb,"to have vision, to be able to see, to perceive, to have a viewpoint",kulia sodo kamí botangi silóng ka ba: itu,"In my view, you should put a shed up",,,,,,,,,,,,,,,,,,
2386,lia,verb,to see s.t.,sarumanta haiku de mana ni alengo asar kita lia mo,"So, where is that friend of ours? At",,,,,,,,,,,,,,,,,liai,
2387,lia,verb,to look at s.t. for someone,,,,,,,,,,,,,,,,,,,lia akang,
2388,lia,verb,to look after s.t. at someone's request,,,,,,,,,,,,,,,,,,,balia,
2389,lia,intransitive verb,"to engage in viewing and gazing, to copy from someone's test",,,,,,,,,,,,,,,,,,,balia-lia:ng,
2390,lia,intransitive verb,"to see e.o., to be close enough to see e.o. (of distances, e.g. between houses)",,,,,,,,,,,,,,,,,,tauli,lia-lia,
2391,lia,verb,"to look repeatedly or for some time at s.t., to gaze",talia-lia ka bawa mini lao-lao de karang-karang,"We looked steadily downwards, like",,,,,,,,,,,,,,,,,,
2392,liar,intransitive verb,"wild, undomesticated",,,,,,,,,,,,,,,,,,,,
2393,licing,intransitive verb,"wiped clean, without a crumb left, smooth, without thorns or protrusions",,,,,,,,,,,,,,,,,,"ambulung licing, lumba-lumba licing",,
2394,lida,noun,tongue,,,,,,,,,,,,,,,,body,,,,"lida nalipat \df to speak incorrectly, to experience a slip of the tongue \crm  peto lidana"
2395,lida bebe,noun,"kind of marsh plant,, kind of fern, perhaps",,,,,,,,,,,,,"Monochoria vaginalis, Crypsinus stenophyllus",,,plant,,,,
2396,lida buaya,noun,"kind of plant, the aloe,",,,,,,,,,,,,,Aloe vera,,,plant,,,,
2397,lidi,noun,dry midrib of a palm frond or leaf,,,,,,,,,,,,,,,,,,,,
2398,lika-lika,noun,"kind oftrap in which the prey stumbles into a shallow pit where a snare for its leg has, kind of baited snare which is jerked by the hunter when the prey, usually a bird, comes to",,,,,,,,,,,,,,,,,,,nalika-lika,
2399,lika-lika,intransitive verb,"to have erred, stumbled or faltered",,,,,,,,,,,,,,,,,,tamboang,,
2400,lilap,noun,lightning,,,,,,,,,,,,,,,,,,,balilap,
2401,lilap,intransitive verb,to be characterized by a flash of lightning,,,,,,,,,,,,,,,,,,,balilap-lilap,
2402,lilap,intransitive verb,to be characterized by continuous flashes of lightning,,,,,,,,,,,,,,,,natural phenomenon,,,,
2403,lilis,,,,,,,,,,,,,,,,,,,,,lilisi,
2404,lilis,verb,to slice around the edge of coconut flesh,,,,,,,,,,,,,,,,,,,lilis akang,
2405,lilis,verb,to slice around s.t. for someone else,,,,,,,,,,,,,,,,,,,,
2406,lilit,,,,,,,,,,,,,,,,,,,,,liliti,
2407,lilit,verb,"to wrap around s.t., to encircle s.t.",Muliliti kapalaku nang salia hadiki.,Please wrap some cloth around my head.,,,,,,,,,,,,,,,,,lilit akang,
2408,lilit,verb,to coil s.t. at someone's request,,,,,,,,,,,,,,,,,,,balilit,
2409,lilit,intransitive verb,"to be coiled around, e.g. a snake on a branch",,,,,,,,,,,,,,,,,,,palili-lilit,
2410,lilit,intransitive verb,to go in circles,,,,,,,,,,,,,,,,,,,,
2411,lima,numeral,five,,,,,,,,,,,,,,,,,,,,lima pulu \df fifty
2412,limo,noun,various kind of citrus fruit,,,,,,,,,,,,,Rutaceae,,,plant,,,,"limo amas \df kind of sweet citrus, possibly \sn Citrus aurantiaca \sf  plant, limo cuit \df kind of small citrus, sweet orange, \sn Citrus sinensis \sf  plant, limo joro puru \df kind of citrus with a bumpy skin, \sn Citrus hystrix \sf  plant, limo kapal \df kind of large citrus,  pomelo, \sn Citrus maxima \sf  plant, limo nipis \df kind of citrus, lime, \sn Citrus aurantiifolia \sf  plant, limo panycungut \df kind of citrus with a bumpy skin \sf  plant, limo pucat \df kind of citrus with a bumpy skin \sf  plant, limo soar \df kind of citrus with fragrant leaves \sf  plant"
2413,limpa,noun,spleen,,,,,,,,,,,,,,,,body,,,,
2414,limpung,,,,,,,,,,,,,,,,,,,,,balimpung,
2415,limpung,intransitive verb,"to collect in large numbers, to form a crowd",Pasi balimpung de babide.,They formed a crowd at the shrine.,,,,,,,,,,,,,,,,,palimpungang,
2416,limpung,noun,"grand meeting place, meeting hall",,,,,,,,,,,,,,,,,,,,
2417,lindung,noun,late afternoon,,,,,,,,,,,,,,,,,,,,
2418,lindur,noun,"earthquake, tremor, after-shock",,,,,,,,,,,,,,,,natural phenomenon,,,,
2419,lintang,,,,,,,,,,,,,,,,,,,,,lintangi,
2420,lintang,transitive verb,"to cause s.t. to cross, to put s.t. on an angle against s.t.",muala kumbar bena lintangi ka sana,Take some sago midribs and put them on an angle,,,,,,,,,,,,,,,,,lintang akang,
2421,lintang,transitive verb,to put s.t. on an angle or across s.t. (at someone's request),,,,,,,,,,,,,,,,,,,linta-lintang,
2422,lintang,noun,"mid-section, mid-course, in the middle",,,,,,,,,,,,,,,,,,,,
2423,lingga-lingga,noun,kind of tree,,,,,,,,,,,,,,,,plant,,,,
2424,linggang,,,,,,,,,,,,,,,,,,,,,linggangi,
2425,linggang,verb,to tilt s.t.,,,,,,,,,,,,,,,,,,,linggangi akang,
2426,linggang,verb,to tilt s.t. at someone's request,,,,,,,,,,,,,,,,,,,linggang akang,
2427,linggang,verb,to tilt s.t.,,,,,,,,,,,,,,,,,,,,"linggang akang nyjong \df to tip a small boat left then right forcefully in order to remove water \af  balinggang \ps  vi \df to tilt and tip, to be unstable (e.g. a boat in water) \crm balibalinggarang"
2428,linggua,noun,kind of tree which yields house and furniture timber,,,,,,,,,,,,,,,,plant,,,,
2429,lingkar,numeral classifier,"coil, strand, counter of ropes, chains, necklaces, etc.",,,,,,,,,,,,,,,,,,,,
2430,lingkar,transitive verb,"to coil up (rope, etc.)",,,,,,,,,,,,,,,,,,,,
2431,linyca,noun,"kind of medium-sized black louse which infests the hair, possibly a stage in the growth",,,,,,,,,,,,,,,,insect,,,,
2432,lipa-lipat,noun,the fold of the knee or elbow (i.e. the back of those joints),,,,,,,,,,,,,,,,body,,,,
2433,lipas,noun,"kind of insect, the cockroach, suborder Blattaria",,,,,,,,,,,,,,,,insect,,,,
2434,lipat,verb,"to fold, to beat someone up",,,,,,,,,,,,,,,,,,,lipati,
2435,lipat,verb,to fold s.t. for someone,,,,,,,,,,,,,,,,,,,lipat akang,
2436,lipat,verb,to fold s.t. at someone's request,,,,,,,,,,,,,,,,,,,balipat,
2437,lipat,intransitive verb,"to engage in folding s.t., to sit with legs folded, haunches resting on the heels <squat>",balipat pondo,to fold shirts ( as a chore),,,,,,,,,,,,,,,,,nalipat,
2438,lipat,intransitive verb,to be unintentionally folded,,,,,,,,,,,,,,,,,,,nalipat-lipat,
2439,lipat,verb,"to be folded back many times, to be all folded and creased, to have fallen backwards repeatedly",ibobar sigodo nalipat-lipat de itu,"He beat them until they crumbled, folded over, right",,,,,,,,,,,,,,,,,,
2440,lipu,noun,"village, town (main village)",anaseni ba: ba: baku de lipu ka,"Some youth took it to carry sago to (Amasing) town, I guess.",,,,,,,,,,,,,,,,,,lipu puna \df authentic Bacanese \crm  kampong
2441,lir,noun,"sap exuded from certain plants, incl. sago, after they have been notched or slashed",,,,,,,,,,,,,,,,,,,balír,
2442,lir,intransitive verb,to exude sap or any viscous liquid,karang bido ni balír mo e,Staghorn coral does not exude liquids (when burned to,,,,,,,,,,,,,,,,,,
2443,litas,intransitive verb,shaved bald (of heads),,,,,,,,,,,,,,,,,,,,
2444,liu,,,,,,,,,,,,,,,,,,,,,baliu,
2445,liu,intransitive verb,"to have an irresistible desire for certain foods, to crave (of pregnant women)",,,,,,,,,,,,,,,,,,,baliu akang,
2446,liu,intransitive verb,to crave s.t. specific,,,,,,,,,,,,,,,,,,,,
2447,liur,noun,"spittle, phlegm",,,,,,,,,,,,,,,,body,,,,
2448,liwar,intransitive verb,wide,lombo-lombona cengke alengo takore liwara sameter,Those pits for planting clove,,,,,,,,,,,,,,,,,paliwari,
2449,liwar,verb,to widen s.t.,paliwari kas,to widen an armoire,,,,,,,,,,,,,,,,,,
2450,liwat,verb,to cook (rice),,,,,,,,,,,,,,,,,,,,
2451,liwat,intransitive verb,cooked,pamasik liwat,cooked rice,,,,,,,,,,,,,,,,,liwati,
2452,liwat,verb,to cook (rice) for someone,,,,,,,,,,,,,,,,,,,liwat akang,
2453,liwat,verb,to cook (rice) at another's request,,,,,,,,,,,,,,,,,,,liwati akang,
2454,liwat,verb,to cook (rice) for someone at another's request,,,,,,,,,,,,,,,,culinary,,,baliwat,
2455,liwat,intransitive verb,to be engaged in cooking rice,,,,,,,,,,,,,,,,,,masak,,
2456,loa,intransitive verb,"to be bent out of shape, to be straight (when it should be curved), e.g. of fish hooks",,,,,,,,,,,,,,,,,,,loai,
2457,loa,verb,to straighten s.t. a bit for someone,,,,,,,,,,,,,,,,,,,loai akang,
2458,loa,verb,to straighten s.t. at someone's request,,,,,,,,,,,,,,,,,,,loa akang,
2459,loa,verb,to straighten s.t. at someone's request,,,,,,,,,,,,,,,,,,,paloai,
2460,loa,verb,to straighten s.t. carefully,,,,,,,,,,,,,,,,,,,paloai akang,
2461,loa,verb,to straighten s.t. carefully at someone's request,,,,,,,,,,,,,,,,,,,paloa akang,
2462,loa,verb,"to straighten s.t. completely, to bend s.t. straight",ia tala mupaloa akang kawil bo: jarong,He straightened out that hook into a (cobbler's),,,,,,,,,,,,,,,,benga,,
2463,loa-loa,adverb,"plain, without fixings, i.e. sugarless (of tea), without reservation, without terms, unqualifiedly",makang loa-loa,eat but without fish,longgar loa-loa,drink tea without cakes,Taumbuk loa-loa mitu mo.,We don't ask for it without terms like that.,,,,,,,,,,,,,,
2464,loang,noun,"kind of tree, the Flamboyant or Flame tree,",,,,,,,,,,,,,Delonix regia,,,plant,,,,loang papua \df kind of tree \sf  plant
2465,lobak,noun,"turnip, turnip greens,",,,,,,,,,,,,,Brassica campestris,,,,,,,
2466,lobang,noun,shavings and curls left from planing wood,,,,,,,,,,,,,,,,,,,,
2467,lobi,intransitive verb,"to be overcast, to be cloudy",,,,,,,,,,,,,,,,,,,lobi-lobi,
2468,lobi,noun,shade,,,,,,,,,,,,,,,,,,,balobi-lobi,
2469,lobi,intransitive verb,to seek shade (e.g. beneath a tree),,,,,,,,,,,,,,,,,,,,
2470,lobong,verb,"to bury s.t., to hide s.t. underground, to plant s.t. (seeds, etc.)",,,,,,,,,,,,,,,,,,,lobong akang,
2471,lobong,verb,to bury or plant s.t. at someone's request,,,,,,,,,,,,,,,,,,,balobong,
2472,lobong,intransitive verb,to be engaged in burying or planting,,,,,,,,,,,,,,,,,,,nalobong,
2473,lobong,intransitive verb,"enmired, stuck in mud",,,,,,,,,,,,,,,,,,,,
2474,loco,verb,"to push out (e.g. cake from a mold), to masturbate",,,,,,,,,,,,,,,,,,,baloco,
2475,loco,intransitive verb,to be engaged in masturbating,,,,,,,,,,,,,,,,,,,balolocoang,
2476,loco,intransitive verb,to engage in mutual genital stimulation,,,,,,,,,,,,,,,,,,,,
2477,lode,noun,kind of vegetable dish. featuring unripe jackfruit and a light coconut cream sauce,,,,,,,,,,,,,,,,,,,,
2478,lofra,,,,,,,,,,,,,,,,,,,,lopra,,
2479,loga-loga,noun,kind of oil taper,,,,,,,,,,,,,,,,,,,,
2480,logang,noun,thunderous rumble,,,,,,,,,,,,,,,,natural phenomenon,,,,
2481,logas,intransitive verb,"burned to a crisp, destroyed by fire",,,,,,,,,,,,,,,,,,,,
2482,logos,noun,bin for storing unhusked rice,,,,,,,,,,,,,,,,utensil,,,,
2483,lohi,verb,"to penetrate someone in sexual intercourse, to have sex with someone",,,,,,,,,,,,,,,,,,,lohi akang,
2484,lohi,verb,to penetrate someone in coitus at someone's request,,,,,,,,,,,,,,,,,,,balohi,
2485,lohi,intransitive verb,to engage in sexual intercourse,,,,,,,,,,,,,,,,,,,,
2486,lolahi,noun,curse,Lolahi mukanai kau.,May a curse befall you!,,,,,,,,,,,,,,,,,lolahi akang,
2487,lolahi,verb,"to curse someone, to revile someone",manusia kita kapo mo ilolahi akang kita,"People, if we don't show up, will just revile",,,,,,,,,,,,,,,,,,
2488,loleo,noun,"bay, cove",,,,,,,,,,,,,,,,,,,,
2489,lolot,noun,kind of fish,,,,,,,,,,,,,,,,fish,,,,
2490,lolóng,verb,"to hold in both arms, esp. a child",,,,,,,,,,,,,,,,,,,,
2491,lomba,,,,,,,,,,,,,,,,,,,,,balomba-lomba,
2492,lomba,intransitive verb,to engage in a competition <compete>,,,,,,,,,,,,,,,,,,,babalomba,
2493,lomba,intransitive verb,to be part of a contest in which persons compete,,,,,,,,,,,,,,,,,,,balobalomba:ng,
2494,lomba,intransitive verb,to compete against e.o. (of many persons),,,,,,,,,,,,,,,,,,,,
2495,lombang,noun,"kind of palm, fam. Palmaceae",,,,,,,,,,,,,,,,,,,,
2496,lombo-lombo,noun,"hole on a horizontal surface, pit, foxhole, bomb shelter",lombo-lombona cengke,the pit for planting clove seedlings,,,,,,,,,,,,,,,,lopra,,
2497,lombut,intransitive verb,soft,,,,,,,,,,,,,,,,,,,palombuti,
2498,lombut,verb,"to soften s.t., to mash s.t. (e.g. bananas)",,,,,,,,,,,,,,,,,,,,
2499,lompa-lompa,noun,"kind of fish, the king snapper or rosy job-fish,",,,,,,,,,,,,,Aprion microlepis,,,fish,,,,
2500,lompa,noun,"kind of fish, anchovy, perhaps",,,,,,,,,,,,,Engraulis australis,,,fish,,,,
2501,lompa,,,,,,,,,,,,,,,,,,,,duriang mata-mata lompa,,
2502,londur,intransitive verb,to walk with an erratic sway (usually due to a congenital defect),,,,,,,,,,,,,,,,,,,,
2503,lontar,verb,to throw s.t.,,,,,,,,,,,,,,,archaic,,,,,
2504,lontar,noun,"kind of palm, the palmyra palm, kind of trapezoid-shaped sail made of palm leaves",,,,,,,,,,,,,Borassus flabellifer,,archaic,,,barawango,,
2505,lonteng,noun,"ceiling, attic",,,,,,,,,,,,,,,,house,,,,
2506,longgar,verb,to drink s.t.,,,,,,,,,,,,,,,,,,,longgari,
2507,longgar,verb,"to assist someone to drink, to serve someone a beverage, to drink s.t.",pasi mulonggari anaseni te,They served the fellows tea,Longgari te barenti...,"After they've drunk the tea,...",,,,,,,,,,,,,,,longgar akang,
2508,longgar,verb,to serve beverages at someone's request,,,,,,,,,,,,,,,,,,,longgari akang,
2509,longgar,verb,to serve someone a beverage at another's request,kau mulonggari akang ia kofi,Serve her coffee (for me),,,,,,,,,,,,,,,,,balonggar,
2510,longgar,intransitive verb,to join in a ceremonial meal (featuring beverages) as part of the wedding ritual,,,,,,,,,,,,,,,,,,,palonggar,
2511,longgar,noun,chronic drinker,,,,,,,,,,,,,,,,,,,palonggarang,
2512,longgar,noun,o.'s customary (every day) glass or cup,,,,,,,,,,,,,,,,,,,,
2513,longgar,verb,loose-fitting,,,,,,,,,,,,,,,,,,lungga,,
2514,longkat,,,,,,,,,,,,,,,,,,,,,longkat akang,
2515,longkat,verb,to chip off the edge of s.t.,"Ir, kana: kau mulongkat akang dinding itu?","Ir, why did you chip the edge off of that",,,,,,,,,,,,,,,,,nalongkat,
2516,longkat,intransitive verb,"to be chipped, to inadvertently expectorate",,,,,,,,,,,,,,,,,,,,
2517,longlóng,,,,,,,,,,,,,,,,,,,,saya longlo/ng,,
2518,long,noun,lung,,,,,,,,,,,,,,,casual,,,tama long,,
2519,long,,,,,,,,,,,,,,,,,,,,,balóng,
2520,long,intransitive verb,to eat,,,,,,,,,,,,,,,respectful,,,,palongang,
2521,long,noun,"eating utensils, crockery",,,,,,,,,,,,,,,,,,,,
2522,lonycar,noun,"side yard, space between houses",,,,,,,,,,,,,,,,,,,,
2523,lopa-lopa,noun,tobacco pouch,,,,,,,,,,,,,,,,,,,,
2524,lopi,noun,"kind of ray, the Devil ray,",,,,,,,,,,,,,Manta alfredi,,,fish,,,,
2525,lopis,noun,kind of sweetmeat made with glutinous rice boiled in a banana leaf wrapper and served,,,,,,,,,,,,,,,,,,,,
2526,lopra,noun,"air raid shelter, foxhole",,,,,,,,,,,,,,,archaic,,,lombo-lombo,,
2527,lopu,noun,"kind of fish, stonefish,",,,,,,,,,,,,,Scorpaenopsis cirrhosa,,,,,,,"lopu baloya \df kind of fish, probably the Guam scorpionfish, \sn Scorpaenodes guamensis \sf  fish, lopu karukus \df kind of fish, the dwarf lionfish \sn Dendrochirus zebra \sf  fish"
2528,lor,intransitive verb,"to dissolve in water (e.g. sago flour, a medicinal potion, etc.)",,,,,,,,,,,,,,,,,,,,
2529,lori,noun,various kind of snipes,,,,,,,,,,,,,"Scolopacidae, Charadriidae",,,bird,,,,"lori pongo \df the long-billed curlew, similar to the eastern curlew, \sn Numenius madagascariensis <bird> \sf  bird, lori sawang \df the whimbrel, \sn Numenius phaeopus <bird> \sf  bird"
2530,los,verb,"to loosen s.t. (rope, etc.)",,,,,,,,,,,,,,,,,,,,
2531,los,intransitive verb,to be loose (of ropes),,,,,,,,,,,,,,,,,,,,
2532,losiang,noun,"arthritis, rheumatism",,,,,,,,,,,,,,,,health,,marusak,,
2533,losu-losung,noun,whirlpool,,,,,,,,,,,,,,,,natural phenomenon,,,,
2534,losung,noun,pestle,,,,,,,,,,,,,,,,utensil,,losu-losung,,losung anaka \df mortar \sf  utensil
2535,lotok,noun,bedroom,,,,,,,,,,,,,,,,,,,,"lotok puji \df the room in which are kept the royal paraphernalia (e.g. crown, sword and uniforms), where the sultan performed certain private rituals \sc  Arch \sf  house"
2536,lotu,intransitive verb,"to shatter, to explode",Bubuena lindur po bukit lotu.,"Right after the earthquake, the mountain exploded.",,,,,,,,,,,,,,,,,lotu-lotu,
2537,lotu,verb,kind of pop gun made of bamboo,,,,,,,,,,,,,,,,,,,balotu,
2538,lotu,intransitive verb,to eat,,,,,,,,,,,,,,,coarse,,,aur lotu lotu,,
2539,loya,noun,sail,,,,,,,,,,,,,,,,boat,,mbarawak loya,baloya,
2540,loya,intransitive verb,"to be equipped with a sail, to go sailing, to depart, to embark on a trip",,,,,,,,,,,,,,,,sailing,,lopu baloya,,
2541,loyang,noun,tray,,,,,,,,,,,,,,,,,,,,
2542,lower,noun,diaper,,,,,,,,,,,,,,,,,,,,
2543,luang,intransitive verb,"to go away, to flee",manusia samaskali luang de kayuang,Everyone fled to the jungle,,,,,,,,,,,,,,,,,luang-luang,
2544,luang,intransitive verb,to flee repeatedly,,,,,,,,,,,,,,,,,,,luang akang,
2545,luang,verb,"to flee with s.t., to elope with someone",ia tala muluang akang anaka urang,He has eloped with someone's daughter.,,,,,,,,,,,,,,,,,baluang akang,
2546,luang,intransitive verb,to elope,pasi dua baluang akang de hakim,The two of them eloped and sought refuge at the,,,,,,,,,,,,,,,,,,
2547,luar,noun,"exterior, outside",,,,,,,,,,,,,,,,,,,,
2548,luas,intransitive verb,spacious,,,,,,,,,,,,,,,,,,,,
2549,lubok,verb,to tread on s.t.,alengo kani mulubok paku kajanga mo bodito,A few minutes ago Kani stepped on a,,,,,,,,,,,,,,,,,lubok akang,
2550,lubok,verb,to step on s.t. at someone's request,,,,,,,,,,,,,,,,,,,balubok,
2551,lubok,intransitive verb,to be in the process of treading,,,,,,,,,,,,,,,,,,,,balubok lecak \df a wedding ritual in which the bride and groom step on the earth for the first time as a couple
2552,lucur,adverb,very fast,,,,,,,,,,,,,,,,,,,nalucur,
2553,lucur,intransitive verb,to have slipped and fallen down,,,,,,,,,,,,,,,,,,,,
2554,luda,noun,"spittle, saliva",,,,,,,,,,,,,,,,body,,,ludai,
2555,luda,verb,"to spit on s.t. or someone, to treat a pain by spitting on the affected area",ludai tangangku hadiki mangkali manusia mupabua,"Please spit on my (sore) arm,",,,,,,,,,,,,,,spiritual,,,ludai akang,
2556,luda,verb,to treat some affected body area by spitting on it at someone's request,,,,,,,,,,,,,,,,spiritual,,,baluda,
2557,luda,intransitive verb,to spit,,,,,,,,,,,,,,,,,,,baludana,
2558,luda,noun,"a habit of spitting, the act of spitting",,,,,,,,,,,,,,,,,,,baluda-baluda,
2559,luda,intransitive verb,to repeatedly spit,,,,,,,,,,,,,,,,,,,balubaluda:ng,
2560,luda,intransitive verb,to engage in spitting at e.o. (e.g. children playing),,,,,,,,,,,,,,,,,,,,
2561,luka,noun,wound,,,,,,,,,,,,,,,,,,,lukai,
2562,luka,verb,"to offend someone, to wound or hurt someone's feelings",pasi mubei maaf mo sabap tala mulukai nyawana pasi,They did not forgive him,,,,,,,,,,,,,,,,,,
2563,luli,noun,"a concoction drunk to counter the effects of a hex sign; this spiritual and physical antidote must be administered by the person who made the hex sign, a topical antidote made by collecting the foam tossed up by waves on the seashore; this is applied to the area of the body affected by the hex",,,,,,,,,,,,,,,,,,,luli akang,
2564,luli,verb,to deflect the negative effects of a hex sign by pouring a concoction on those items protected by the the hex sign,,,,,,,,,,,,,,,,spiritual,,uru,,
2565,lulung,verb,to roll up s.t. flat and broad (e.g. a mat),,,,,,,,,,,,,,,,,,,lulungi,
2566,lulung,verb,to roll s.t. up for someone,,,,,,,,,,,,,,,,,,,lulung akang,
2567,lulung,verb,to roll s.t. up at another's request,,,,,,,,,,,,,,,,,,,balulung,
2568,lulung,intransitive verb,to be engaged in rolling up s.t. (e.g. rope),,,,,,,,,,,,,,,,,,,,
2569,lumba-lumba,noun,dolphin or porpoise,,,,,,,,,,,,,Delphinidae,,,sea creature,,,,"lumba-lumba licing \df kind of dolphin \sf  sea creature, lumba-lumba batitik \df kind of spotted dolphin \sf  sea creature, lumba-lumba papat \df kind of large dolphin \sf  sea creature"
2570,lumbang,,,,,,,,,,,,,,,,,,,,durian bapalumbang,,
2571,lumbar,,,,,,,,,,,,,,,,,,,,,lumbari,
2572,lumbar,verb,to bathe someone,Ia mulumbari adina ia.,He bathed his younger sibling.,,,,,,,,,,,,,,,,,balumbar,
2573,lumbar,intransitive verb,to bathe,,,,,,,,,,,,,,,,,,,,"balumbar pitu sumur \df a ritual bath undertaken at seven different wells as part of a pledge made when ill or as part of a wedding preparation, balumbar sapar \df an annual ritual (formerly held during Sapar month) during which participants bathe together in a river after writing prayers on leaves tied together and then floated on the water surface \af  balulumbarang \ps  vi \df to bathe in large numbers, often with mutual splashing, for example during the Sapar ritual \af  palumbarang \ps  n \df bathing place, bawi palumbaranga \df pig wallow"
2574,lumbut-lumbut,noun,"moss, class Musci, and lichen",,,,,,,,,,,,,,,,plant,,lumu-lumut,,
2575,lumis,intransitive verb,"to eat sour food, to prefer sour food",Uria cece lumis laku.,"Uriah, don't eat so much sour food.",,,,,,,,,,,,,,,,,,
2576,lumpa-lumpat,noun,"kind of insect, perhaps themud-hopper",,,,,,,,,,,,,,,,insect,,,,lumpa-lumpat dolong \df kind of insect \sf  insect
2577,lumpat,,,,,,,,,,,,,,,,,,,,,lumpati,
2578,lumpat,verb,to jump across s.t.,Ia mulumpati paisu.,He leaped across the ditch.,,,,,,,,,,,,,,,,,lumpat akang,
2579,lumpat,verb,"to run off with s.t., to bear away s.t. in a hurry, to snatch or grab s.t.",Nyanyá ma lumpat akang lao.,The cat ran off with the fish.,yo bapanggil papá ka lau ka papá mulumpat akang salia ni e,So call father or have,,,,,,,,,,,,,,,balumpat,
2580,lumpat,intransitive verb,to run,itu torus manusia balumpat de lombo-lombo,Then it was that people straightaway ran,,,,,,,,,,,,,,,,,balumpa-lumpat,
2581,lumpat,intransitive verb,to run for some distance,,,,,,,,,,,,,,,,,,,malumpat,
2582,lumpat,intransitive verb,to run,,,,,,,,,,,,,,,,,,malumpat,,
2583,lumu-lumut,noun,moss,,,,,,,,,,,,,,,,,,,,
2584,ma,pronoun,"he, she, it",,,,,,,,,,,,,,a marker with third person pronoun to specify the agent,,,,mu-,,
2585,maaf,noun,forgiveness,kuumbuk maaf de kau,I ask forgiveness of you,,,,,,,,,,,,,,,,,maafi,
2586,maaf,verb,to forgive someone,,,,,,,,,,,,,,,,,,,bamaaf-maafang,
2587,maaf,intransitive verb,to forgive e.o.,,,,,,,,,,,,,,,,,,,bamabamaafang,
2588,maaf,intransitive verb,to forgive e.o. ( of several people),,,,,,,,,,,,,,,,,,,,
2589,maangkup,intransitive verb,to eat,,,,,,,,,,,,,,,slang,,,makang,,
2590,maaya,intransitive verb,"to give the commands to someone in certain dances, to call dances",,,,,,,,,,,,,,,,,,,,
2591,mabanek,,,,,,,,,,,,,,,,,,,,ngaaeka,,
2592,maba:ngat,intransitive verb,"to get heated up, i.e., to get worrisome, to look like trouble",,,,,,,,,,,,,,,,,,angat,,
2593,macang,noun,variety,kayu kalero hanya tolu macang,There are only three kinds of wood suitable for lime,,,,,,,,,,,,,,,,,,
2594,macang-macang,intransitive verb,"various, diverse",,,,,,,,,,,,,,,,,,,,
2595,macang-macang,pronoun,various things,idoa:kang kita macang-macang,They bring down on us curses about various aspects,,,,,,,,,,,,,,,,"rupa-rupa, bermacam",,
2596,madu,noun,"bee, honey",,,,,,,,,,,,,,,,insect,,,,
2596,madu,noun,"bee, honey",,,,,,,,,,,,,,,,food,,,,
2597,madu,noun,o.'s co-wife,,,,,,,,,,,,,,,,,,,bamadu,
2598,madu,intransitive verb,"to share a husband, to be co-wives <polygamy>",,,,,,,,,,,,,,,,,,,bamadu akang,
2599,madu,intransitive verb,"to engage in cheating on o.'s wife, to engage in extramarital infidelity (of males)",si mat bamadu akang binina ia nang alima,Mat is cheating on his wife by (carrying on,,,,,,,,,,,,,,,,,pamadu akang,
2600,madu,verb,"to cheat on someone (o.'s wife), to take up with another woman to someone's disadvantage",,,,,,,,,,,,,,,,,,,,
2601,maengket,intransitive verb,to go,,,,,,,,,,,,,,,slang,,,balampo,,
2602,magaríp,noun,the time of the Islamic prayer ritual at sunset,magaríp ni kita lia mo,At around sunset we didn't see him either.,,,,,,,,,,,,,,spiritual,,,,
2603,magiau,,,,,,,,,,,,,,,,,,,,dolosi magiau,,
2604,mahakuasa,intransitive verb,almighty,,,,,,,,,,,,,,,,,,,,
2605,maher,intransitive verb,"skilled, expert, knowledgeable",,,,,,,,,,,,,,,,,,,,
2606,mahera,noun,boat base,,,,,,,,,,,,,,,,boat,,,,
2607,mahál,intransitive verb,expensive,,,,,,,,,,,,,,,,,,,pamaháli,
2608,mahál,verb,"to make s.t. expensive, to raise the price of s.t.",,,,,,,,,,,,,,,,,,,,
2609,mai,,,,,,,,,,,,,,,,,,,,ka mai,,
2610,maimosa,noun,"kind of plant,  perhaps the mimosa,",,,,,,,,,,,,,Mimosa invisa,,,plant,,,,
2611,mainatu,noun,"laundryman, laundress",,,,,,,,,,,,,,,,,,,bamainatu,
2612,mainatu,intransitive verb,to work as a launderer,,,,,,,,,,,,,,,,,,,,
2613,majang,intransitive verb,"ok, settled, fine, good, appropriate",tala majang kapé,It's settled or what?,majang ga ka kita tadapa kaluasang fur kita ka daya,"It's good too, I suppose, if we obtain space for ourselves landward.",,,,,,,,,,,,,,,bamajanjang,
2614,majang,intransitive verb,"to reestablish good relationships, to get back on good terms",,,,,,,,,,,,,,,,,,,pamajangi,
2615,majang,verb,"to improve, upgrade or better s.t. (e.g. revamp a building project, improve a dictionary, etc.)",,,,,,,,,,,,,,,,,,,majang-majang,
2616,majang,intransitive verb,healthy,,,,,,,,,,,,,,,,health,,,,
2617,majang,adverb,"carefully, well",Musi taasapi majang-majang.,We must smoke it well.,,,,,,,,,,,,,,,,lemajang,,
2618,maju,intransitive verb,"to be advanced, to move forward",dunia tala maju tala bukang pake tamoang dang,The world has become advanced already,axes are not used anymore.,,,,,,,,,,,,,,,,,
2619,makan,,,,,,,,,,,,,,,,,,,,,makanang,
2620,makan,noun,food,makananga,its food,lampa:ng kangkong itu saja makanang mami waktu itu,"Swamp cabbage, that was our only food at that time.",,,,,,,,,,,,food,,,bamakanang,
2621,makan,intransitive verb,"to have a certain food, to be characterized by a certain diet or food item",kita ini bamakanang apé,We here regularly eat what?,,,,,,,,,,,,,,,,,pamakanang,
2622,makan,noun,o.'s customary plate (used at every meal),,,,,,,,,,,,,,,,,,,,"pamakanang dalama \df dining place, at the table, during a meal \crm  tambi \crm  makang"
2623,makang,verb,to eat s.t.,sapa minggu dang tala dapa makang itu buáng itu,How many weeks more was it that you could eat those langsat fruits there?,,,,,,,,,,,,,,,,,,"makang sau/ng \df to partake in the pre-dawn meal during the fasting month \af  mamakang \ps  vi \df to have a meal, to eat or dine \il  lao mamakanga the times when fish feed \df to nibble at bait \il  basaláng lao mamakang moyo, yogo pabua deminyá If the fish don't bite, how should we do it? \ps  v \df to use up, require or consume some commodity, time or space \il  makang waktu use up time \il riana itu tu balaka mamakang sapa kubit itu The (yard's) size will use up how many cubic meters of lumber? \df to damage s.t., to harm s.t. (esp. with spells, etc.), to affect s.t. negatively \il  Baláng uru itu, mumakang pasi ka mumakang kau ka.  As for hexes, they either devour those who defy them or they devour those who set them up. \crm  sa/ung \crm  makanang \crm  pamakanang"
2624,makarau,noun,eclipse,udang makarau,lunar eclipse,,,,,,,,,,,,,,natural phenomenon,,,,
2625,makota,noun,"crown, royal headgear, esp. of the crown of the Sultan of Bacan, an arrangement of",,,,,,,,,,,,,,,,,,,,
2626,makru,verb,"allowed by Islamic law but best avoided (e.g., certain foods may be eaten but",,,,,,,,,,,,,,,,,,"hala/l, hara/m",,
2627,maksut,noun,"intention, purpose",maksut jat,bad intention,maksut notai maksut supaya capát kering,The purpose of ringing (a tree) is so that it,,,,,,,,,,,,,,,,
2628,maksutnya,noun,"meaning, that is",,,,,,,,,,,,,,,,,,,,
2629,makuta,,,,,,,,,,,,,,,,,,,,makota,,
2630,malaekat,noun,angel,,,,,,,,,,,,,,,,,,almanangkir,,
2631,malaing,intransitive verb,"different, odd, remarkable",I: gari-garismu habua ini malaing,"Hey, these matches of yours are odd",,,,,,,,,,,,,,,,,malailaing,
2632,malaing,intransitive verb,"various, diverse, differing",kita indaya malailaing,We in the interior had diverse and different (experiences).,,,,,,,,,,,,,,,,,malamalaingang,
2633,malaing,intransitive verb,to be different from each other,,,,,,,,,,,,,,,,,,lalaina,,
2634,malakat,intransitive verb,"to stick on, to stick together, to adhere",,,,,,,,,,,,,,,,,,lakat,,
2635,malakit,intransitive verb,to always accompany or follow along,,,,,,,,,,,,,,,,,,,,
2636,malambua,noun,kind of tree,,,,,,,,,,,,,,,,plant,,,,"malambua cacebar \df kind of tree \sf  plant, malambua bukit \df kind of tree \sf  plant"
2637,malang,,"night, as in the number of nights, eve",pitu malang,seven nights,malang apé,on the eve of what (day),,,,,,,,,,,,,,,,"malang aha/t \df Saturday night, i.e. Sunday eve \crm  aha/t \crm  saptu/ \crm  ari malang"
2638,malayu,noun,"Malay language, Indonesian",malayu batikang perlindungan,In Indonesian we say 'perlindungan',,,,,,,,,,,,,,,,,,
2639,malaíng,noun,"kind of fish, the mangrove jack or red bream,",,,,,,,,,,,,,Lutjanus argentimaculatus,,,fish,,,,
2640,maleset,intransitive verb,to decline,,,,,,,,,,,,,,,,,,,,
2641,malimbing,noun,"various kind of trees bearing edible fruit, (",,,,,,,,,,,,,Averrhoa  ),,,plant,,,,"malimbing joronga \df kind of tree bearing edible fruit, carambola, \sn Averrhoa carambola \sf  plant, malimbing iba \df kind of tree bearing edible fruit, \sn Averrhoa bilimbi <camias> \sf  plant"
2642,malindop,intransitive verb,to dodge and avoid blows or stabs,,,,,,,,,,,,,,,,,,,,
2643,malopó,intransitive verb,"to blister (from a burn, etc.)",,,,,,,,,,,,,,,,,,,,
2644,malumpat,,,,,,,,,,,,,,,,,,,,lumpat,,
2645,mam,intransitive verb,to eat,,,,,,,,,,,,,,,children's language,,,,,
2646,mamaca,intransitive verb,to shatter the eggshell (said of chicks),,,,,,,,,,,,,,,,,,,,
2647,mamakang,,,,,,,,,,,,,,,,,,,,makang,,
2648,mamalawangang,intransitive verb,"to oppose e.o., to contradict e.o., to argue with e.o.",,,,,,,,,,,,,,,,,,lawang,,
2649,mamananga,locative,the middle,Yasir duduk de mamananga.,Yasir's sitting in the middle.,,,,,,,,,,,,,,,,,,mamananga de...nang... \df between \il  Yasir duduk de mamananga de Rus nang Rifai.  Yasir's sitting between Rus and Rifai. \crm  hatanga \crm  tanga malang
2650,mambalou,intransitive verb,to talk in o.'s sleep,,,,,,,,,,,,,,,,,,,,
2651,mambar,,,,,,,,,,,,,,,,,,,,mata mambar,,
2652,mambolit,noun,pincers-like utensil to serve up sago porridge,,,,,,,,,,,,,,,,utensil,,mbolit,,
2653,mambong,intransitive verb,to blossom,,,,,,,,,,,,,,,,,,,,
2654,mamborosa,noun,bud (unopened),,,,,,,,,,,,,,,,,,,,
2655,mambual,noun,"kind of insect, termite, suborder Isoptera, possibly the wetwood termite,",,,,,,,,,,,,,Coptotermes formosanus,,,insect,,,,
2656,mambum,,,,,,,,,,,,,,,,,,,,mambu/ng,,
2657,mambuta,intransitive verb,to sleep,,,,,,,,,,,,,,,coarse,,,buta,,
2658,mambó,noun,kind of tree yielding fruit similar to kanari,,,,,,,,,,,,,,,,plant,,,,
2659,mambíng,noun,"kind of insect, cicada, suborder Homoptera, possibly the large brown cicida,",,,,,,,,,,,,,Cryptotympana mimica,,,insect,,,,"mambu/ng amas \df kind of stinkbug, suborder Heteroptera \sf  insect, mambu/ng ambulung \df kind of beetle, order Coleoptera \sf  insect, mambu/ng nggaoti \df scarab beetle,with ornamentation on the head and prothorax, probably the unicorn beetle, \sn Xylotrupes gideon \sf  insect, mambu/ng lecak \df kind of beetle, order Coleoptera \sf  insect"
2660,mametiki,intransitive verb,"to repair or construct a thatch roof, to roof, to patch a roof or net",jadi mametiki barenti torus kita tidu de itu ka ba:,"Thus, after we have roofed it, then we",,,,,,,,,,,,,,,,,,
2661,mami,pronoun,our,makanang mami,our food (not yours),lapetak mami ni kira-kira lima pulu hektar,Our garden is about fifty hectares.,,,,,,,,,,first person plural exclusive genitive marker,,,,kami,,
2662,mamis,intransitive verb,sweet,nang masak itu ia mamis isterek,"And when it's ripe, it's extraordinarily sweet.",,,,,,,,,,,,,,,,,pamamisi,
2663,mamis,verb,"to sweeten s.t., to rinse out s.t. ( e.g. clothes to which soap still adheres)",,,,,,,,,,,,,,,,,,,bapamamisi,
2664,mamis,intransitive verb,to rinse clothing as a task,,,,,,,,,,,,,,,,,,,,
2665,mamolotós,intransitive verb,to eat,,,,,,,,,,,,,,,coarse,,,,,
2666,mamoros,intransitive verb,"mixed, diverse, incremental",,,,,,,,,,,,,,,,,,"moros, poros",,
2667,mamotena,intransitive verb,"to be affected by spirits, to be possessed",,,,,,,,,,,,,,,,,Malay,,,
2668,mampo,intransitive verb,to be capable,,,,,,,,,,,,,,,,,,pauli,,
2669,mamulit,intransitive verb,to suck at bones or fish heads,,,,,,,,,,,,,,,,,,,,
2670,mamá,noun,mother,,,,,,,,,,,,,,,,kinship,,,,
2671,mamá,exclamation,mother!,aku bukang maing sengsara mamá,"I was in incredible pain, sweet mother!",,,,,,,,,,,,a particle expressing pain or amazement,,,,ina,,
2672,mamés,noun,"kind of fish, the common pony-fish,",,,,,,,,,,,,,"Equula equula or, Leiognathus equula",,,fish,,,,
2673,mana,pronoun,where,ka mana,to where,,,,,,,,,,,,,,,,,,"de mana \df where, at which place \df from where, whence"
2674,manabang,intransitive verb,to chop down trees (as a regular activity),manabang alengo itu tapake tamoang,"That chopping down I just mentioned, well we",,,,,,,,,,,,,,,,,manabangi,
2675,manabang,intransitive verb,to chop down many or certain trees,,,,,,,,,,,,,,,,,,tabang,,
2676,manahang,intransitive verb,"to last, to survive, to remain intact",dodol manahang biar sodo sataung,Durian sweets last (without getting spoiled) even up,,,,,,,,,,,,,,,,tahang,,
2677,manakala,conjunction,"when, if",,,,,,,,,,,,,,,,,,apabila,,
2678,mananderu,,,,,,,,,,,,,,,,,,,,nyjong mananderu,,
2679,manandoi,verb,"to watch s.t., to be a spectator at s.t.",manandoi felem,to watch a movie,,,,,,,,,,,,,,,,,manandoi akang,
2680,manandoi,verb,"to assist someone to be a spectator (e.g. to take a small child to a dramatic presentation, to",,,,,,,,,,,,,,,,,,,,
2681,manara,noun,"muzzein's tower, lookout, watch-tower",,,,,,,,,,,,,,,,,,,,
2682,manda:,noun,"the prow, the front part of a boat",,,,,,,,,,,,,,,,boat,,,,
2683,mandapat,noun,hearth,,,,,,,,,,,,,,,archaic,,,dalikang,,
2684,mandayá,noun,"kind of tree bearing edible fruit,",,,,,,,,,,,,,Diospyros discolor,,,plant,,,,
2685,manderés,verb,"to repeat, restudy or reread s.t. (e.g. reread the Quran, restudy a lesson)",,,,,,,,,,,,,,,,,,,manderés akang,
2686,manderés,verb,to repeat s.t. for someone else (e.g. to direct a rehearsal for someone else),,,,,,,,,,,,,,,,,,,,
2687,mandóng,intransitive verb,overcast,,,,,,,,,,,,,,,,,,lobi,,
2688,mani:,noun,sperm,,,,,,,,,,,,,,,,body,,,,
2689,maniang,verb,"to climb s.t., to go to a higher position of s.t.",,,,,,,,,,,,,,,,,,tiang,,
2690,mani-mani,noun,beads,,,,,,,,,,,,,,,,,,,,
2691,manimpi,verb,"to dream of s.t., to dream some event",ari malang aku manimpi panycungut muoku si umar,Last night I dreamed a sorcerer,,,,,,,,,,,,,,,,,manimpi akang,
2692,manimpi,verb,to dream of s.t.,Aku kumanimpi akang kau rodak de nggaoti.,I dreamed that you fell from a coconut,,,,,,,,,,,,,,,,,,
2693,manindingi,,,,,,,,,,,,,,,,,,,,dinding,,
2694,maningkot,intransitive verb,to stand on tip toes,,,,,,,,,,,,,,,,,,"paraningkot, tingkot",,
2695,maniti,,,,,,,,,,,,,,,,,,,,titi,,
2696,manser,noun,codeword for an outsider with whom o. is on friendly terms,,,,,,,,,,,,,,,,,,,,
2697,mansia,,,,,,,,,,,,,,,,,,,,manusia,,
2698,mantak,intransitive verb,"to be ill, to be painful, difficult, painstaking",kapala mantak,headache,taumang doit tu mantak,Trying to earn money is difficult.,,,,,,,,,,,,health,,kumatar,,"mantak puntiana \df to suffer from hysteria (of women who encounter the puntiana) \af  pamantaki \ps  v \df to cause pain to s.t., to harm s.t. \il  paguna:ng itu pamantaki badang That job just harms the body. \df to inflict pain on someone (in an unseen way, of devils) \il  ibilís yang mupamantaki ia It was the devil who inflicted pain on her \df to hurt someone, to offend someone \il  cece mupamantaki nyawana ia  Don't hurt her feelings."
2699,mantega,noun,"margarine, butter",,,,,,,,,,,,,,,,,,,,
2700,mantri,noun,"health worker, medical technician",,,,,,,,,,,,,,,,,,,,
2701,manuk,noun,"chicken,",manuk cicak,kind of variegated chicken,,,,,,,,,,,Gallus gallus,,,bird,,,,"manuk tumana \df chicken louse, order Phthiraptera \sf  insect"
2702,manuk ala-alang,noun,kind of bird,,,,,,,,,,,,,,,,bird,,,,
2703,manuk kayuang,noun,"kind of bird, probably the mudhen or moorhen,",,,,,,,,,,,,,Gallinula chloropus,,,bird,,,,
2704,manuk paga,,,,,,,,,,,,,,,,,,,,manupaga,,
2705,manuk soa,noun,kind of bird,,,,,,,,,,,,,,,,bird,,,,
2706,manu-manuk,noun,the upper part of the facial cheeks,,,,,,,,,,,,,,,,,,parang-parang,,
2707,manunggara,,,,,,,,,,,,,,,,,,,,"salatang manunggara, timur manunggara, tunggara",,
2708,manupaga,noun,"kind of bird, the seagull",,,,,,,,,,,,,Laridae,,,bird,,,,
2709,manurung,noun,kind of plant,,,,,,,,,,,,,,,,plant,,,,"manurung sawang \df kind of seaside plant, \sn Clerodendron inerme \sf  plant"
2710,manurut,preposition,according to,manurut urang tua-tua,according to elders,kita tatuka manurut apé yang pasi sabayá tukayana,We buy according to what price,,,,,,,,,,,,,,,,
2711,manusia,noun,"people, person, human, unspecified agents, some person, somebody",manusia baca:ng,the Bacanese,manusia Indonesia,Indonesians,dang karna ada manusia muumbuk,and because there was somebody asking for it,,,,,,,,,,,,,,"manusia alim \df pious members of the community, religious faction \sf  society, manusia banyak \df the public, the community \il  tabotang puang manusia banyak cece mo idoá:kang kita nang kita We bear in mind first of all the community lest they lay a curse, we among ourselves., manusia lengi-lengit \df disappearing folk, supernatural persons with the ability to become visible at will, sprite \sf  spiritual"
2712,manusu,intransitive verb,to suckle,,,,,,,,,,,,,,,,,,,,
2713,manóng,intransitive verb,"to bark, to yap",,,,,,,,,,,,,,,,,,"tong, kung-kung",,
2714,mangaji,intransitive verb,"to recite or chant passages of the Quran, to learn how to recite and read the Quran, to study with a Quranic teacher",daulu kamí mangaji cara deminyá,In the old days how did you all learn to recite the,,,,,,,,,,,,,,spiritual,,"pangaji akang, bangaji",,
2715,mangaku,intransitive verb,"to nod o.'s head in agreement, to agree",aku batikang ole aku tala mangaku de pasi,I said yes,I agreed in their presence.,,,,,,,,,,,,,,,"pangao, aku",,
2716,mangale nana,noun,"o.'s hidden intention, o.'s unspoken purpose",mangale nana imau ala doitku,He really wanted to take my money.,,,,,,,,,,,,,,,,ngale,,
2717,mangamuk,intransitive verb,to be very angry to the point of doing or threatening violence,,,,,,,,,,,,,,,,,,,,
2718,mangantuk,intransitive verb,to be sleepy,,,,,,,,,,,,,,,,,,antuk,,
2719,mangarti,intransitive verb,"to understand, to comprehend",,,,,,,,,,,,,,,,,,eti,,
2720,mangga,,,,,,,,,,,,,,,,,,,,tanyjung mangga,,
2721,mangga-mangga,noun,the lower stomach (of chickens),,,,,,,,,,,,,,,,,,,,
2722,manggilamung,intransitive verb,to prise out weeds and shrubs with a lever-like tool,,,,,,,,,,,,,,,,,,nggilamung,,
2723,manggurewat,intransitive verb,"to cluck before laying eggs (of hens), to screech and make shrill noises (of certain birds)",,,,,,,,,,,,,,,,,,bakokoto/k,,
2724,manggustang,noun,"kind of tree bearing edible fruit, the mangosteen,",,,,,,,,,,,,,Garcinia mangostana,,,plant,,,,
2725,mangguti,intransitive verb,to moan and groan in pain,,,,,,,,,,,,,,,,,,,,
2726,mangkali,particle,"perhaps, maybe",,,,,,,,,,,,,,,,,,,,
2727,manyompo,,,,,,,,,,,,,,,,,,,,sompo,,
2728,manyulur,intransitive verb,to creep and to spread (of vines),,,,,,,,,,,,,,,,,,karuaya manyulur,,
2729,manyák,intransitive verb,"to weep, to howl (of dogs)",,,,,,,,,,,,,,,,,,,,
2730,manyán,noun,incense,,,,,,,,,,,,,,,,,,dupa,,
2731,maokopi,,,,,,,,,,,,,,,,,,,,okop,,
2732,maosik,noun,"kind of fish, perhaps the giant herring,",,,,,,,,,,,,,Elops australis,,,fish,,,,
2733,mara,noun,"Makian, an island of North Maluku",,,,,,,,,,,,,,,,place name,,nganggo mara,,
2734,marabose,noun,"kind of traditional dance, the steps of which evoke paddling gestures",,,,,,,,,,,,,,,,,,,,
2735,marabose,intransitive verb,"to dance the marabose,",,,,,,,,,,,,,,,,,,"mara, bose",,
2736,maramas,,,,,,,,,,,,,,,,,,,,ramas,,
2737,marasai,intransitive verb,difficult,,,,,,,,,,,,,,,,,,,,
2738,marawás,noun,"kind of large, flat drum, similar to a large tambourine",,,,,,,,,,,,,,,,,,,,
2739,marentes,intransitive verb,to open new land,,,,,,,,,,,,,,,,,,,,
2740,marentes,verb,to undertake or construct s.t. new,,,,,,,,,,,,,,,,,,,,marentes jalang \df to construct a new road \crm  tolagumi
2741,maretis,,,,,,,,,,,,,,,,,,,,retis,,
2742,maritang,noun,"kind of small, sour rambutan, <fruit> <tree>",,,,,,,,,,,,,Nephelium,,,,,rambutang,,
2743,maropo,,,,,,,,,,,,,,,,,,,,ngguming,,
2744,marosong,intransitive verb,strong,,,,,,,,,,,,,,,,,,,pamarosongi,
2745,marosong,verb,to strengthen s.t.,,,,,,,,,,,,,,,,,,,,
2746,martelu,noun,hammer,,,,,,,,,,,,,,,,,,,,
2747,marumbung,noun,"kind of large mollusc found in mud banks, the banded bankivia or",,,,,,,,,,,,,Bankivia fasciata,,,,,,,
2748,marurang,intransitive verb,to suffer from rheumatism and arthritis,,,,,,,,,,,,,,,,,,,,
2749,maruwahe,intransitive verb,"to act rude, to do whatever o. pleases",,,,,,,,,,,,,,,,,,,,
2750,ma:s,noun,kind of fish,,,,,,,,,,,,,,,,fish,,,,
2751,mas tampawang,noun,kind of sweetmeat made of mashed bananas and coconut,,,,,,,,,,,,,,,,food,,,,
2752,masaala,noun,problem,,,,,,,,,,,,,,,,,,,,
2753,masak,intransitive verb,"ripe, ripen, cooked",kita bajagai basáng masak sabiji dua,We keep watch just in case one or two (durians),paisu masaka,boiled water,,,,,,,,,,,,culinary,,,masak akang,
2754,masak,verb,to cook s.t.,,,,,,,,,,,,,,,,,,,bamasakang,
2755,masak,intransitive verb,to become ripe (e.g. bananas kept overnight),,,,,,,,,,,,,,,,,,,pamasaki,
2756,masak,verb,"to ripen s.t. by storing it, to finish the cooking of s.t.",,,,,,,,,,,,,,,,,,liwat,babakumasak,
2757,masak,intransitive verb,to be only partially ripe (of durian),,,,,,,,,,,,,,,,,,mangka/l,,
2758,masala,noun,"problem, issue",masala pajak,tax problem,,,,,,,,,,,,,,,,,,
2759,masalaing,noun,"medicine man, shaman",,,,,,,,,,,,,,,,society,,sou-sou,,
2759,masalaing,noun,"medicine man, shaman",,,,,,,,,,,,,,,,spiritual,,sou-sou,,
2760,masang,noun,"kind of tree bearing edible fruit, the kedongdong or otaheite apple,",,,,,,,,,,,,,Spondias cytherea,,,plant,,,,
2761,masarakat,noun,"society, community",,,,,,,,,,,,,,,,society,,urang banyak,,
2762,masarang,noun,"kind of palm similar to the talipot palm,",,,,,,,,,,,,,Corypha umbraculifera,,,plant,,,,masarang laki-laki \df kind of palm \sf  plant
2763,masaya,noun,"village head, appointed by the sultan",,,,,,,,,,,,,,,archaic,,,kapala kampung,,
2764,masgíl,intransitive verb,"to be sad and upset, to be emotionally moved (by sad news)",,,,,,,,,,,,,,,,,,,,
2765,masi,particle,"still, yet",,,,,,,,,,,,,,,,,,,,
2766,masiat,noun,"immorality, licentiousness",,,,,,,,,,,,,,,,,,,,
2767,masigeiye,intransitive verb,firm and resolved in o.'s purpose or intent,,,,,,,,,,,,,,,,,,,,
2768,masigít,noun,mosque,,,,,,,,,,,,,,,,spiritual,,,,
2769,masing,intransitive verb,salty (of liquids),,,,,,,,,,,,,,,,,,paisu masing,,
2770,masing,noun,sea water,hidup de lecak tapi mamakang ianta de masing buluta,live on the muddy bottom but,,,,,,,,,,,,,,,,,,
2771,masing-masing,pronoun,each,,,,,,,,,,,,,,,,,,,,
2772,masjít,,,,,,,,,,,,,,,,,,,,masigi/t,,
2773,mas,,,,,,,,,,,,,,,,,,,,amas,,
2774,mas,,,,,,,,,,,,,,,,,,,,nggaeka mas,,
2775,masín,noun,"machine, any mechanized device",,,,,,,,,,,,,,,,,,,,
2776,mata buku,noun,"kind of fish, the Papuan trevally,",,,,,,,,,,,,,Caranx sansun and other trevallies,,,fish,,,,"mata buku pulang \df kind of fish, the Coachwhip trevally, \sn Carangoides oblongus \sf  fish"
2777,mata cayana,noun,"the favorite or chosen, esp. of clothing (e.g. the o. selected from a range of",,,,,,,,,,,,,,,,,,caya,,
2778,mata mambar,noun,"kind of fish with disproportionately large eyes, the red bullseye,",,,,,,,,,,,,,Priacanthus macracanthus,,,fish,,,,
2779,mata panycungut,noun,"kind of vine,",,,,,,,,,,,,,Abrus precatorius,,,plant,,,,
2780,mata salana,noun,"outsider, stranger",,,,,,,,,,,,,,,,,,pacaminang,,
2781,mata-mata,intransitive verb,"raw, uncooked",lao mata-mata,fresh fish,,,,,,,,,,,,,,,,duriang mata-mata lompar,,
2782,mata,noun,eye,,,,,,,,,,,,,,,,body,,,,"mata angata \df evil eye \sf  spiritual, mata balaga \df dizzy, faint, mata bulu-buluna \df eyelash \sf  body, mata buruk \df to be sleepy, although o. has already had sufficient sleep, mata juling \df cross-eyed, mata pakijap \df to suffer from repeated and involuntary blinking, mata parumangina \df eyelid \sf  body, mata ranycis \df infection of the eye, conjunctivitis, mata tudunga \df the area below the eye, the bags of the eyes \df the upper eye-lid \sf  health \crm  susu matana \crm  mata salana \crm  mata cayana \af  matai \ps  v \df to keep an eye on s.t. or someone \af  mata-matai \ps  v \df to observe s.t. or someone carefully"
2783,mata,noun,"blade, edge (of a cutting tool)",,,,,,,,,,,,,,,,,,,,baku matana \df the upper edge of a piece of sago bread
2784,mata,noun,source,,,,,,,,,,,,,,,,,,,,
2785,matatá:,noun,"the Giant sea anemone,",,,,,,,,,,,,,Radianthus,,,sea creature,,,,
2786,mati,intransitive verb,"dead, in serious trouble, extinguished (of a fire), off (of a light or electrical appliance)",manusia mati samaskali de lombo-lombo dalama,People died in large numbers inside the foxholes.,apina cece mati,Don't let the fire go out.,kudu-kudu matina,burned out parts of firewood,,,,,,,,,,,,lao mati,mati-mati,
2787,mati,noun,"the deceased, a sobriquet before the names of the dead",mati-mati pa umar,"Mr. Umar, the deceased",,,,,,,,,,,,,,,,"aruaha, almarhu/m",bamati-matiang,
2788,mati,intransitive verb,to undertake a task with perseverance taken to the extreme,,,,,,,,,,,,,,,,,,,pamati:,
2789,mati,verb,"to extinguish s.t. ( a flame) or turn off s.t. ( an electrical device), to kill someone or s.t.",,,,,,,,,,,,,,,coarse,,,,,
2790,matua,noun,parent-in-law,,,,,,,,,,,,,,,,kinship,,minantu,,
2791,mau,verb,to desire s.t.,,,,,,,,,,,,,,,,,,yogo,,
2792,mau,noun,"a desire or whim, requirement",tempo-tempo mauna paisu,Sometimes it needs (its requirement is) water.,,,,,,,,,,,,,,,,nyausu/:,,
2793,mauat,intransitive verb,to feel nauseous,,,,,,,,,,,,,,,,,,,,
2794,mauk,intransitive verb,"to be drunk, dizzy or nauseous",,,,,,,,,,,,,,,,,,,pamauki,
2795,mauk,verb,"to cause someone to be intoxicated, to inebriate someone",,,,,,,,,,,,,,,,,,,pamauk akang,
2796,mauk,verb,"to cause someone to be intoxicated, to inebriate someone",,,,,,,,,,,,,,,,,,,,
2797,maulo,verb,to call someone (who is out of sight),Maulo si Yasir kamai aku yogo su: ia.,"Call Yasir here, I have s.t. I want him to do.",,,,,,,,,,,,,,,,,,
2798,maulít,noun,the Islamic holiday commemorating the birth of the prophet Muhammad,,,,,,,,,,,,,,,,spiritual,,,,
2799,mayana,noun,"kind of plant, Perilla,",,,,,,,,,,,,,Perilla frutescens,,,plant,,,,
2800,mayás,noun,fog,,,,,,,,,,,,,,,,natural phenomenon,,,,
2801,mayét,noun,corpse,,,,,,,,,,,,,,,,,,bangke,,
2802,mawali,intransitive verb,"a bit damp or soggy, not crisp (when it should be, e.g., of roasted peanuts)",,,,,,,,,,,,,,,,,,,,
2803,mawe,noun,kind of tree yielding a sour fruit used to make sauces,,,,,,,,,,,,,,,,plant,,,mawe akang,
2804,mawe,verb,to flavor or sour s.t. by using or adding mawe fruit,,,,,,,,,,,,,,,,,,,,
2805,maóp,intransitive verb,to fish with a net,jadi kita parcuma maóp bajual lao mata-mata ni,So it's useless for us to go net-fishing,,,,,,,,,,,,,,fishing,,op,,
2806,mbalu:,noun,kind of hook with a feather lure,,,,,,,,,,,,,,,,fishing,,,,
2807,mbanék,,,,,,,,,,,,,,,,,,,,nggaeka mbane/k,,
2808,mbaos,noun,"kind of plant, similar to ginger",,,,,,,,,,,,,,,,,,,,
2809,mbarawak,noun,certain kind of large lizards,,,,,,,,,,,,,,,,animal,,,,"mbarawak ular \df kind of lizard, the monitor lizard, \sn Varanus salvator \sf  animal, mbarawak loya \df kind oflizard, the sail-fin lizard, \sn Hydrosaurus amboinensis \sf  animal"
2810,mbaroi,noun,"kind of fish, the banded wobbegong,",,,,,,,,,,,,,Orectolobus ornatus,,,fish,,,,
2811,mbaurat,noun,"kind of fish, possibly the leaping bonito,",,,,,,,,,,,,,Cybiosarda elegans,,,fish,,,,
2812,mbenang,noun,kind of tree,,,,,,,,,,,,,,,,plant,,,,
2813,mbilat-mbilat,adverb,irregularly (of some action which should be on a regular basis),basambeang mbilat-mbilat,to perform Islamic prayers now and then (instead of the,,,,,,,,,,,,,,,,,,
2814,mbiyoang,noun,"kind of echinoderm, the basket starfish,",,,,,,,,,,,,,Euryale,,,sea creature,,,,
2815,mbolit,verb,to serve up s.t. (sago porridge),,,,,,,,,,,,,,,,,,,mboliti,
2816,mbolit,verb,to serve up a sago portion for someone,,,,,,,,,,,,,,,,,,,mbolit akang,
2817,mbolit,verb,to serve up sago porridge at someone's request,,,,,,,,,,,,,,,,,,,bambolit,
2818,mbolit,intransitive verb,to be engaged in pinching off portions of sago porridge in o.'s plate,,,,,,,,,,,,,,,,,,,bambolitang,
2819,mbolit,intransitive verb,to pinch off sago portions for e.o.,,,,,,,,,,,,,,,,,,,pambolit akang,
2820,mbolit,verb,to stir and mix intensively the sago porridge with the serving utensils because the,,,,,,,,,,,,,,,,,,,pambolitang,
2821,mbolit,noun,"the result of o.'s serving up sago porridge, i.e. a serving prepared in a certain way",,,,,,,,,,,,,,,,,,mambolit,,
2822,mbong,noun,"flower (of a fruit tree or vegetable), blossom",,,,,,,,,,,,,,,,,,,bambong,
2823,mbong,intransitive verb,"to be in flower, to blossom",,,,,,,,,,,,,,,,,,,,
2824,mbora,,,,,,,,,,,,,,,,,,,,lao mbora,,
2825,mboyang susu,noun,"kind of plant, perhaps the asthuma herb,",,,,,,,,,,,,,Euphorbia hirta,,,plant,,,,
2826,mboyang-mboyang,noun,"shrub, small plant, undergrowth",,,,,,,,,,,,,,,,plant,,,,"mboyang-mboyang rong \df kind of fern, perhaps the pepperwort \sn Marsilea quadrifolia \sf  plant"
2827,mboyat,noun,driftwood and other flotsam on the shore,,,,,,,,,,,,,,,,,,apar-apar,,
2828,mbuku,noun,"kind of bird, the owl",,,,,,,,,,,,,Strigiformes,,,bird,,,,
2829,mbulat,,,,,,,,,,,,,,,,,,,,"labung mbulat, bulat",,
2830,me,pronoun,"that o., the one",Ia me sarumángiku iskola de esde,He is the one who was my friend in elementary,,,,,,,,,,,,,,,,ma,,"me ini \df the one here \il  Me ini buk. This is the book here. \crm  mini, me itu \df the one there \crm  mitu"
2831,me:,ideophone,"the sound made by a goat, the sound of bleating",,,,,,,,,,,,,,,,,,,,
2832,mecik,noun,"girlfriend, boyfriend",,,,,,,,,,,,,,,slang,,,,bamecik,
2833,mecik,intransitive verb,to have a sweetheart,,,,,,,,,,,,,,,,,,,,
2834,mede,noun,"girlfriend, boyfriend",,,,,,,,,,,,,,,slang,,,,bamede,
2835,mede,intransitive verb,to have a sweetheart,,,,,,,,,,,,,,,,,,,,
2836,mega,noun,cloud,,,,,,,,,,,,,,,archaic,natural phenomenon,,,,
2837,meja,noun,table,,,,,,,,,,,,,,,,,,,bameja,
2838,meja,intransitive verb,"to use a table, to send tables or boats full of cakes and sweetmeats to the family of the bride or",,,,,,,,,,,,,,,,,,,,
2839,meki,noun,kind of tall evil spirit,,,,,,,,,,,,,,,,,,,,
2840,memang,particle,"certainly, undoubtedly, surely",a: ini memang mantak,"So, this is surely painstaking",,,,,,,,,,,,,,,,,,
2841,meme,,,,,,,,,,,,,,,,,,,,,memei,
2842,meme,transitive verb,to make faces at someone,,,,,,,,,,,,,,,,,,,bameme,
2843,meme,intransitive verb,to grimace and gesture with the face in order to mock and irritate,,,,,,,,,,,,,,,,,,,,
2844,memerlukan,verb,to need,,,,,,,,,,,,,,,,,Indonesian,,,
2845,memét,noun,kind of bird,,,,,,,,,,,,,,,,bird,,,,
2846,mena,conjunction,"then, following that (in a series of events)",bakokobu barenti mena tatanang cengke,"After the second burning, then we (can) plant",dumik akang jojaga itu puong mena tama bakaya,"Finish the hut first, then start",,,,,,,,,,,,,,bubuena,,
2847,menda,intransitive verb,"tasteless, insipid",,,,,,,,,,,,,,,,,,,,
2848,mendis,intransitive verb,to improperly and flirtatiously go out frequently <roam>,,,,,,,,,,,,,,,,,,,,
2849,mes,noun,"government quarters, housing for officials and civil servants",,,,,,,,,,,,,,,,,,,,
2850,mesel,noun,cement floor,,,,,,,,,,,,,,,,house,,fonderen,,
2851,meskena,conjunction,"although, however",meskena kamí bei ka sana nang ka mai ke tala ingatangmí tala mo tala,Although you,,,,,,,,,,,,,,,,,,
2852,mestér,verb,"to pay attention to someone, to heed someone",Cece mestér pasi.,Don't heed them.,,,,,,,,,,,,,,,,,,
2853,meter,noun,meter,,,,,,,,,,,,,,,,,,,,
2854,met-met,noun,"kind of insect, firefly",,,,,,,,,,,,,Lampyridae,,,insect,,,,
2855,mi,noun,noodle,,,,,,,,,,,,,,,,,,,,
2856,mil,noun,nautical mile,,,,,,,,,,,,,,,,,,,,
2857,mimbar,noun,"pulpit, esp. the podium from which sermons are read in a mosque",,,,,,,,,,,,,,,,,,,,
2858,mimis,,,,,,,,,,,,,,,,,,,,,mimisi,
2859,mimis,verb,to sell s.t. to someone,,,,,,,,,,,,,,,codeword,,,,mimis akang,
2860,mimis,verb,to sell s.t. at someone's request,,,,,,,,,,,,,,,codeword,,,,,
2861,minantu,noun,"son-in-law, daughter-in-law",,,,,,,,,,,,,,,,kinship,,,baminantu,
2862,minantu,intransitive verb,to have sons-in-law or daughters-in-law,pa ojep baminantu ngan alkani,Mr. Ojep has Alkani as his son-in-law.,,,,,,,,,,,,,,,,matua,,
2863,mini,conjunction,"in this way, like this",,,,,,,,,,,,,,,,,,"mitu, me",,
2864,minggu,noun,week,,,,,,,,,,,,,,,,,,,,
2865,minya tana,noun,kerosene,,,,,,,,,,,,,,,,,,,,
2866,minyak,noun,oil,,,,,,,,,,,,,,,,,,,,minyak papoa \df coconut oil \af  baminyak \ps  vi \df to be oily or greasy
2867,minyjang,verb,"to borrow, to ask to borrow s.t., to request the loan of s.t.",Mubei aku minyjang tatoal.,Let me borrow a knife.,anaseni ni muminyjang bolung po tala iba: tu,These kids haven't even asked to borrow,,,,,,,,,,,,,,,minyjangi,
2868,minyjang,verb,to lend someone s.t.,Ia muminyjangi aku pondo.,He lent me a shirt.,,,,,,,,,,,,,,,,,minyjangi akang,
2869,minyjang,verb,to lend s.t. at someone's request,kuminyjangi akang felpeng bo: ia,I lent a pen to him,,,,,,,,,,,,,,,,,minyjang akang,
2870,minyjang,verb,to lend s.t. to someone at another's request,Muminyjang akang ia tatoal.,Lend him a knife.,,,,,,,,,,,,,,,,,baminyjangang,
2871,minyjang,intransitive verb,to borrow from e.o.,,,,,,,,,,,,,,,,,,,bamibaminyjangang,
2872,minyjang,intransitive verb,to borrow from e.o. (of several persons or in consecutive order),,,,,,,,,,,,,,,,,,,paminyjangang,
2873,minyjang,noun,"s.t. borrowed, a loan",,,,,,,,,,,,,,,,,,,,
2874,minyola,noun,kind of fried sweetmeat made of grated cassava with a palm sugar filling,,,,,,,,,,,,,,,,,,,,
2875,miraji,noun,the Islamic holiday which commemorates Muhammad's ascent to heaven from the,,,,,,,,,,,,,,,,spiritual,,,,
2876,mirang,noun,the fine hairs on the exterior of certain bamboos,,,,,,,,,,,,,,,,,,,,
2877,miri,noun,"bile, gall, esp. of fish",,,,,,,,,,,,,,,,,,,,
2878,miris,intransitive verb,to leak,,,,,,,,,,,,,,,,,,,mirisi,
2879,miris,transitive verb,to leak on s.t.,,,,,,,,,,,,,,,,,,,miris akang,
2880,miris,verb,to make s.t. leak,,,,,,,,,,,,,,,,,,,pamirisi,
2881,miris,verb,to perforate s.t. to make it leak (e.g. so it will drain better),,,,,,,,,,,,,,,,,,,namiris,
2882,miris,intransitive verb,to be leaky,,,,,,,,,,,,,,,,,,,,
2883,misilang,particle,"just as if, similar, esp. in citing proverbs",misilang nyjong po tala naposuk,Like a boat with a leak (said of broken things which,,,,,,,,,,,,,,,,,,
2884,mitu,conjunction,"in that way, like that",,,,,,,,,,,,,,,,,,,,
2885,mitu,particle,"approximately, or so",lima meter mitu,five meters or so,,,,,,,,,,,,,,,,"mini, me",,
2886,mo,negation,"no, not",aku hawater mo,I am not worried,mitu mo,not like that,ia logas mo,It was not burned thoroughly.,,,,,,,,,,,,,,"mo e \df not at all, definitely not \df otherwise, if not \il  tagagang mo semen lime mortar, otherwise, cement \crm  moyo \ps  part \gc  sentence final particle to mark questions, esp. seeking assent \df right?, is it not so \il  taistiár mo We've made our plans, right? \il  jadi kamí batak lao mo So you fellows were out snagging fish, right? \ps  conj \df lest \il  Cece isa-isap susu mo gigi capát binasa.  Don't suck at their breasts lest your teeth go bad fast."
2887,mo:,particle,"as, similar to",modél mo: dodol mitu,s.t. like dodol or such,,,,,,,,,,,,,,,,,,
2888,moak,,,,,,,,,,,,,,,,,,,,,namoak,
2889,moak,intransitive verb,"to gush forth (e.g., of spurting blood, a gushing spring, etc.)",,,,,,,,,,,,,,,,,,,,
2890,moco,intransitive verb,to be too hard (of certain cakes when baked improperly),,,,,,,,,,,,,,,casual,,Malay,,,
2891,modal,noun,investment capital,,,,,,,,,,,,,,,,,,,,
2892,modalo karang,noun,kind of fish,,,,,,,,,,,,,,,,fish,,papi/,,
2893,moderen,intransitive verb,modern,,,,,,,,,,,,,,,,,,,,
2894,moding,noun,"lower ranking mosque official, below the muzzein",,,,,,,,,,,,,,,,,,ompu,,
2895,modél,preposition,"like, similar to",tapabua modél pasi ianta de ndeit,We did as they (do) over at Ndeit.,modél kumkím,like a pigeon,,,,,,,,,,,,,,,,
2896,mofil,noun,kind of fish,,,,,,,,,,,,,,,,fish,,,,"mofil tatambola \df kind of fish, the golden trevally, \sn Gnathanodon speciosus \crm  mata buku \sf  fish"
2897,mok,noun,metallic cup,,,,,,,,,,,,,,,,utensil,,"kopi, bokor, muci",,
2898,mol,noun,loincloth,,,,,,,,,,,,,,,archaic,,,,,
2899,morosong,,,,,,,,,,,,,,,,,,,,marosong,,
2900,mortol,,,,,,,,,,,,,,,,,,,,ngguming,,
2901,morutu,intransitive verb,"to be prone to wear clothing out quickly, hard on clothes <rough>",kau ini morutuna pakeang bobuena ke tuka tala narebus po,You are so hard on clothes!,,,,,,,,,,,,,,,,,,
2902,moróm,noun,coconut leaf sheathe,,,,,,,,,,,,,,,,,,,,
2903,motoa,noun,kind of tree,,,,,,,,,,,,,,,,plant,,,,
2904,motor,noun,"boat, with an internal engine",,,,,,,,,,,,,,,,boat,,,,
2905,motor fis,noun,motorcycle,,,,,,,,,,,,,,,,,,"fis, honda",,
2906,mou,intransitive verb,"speechless, mute, speech-impaired",,,,,,,,,,,,,,,,,,,,
2907,moyo,negation,"not, no, it doesn't exist, it isn't there, there is no..., completely finished, all gone",logas moyo hapiak itu,That part was not burned.,basaláng moyo adaing ala tapis karung,"If not, then just take a gunny-sack filter.",cece batikang barandang moyo,Don't say it will be wet! No!,Moyo ole.,Right. It isn't there.,yo gigi tala moyo,"It's true, as for my teeth, they are all gone.",,,,,,,,mo,,
2908,mpu,pronoun,"sir, a respectful term of address, esp. for o.'s Quranic teacher",dangang sasaraurang mpu,"Just me, sir.",,,,,,,,,,,,,respectful,,,"ompu, pu",,
2909,-mu:,,,,,,,,,,,,,,,,second person plural genitive marker,,,,,,
2910,-mu:,pronoun,your,inamu:,your (pl.) mother,,,,,,,,,,,,,,,,kamu/,,
2911,-mu,pronoun,your,inamu,your mother,,,,,,,,,,,,second person singular genitive marker,,,,kamu/,,
2912,mu-,vm,,ia mumakang kasbi,He eats cassava.,pasi mubotaing itu icampur nang kayu toto,They set it up mixed with that wood.,tala pasi mudanga,They had heard.,,,,,,,,"affix marking verbs to indicate second person singular, or third person subjects",,,,,,
2913,muat,verb,to load,Kau balampo mumuat kayu.,Go and load some wood.,,,,,,,,,,,,,,,,,muati,
2914,muat,transitive verb,to load s.t. for someone,Kau ka da: muati aku kayu.,Go inland and load up some wood for me.,,,,,,,,,,,,,,,,,,
2915,mubajir,noun,"a waste (e.g. of food), useless consumption or expenditure of s.t. (e.g. energy)",,,,,,,,,,,,,,,,,,,,
2916,muci,noun,"very small cup, kind of serving dish with multiple small compartments for various condiments",,,,,,,,,,,,,,,,,,kate-kate muci,,
2917,muhamadán,exclamation,"By the Prophet!, a mild exclamation of surprise",muhamadán reana,"By the Prophet, that's big!",,,,,,,,,,,,,,,,,,
2918,Muhamat,noun,"the prophet, Muhammad",,,,,,,,,,,,,,,,personal name,,,,
2919,muharam,noun,the first month of the Islamic calendar,,,,,,,,,,,,,,,,,,,,
2920,muja-muja,noun,flower petals cut into bits for use in rituals,,,,,,,,,,,,,,,,,,paisu muja-muja,,
2921,muka,noun,"face, countenance",,,,,,,,,,,,,,,,,,rupa,,
2922,mula,noun,debt,,,,,,,,,,,,,,,,,,,bamula,
2923,mula,intransitive verb,"to be in debt, tp be indebted",,,,,,,,,,,,,,,,,,,,
2924,mula,,,pasi bamula de kami sajuta,They are in debt to us for one million (rupiah),,,,,,,,,,,,,,,,pamula:ng,,
2925,mulai,particle,starting,,,,,,,,,,,,,,,,,,,,
2926,mulai,intransitive verb,"to begin, to start, or start off",tala mulai,It's started,itu manusia bakaya ini mulai dari tabang ambulung,"As for persons processing sago, it",dadi nampisiang mulai kita dua ka da:,So tomorrow shall the two of us start for the,,,,,,,,,,,,,,
2927,muli,verb,"to return, esp. to return home, to pass away <die>",kira-kira jam sabayá kamí muli alengo,About what time did you go home then?,,,,,,,,,,,,,polite,,,,muli akang,
2928,muli,transitive verb,"to put s.t. into a reverse cycle, esp. for machines",Muli akang fis pedalina.,Reverse the direction of the bicycle pedals.,,,,,,,,,,,,,,,,,bamulina,
2929,muli,noun,the change (after making a purchase),,,,,,,,,,,,,,,,,,,,
2930,mulu,,,,,,,,,,,,,,,,,,,,ari bai mulu bai,,
2931,mumu,numeral classifier,counter of fish strung through the gills <string>,,,,,,,,,,,,,,,,,,,,
2932,munsia,,,,,,,,,,,,,,,,,,,,manusia,,
2933,mungkar,noun,o. of the angels which interrogate the spirit of the dead,,,,,,,,,,,,,,,,spiritual,,almanangkir,,
2934,mungkir,intransitive verb,"to go back on o.'s word, to deny",,,,,,,,,,,,,,,,,,,,
2935,munyi,,,,,,,,,,,,,,,,,,,,,munyi akang,
2936,munyi,verb,to cause s.t. to make noise,Cece munyi akang radio itu aku yogo tidu.,Don't play that radio,I want to sleep.,,,,,,,,,,,,,,,,bamunyi,
2937,munyi,intransitive verb,to make noise,,,,,,,,,,,,,,,,,,,bamunyi-munyi,
2938,munyi,intransitive verb,"to make repeated noises, to drone incessantly",manakala ada kapal udara tadanga bamunyi-munyi tatatama,When there was a plane we,,,,,,,,,,,,,,,,,munyi-munyiang,
2939,munyi,noun,musical instruments,,,,,,,,,,,,,,,,,,,,
2940,mura,intransitive verb,"cheap, inexpensive",,,,,,,,,,,,,,,,,,,pamurai,
2941,mura,verb,"to reduce the price of s.t., to discount the price of s.t.",tala ipamurai duriang tu po capát laku,"After reducing the price of the durians, they sold",,,,,,,,,,,,,,,,,,
2942,mus,,,,,,,,,,,,,,,,,,,,musi,,
2943,musi,particle,"must, to be required to, to be reasonably expected to,",jadi musi lapor puang i:,"So, one had to report first, right?",puasa dalama itu musi bakaya ga,"Even during Ramadan, one must process sago.",musi japang mueti,The Japanese must have known.,,,,,,,,,,,,,,
2944,musing,,,,,,,,,,,,,,,,,,,,musung,,
2945,musu,noun,enemy,,,,,,,,,,,,,,,,,,,bamusu,
2946,musu,intransitive verb,"to fight, esp of cocks",,,,,,,,,,,,,,,,,,,bamubamusuang,
2947,musu,intransitive verb,"to be enemies of e.o., to engage in mutual belligerence",,,,,,,,,,,,,,,,,,,pamusu akang,
2948,musu,verb,"to pit some animal against another, esp. cocks, to make s.t. into an enemy",daulu walanda mupamusu akang tarnate nang tadore,In the past the Dutch pitted,,,,,,,,,,,,,,,,lawang,,
2949,musung,noun,"season, monsoon",musung duriang,durian season,musung ujang,rainy season,,,,,,,,,,,,,,,,
2950,muta,noun,vomit,Ilia mo muta baláng mo balampo kata.,He didn't see the vomit,"otherwise, it would",,,,,,,,,,,,,,,,,
2951,muta,verb,to vomit,,,,,,,,,,,,,,,,,,,muta:kang,
2952,muta,verb,"to vomit s.t., to spew s.t. out",,,,,,,,,,,,,,,,,,,,
2953,muti,noun,morning,,,,,,,,,,,,,,,,,,,muti-muti,
2954,muti,noun,early morning,pesa musing padas jagai so: muti-muti nang kalamari,In the dry season o. should water,,,,,,,,,,,,,,,,,,
2955,na-,vm,,ibobar sigodo nalipa-lipat de itu,They beat him until he was curled up in a heap there.,,,,,,,,,,,,"verbal prefix indicating accidental, involuntary or inadvertent events",,,,,,
2956,na,,,,,,,,,,,,,,,,,,,,na:,,
2957,-na,pronoun,"his, her, its, their (esp. of things or sensations not jointly possessed)",bayaka uluna,hilt of a machete,nyawana pasi,their (individual) feelings,,,,,,,,,,third person genitive marker,,,,"-a, -ina, -na pasi",,
2958,na:,,"that being the case, so",na: sakarang bicara kita tapake senso,"There, now let's talk about how it is when we use",,,,,,,,,,,,a sentence initial discourse connector,,,,,,
2959,-na pasi,pronoun,their,,,,,,,,,,,,,,,,,,-na,,
2960,nabi,noun,prophet,,,,,,,,,,,,,,,,,,,,nabi heder \df a prophet associated with the sea \crm  siloloa
2961,nadu:,noun,"steep ridges, bluff",,,,,,,,,,,,,,,,geography,,,,
2962,naga,noun,dragon,,,,,,,,,,,,,,,,animal,,,,
2963,nagara,noun,nation,,,,,,,,,,,,,,,,,,,,
2964,nagarí,noun,village,,,,,,,,,,,,,,,,,,,,
2965,nagasari,noun,kind of cake made with komalo filling,,,,,,,,,,,,,,,,,,,,
2966,naik,transitive verb,"to climb s.t., to harvest clove (by climbing to remove the buds)",naik de cengke,,,,,,,,,,,,,,,,,,,"naik tidu \df to go to bed, to assume a position for sleep (in a bed) \ps  vi \df to go up, to ascend \il  dimana asap naik itu kau muwele de itu Wherever the smoke ascends, you should wave at it there. \df to undertake some elevated task (e.g. to pray in the mosque), naik bangaji \df to study Quranic recital <recite> \crm  napulut naik \af  naiki \ps  vt \df to climb s.t. for someone \il  naiki aku buang satundung Climb up and get me a cluster of langsat fruit. \af  naik akang \ps  vt \df to climb s.t. at someone's request \af  banaik \ps  vi \df to put s.t. high (e.g. pull a boat ashore), to elevate s.t. \af  banai-naikang \ps  vi \df to compete with others in a climbing contest, to climb on e.o. to reach at some prize or goal \af  nai-naik, nai-naik kata \df a stage in human growth, entering pubescence, becoming an \adolescent \af  kana-kanaikang \ps  n \df a place where ascent is possible, e.g. a path up from a river, stairs leading up from a pier"
2967,naka,noun,"kind of tree bearing edible fruit, the jackfruit,",,,,,,,,,,,,,Artocarpus heterophyllus,,,plant,,,,"naka walanda \df kind of tree bearing edible fruit, the soursop, \sn Annona muricata \sf  plant \crm  tiwadak"
2968,nakir,noun,o. of the angels which interrogate the spirit of the dead,,,,,,,,,,,,,,,,spiritual,,almanangkir,,
2969,nakit,noun,"kind of wormlike sea cucumber, class Holothuroidea",,,,,,,,,,,,,,,,sea creature,,,,
2970,namongkar,intransitive verb,"to open up, to expand, esp. of chips when they are fried",,,,,,,,,,,,,,,,,,,,
2971,nampisiang,particle,tomorrow,nampisiang patanga,tomorrow night,,,,,,,,,,,,,,,,,,
2972,nana,noun,pus,,,,,,,,,,,,,,,,,,,banana,
2973,nana,intransitive verb,"to excrete pus, to suppurate",,,,,,,,,,,,,,,,health,,,,
2973,nana,intransitive verb,"to excrete pus, to suppurate",,,,,,,,,,,,,,,,body,,,,
2974,nana,,,,,,,,,,,,,,,,,,,,banana,,
2975,nandolang,noun,female youths of marrying age,,,,,,,,,,,,,,,,society,,,,
2976,nandung,intransitive verb,"swift (of boats), fast on the water",,,,,,,,,,,,,,,,,,,,
2977,nanto,noun,kind of tree,,,,,,,,,,,,,,,,plant,,,,
2978,nanás,noun,"pineapple,",,,,,,,,,,,,,Ananas comosus,,,plant,,,,
2979,nané,noun,"kind of tree bearing edible nuts, kanari or java-almond,",,,,,,,,,,,,,Canarium commune,,,plant,,,,
2980,nang,preposition,with,kau nang sia/,Who are you with?,tamakang nang fofoki,We eat it with eggplant.,biar taikat nang apé ke anasene sakarang ni ini,"No matter what we tie it with, kids",,,,,,,,,,,,,,"nang ka sana nang ka mai \df hither and thither, all over, every which where \df for (a certain length of time) \il  barang nang udang  This (lasts) for months \il  nang tagal  for a long time \ps  conj \df and \il  inaku kakana nang adina my mother's elder and younger sisters \df moreover, furthermore \il  nang aku yogo kutanyai kau habua hadiki Furthermore, if you don't mind, I'd like to ask you something."
2981,nanggara:,intransitive verb,to scream,Ia nanggara: sigodo talingaku bacír.,She shouted to the point that my ears rang.,,,,,,,,,,,,,,,,,nanggara:i,
2982,nanggara:,verb,to scream at someone,,,,,,,,,,,,,,,,,,,nanggara: akang,
2983,nanggara:,verb,to shout at someone's request,,,,,,,,,,,,,,,,,,,banangga-nanggara:,
2984,nanggara:,intransitive verb,to repeatedly scream at e.o.,,,,,,,,,,,,,,,,,,"tikolok, maulo",,
2985,nanggias,noun,kind of large canopy tree,,,,,,,,,,,,,,,,plant,,,,
2986,nanggici,intransitive verb,"to chuckle, to smile",,,,,,,,,,,,,,,,,,sumung,,
2987,nanggoap,noun,"kind of fish, the barramundi cod or hump-backed rock-cod,",,,,,,,,,,,,,Cromileptes altivelis,,,fish,,,,
2988,naonaondoa,,,,,,,,,,,,,,,,,,,,ondo,,
2989,naondoa,,,,,,,,,,,,,,,,,,,,ondo,,
2990,napada-padasa,,,,,,,,,,,,,,,,,,,,ujang,,
2991,naro:,intransitive verb,"sunken (of the face, esp. due to loss of teeth)",,,,,,,,,,,,,,,,health,,,,
2992,nasijaha,noun,"kind of cake, a mixture of glutinous rice and rice cooked in bamboo  with coconut cream",,,,,,,,,,,,,,,,food,,iba,,
2993,nasipulo,noun,cooked glutinous rice,,,,,,,,,,,,,,,,,,,,
2994,nasoa,noun,"space between books, planks, etc., gangway",,,,,,,,,,,,,,,,,,,,
2995,nau,noun,term of address for older males of the kamarullah clan <sir>,,,,,,,,,,,,,,,,society,,bapa,,
2996,nawang,noun,"doorway, portal",,,,,,,,,,,,,,,,house,,,,"nawang daunga \df door \sf  house, nawang gawat \df a situation in which the genitalia are inadvertently exposed \sc  Slang \af  nawa-nawang \df doorlike closures, hatches"
2997,nda:,particle,"inland, over there",nda: de batang babalek de itu,"Over there, inland at Batang Babalek there.",,,,,,,,,,,,,,,,da:,,
2998,ndaeping,noun,"kind of fish, similar to mackerel",,,,,,,,,,,,,,,,,,,,
2999,ndango,noun,earthenware sago mold,,,,,,,,,,,,,,,,,,,,ndango sanggera \df kind of small sago mold \sf  sago
3000,ndayango,noun,"kind of plant, the sweet flag,",,,,,,,,,,,,,Acorus calamus,,,plant,,,,
3001,ndawiwit,noun,kind of gray bird,,,,,,,,,,,,,,,,bird,,,,
3002,ndoa,noun,"souvenir, a gift given upon arrival or given to a traveler on departure",,,,,,,,,,,,,,,,,,,,
3003,ndola,noun,"kind of breadfruit,",,,,,,,,,,,,,Artocarpus,,,plant,,naka,,
3004,ndolang,noun,kind of tree,,,,,,,,,,,,,,,,plant,,,,
3005,ndor,noun,"kind of crustacean, mantis shrimp, class Crustacea",,,,,,,,,,,,,,,,sea creature,,,,ndor kakepit \df kind of crustacean \sf  sea creature
3006,ndoyang,noun,"kind of bird, a hawk",,,,,,,,,,,,,Accipitridae,,,bird,,,,
3007,ndule,verb,to roast s.t. (fish) by placing directly on burning coals,,,,,,,,,,,,,,,,culinary,,fofoki,,
3008,nduyung,noun,kind of protective charm said to originate from dugong skin; it is  esp. used to protect sleeping children (by laying it next to them or attaching it to a cradle),,,,,,,,,,,,,,,,spiritual,,lao nduyung,,
3009,nene,noun,grandmother,,,,,,,,,,,,,,,,,,,,"nene nang piut \df a family, a descent line \sf  kinship"
3010,ni,particle,this,lapetak mami ni ra:,This swidden of ours is large.,,,,,,,,,,,,,,,,ini,,
3011,nika,noun,the ritual in which the groom and the bride's father or guardian  formally conclude the wedding,,,,,,,,,,,,,,,,,,,,
3012,nika,verb,to wed someone,,,,,,,,,,,,,,,,,,,,
3013,nilon,intransitive verb,"to suffer a certain and fatal disease (of goats), characterized by internal tumors and skin eruptions",,,,,,,,,,,,,,,,,,kambing nilon,,
3014,nilon,,,,,,,,,,,,,,,,,,,,nilong,,
3015,nilong,noun,nylon fishing-line,,,,,,,,,,,,,,,,fishing,,,,
3016,nipa,noun,"kind of palm, the nipa,",,,,,,,,,,,,,Nipa fruticans,,,plant,,,,
3017,nipis,intransitive verb,"thin (of paper, planks, etc.)",,,,,,,,,,,,,,,,,,,,
3018,noa-noa,,,,,,,,,,,,,,,,,,,,,banoa-noa,
3019,noa-noa,intransitive verb,to ask over and over the same questions (although the answer is already known),,,,,,,,,,,,,,,,,,,,
3020,nogi,,,,,,,,,,,,,,,,,,,,gigi nogi,,
3021,nokat-nokat,intransitive verb,"to be unbathed (at a time when bathing should have already occurred), to be dirty",,,,,,,,,,,,,,,,,,,,
3022,nokeng,noun,kind of satchel carried over the shoulder,,,,,,,,,,,,,,,archaic,,,,,
3023,nomor,noun,number,nilonga nomor sapulu,Its (appropriate) nylon (fishing line) is Number 10,,,,,,,,,,,,,,,,,,nomor satu \df first of all
3024,nonda,noun,"kind of fish, various kind of snappers",,,,,,,,,,,,,,,,fish,,,,"nonda furu \df kind of fish, a snapper, the Moses perch, \sn Lutjanus russelli \sf  fish"
3025,nondat,noun,"plank floor, planking of a bed",,,,,,,,,,,,,,,,,,,,
3026,nono,noun,"vulva, female genitalia",,,,,,,,,,,,,,,,body,,,,
3027,nonók,noun,"kind of monkey, the black macaque,, any kind of ape or monkey <primate>, order Primate",,,,,,,,,,,,,Macaca nigra found in Bacan,,,animal,,,,
3028,nopes,intransitive verb,flat (of the nose),,,,,,,,,,,,,,,,,,,,
3029,nota,noun,written notes,,,,,,,,,,,,,,,,,,,,
3030,notai,verb,"to incise s.t., to notch s.t., to girdle or ring a tree to kill it",maksut notai supaya capat kering,The purpose of ringing is so that it will become dry,,,,,,,,,,,,,,,,peta,banotai,
3031,notai,intransitive verb,"characterized by notches and incisions, to engage in notching or ringing trees to kill them",anang ari ini kita manabang nang banotai,For six days we have been chopping down,,,,,,,,,,,,,,,,,,
3032,-nta,pronoun,our,,,,,,,,,,,,,,first person plural genitive marker,,,,kita,,
3033,nusa,noun,"isle, small island",,,,,,,,,,,,,,,,geography,,,,
3034,nusa deket,noun,an island near Labuha,,,,,,,,,,,,,,,,,,,,
3035,nusa ra:,noun,an island near Labuha,,,,,,,,,,,,,,,,,,,,
3036,nusu,noun,kind of tree,,,,,,,,,,,,,,,,plant,Malay,talise,,
3037,ngaji,,,,,,,,,,,,,,,,,,,,"mangaji, pangaji akang",,
3038,ngale,intransitive verb,slow,,,,,,,,,,,,,,,,,,,ngale-ngale,
3039,ngale,intransitive verb,rather slow,,,,,,,,,,,,,,,,,,mangele nana,,
3040,ngana,particle,"also, even, even more so, all the more",kami pabua ngana habua kalero ampa repak,We even made a bonfire of four fathoms.,aku ke ngana,Me either! Let alone me!,,,,,,,,,,,,,,,,
3041,nganting-nganting,noun,"earrings, esp. dangling earrings",,,,,,,,,,,,,,,,,,giwang,,
3042,nganga,intransitive verb,"to be passive (in the face of teasing or scolding), to be quiet",,,,,,,,,,,,,,,,,,,ngangai,
3043,nganga,verb,"to gape at someone, to stare, to gawk",,,,,,,,,,,,,,,,,,,nganga akang,
3044,nganga,verb,"to open another's mouth, to force open someone's mouth",,,,,,,,,,,,,,,,,,,banganga,
3045,nganga,intransitive verb,"to keep o.'s mouth open, to gape (of large, deep wounds)",,,,,,,,,,,,,,,,,,,,
3046,nganggeas,noun,"kind of tree,",,,,,,,,,,,,,Samanea saman,,,plant,,,,
3047,nganggó,noun,nape of the neck,,,,,,,,,,,,,,,,body,,,,
3048,nganggó,noun,"kind of bird, perhaps the crow",,,,,,,,,,,,,Corvidae,,,bird,,,,nganggo/ mara \df kind of bird \sf  bird
3049,ngao,ideophone,"the sound made by a cat, the meow of a cat",,,,,,,,,,,,,,,,,,nyao,,
3050,ngasang,,,,,,,,,,,,,,,,,,,,sela bura ngasang,,
3051,ngasi,noun,the owner's share in a yield (of a tenant or someone harvesting another's crop,,,,,,,,,,,,,,,,,,,,
3052,ngguce,intransitive verb,"not ripe, green (of fruits)",,,,,,,,,,,,,,,,,,,,
3053,ngguming,noun,"rope, vine",,,,,,,,,,,,,,,,plant,,,,"ngguming japa/ng \df plastic twine, ngguming bori \df kind of vine \crm  bori \sf  plant, ngguming maropo \df kind of vine \sf  plant, ngguming balatete \df kind of vine bearing light blue flowers which spreads on sandy ground \sf  plant, ngguming camba lait \df kind of vine \sf  plant, ngguming papua \df kind of vine \sf  plant, ngguming sasakul \df kind of vine \sf  plant, ngguming mortol \df kind of vine \sf  plant, ngguming popia \df kind of vine \sf  plant, ngguming ompo ruma makananga \df kind of vine bearing red fruit \sf  plant, ngguming gatala \df kind of vine with toxic leaves \sf  plant"
3054,nggupi,noun,"kind of fish, a snapper, perhaps the Maori sea-perch,",,,,,,,,,,,,,Lutjanus rivulatus,,,fish,,,,
3055,ngguti,,,,,,,,,,,,,,,,,,,,,ngguti:,
3056,ngguti,verb,"to frighten someone by groaning (of a ghost, a friend playing a prank)",,,,,,,,,,,,,,,,,,,mangguti,
3057,ngguti,intransitive verb,to groan,,,,,,,,,,,,,,,,,,,,
3058,ngguti-ngguti,noun,"kind of fish, the milkfish,",,,,,,,,,,,,,Chanos chanos,,,fish,,,,
3059,ngisang-ngisang,noun,"food, esp. a special dish or a certain cake",,,,,,,,,,,,,,,,food,,,,
3060,-ngku,pronoun,my,anungku,mine,,,,,,,,,,,,first person singular genitive marker,,,,"aku, -ku, -iku",,
3061,ngofa bira,noun,"chamberlain or lady in waiting of the sultan's palace, usually related to the sultan,",,,,,,,,,,,,,,,,,,,,
3062,ngolu,intransitive verb,"tired, exhausted (from physical exertion)",,,,,,,,,,,,,,,,,,,bangolu-ngolu,
3063,ngolu,intransitive verb,"extremely tired, wearied by a fruitless activity",,,,,,,,,,,,,,,,,,,,
3064,ngongoma,noun,"font of the head, fontanel",,,,,,,,,,,,,,,,body,,,,
3065,ngongot,intransitive verb,painful,,,,,,,,,,,,,,,,,,mangongot,,
3066,ngoru,,,,,,,,,,,,,,,,,,,,,ngorui,
3067,ngoru,verb,to startle or frighten someone by grunting (of a boar or ghost),,,,,,,,,,,,,,,,,,"mangoru, ngguti",,
3068,ngumindatu,noun,kind of tree,,,,,,,,,,,,,,,,plant,,ngguming,,
3069,nguti-nguti,,,,,,,,,,,,,,,,,,,,ngguti-ngguti,,
3070,nya,particle,"as, similar to",,,,,,,,,,,,,,,,,,"mo:, deminya/",,
3071,nyagimoi,,,,,,,,,,,,,,,,,,,,soa nyagimoi,,
3072,nyala,noun,flame,,,,,,,,,,,,,,,,,,manyala,nyala akang,
3073,nyala,verb,to ignite for someone,,,,,,,,,,,,,,,,,,,manyala,
3074,nyala,intransitive verb,to be aflame,,,,,,,,,,,,,,,,,,,panyalai,
3075,nyala,verb,"to turn on s.t. ( a light),, to increase the burning (of some fire), e.g. by fanning",pa juki yang mupanyalai,It was Mr. Juki who turned on (the light),,,,,,,,,,,,,,,,,,
3076,nyama,noun,name,nyamana apé,What is its name?,,,,,,,,,,,,,,,,,nyama:kang,
3077,nyama,verb,"to name s.t., to give a name to s.t.",,,,,,,,,,,,,,,,,,,,
3078,nyamang,intransitive verb,"tasty, delicious, pleasant, comfortable",,,,,,,,,,,,,,,,,,,nyamang akang,
3079,nyamang,verb,"to enhance the flavor of s. food on someone's behalf, to make s.t. tasty at someone's request",,,,,,,,,,,,,,,,,,,panyamangi,
3080,nyamang,verb,"to enhance the delicious flavor of s.t. by carefully adding herbs, etc.",,,,,,,,,,,,,,,,,,,panyamangi akang,
3081,nyamang,verb,to enhance the flavor of s.t. for someone else by using o.'s culinary skills,jojobo itu kurang gasi po panyamangi akang hadiki,This food has too little salt so,,,,,,,,,,,,,,,,,kanyamangang,
3082,nyamang,noun,"pleasure, delight, gratification",parkara batanggar akang kanyamangang,It's a case of pursuing gratification,,,,,,,,,,,,,,,,,bakanyamangang,
3083,nyamang,intransitive verb,"to derive considerable pleasure, to enjoy o.self",duduk po ia sopang bakanyamangang nang bini-bini itu,He sits at home and then he,,,,,,,,,,,,,,,,,,
3084,nyamo,,,,,,,,,,,,,,,,,,,,de nyamo,,
3085,nyanyito,noun,kind of stationary rasp used to scrape coconuts <scraper>,,,,,,,,,,,,,,,,utensil,,,,
3086,nyanyá,noun,"cat,",,,,,,,,,,,,,Felis,,,animal,,pulu-pulut nyanya/,,
3087,nyao,ideophone,"the sound made by a cat, the meow of a cat",,,,,,,,,,,,,,,,,,ngao,,
3088,nyara,noun,"petulance, hypersensitivity, esp. of children",,,,,,,,,,,,,,,,,,,,
3089,nyausuka,verb,to enjoy s.t.,,,,,,,,,,,,,,,,,,,,
3090,nyausí,verb,"to desire s.t., to want s.t.",Kunyausí baha-baha,I want sago and sugar cakes.,,,,,,,,,,,,,,,,,,nyausu/ para nyausu/ \df to have an unrequited desire or an unfulfilled wish \crm  yogo
3091,nyawa,noun,"feelings, emotion, spirit, soul",ma lukai nyawana,She hurt her feelings,,,,,,,,,,,,,,,,,,"nyawa buruk \df selfish, nyawa gele \df amused \af  banyawa \ps  vi \df to breathe \af  banyawa-nyawa \ps  vi \df to pant, to be out of breath \af  nyawa-nyawana \ps  part \df apparently, in my opinion \af  sanyawa \ps  n \df one opinion, one emotion <agree> \il  sanyawa de palimpungang  agreement in a gathering"
3092,nyile,,,,,,,,,,,,,,,,,,,,,nyilei,
3093,nyile,transitive verb,to peer at someone,,,,,,,,,,,,,,,,,,,nyinyilei,
3094,nyile,transitive verb,to repeatedly peer at someone,,,,,,,,,,,,,,,,,,,,
3095,nyilu,intransitive verb,sour,,,,,,,,,,,,,,,,,,,panyilui,
3096,nyilu,verb,to sour s.t. (e.g. by adding vinegar),,,,,,,,,,,,,,,,,,,,
3097,nyiru,noun,"basket-like sieve to sift sago flour, rice winnow",,,,,,,,,,,,,,,,sago,,,,
3097,nyiru,noun,"basket-like sieve to sift sago flour, rice winnow",,,,,,,,,,,,,,,,utensil,,,,
3098,nyjaurang,noun,fishing pole,,,,,,,,,,,,,,,,,,,nyjaurangi,
3099,nyjaurang,verb,to strike or poke someone with a long pole using an action similar to casting a fishing rod,,,,,,,,,,,,,,,,,,,banyjaurang,
3100,nyjaurang,intransitive verb,"to catch fish with a fishing pole, to angle",,,,,,,,,,,,,,,,fishing,,,,
3101,nyjelang,verb,"to wrap s.t. in leaves and roast (of food), to roll s.t. (a cigarette)",lao nyjelang,a fish appropriate for cooking in leaves,,,,,,,,,,,,,,culinary,,,nyjelangi,
3102,nyjelang,verb,to wrap s.t. in leaves for someone,nyjelangi aku tabako habua,Roll me a cigarette,,,,,,,,,,,,,,,,,banyjelang,
3103,nyjelang,intransitive verb,"to engage in wrapping things in leaves, e.g. rolling cigarettes",,,,,,,,,,,,,,,,,,,,
3104,nyjeling,verb,to glance out of the corner of o.'s eye,,,,,,,,,,,,,,,,,,,nyjelingi,
3105,nyjeling,verb,to cast a sideways glance at someone,,,,,,,,,,,,,,,,,,,banyjeling-jelingang,
3106,nyjeling,intransitive verb,to cast surreptitious glances at e.o.,,,,,,,,,,,,,,,,,,,,
3107,nyjong,noun,"boat, dugout",,,,,,,,,,,,,,,,boat,,,,"nyjong bangku \df dugout canoe, nyjong fonai \df kind of outrigger canoe with a distinctive prow, nyjong mananderu \df kind of canoe fitted with outriggers, nyjong pakata \df kind of small, narrow outrigger with pointed prow \sf  boat"
3108,nyjong-nyjong,noun,kind of flower,,,,,,,,,,,,,,,,plant,,,,
3109,nyomi,noun,dew,,,,,,,,,,,,,,,,natural phenomenon,,ombong,,
3110,o:,exclamation,"oh, exclamation of surprise or perception",o: hamís abdíl,"I see, it's Hamis Abdul you mean (not some other Hamis)",,,,,,,,,,,,,,,,,,
3111,oar,noun,"ginger,",,,,,,,,,,,,,Zingiber officinale,,,plant,,,,
3112,obas,noun,pig nest (of wild boar),,,,,,,,,,,,,,,,,,kandang,,
3113,obit,,,,,,,,,,,,,,,,,,,,tanyjung obit,,
3114,obor,noun,bamboo torch,,,,,,,,,,,,,,,,,,,,
3115,ofal,intransitive verb,"to sail in a zigzag fashion, to beat to windward",,,,,,,,,,,,,,,,sailing,,,baofal,
3116,ofal,intransitive verb,to be engaged to sailing in a zigzag fashion,,,,,,,,,,,,,,,,sailing,,,,
3117,ogi,noun,a banana hand which has been split in two or from which some bananas have been,,,,,,,,,,,,,,,,,,,,
3118,oi,,,,,,,,,,,,,,,,,,,,tali oi,,
3119,oko,verb,to cannibalize the organs of o.'s living victims by sorcery (said of witches),,,,,,,,,,,,,,,,,,,,
3120,oko,,,,,,,,,,,,,,,,,,,,batiti oko,,
3121,oko-oko,noun,gullet (of chicken),,,,,,,,,,,,,,,,,,,,
3122,okop,,,,,,,,,,,,,,,,,,,,,okopi,
3123,okop,verb,"to cover someone with a cloth or blanket, to cover fruit (on a tree) with a cloth",,,,,,,,,,,,,,,,,,,baokop,
3124,okop,intransitive verb,"to blanket o.self, to wrap o.self in cloth",,,,,,,,,,,,,,,,,,,okop-okop,
3125,okop,noun,blanket,,,,,,,,,,,,,,,,,,,paokop,
3126,okop,noun,blanket,,,,,,,,,,,,,,,,,,,maokopi,
3127,okop,intransitive verb,to brood (of hens),,,,,,,,,,,,,,,,,,,,
3128,ola-ola,noun,kind of vegetable dish of bitter gourd stuffed with fish and spices,,,,,,,,,,,,,,,,food,,,,
3129,olas,verb,to wipe s.t. (the nose),,,,,,,,,,,,,,,,,,,,
3130,ole,exclamation,yes,ole kayu besi,"Yes, ironwood.",aku batikang ole aku tala mangaku de pasi,"When I say 'yes', I have agreed in their",moyo ole,Right. He's not there.,,,,,,,,,,,,,,
3131,olong,noun,kind of mangrove tree,,,,,,,,,,,,,,,,plant,,,,
3132,olo-olo,transitive verb,"to mock someone, to tease someone",,,,,,,,,,,,,,,,,,,baolo-olo,
3133,olo-olo,intransitive verb,to constantly mock and tease,,,,,,,,,,,,,,,,,,,,
3134,omba,verb,"to block or obstruct s.t., to keep s.t. in place",taomba puang mena tabotaing lecak,Let's block it off first then put the sand in,,,,,,,,,,,,,,,,,,
3135,ombong,noun,dew,,,,,,,,,,,,,,,,natural phenomenon,,nyomi,,
3136,ome,noun,kind of tree,,,,,,,,,,,,,,,,plant,,,,
3137,omong,verb,to chew s.t. with toothless gums,,,,,,,,,,,,,,,,,,,,
3138,ompu,noun,Lord (God),,,,,,,,,,,,,,,,,,pu,,"ompu lahtala \df God, God Most High \df a court or religious title, ompu asal \df original lord, a title of the Sultan, ompu guru \df Quranic teacher, ompu hati/p \df formal title for the mosque official who reads the sermon, ompu imang \df formal title for the mosque prayer leader \crm  ima/m, ompu kale \df formal title for the highest religious official who makes legal decisions <judge>, ompu lutnan \df commander of the sultan's army and palace guard, ompu moding \df the senior muzzein \df sir, a respectful term of address or reference, esp. in letters, often used as a title before a personal name \il  ompu musín ambulung dirina itu barisi  Are many of Mr. Musin's sago trees fully mature? \crm  urang punana \af  baompu \ps  vi \df to have as a master, to treat someone as lord \il  cece basu: aku aku baompu de kau mo  Don't order me around. I don't have you for a master (You are not my master) \crm  pampuang"
3139,ompu ruma,noun,"mouse, rat, order Rodentia",,,,,,,,,,,,,,,,animal,,tikus kupang,,
3140,ompu ruma pingganga,noun,"kind of seaweed,",,,,,,,,,,,,,Padina,,,plant,,,,
3141,ompur nana,noun,"God, master, owner",,,,,,,,,,,,,,,,,,,,
3142,onda,noun,node (of bamboo),,,,,,,,,,,,,,,,,,,onda-onda,
3143,onda,noun,"joint, knuckle",,,,,,,,,,,,,,,,,,,,
3144,onda,verb,"to cut at the node (e.g., bamboo)",,,,,,,,,,,,,,,,,,,,
3145,ondal,noun,"kind of fish, moray eels incl. the mottled reef eel or leopard moray,",,,,,,,,,,,,,Gymnothorax undulatus,,,fish,,,,
3146,onda-onda,noun,kind of tree,,,,,,,,,,,,,,,,plant,,,,
3147,ondo,noun,sun,,,,,,,,,,,,,,,,natural phenomenon,,,,"ondo makarau \df solar eclipse \af  naondoa \ps  n \df an early time in the day <morning> \af  nao-naondoa \ps  adv \df early \af  ondo-ondo \ps  adv \df broad daylight, daytime \crm  tidu ondo-ondo"
3148,ono,noun,"kind of palm, the Arenga palm or sugar palm,",,,,,,,,,,,,,Arenga pinnata,,,plant,,ijuk,,
3149,ontok,noun,"contents, flesh",,,,,,,,,,,,,,,,,,isi,onto-ontoka,
3150,ontok,intransitive verb,to be stark naked,,,,,,,,,,,,,,,,,,,,
3151,onggas,,,,,,,,,,,,,,,,,,,,,onggasi,
3152,onggas,verb,to gesture with or move the eyes in order to frighten someone,kuonggasi mata de andeket itu,I opened my eyes wide at that youngster to scare him,,,,,,,,,,,,,,,,,naonggas,
3153,onggas,intransitive verb,"to have flared up (of a flame), to be wide open (of eyes)",,,,,,,,,,,,,,,,,,,,
3154,ongkos,noun,"costs, expenses",ongkosa ia puasa,o.'s Ramadan expenses,,,,,,,,,,,,,,,,,,
3155,op,noun,fish net,,,,,,,,,,,,,,,,,,,,
3156,op,verb,to fish with a net,,,,,,,,,,,,,,,,fishing,,giop,op akang,
3157,op,noun,"to net s.t. (a frog, butterfly, etc.), to net with s.t.",yo taba:pé yogo ka lau taop akang hanya-hanya salia,"Well, what did we carry to the",,,,,,,,,,,,,,,,,baop,
3158,op,intransitive verb,to fish with a net,,,,,,,,,,,,,,,,fishing,,maop,,
3159,opis,verb,to ripen some fruit by storing it,,,,,,,,,,,,,,,,,,,opis akang,
3160,opis,verb,to ripen s.t. at someone's request,,,,,,,,,,,,,,,,,,,baopis,
3161,opis,intransitive verb,to engage in ripening in such a way,,,,,,,,,,,,,,,,,,,,
3162,ora,transitive verb,to loosen or slacken (a fish-line),,,,,,,,,,,,,,,,,,,,
3163,orang kaweng,noun,the families of the bride and groom <wedding>,,,,,,,,,,,,,,,,,Malay,,,
3164,orang pinggang,noun,dish rack,,,,,,,,,,,,,,,,utensil,,,,
3165,orang song,noun,an older man,orang song tolu urang,three men,,,,,,,,,,,,,,,,,,
3166,oras,noun,"o'clock, time, era, period",orasa bangaji,Quranic recitation time,orasa lao moyo,a time when there are no fish,,,,,,,,,,,,,,palu,,
3167,oru,noun,the base of a dugout,,,,,,,,,,,,,,,,boat,,,oru-oru,
3168,oru,noun,"gully, valley bottom",,,,,,,,,,,,,,,,geography,,lambak,,
3169,os,noun,rafter,,,,,,,,,,,,,,,,house,,,,os inana \df the main rafters \sf  house
3170,osa,noun,"kind of mollusc, the sculptured dosinia,",,,,,,,,,,,,,Fallartemis sculpta,,,,,,,
3171,osi,,,,,,,,,,,,,,,,,,,,usi,,
3172,otap,noun,thatch,,,,,,,,,,,,,,,,,,,otapi,
3173,otap,verb,to thatch s.t.,,,,,,,,,,,,,,,,,,,,
3174,oto,noun,the enclosure or well of a stationary fish trap,,,,,,,,,,,,,,,,fishing,,,,
3175,pa,noun,"term of respectful reference for an older, usually unrelated male, used with his given",pa kardi,Mr. Kardi,,,,,,,,,,,,,,,,,,
3176,pa:,ideophone,sound of a slap,,,,,,,,,,,,,,,,,,,,
3177,paangati,,,,,,,,,,,,,,,,,,,,angat,,
3178,paarati,,,,,,,,,,,,,,,,,,,,arat,,
3179,pabersi akang,,,,,,,,,,,,,,,,,,,,bersi,,
3180,pabini akang,,,,,,,,,,,,,,,,,,,,bini,,
3181,pabiniang,,,,,,,,,,,,,,,,,,,,bini,,
3182,pabua,verb,"to make, to do, to cause s.t. to occur",pabua kalero ni mantak,To make a banked fire (for calcium oxide) is a painstaking task.,pabua rame-rame,to so s.t. in large numbers or cooperatively,pabua ruma di:di:,"to cause a house to arise, to erect a house",,,,,,,,,,,,,,"pabua rame-rame \df to celebrate, to hold a party \crm  bei \crm  pabuat akang \crm  parbuatang"
3183,pabuat akang,verb,"to complete some process, to work on s.t. already begun, to prepare some food for someone, to cook a particular dish for someone",tapabuat akang bo rumanta,Let us work it up into material for our houses (said of trees,,,,,,,,,,,,,,culinary,,"pabua, parbuatang",,
3184,pabuti:,verb,to make s.t.,,,,,,,,,,,,,,,,,,,pabuti: akang,
3185,pabuti:,verb,to make s.t. for someone,,,,,,,,,,,,,,,,,,,,
3186,paca,verb,"to shatter s.t., to break open",manuk tala mupaca tolura ia,The chick has broken its eggshell,,,,,,,,,,,,,,,,,,
3187,paca,intransitive verb,to burst (e.g. of a blister or boil on the skin),,,,,,,,,,,,,,,,,,,paca:kang,
3188,paca,transitive verb,to cause to shatter,,,,,,,,,,,,,,,,,,,napaca,
3189,paca,intransitive verb,shattered (of an egg etc.),,,,,,,,,,,,,,,,,,mamaca,,
3190,pacai-cai,,,,,,,,,,,,,,,,,,,,cai,,
3191,pacaminang,noun,"looking-glass, mirror, codeword for outsider or stranger",,,,,,,,,,,,,,,,,,,,
3192,pacucuang,,,,,,,,,,,,,,,,,,,,cucu,,
3193,pacul,noun,mattock,,,,,,,,,,,,,,,,tool,,,bapacul,
3194,pacul,intransitive verb,to work with a mattock,,,,,,,,,,,,,,,,,,,,
3195,pacál,noun,kind of food made with boiled vegetables served with a peanut sauce <salad>,,,,,,,,,,,,,,,,,,,,
3196,pada,preposition,"at, during",pada waktu japang tama,at the time the Japanese arrived,,,,,,,,,,,,,,,,,,
3197,padadi,,,,,,,,,,,,,,,,,,,,dadi,,
3198,padahal,conjunction,"whereas, on the other hand",,,,,,,,,,,,,,,,,,,,
3199,padamara,noun,"lamp, lantern",,,,,,,,,,,,,,,,utensil,,,,
3200,padas,intransitive verb,hot (of the sun),,,,,,,,,,,,,,,,,,,,
3201,padas,noun,heat (of the sun),,,,,,,,,,,,,,,,,,,,"padas taina \df flaking or peeling skin due to exposure to the sun \af  bapadas \ps  vi \df to feel hot, to feel the heat \af  padas-padas \ps  vi \df very hot, hot for extended period of time \crm  ujang napada-padasa"
3202,padat,intransitive verb,compact,,,,,,,,,,,,,,,,,,,bapadatang,
3203,padat,intransitive verb,to have become excessively firm,,,,,,,,,,,,,,,,,,,papadati,
3204,padat,verb,"to make s.t. compact, to firm s.t. up",itu di babat dalama itu musi papadati kapé i:,That which is already in the sago container must be firmed up or what?,,,,,,,,,,,,,,,,,,
3205,padede,intransitive verb,over-ripe,,,,,,,,,,,,,,,,,,,,
3206,padidi akang,,,,,,,,,,,,,,,,,,,,didi,,
3207,paga,,,,,,,,,,,,,,,,,,,,manupaga,,
3208,pagal,intransitive verb,lazy,ma mampo moyo tala pagal,He was unable,he had become lazy,,pagala,His laziness! (He is extraordinarily lazy),,,,,,,,,,,,,,
3209,pago,noun,rack (above a hearth),,,,,,,,,,,,,,,,utensil,,,,
3210,pahaga-haga,,,,,,,,,,,,,,,,,,,,haga,,
3211,pahe,intransitive verb,"to be stubborn, to be ornery",,,,,,,,,,,,,,,,,,,,
3212,paikatang,,,,,,,,,,,,,,,,,,,,ikat,,
3213,paingani,verb,"to lighten s.t., to reduce the weight of s.t.",paingani hadiki pasasa:ng paotang laku,Please lighten this pile of clothes,it's too,,,,,,,,,,,,,,,ingang,,
3214,painggap,,,,,,,,,,,,,,,,,,,,inggap,,
3215,pairuk,noun,kind of earthenware pot with curving side,,,,,,,,,,,,,,,,utensil,,,,"pairuk besi \df kind of metallic pot, pairuk lecak \df kind of earthenware pot \crm  katang \sf  utensil"
3216,paisu,noun,water,,,,,,,,,,,,,,,,,,,,"paisu muja-muja \df fragrant water, water with bits of flower in it <perfume>, paisu sambeang \df water for ritual ablutions \sf  spiritual \df body of water, e.g. river \sf  nat phen, paisu ra: \df river \sf  geography, paisu masing \df sea (water), paisu matana \df spring, paisu matina \df blocked water, stagnant water, paisu soli \df rising tide \sf  nat phen, paisu tur \df ebbing tide, paisu turung \df ebb tide \sf  nat phen \df beverage \il  paisu angat  a hot beverage, usually tea \af  bapaisu \ps  vi \df to be watery (of sago porridge) or watered down (of tea)"
3217,pait,,,,,,,,,,,,,,,,,,,,papait,,
3218,pajajuar,verb,"to crash against s.t., to repeatedly strike s.t.",,,,,,,,,,,,,,,,,,,,
3219,palita,noun,kind of rice flour cake with coconut cream steamed in banana leaf containers,,,,,,,,,,,,,,,,food,,,,
3220,palombuti,,,,,,,,,,,,,,,,,,,,lombut,,
3221,palu,noun,o'clock,palu sabua,one o'clock,,,,,,,,,,,,,,,,,,
3222,palu,verb,to strike,,,,,,,,,,,,,,,,,,,palui,
3223,palu,verb,to strike s.t. (a drum) for someone,,,,,,,,,,,,,,,,,,,palu-palu,
3224,palu,noun,"about the hour of, more or less at a certain time",palu-palu tolu,about 3 o'clock,,,,,,,,,,,,,,,,,,
3225,palumbang,intransitive verb,"not properly ripe, over-ripe (of durian)",,,,,,,,,,,,,,,,,,"masak, durian bapalumbang",,
3226,palumbarang,,,,,,,,,,,,,,,,,,,,lumbar,,
3227,palu-palu dang,noun,cuspidor,,,,,,,,,,,,,,,,,,,,
3228,pamakanang,,,,,,,,,,,,,,,,,,,,makanang,,
3229,pamareang,noun,"seaside, shore",,,,,,,,,,,,,,,,geography,,"pare:, sawang, katang",,
3230,pamarenta,noun,government,,,,,,,,,,,,,,,,,,,,
3231,pamariang,,,,,,,,,,,,,,,,,,,,pamareang,,
3232,pamasaki,,,,,,,,,,,,,,,,,,,,masak,,
3233,pamasik,noun,"rice, paddy,, cooked rice",,,,,,,,,,,,,Oryza sativa,,,plant,,,,
3233,pamasik,noun,"rice, paddy,, cooked rice",,,,,,,,,,,,,Oryza sativa,,,food,,,,
3234,pambulu,,,,,,,,,,,,,,,,,,,,pamulu,,
3235,pamicaki,verb,"to repair (broken furniture, a machine, etc.), to tidy s.t., to straighten s.t. up (e.g. to make the bed)",,,,,,,,,,,,,,,,,,,bapamicaki,
3236,pamicaki,intransitive verb,to be in the process of repairing or setting up s.t.,Kami bapamicaki pau,We were setting up the sago processing apparatus,,,,,,,,,,,,,,,,,,
3237,paminycaki,,,,,,,,,,,,,,,,,,,,pamicaki,,
3238,pamopotang,,,,,,,,,,,,,,,,,,,,popot,,
3239,pampang,noun,kind of forked accessory of a boat on which fishing poles are held in place,,,,,,,,,,,,,,,,tool,,,,
3239,pampang,noun,kind of forked accessory of a boat on which fishing poles are held in place,,,,,,,,,,,,,,,,boat,,,,
3240,pampang,noun,"k.o fish, the coronation trout or lunar-tailed rock cod,",,,,,,,,,,,,,Variola louti,,,fish,,,,
3241,pampenyju,noun,"kind of land turtle, perhaps the",,,,,,,,,,,,,Cyclemys amboinensis,,,animal,,penyu,,
3242,pampis,verb,to recook fish by shredding and sauteing it with spices and tomatoes,,,,,,,,,,,,,,,,,,,,
3243,pampisang,noun,kind of flat grinding stone on which spices are ground with a heavy rolling device,,,,,,,,,,,,,,,,,,pampis,,
3244,pampu,noun,"a hook, prepared with a lure",,,,,,,,,,,,,,,,fishing,,,,
3245,pampuang,noun,house,,,,,,,,,,,,,,,court,,,ompu,,
3246,pampulang,noun,stem (of clove or fruit),,,,,,,,,,,,,,,,,,,,
3247,pamula:ng,noun,"rope tied to form handles or gripping places, a rope which has snapped and been joined to another",,,,,,,,,,,,,,,,,,mula,,
3248,pamulu,noun,a large predator fish in pursuit of a school of fish,,,,,,,,,,,,,,,,,,pulu,,
3249,pamuluna,,,,,,,,,,,,,,,,,,,,pamulu,,
3250,pamusu akang,,,,,,,,,,,,,,,,,,,,musu,,
3251,pamusukang,noun,kind of plaited sifting basket used to pulverize and sift sago flour <sifter>,,,,,,,,,,,,,,,,utensil,,"pambusukang, lalasang",,
3251,pamusukang,noun,kind of plaited sifting basket used to pulverize and sift sago flour <sifter>,,,,,,,,,,,,,,,,sago,,"pambusukang, lalasang",,
3252,pana,verb,to shoot at someone with a bow,Kupana ia.,I shot her (with a bow).,,,,,,,,,,,,,,,,,panai,
3253,pana,verb,to shoot a bow at someone,,,,,,,,,,,,,,,,,,,pana-pana,
3254,pana,noun,bow,,,,,,,,,,,,,,,,,,,,pana-pana anaka \df arrow
3255,panada,noun,kind of savory ball-shaped cake containing fish and herbs,,,,,,,,,,,,,,,,,,,,
3256,panam bau,noun,"kind of fragrant pandanus,",,,,,,,,,,,,,"Pandanus  , the leaves of which are used as a",,,plant,,,,
3257,panambahang,noun,"addition, supplement",,,,,,,,,,,,,,,,,,tamba,,
3258,panamboang,noun,a place near Labuha,,,,,,,,,,,,,,,,,,,,
3259,pananggungang,,,,,,,,,,,,,,,,,,,,tanggung,,
3260,panasi akang,transitive verb,"to trim the thorns from a durian fruit, to trim the husk from a young coconut",,,,,,,,,,,,,,,,,,kindang,,
3261,panasta:,noun,threshold,,,,,,,,,,,,,,,,house,,,,
3262,panat,intransitive verb,"to feel numb (of folded limbs), to suffer from cramps",Tioku panat.,My leg is numb.,,,,,,,,,,,,,,,,,,
3263,panaulang,noun,the iron or wood framework against which the bamboo tubes of food (esp.,,,,,,,,,,,,,,,,utensil,,,,
3263,panaulang,noun,the iron or wood framework against which the bamboo tubes of food (esp.,,,,,,,,,,,,,,,,culinary,,,,
3264,panauliang,,,,,,,,,,,,,,,,,,,,tauli,,
3265,pandak,intransitive verb,short (esp. of stature),calana pandak,shorts (short pants),,,,,,,,,,,,,,,,,papandaki,
3266,pandak,verb,to shorten s.t.,Papandaki celana itu hadiki,Shorten those pants a little,,,,,,,,,,,,,,,,,,
3267,pandapat,,,,,,,,,,,,,,,,,,,,mandapat,,
3268,pandapatang,noun,income,,,,,,,,,,,,,,,,,,dapat,,
3269,pandunguna,noun,kind of tutelary spirits associated with certain places <guardian>,pandunguna lipu,guardian of the village,benteng pandunguna,the spirit of the fort,,,,,,,,,,,,spiritual,,,,
3270,paneti,,,,,,,,,,,,,,,,,,,,kolouno paneti,,
3271,panialang,,,,,,,,,,,,,,,,,,,,tial,,
3272,paniki,noun,"fruitbat, bat, order Chiroptera",,,,,,,,,,,,,,,,animal,,,,paniki ra:-ra: \df kind of bat \sf  animal
3273,panili,noun,"kind of plant, a climbing orchid, the beans of which are extracted to yield the flavoring",,,,,,,,,,,,,Vanilla planifolia,,,plant,,,,
3274,panintiang,,,,,,,,,,,,,,,,,,,,panitiang,,
3275,pani-panijakang,,,,,,,,,,,,,,,,,,,,tijak,,
3276,panitiang,,,,,,,,,,,,,,,,,,,,titi,,
3277,pano,noun,"kind of skin fungus, esp.",,,,,,,,,,,,,"Tinea flava, which causes light spots on the skin  surface, <disease>",,,health,,,,
3278,panolurang,,,,,,,,,,,,,,,,,,,,tolur,,
3279,pantak,verb,"to pierce someone or s.t. with a sharp point (e.g. thorns),to sting someone (of fish with",lao kuring-kuring itu mupantak aku,That kuring-kuring fish pricked me,,,,,,,,,,,,,,,,,,
3280,pantáng,verb,to make s.t. taut,,,,,,,,,,,,,,,,,,,,
3281,pantas,particle,"no wonder, it makes sense",,,,,,,,,,,,,,,,,,,,
3282,pantung,noun,"pantoum, kind of rhymed verse",,,,,,,,,,,,,,,,,,,bapantung,
3283,pantung,intransitive verb,to recite such poetry,,,,,,,,,,,,,,,,,,,,
3284,panuar,noun,"kind of tree of the spurge family bearing a nut, the kernels of which are used for",,,,,,,,,,,,,Aleurites moluccana,,,culinary,,,,
3285,panunggu,,,,,,,,,,,,,,,,,,,,pandungu(na),,
3286,panupanurungang,,,,,,,,,,,,,,,,,,,,turung,,
3287,panurungang,,,,,,,,,,,,,,,,,,,,turung,,
3288,panutukang,,,,,,,,,,,,,,,,,,,,tutuk,,
3289,pang,noun,"pot, pan",paisu sapáng,a pot of water,,,,,,,,,,,,,,utensil,,,,
3290,pangabisang,noun,"the end, completion",,,,,,,,,,,,,,,,,,,,
3291,pangaji akang,verb,to recite the Quran on someone's behalf or at another's request,,,,,,,,,,,,,,,,spiritual,,"mangaji, bangaji",,
3292,pangakuang,noun,"admission (of responsibility or guilt), agreement, accord",,,,,,,,,,,,,,,,,,,,
3293,panganting,noun,the bride and groom,,,,,,,,,,,,,,,,,,,,"panganting bini-bini \df bride, panganting laki-laki \df groom"
3294,pangao,intransitive verb,to agree voicelessly with a nod of the head or a facial gesture,,,,,,,,,,,,,,,,,,mangaku,,
3295,pangarang,noun,kind of cloud,,,,,,,,,,,,,,,,natural phenomenon,,awang,,
3296,pangga,noun,"kind of fish, the Spotted mackerel,",,,,,,,,,,,,,Sawara niphonia,,,fish,,,,
3297,panggal,verb,to cut s.t. into chunks,tala mupanggal lao ka bolung,Have you cut the fish into pieces or not?,,,,,,,,,,,,,,,,,panggali,
3298,panggal,verb,to cut s.t. specified into pieces,,,,,,,,,,,,,,,,,,,panggal akang,
3299,panggal,verb,to cut s.t. at another's request,,,,,,,,,,,,,,,,,,,panggali akang,
3300,panggal,verb,to cut s.t. specified for someone else,,,,,,,,,,,,,,,,,,,bapanggal,
3301,panggal,intransitive verb,to be engaged in cutting and chopping,Si sapino bapanggal kayu,Sapino is working at chopping wood,,,,,,,,,,,,,,,,,napanggal,
3302,panggal,intransitive verb,to be cut into pieces,,,,,,,,,,,,,,,,,,,hapanggal,
3303,panggal,noun,"a piece, a chunk",,,,,,,,,,,,,,,,,,,,
3304,panggang,verb,to roast s.t. on a grill,,,,,,,,,,,,,,,,,,,,panggang rica \df kind of culinary preparation in which the fish is roasted and then mixed with a spicy sauce \sf  culinary \crm  ndule
3305,panggil,verb,to call someone,,,,,,,,,,,,,,,,,,,bapanggil,
3306,panggil,intransitive verb,"to be engaged in calling, to invite",yo bapanggil papá ka lau,"Yes, you should be calling Dad over here.",,,,,,,,,,,,,,,,,bapabapanggilang,
3307,panggil,intransitive verb,to call or invite e.o.,,,,,,,,,,,,,,,,,,,,
3308,pangija:ng,noun,slumber,,,,,,,,,,,,,,,,,,,,
3309,pangkat,noun,rank,,,,,,,,,,,,,,,,society,,,,
3310,pangko,transitive verb,to hold s.t. in the lap,,,,,,,,,,,,,,,,,,,pangkoi,
3311,pangko,verb,to hold s.t. or someone in the lap for someone,,,,,,,,,,,,,,,,,,,pangkoi akang,
3312,pangko,verb,to hold s.t. at someone's request,,,,,,,,,,,,,,,,,,,pangko akang,
3313,pangko,verb,to hold s.t. on the lap at someone's request,,,,,,,,,,,,,,,,,,,bapangko,
3314,pangko,intransitive verb,to take o.'s seat on someone's lap,,,,,,,,,,,,,,,,,,,,bapangko tiol \sf  to sit with o.'s foot resting on o.'s thigh
3315,panglí,,,,,,,,,,,,,,,,,,,,duriang panglu/,,
3316,pangoap,intransitive verb,to yawn,,,,,,,,,,,,,,,,,,,,
3317,pangota,noun,"caulking for a boat, made from arenga palm fiber",,,,,,,,,,,,,,,,boat,,,,
3317,pangota,noun,a codeword for sago bread,,,,,,,,,,,,,,,codename,sago,,,,
3318,pangumumang,noun,announcement,,,,,,,,,,,,,,,,,Indonesian,,,
3319,panyaket,noun,disease,,,,,,,,,,,,,,,,health,,,,
3320,panyaket,exclamation,"shoot!, an exclamation of mild disparagement",,,,,,,,,,,,,,,,,,,,"panyaket anging \df a disease which causes dark round blemishes on the skin \sf  health, panyaket jat \df serious disease, usually caused by sorcery \sf  health \sf  spiritual"
3321,panyakulang,,,,,,,,,,,,,,,,,,,,sakul,,
3322,panyamit,transitive verb,to chew on s.t.,,,,,,,,,,,,,,,,,,,,
3323,panyamit,intransitive verb,to make chewing noises,,,,,,,,,,,,,,,,,,,panyamit akang,
3324,panyamit,verb,to make chewing noises at someone,ipanyamit akang kita tu,He is making those chomping noises at us (in our presence),,,,,,,,,,,,,,,,,,
3325,panyaputang,,,,,,,,,,,,,,,,,,,,saput,,
3326,panycar,,,,,,,,,,,,,,,,,,,,,panycari,
3327,panycar,verb,"to spray s.t., to scatter s.t.",,,,,,,,,,,,,,,,,,,panycar akang,
3328,panycar,verb,"to spray s.t., to splash someone",,,,,,,,,,,,,,,,,,,bapanycar,
3329,panycar,intransitive verb,to be engaged in splashing and spraying,,,,,,,,,,,,,,,,,,,bapanycar-panycar,
3330,panycar,intransitive verb,to be separated or scattered,,,,,,,,,,,,,,,,,,,napanycar,
3331,panycar,intransitive verb,"to be sprayed about, to be scattered out",,,,,,,,,,,,,,,,,,,,
3332,panycungut,noun,"witch, sorcerer",,,,,,,,,,,,,,,,spiritual,,uru panycungut,,
3333,panyjaga masigit,noun,caretaker of the mosque,,,,,,,,,,,,,,,,,,,,
3334,panyjaga:ng,noun,guard,,,,,,,,,,,,,,,,,,jaga,,
3335,panyjampatang,noun,"cross-beams which provide horizontal support for house walls, ventilation louvers which are placed at the higher reaches of walls",,,,,,,,,,,,,,,,,,sampat,,
3336,panyjanyjilat,noun,"kind of <insect> annelid worm, apparently a leech, class Hirudinea",,,,,,,,,,,,,,,,insect,,jilat,,
3337,panyjulus,noun,"womanizer, a man who frequently marries or engages in extramarital affairs",,,,,,,,,,,,,,,,,,,,
3338,panyól,intransitive verb,to whistle,,,,,,,,,,,,,,,,,,,panyóli:,
3339,panyól,verb,to whistle at someone (to scare someone or attract someone's attention),,,,,,,,,,,,,,,,,,,bapanyól,
3340,panyól,intransitive verb,to whistle continuously,,,,,,,,,,,,,,,,,,,,
3341,panyut-nyut,intransitive verb,"to make sucking noises, to draw in the breath sharply (because of eating s.t. spicy)",,,,,,,,,,,,,,,,,,,,
3342,paocoang,intransitive verb,lazy,,,,,,,,,,,,,,,,,,,,
3343,paokop,,,,,,,,,,,,,,,,,,,,okop,,
3344,pao-pao,noun,"kind of cloth money pouch worn around the waist under o.'s clothing, formerly used by",,,,,,,,,,,,,,,archaic,clothing,,,,
3345,paotang,intransitive verb,heavy,,,,,,,,,,,,,,,,,,,paotangi,
3346,paotang,verb,to increase the weight of s.t.,paotangi pananggungang,to increase the weight of what is borne with a carrying pole,,,,,,,,,,,,,,,,,papaotang,
3347,paotang,noun,"a burden, a heavy weight",,,,,,,,,,,,,,,,,,,,
3348,paotangang,noun,kind of chest used to store clothes,,,,,,,,,,,,,,,,,,paotang,,
3349,papá,noun,father,papángku,my father,,,,,,,,,,,,,,kinship,,pa,,
3350,papaceda,noun,"kind of seashore tree of the dogbane family,",,,,,,,,,,,,,Cerbera manghas,,,plant,,,,
3351,papai,conjunction,"as long as, as far as that goes, as for that",Itu papai taasapi majang-majang.,That is so as long as we smoke them very well.,Yo: papai kita taeti kita indaya malailaing.,"Well, as for that, we don't know",we in the,,,,,,,,,,,,,,,
3352,papait,noun,"shipment, gift (sent to someone)",,,,,,,,,,,,,,,,,,,papaiti,
3353,papait,verb,to send someone s.t.,adaing basaláng kau mubalas mena kupapaiti dang suratku ka lau,Later when you,,,,,,,,,,,,,,,,,papait akang,
3354,papait,transitive verb,to send s.t. at someone's request,cece lupa papait akang habár,Don't forget to send news,,,,,,,,,,,,,,,,,,
3355,papak,verb,to chew,,,,,,,,,,,,,,,,,,,papaki,
3356,papak,verb,to chew s.t. for someone (e.g. an infant),inana mupapaki nggaeka bo anaka,Her mother chewed a banana for her child,,,,,,,,,,,,,,,,,papaki akang,
3357,papak,verb,to chew s.t. for someone at someone's request,,,,,,,,,,,,,,,,,,,papak akang,
3358,papak,verb,to chew s.t. at someone's request,,,,,,,,,,,,,,,,,,,bapapak,
3359,papak,intransitive verb,to engage in chewing at s.t. (e.g. hard sago bread),,,,,,,,,,,,,,,,,,,,
3360,papandaki,,,,,,,,,,,,,,,,,,,,pandak,,
3361,papang,noun,"thwart seat, sawn lumber, board, plank",,,,,,,,,,,,,,,,boat,,,,papang bapopot \df cutting board \crm  popot \af  papangi \ps  v \df to affix a board to the side of a boat to increase its capacity
3362,papar,,,,,,,,,,,,,,,,,,,,,,"papar buok \df to clip the hair erratically, to cut off chunks of the hair (as a punishment) \af  papar akang \ps  v \df to crash into or pound against s.t. (of waves) \il  Suru-surung itu mupapar akang nyjong habua sigodo nabulus.  The surf pounded that boat till it sprang a leak. \af  napapar \ps  vi \df to break on the shore (of waves)"
3363,paparangang,noun,war,,,,,,,,,,,,,,,,,,para/ng,,
3364,papartama,,,,,,,,,,,,,,,,,,,,partama,,
3365,papat,,,,,,,,,,,,,,,,,,,,lumba-lumba papat,,
3366,papat-papat,adverb,"straight ahead, without looking left or right (when walking)",,,,,,,,,,,,,,,,,,,,
3367,papatu,noun,boat building adze,,,,,,,,,,,,,,,archaic,tool,,,,
3368,papenter,noun,"kind of small bat, order Chiroptera",,,,,,,,,,,,,,,,,,,,
3369,papi:,noun,"kind of fish, the butterfish,",,,,,,,,,,,,,"Selenotoca multifasciata or the three-, Heniochus permutatus",,,fish,,,,"papi: bor \df kind of fish, the long-finned batfish, \sn Platax pinnatus \sf  fish"
3370,papoa,,,,,,,,,,,,,,,,,,,,minyak,,
3371,papoa-poa,intransitive verb,new,,,,,,,,,,,,,,,,,,baru,,
3372,papoa-poa,adverb,recently,,,,,,,,,,,,,,,,,,,,
3373,papoas,noun,mud nest of a crab,,,,,,,,,,,,,,,,,,,,
3374,paposong,,,,,,,,,,,,,,,,,,,,posong,,
3375,papua,noun,slave,,,,,,,,,,,,,,,archaic,society,,,,
3376,papulas,,,,,,,,,,,,,,,,,,,,pulas,,
3377,para,particle,"with the sole purpose of, merely to",Cece kau ka sana para pabua baingar.,Don't you go there just to make a lot of noise.,Aku para batikang ga jalang-jalang pabua ruma,I want simply to tell you the ways to,,,,,,,,,,,,,,,,
3378,pará,noun,thigh,,,,,,,,,,,,,,,,body,,,,"para/ pokona \df haunch, upper thigh \sf  body"
3379,parabut,noun,household goods and furnishings,,,,,,,,,,,,,,,,,,,,
3380,paramasang,,,,,,,,,,,,,,,,,,,,ramas,,
3381,paramatoli,noun,carpet beater,,,,,,,,,,,,,,,,,,,,
3382,paranak akang,,,,,,,,,,,,,,,,,,,,anak,,
3383,paranakang,noun,nuclear family,,,,,,,,,,,,,,,,kinship,,anak,saparanakang,
3384,paranakang,noun,"o. family, i.e. related within a single nuclear family of father, mother and child(ren), a family group, e.g. a father or mother with his or her child or children",,,,,,,,,,,,,,,,kinship,,,paraparanakang,
3385,paranakang,noun,womb,,,,,,,,,,,,,,,,body,,saparanakang,,
3386,parandangi,,,,,,,,,,,,,,,,,,,,randang,,
3387,paraningkot,verb,to stand on tip toes to see s.t.,,,,,,,,,,,,,,,archaic,,,,baparaningkot,
3388,paraningkot,intransitive verb,to stand on tip toes,,,,,,,,,,,,,,,,,,"maningkot, tingkot",,
3389,paráng,noun,war,,,,,,,,,,,,,,,,,,,,
3390,paranggang,intransitive verb,juvenile (of animals),,,,,,,,,,,,,,,,,,,,
3391,parang-parang,noun,the lower part of the facial cheeks,,,,,,,,,,,,,,,,body,,manu-manuk,,
3392,pararawit,intransitive verb,to weep and wail with extreme emotion,,,,,,,,,,,,,,,,,,,,
3393,paras,numeral classifier,"stack, counter of twenty-five pieces of thatch",,,,,,,,,,,,,,,,,,,,
3394,parat,intransitive verb,salty,,,,,,,,,,,,,,,,,,,parati,
3395,parat,verb,"to add salt to s.t., to increase the saltiness of s.t.",,,,,,,,,,,,,,,,,,,parat-parat,
3396,parat,intransitive verb,very salty,,,,,,,,,,,,,,,,,,masing,,
3397,parawang,noun,"hymen, virgin (of females)",,,,,,,,,,,,,,,,body,,,,
3398,parbuatang,noun,"deed, action, behavior",Parbuatangmu aku tama de akal mo.,I can't accept your doings as rational.,,,,,,,,,,,,,,,,,baparbuatang,
3399,parbuatang,intransitive verb,to be characterized by a certain deed or behavior,Song haiku baparbuatang dumi-dumik dapa jatina.,Because of one person's behavior,,,,,,,,,,,,,,,,,,
3400,parcaya,verb,"to believe, to trust",,,,,,,,,,,,,,,,,,,parcayai,
3401,parcaya,verb,to place trust in someone,Kuparcayai kau nang surat ini.,I place my trust in you with respect to this letter.,,,,,,,,,,,,,,,,,parcayakang,
3402,parcaya,verb,"to entrust s.t., to entrust someone to do s.t., to rely on someone",Kuparcayakang surat ini de kau.,I entrust this letter to you.,Kuparcayakang kau untuk...,I rely on you to...,,,,,,,,,,,,,,,baparcaya:ng,
3403,parcaya,intransitive verb,"to trust e.o., to believe e.o.",,,,,,,,,,,,,,,,,,,,
3404,parcís,adverb,precisely,,,,,,,,,,,,,,,,,,,,
3405,parcuma,adverb,"in vain, purposelessly",kita parcuma maóp bajual lao mata-mata ni,It's pointless for us to net fish and sell,,,,,,,,,,,,,,,,,,
3406,pare:,verb,to walk along the sea,sopang pare: de pamariang,to leave from that place by walking along the seashore,,,,,,,,,,,,,,,,pamareang,,
3407,pareksa,verb,"to examine s.t., to test s.t.",yogo irabi ipareksa dang,"When o. is ready to set the fire, he or she checks (it) again",,,,,,,,,,,,,,,,,,
3408,parenta,noun,"command, order",,,,,,,,,,,,,,,,,,,,
3409,pariama,noun,a constellation,,,,,,,,,,,,,,,,natural phenomenon,,,bapariama,
3410,pariama,intransitive verb,"starry (e.g. of a night sky), glamorous, newly refurbished",,,,,,,,,,,,,,,,,,,,
3411,parikang,noun,"a length of wire used to strengthen the connection between the fisma, Z. J.",,,,,,,,,,,,,,,,,,,,
3412,parimbung,intransitive verb,"lush (of foliage), thick and long (of hair), unacceptably long and unkempt (of hair)",buoka ia parimbung,His hair is thick,,,,,,,,,,,,,,,,,parimbungi,
3413,parimbung,verb,to thicken s.t. (o.'s hair),,,,,,,,,,,,,,,,,,,paparimbung,
3414,parimbung,intransitive verb,very luxuriant and thick (of the hair),,,,,,,,,,,,,,,,,,,,
3415,paris,verb,"to shave, to cut the hair",,,,,,,,,,,,,,,,,,,paris akang,
3416,paris,verb,to shave someone at another's request,,,,,,,,,,,,,,,,,,,baparis,
3417,paris,intransitive verb,"to be engaged in shaving or hair-cutting (of a close haircut involving shaving), to undertake a ritual in which an infant's hair is cut or shaved",,,,,,,,,,,,,,,,,,,paris-paris,
3418,paris,noun,"shaving equipment, i.e., razor, etc.",,,,,,,,,,,,,,,,utensil,,,pamaris,
3419,paris,noun,razor,,,,,,,,,,,,,,,,,,,pamarisang,
3420,paris,noun,"shaving equipment, razor blade",,,,,,,,,,,,,,,,,,,,
3421,parkara,noun,"affair, issue, case, situation",parkara lampa:ng,the case of vegetables,parkara basaláng isu balampo keu,"It's a situation where, if someone tells him to go on",,,,,,,,,,,,,,,,
3422,parkara,intransitive verb,"to enjoy, to be delighted",kau parkara kata de eka ria,You really had a good time over at Eka Ria (Restaurant)!,,,,,,,,,,,,,,,,,,
3423,parkici,noun,kind of small parrot <bird>,,,,,,,,,,,,,Psittacidae,,,bird,,,,
3424,parlí,verb,to need s.t.,tahasil akang apé yang musi taparlí,Let us produce s.t. which we necessarily require,,,,,,,,,,,,,,,,,,
3425,parniti,,,,,,,,,,,,,,,,,,,,,baparniti,
3426,parniti,intransitive verb,to defecate,,,,,,,,,,,,,,,coarse,,,baria,,
3427,paro,intransitive verb,to be gravel-voiced,,,,,,,,,,,,,,,,,,,,
3428,parsén,noun,"gift, tip",,,,,,,,,,,,,,,,,,,,
3429,partama,particle,"first, initially",,,,,,,,,,,,,,,,,,,,
3430,partama,intransitive verb,"first, original",,,,,,,,,,,,,,,,,,,papartama,
3431,partama,particle,"firstly, first of all",,,,,,,,,,,,,,,,,,,partama-tama,
3432,partama,particle,first of all,,,,,,,,,,,,,,,,,,,,
3433,paru,transitive verb,"to grate s.t., esp. coconut",,,,,,,,,,,,,,,,,,"kikis, kasbi/ kaparu",,
3434,parudang,noun,grater for coconuts,,,,,,,,,,,,,,,,,,nyanyito,,
3435,parumai,,,,,,,,,,,,,,,,,,,,ruma,,
3436,paruma:ng,,,,,,,,,,,,,,,,,,,,ruma,,
3437,parupuk,intransitive verb,"likely to touch everything in reach, fidgety",,,,,,,,,,,,,,,,,,,baparupuk,
3438,parupuk,intransitive verb,to take a number of things in a random pattern,,,,,,,,,,,,,,,,,,,,
3439,parusuk,noun,"the side of the body, flank",,,,,,,,,,,,,,,,,,rusu-rusu,,
3440,pas,intransitive verb,"exact, precise, fitting, appropriate, well-fitting",memang malang ahát itu pas,"Certainly, Saturday night is just right",pondo habua ni pas ka mo nang kau,Is this shirt the right fit for you or not?,,,,,,,,,,,,,,,,
3441,pasak,verb,to embed s.t.,,,,,,,,,,,,,,,,,,,pasaki,
3442,pasak,verb,to drive s.t. in,Pasaki beles yogo kuikat nyjong.,Drive that stake in,I want to tie up the boat.,,taala kuriwang tala tapasaki tiang,"After we collect sago bark, we drive the house poles in",,,,,,,,,,,,,pasak akang,
3443,pasak,verb,to embed s.t. for someone else,,,,,,,,,,,,,,,,,,,bapasak,
3444,pasak,intransitive verb,to be engaged in driving s.t. in (e.g. a house post),,,,,,,,,,,,,,,,,,,,
3445,pasal,noun,"section (of some written text), part (of an argument), factor (in a complex consideration)",,,,,,,,,,,,,,,,,,,,
3446,pasanakan,,,,,,,,,,,,,,,,,,,,sanak,,
3447,pasang,verb,"to set up s.t., to shoot, to aim for s.t. or to target a goal",,,,,,,,,,,,,,,,,,,pasangi,
3448,pasang,verb,to set s.t. up for someone,,,,,,,,,,,,,,,,,,,pasang akang,
3449,pasang,verb,to set s.t. up at someone's request,,,,,,,,,,,,,,,,,,,bapasang,
3450,pasang,intransitive verb,"to take aim and fire guns, to engage in setting up (e.g. set up all the tapers and lamps before nightfall as a regular",,,,,,,,,,,,,,,,,,,,
3451,pasa:ng,,,,,,,,,,,,,,,,,,,,asa,,
3452,pasaoang,,,,,,,,,,,,,,,,,,,,salia,,
3453,pasar,noun,market,,,,,,,,,,,,,,,,,,,,
3454,pasaruma:ng,,,,,,,,,,,,,,,,,,,,"ruma, saruma",,
3455,pasasa:ng,,,,,,,,,,,,,,,,,,,,sasa,,
3456,pasawat,noun,airplane,,,,,,,,,,,,,,,,,,udara,,
3457,pasebang,noun,"waiting-room (of the palace), audience-hall (of the palace)",,,,,,,,,,,,,,,archaic,,,,,
3458,paser,noun,the sandy bottom below the sea's surface,,,,,,,,,,,,,,,,geography,,"lecak, patilombut",,
3459,pasiar,intransitive verb,"to stroll, to travel for pleasure, to visit and pay calls on friends",,,,,,,,,,,,,,,,,,,,
3460,pasi,pronoun,"they, them",,,,,,,,,,,,,,third person plural,,,,"-na pasi, -na",,
3461,pasi,noun,"a place where the ocean floor rises (but not to the surface), a shallow part of the ocean bed <sandbank>",,,,,,,,,,,,,,,,geography,,bunging,,
3462,pasir,,,,,,,,,,,,,,,,,,,,pasi,,
3463,pasti,intransitive verb,certain,,,,,,,,,,,,,,,,,,,,
3464,pastiu,intransitive verb,"to be bored, to be tired of s.t.",cece manusia po tala yogo pastiu lao,Let it not be that people are already about to become bored with fish!,,,,,,,,,,,,,,,,,,
3465,pasugo,intransitive verb,to be asthmatic,,,,,,,,,,,,,,,,health,,,,
3466,pasukat akang,,,,,,,,,,,,,,,,,,,,sukat,,
3467,pa:t,noun,chisel,,,,,,,,,,,,,,,,,,,bapa:t,
3468,pa:t,intransitive verb,to work with a chisel,,,,,,,,,,,,,,,,tool,,,,
3469,patajang akang,,,,,,,,,,,,,,,,,,,,tajang,,
3470,patang,noun,night,tala patang,"Hey, it's already night!",,,,,,,,,,,,,,,,,patang-patang,
3471,patang,noun,late at night,mena kau muba: kata patang-patang supaya tabei nang langker ni de ini,Then you can carry them up there late at night so we can give them to this elder here.,,,,,,,,,,,,,,,,,sapatang,
3472,patang,noun,one night,sapatang itu rodak sabayá,On that night how many fell?,,,,,,,,,,,,,,,,,,"sapatang itu \df that night, last night"
3473,patapati,,,,,,,,,,,,,,,,,,,,tapat,,
3474,patatulang,noun,"kind of parasitic plant, characterized by luxuriant twining tangles of leafless stems,",,,,,,,,,,,,,Cassytha filiformis,,,plant,,,,
3475,patiang akang,,,,,,,,,,,,,,,,,,,,tiang,,
3476,patilombut,noun,"sand, esp. the soft sand beside the beach, beach",,,,,,,,,,,,,,,,geography,,lecak,,
3477,patinggi,,,,,,,,,,,,,,,,,,,,tinggi,,
3478,patís,transitive verb,to wear s.t. for a long time without washing it,Kupatís calanaku sigodo pucat.,I wore my pants so long they looked faded.,,,,,,,,,,,,,,,,,,
3479,patokang,noun,"direction, bearings, advice, instruction",,,,,,,,,,,,,,,,,,,,
3480,patola,,,,,,,,,,,,,,,,,,,,ular,,
3481,patolana,noun,"a large brood, said of children in a large family (because they are as numerous as a python's brood)",,,,,,,,,,,,,,,,,,ular,,
3482,patolang,verb,to eat large quantities (esp. of fish),,,,,,,,,,,,,,,,,,patola,,
3483,patorori:,,,,,,,,,,,,,,,,,,,,torori,,
3484,patotak,,,,,,,,,,,,,,,,,,,,totak,,
3485,patuk,verb,"to peck at s.t. (of fowl and birds), to eat",,,,,,,,,,,,,,,humorous,,,,patuki,
3486,patuk,verb,"to bite at, to nibble (of fish)",,,,,,,,,,,,,,,,,,,bapatuk,
3487,patuk,intransitive verb,to be pecking and scratching (of chickens),,,,,,,,,,,,,,,,,,,,
3488,patula,noun,"kind of vegetable, various kind of loofah, esp. the angled loofah,",,,,,,,,,,,,,Luffa acutangula,,,plant,,,,"patula cina \df the smooth loofah, \sn Luffa cylindrica \sf  plant, patula ular \df kind of long bitter gourd, \sn Momordica charantia \sf  plant"
3489,pau,noun,"kind of trough, the main part of the sago processing apparatus",,,,,,,,,,,,,,,,utensil,,,,"pau kapalana \df the first basin of the sago processing apparatus in which the pith is kneaded, squeezed and filtered \df the temporary shed which encloses the pau \sc  Casual, pau ikura \df the final spout at the end of the sago processing trough \sf  utensil \sf  sago \crm  paramasang \crm  ikur"
3489,pau,noun,"kind of trough, the main part of the sago processing apparatus",,,,,,,,,,,,,,,,sago,,,,"pau kapalana \df the first basin of the sago processing apparatus in which the pith is kneaded, squeezed and filtered \df the temporary shed which encloses the pau \sc  Casual, pau ikura \df the final spout at the end of the sago processing trough \sf  utensil \sf  sago \crm  paramasang \crm  ikur"
3490,pauli,verb,to obtain or get s.t.,pauli barang dua pulu belek mitu e,"You get about twenty cans or so, right?",,,,,,,,,,,,,,,,,,
3491,pauli,particle,"capable of, can, possible",bahaláng jadi aku pauli kutuka,"If it is the case, I can buy it.",Yogo muli pauli mo.,I wanted to go home but couldn't.,pauli dadi babunuang de itu de kayuang dalama,It's possible there might be killing there in the forest.,,,,,,,,,,,,,,
3492,paumbukang,,,,,,,,,,,,,,,,,,,,umbuk,,
3493,paus-paus,noun,"whale, order Cetacea",,,,,,,,,,,,,,,,sea creature,,alimposuk,,
3494,paya,intransitive verb,difficult,,,,,,,,,,,,,,,,,,,,
3495,payasa akang,,,,,,,,,,,,,,,,,,,,yasa,,
3496,payung,noun,umbrella,,,,,,,,,,,,,,,,,,,,
3497,pawasang,,,,,,,,,,,,,,,,,,,,uas,,
3498,pe,,,,,,,,,,,,,,,,,,,,"ape/, kape/, lape/",,
3499,pecawi,,,,,,,,,,,,,,,,,,,,petsawi,,
3500,pecik,verb,to spatter water with o.'s hand,,,,,,,,,,,,,,,,,,,bapecik,
3501,pecik,intransitive verb,to be roiled (of water) due to a school of fish near the surface,,,,,,,,,,,,,,,,,,,,
3502,pedal,noun,pedal (of a bicycle),,,,,,,,,,,,,,,,,,,,
3503,pedi,intransitive verb,stinging (of the eyes),,,,,,,,,,,,,,,,health,,,,
3504,pegas,verb,"to spread apart s.t., esp. body parts",,,,,,,,,,,,,,,,,,,pegasi,
3505,pegas,verb,to spread apart a body part for someone or affecting someone,si umar mupegasi si puda mata,Umar pulled at Puda's lower eyelids,,,,,,,,,,,,,,,,,pegas akang,
3506,pegas,verb,to spread apart s.t. at someone's request,,,,,,,,,,,,,,,,,,,bapegas,
3507,pegas,intransitive verb,"to sit akimbo, to be in a posture with the legs spread apart",,,,,,,,,,,,,,,,,,,,
3508,pehi,noun,"kind of vegetable or salad dish made of the male flowers of the banana, usually mixed with grated coconut flesh",,,,,,,,,,,,,,,,food,,,,
3509,peka,,,,,,,,,,,,,,,,,,,,,pekai,
3510,peka,verb,to defend her brood by attacking someone who approaches (of brooding hen),,,,,,,,,,,,,,,,,,,bapeka,
3511,peka,intransitive verb,to be aggressive in protecting her brood (of a hen),,,,,,,,,,,,,,,,,,,,
3512,pel,noun,"pill, capsule",,,,,,,,,,,,,,,,,,,,
3513,peleborot,,,,,,,,,,,,,,,,,,,,peler borot,,
3514,peleca,adverb,fast (esp. of o.'s gait),,,,,,,,,,,,,,,,,,,pepeleca,
3515,peleca,adverb,very fast,,,,,,,,,,,,,,,,,,,,
3516,pelehega,intransitive verb,weak,,,,,,,,,,,,,,,,,,,,
3517,peler,noun,penis,,,,,,,,,,,,,,,,body,,"butu, pepelera",,"peler biji-biji \df testicles \sf  body, peler taina \df smegma \sf  body, peler ujunga \df foreskin \sf  body"
3518,peler borot,noun,"kind of tree, the council tree,",,,,,,,,,,,,,Ficus altissima,,,plant,,,,
3519,peler borot,intransitive verb,lazy,,,,,,,,,,,,,,,,,,,,
3520,pelester,noun,"plaster, any pasty finishing mortar used to cover a surface, esp. cement wattle",,,,,,,,,,,,,,,,,,,,
3521,pelester,verb,"to cover, esp. a vertical surface, with plaster, to overlay s.t. with a pasty compound",,,,,,,,,,,,,,,,,,,,
3522,pen,,,,,,,,,,,,,,,,,,,,peng,,
3523,pendapatan,noun,income,,,,,,,,,,,,,,,,,Indonesian,pandapatang,,
3524,pendeknya,conjunction,in short,pendeknya de waktu itu makanang susa,"In short, at that time food was difficult (to obtain).",,,,,,,,,,,,,,,Indonesian,,,
3525,pendi,noun,kind of bent bamboo pole which functions as a spring on the filter of the sago processing apparatus,,,,,,,,,,,,,,,,,,,,
3526,pending,noun,belt buckle,,,,,,,,,,,,,,,,,,,,
3527,pentíng,intransitive verb,to be important,,,,,,,,,,,,,,,,,,,,
3528,peng,noun,"peg or dowel, esp. in construction",,,,,,,,,,,,,,,,,,,,
3529,penggu,intransitive verb,"lame, with legs bent to one side",,,,,,,,,,,,,,,,health,,,,
3530,penyak,,,,,,,,,,,,,,,,,,,,,penyaki,
3531,penyak,verb,to sit on s.t. which is inappropriate (e.g. to sit on clean clothes),,,,,,,,,,,,,,,,,,,penyak akang,
3532,penyak,verb,to sit on s.t. at someone's request,kana: mupenyak akang bukiku,Why did you sit on my books (just because she said to)?,,,,,,,,,,,,,,,,,bapenyak,
3533,penyak,intransitive verb,"to be seated on the floor or a platform (but not in a chair, etc.)",,,,,,,,,,,,,,,,,,"duduk, calepo",,
3534,penyakit,noun,"illness, disease",,,,,,,,,,,,,,,,,Indonesian,panyaket,,
3535,penyco,noun,"kind of sweetmeat, a custard of mashed banana, sugar, egg, and coconut milk",,,,,,,,,,,,,,,,food,,,,
3536,penyjagaan,noun,guard-post,,,,,,,,,,,,,,,,,Indonesian,,,
3537,penyju,noun,"sea tortoise, order Testudinata",,,,,,,,,,,,,,,,sea creature,,,,"penyju kayuang \df land turtle, order Testudinata \sf  animal \crm  pampenyju, penjyu lao \df kind of deep-sea turtle, the flesh of which is eaten, order Testudinata \sf  sea creature, penyju sikat \df kind of tortoise, the shell of which is a commercial product, order Testudinata \sf  animal \crm  kerang"
3538,penyu,,,,,,,,,,,,,,,,,,,,penyju,,
3539,pep,noun,baby pacifier,,,,,,,,,,,,,,,,,,dop,,
3540,pepa,noun,"young coconut,",,,,,,,,,,,,,"Cocos nucifera, esp. when it still contains liquid endosperm",,,,,,,
3541,pepelera,intransitive verb,to be stark naked,,,,,,,,,,,,,,,,,,peler,,
3542,peperét,noun,"ant lion larva,",,,,,,,,,,,,,"Myrmeleon  , order Neuroptera",,,insect,,,,"pepere/t laot \df kind of sea animal, apparently a crustacean, the mole crab, \sn Hippoidea"
3543,peput,intransitive verb,"paralyzed or unable to walk, usually from childhood",,,,,,,,,,,,,,,,,,,,
3544,perak,noun,silver,,,,,,,,,,,,,,,,,,,,
3545,percis,noun,light bulb,,,,,,,,,,,,,,,,,,,,
3546,perkebunan,noun,horticulture,,,,,,,,,,,,,,,,,Indonesian,,,
3547,perlindungan,noun,protection,,,,,,,,,,,,,,,,,Indonesian,,,
3548,perlu,particle,"need to, required",,,,,,,,,,,,,,,,,,parlu/,,
3549,pertanian,noun,agriculture,,,,,,,,,,,,,,,,,Indonesian,,,
3550,pertengahan,noun,center,,,,,,,,,,,,,,,,,Indonesian,mamananga,,
3551,pes,verb,"to peel (mango, cassava, etc.)",,,,,,,,,,,,,,,,,,,,
3552,pesa,particle,please (do s.t. on behalf of the speaker),Pesa ba: paisu.,Please get water.,,,,,,,,,,,,,,,,,,
3553,pesa,conjunction,"should it happen, if","Pesa ujang, aku balampo mo.","Should it rain, I won't go.",,,,,,,,,,,,,,,,,,"pesa mo \df otherwise, if that were not the case \il  Kajanga kau mantak pesa mo kubobar kau.  It's too bad you're sick; if not, I'd beat you up."
3554,pesu,,,,,,,,,,,,,,,,,,,,,pesu akang,
3555,pesu,transitive verb,to bend s.t. backwards,,,,,,,,,,,,,,,,,,,bapesu,
3556,pesu,intransitive verb,"to bend the body backwards, to play a game in which coconut shells are picked up by bending o.'s body backwards",,,,,,,,,,,,,,,,game,,,,
3557,peta,transitive verb,to cut s.t. into pieces,,,,,,,,,,,,,,,,,,,petai,
3558,peta,transitive verb,"to cut into s.t., to notch or incise s.t.",,,,,,,,,,,,,,,,,,,,
3559,petik,intransitive verb,to flick with o.'s fingers,,,,,,,,,,,,,,,,,,,,
3560,petik,verb,to flick at s.t. with o.'s finger,petik bola,to shoot marbles,,,,,,,,,,,,,,,,,,
3561,peto,noun,vagina,,,,,,,,,,,,,,,,body,,,,"peto tatoala \df clitoris \sf  body, peto lidana \df clitoris \af  bapeto, bapeto satampurung \df woman \sc  a coarse term used by youth \sf  body"
3562,petsai,,,,,,,,,,,,,,,,,,,,petsawi,,
3563,petsawi,noun,"various kind of leafy greens used as vegetables, incl. leaf mustard,",,,,,,,,,,,,,Brassica juncea,,,plant,,,,"petsawi babunga \df kind of vegetable, false pak choi, \sn Brassica parachinensis \sf  plant"
3564,piak,verb,to split s.t. up,,,,,,,,,,,,,,,,,,,bapiak,
3565,piak,intransitive verb,to be engaged in splitting,bapiak kayu,to split wood (for firewood),,,,,,,,,,,,,,,,,sapiak,
3566,piak,noun,one side,,,,,,,,,,,,,,,,,,,hapiak,
3567,piak,noun,"half, on one side",nggaoti hapiak,half a coconut,ruma hapiaka,the house next door,,,,,,,,,,,,,,,napiak-piak,
3568,piak,intransitive verb,"to be all split apart, to have burst open",,,,,,,,,,,,,,,,,,,,
3569,picikala,noun,"kind of ginger plant,",,,,,,,,,,,,,Zingiber aromaticum,,,plant,,,,
3570,picil,verb,to squeeze with the hand,Picil bangkurungku.,Rub my back.,,,,,,,,,,,,,,,,,picili,
3571,picil,verb,to squeeze s.t. in a specified way,picili limo de dabu-dabu,squeeze a lime into that sauce,,,,,,,,,,,,,,,,,picil akang,
3572,picil,verb,to squeeze s.t. at someone's request,,,,,,,,,,,,,,,,,,,bapici-picilang,
3573,picil,intransitive verb,"to squeeze e.o., to rub e.o.'s back",,,,,,,,,,,,,,,,,,,pici-picil,
3574,picil,verb,"to give a rub down, to massage lightly",,,,,,,,,,,,,,,,,,,,
3575,picilikong,noun,sty in the eye,,,,,,,,,,,,,,,,health,,,,
3576,pidá,intransitive verb,"to be stubborn, to be headstrong",,,,,,,,,,,,,,,,,,,,
3577,pigis,noun,frame (of a bed),,,,,,,,,,,,,,,,,,lalagar,,
3578,pija,verb,"to close o.'s eyes, to blink",,,,,,,,,,,,,,,,,,,pijai,
3579,pija,verb,"to close s.t. (the eyes) for someone, e.g. to close a child's eyes so he or she will not see the needle of an injection",,,,,,,,,,,,,,,,,,,pija akang,
3580,pija,verb,to close someone's eyes at someone's request,,,,,,,,,,,,,,,,,,,bapija,
3581,pija,intransitive verb,"to rest for a short time, to nap during a rest stop",,,,,,,,,,,,,,,,,,,,
3582,piling,noun,request,,,,,,,,,,,,,,,,,,,pilingi,
3583,piling,verb,to request s.t. for s.o,,,,,,,,,,,,,,,,,,,piling akang,
3584,piling,verb,"to request s.t. at another's request, to order s.t. (some food on a menu) for someone",,,,,,,,,,,,,,,,,,,bapiling,
3585,piling,intransitive verb,"to engage in requesting and ordering things, to order (some food from a restaurant menu)",,,,,,,,,,,,,,,,,,,,
3586,pilisír,noun,"party, esp. accompanied by music and dancing",,,,,,,,,,,,,,,archaic,,,,bapalisír,
3587,pilisír,intransitive verb,to attend or hold such events,,,,,,,,,,,,,,,,,,,,
3588,pilit,,,,,,,,,,,,,,,,,,,,,pilit akang,
3589,pilit,verb,"to disguise speech from someone, to deceive someone by using codewords",pasi tala mupilit akang mata salana tu,They disguised their intentions and deceived that outsider,,,,,,,,,,,,,,,,,pilit-pilit akang,
3590,pilit,verb,to repeatedly or intensively use codewords in someone's presence,,,,,,,,,,,,,,,,,,,bapilit akang,
3591,pilit,intransitive verb,"to dissemble by using codewords, to engage in using argot",si jani nang si yono bapilit akang de pa kardi,Jani and Yono spoke in codewords in front of Mr. Kardi,,,,,,,,,,,,,,,,basa pilit-pilit akang,,
3592,pilu:,verb,to insult someone,Ia mupilu: sidó.,He is insulting Sido,,,,,,,,,,,,,,,,,pilu:i,
3593,pilu:,verb,"to tell on someone, to give unsavory or secret information about someone",Ia mupilu:i sapino.,He informed on Sapino.,,,,,,,,,,,,,,,,,pilu: akang,
3594,pilu:,verb,to inform on someone at the request of another,Yasir mupilu: akang sapino.,Yasir divulged Sapino's misdeed (because he was told to).,,,,,,,,,,,,,,,,,bapapilu:,
3595,pilu:,intransitive verb,to divulge information,,,,,,,,,,,,,,,,,,,bapipilu:ang,
3596,pilu:,intransitive verb,"to revile e.o., to bear tales about each other",,,,,,,,,,,,,,,,,,,,
3597,pilu,,,,,,,,,,,,,,,,,,,,,bapapilu,
3598,pilu,intransitive verb,"to give in to a false accusation, e.g. to punish o.'s child before the accuser although the accusation is known to be incorrect or to admit o.'s property belongs to another",,,,,,,,,,,,,,,,,,,,
3599,pisang-pisang,noun,"sensation of cramps, cramps, esp. in the legs",,,,,,,,,,,,,,,,health,,,,
3600,pitará,noun,the annual tithe paid by Muslims on the last night of the fasting month,,,,,,,,,,,,,,,,,,jaka/t,,
3601,pitate,noun,wall of plaited bamboo laths,,,,,,,,,,,,,,,,house,,,,
3602,pitsai,,,,,,,,,,,,,,,,,,,,petsawi,,
3603,pitu,numeral,seven,,,,,,,,,,,,,,,,,,,,
3604,pitua,noun,"advice, wisdom of elders and tradition",tapircaya mo pituana manusia tua-tua,We do not believe the wisdom of elders.,,,,,,,,,,,,,,,,,,
3605,piu-piu,noun,balloon,,,,,,,,,,,,,,,,,,,,
3606,piut,noun,great-grandchild,,,,,,,,,,,,,,,,kinship,,cece,,
3607,po,conjunction,"furthermore, then",Po malumpat de lau.,Then he ran to the sea.,Po kaná?,Then what?,,,,,,,,,,,,,,,,
3608,poci,noun,"kind of oil taper made with a metallic container, teapot",,,,,,,,,,,,,,,,,,,,
3609,pocot,verb,"to be fat, to become fat (i.e. to grow)",batanga alengo itu dadi pocot,The stems become thick.,,,,,,,,,,,,,,,,,papocoti,
3610,pocot,verb,to fatten someone up,,,,,,,,,,,,,,,,,,,,
3611,podas,verb,to separate sago pith into chunks once it has been removed from its package,,,,,,,,,,,,,,,,,,"tatas, romok",podasi,
3612,podas,verb,to separate sago pith from a specified sago package,,,,,,,,,,,,,,,,,,,podas akang,
3613,podas,verb,to separate sago pith into chunks at someone's request,,,,,,,,,,,,,,,,,,,bapodas,
3614,podas,intransitive verb,to be engaged in breaking sago pith into chunks,,,,,,,,,,,,,,,,,,,napodas,
3615,podas,intransitive verb,"to break apart, to have broken apart",ia napodas jat,It will have fallen apart in an inappropriate way,,,,,,,,,,,,,,,,,,
3616,podita,verb,to amass or collect bit by bit,kupodita kumbar sigodo dadi barisi,I amassed sago midribs until I had a lot.,,,,,,,,,,,,,,,,,,
3617,pogot,noun,"kind of fish, the red-lined triggerfish or vermiculated triggerfish,",,,,,,,,,,,,,Balistapus undulatus,,,fish,,,,"pogot manuk \df kind of fish, the starry triggerfish or flat-tailed triggerfish, \sn Abalistes stellaris \sf  fish, pogot titiora \df kind of fish, probably a triggerfish \sf  fish"
3618,pok,ideophone,"sound of certain birds, screech, cry (of birds)",,,,,,,,,,,,,,,,,,popok,,
3619,poko,noun,"base of a tree trunk, basis, base",kita bajagai duriang itu itu musi tarawasi pokona puang,"When we are tending durians,",talinga pokona,socket of the jaw,kebersihan itu manyjadi poko,Cleanliness is the basis.,,,,,,,,,,,,,,
3620,pokonya,conjunction,"basically, in short",,,,,,,,,,,,,,,,,Indonesian,,,
3621,polonggayang,noun,kind of large serving bowl,,,,,,,,,,,,,,,,utensil,,,,
3622,polu,noun,"sweat, perspiration",,,,,,,,,,,,,,,,body,,,bapolu,
3623,polu,intransitive verb,to sweat,bapolu aku,I broke into a sweat.,,,,,,,,,,,,,,,,,bapolu-polu,
3624,polu,intransitive verb,"to sweat excessively, to drip with sweat",si puda batibas kayu sigodo bapolu-polu,Puda did the wood-splitting till he was,,,,,,,,,,,,,,,,,,
3625,poluk,transitive verb,to bend s.t. into a curve or cylinder,poluk belék,to shape a can into a taper by bending it,,,,,,,,,,,,,,,,,bapoluk akang,
3626,poluk,intransitive verb,to engage in bending s.t. for someone,,,,,,,,,,,,,,,,,,,,
3627,poluk,verb,to embrace s.t.,,,,,,,,,,,,,,,,,,,poluki,
3628,poluk,verb,to embrace someone with a specific intent,,,,,,,,,,,,,,,,,,,poluk akang,
3629,poluk,intransitive verb,to hug someone at another's request,Poluk akang adimu sigodo badiang.,Hug your brother till he's quiet.,,,,,,,,,,,,,,,,,bapolukang,
3630,poluk,intransitive verb,to embrace e.o.,,,,,,,,,,,,,,,,,,,,
3631,polulu,verb,to shape s.t. with both hands into a round shape,,,,,,,,,,,,,,,,,,,bapolulu,
3632,polulu,intransitive verb,to curl up in a ball because of the cold,,,,,,,,,,,,,,,,,,,,
3633,pombo,noun,"kind of bird, dove or pigeon",,,,,,,,,,,,,Columbidae,,,bird,,,,"pombo utang \df kind of bird, kind of pigeon, fam. Columbidae \sf  bird"
3634,pondak,noun,"kind of plant, pandanus,",,,,,,,,,,,,,Pandanus,,,plant,Malay,panam bau,,
3635,pondo,noun,"shirt, blouse, tunic",,,,,,,,,,,,,,,,,,,,"pondo kabaya \df a woman's long-sleeved blouse worn with a sarong \sf  clothing, pondo kimo/n \df kind of woman's blouse or tunic, pondo tangang pandak \df short-sleeved shirt, pondo tangang tinggi \df long-sleeved shirt"
3636,ponis,noun,bang (of hair),,,,,,,,,,,,,,,,,,,,
3637,ponu,intransitive verb,to be full,,,,,,,,,,,,,,,,,,,ponu akang,
3638,ponu,verb,to fill s.t. for someone,,,,,,,,,,,,,,,,,,,paponui,
3639,ponu,verb,to fill up s.t. completely,,,,,,,,,,,,,,,,,,,paponu akang,
3640,ponu,verb,to top off some container which has some water,,,,,,,,,,,,,,,,,,,paponoui akang,
3641,ponu,verb,to fill s.t. (almost empty) completely at another's request,,,,,,,,,,,,,,,,,,,,
3642,pong,,,,,,,,,,,,,,,,,,,,puang,,
3643,pongo,intransitive verb,"to be deaf, hearing impaired",,,,,,,,,,,,,,,,health,,lori pongo,,
3644,pongot,intransitive verb,"nasal (of o.'s voice), to have a nasal twang",,,,,,,,,,,,,,,,,,,,
3645,popaco,noun,"any conical container <cone>, kind of steamed cake made in a leaf cone",,,,,,,,,,,,,,,,food,,,,
3646,popak,verb,to pour s.t. out,,,,,,,,,,,,,,,,,,,popaki,
3647,popak,verb,to pour out on to s.t.,hoap to ipopaki indalang tu,That vapor pours down inside it,,,,,,,,,,,,,,,,,napopak,
3648,popak,intransitive verb,"to be spilled out, to be overflowing <spill>",,,,,,,,,,,,,,,,,,,,
3649,popao,noun,kind of woman's money purse worn on the side of the waist,,,,,,,,,,,,,,,archaic,,,,,
3650,popare,noun,"various kind of vine bearing edible fruit, bitter gourds, incl.",,,,,,,,,,,,,Momordica charantia,,,plant,,,,"popare gaja \df kind of bitter gourd, \sn Momordica \sf  plant"
3651,poparo,noun,kind of fish,,,,,,,,,,,,,,,,fish,,,,
3652,popas,,,,,,,,,,,,,,,,,,,,,bapopas,bapopas lipu \df to protect a village from evil by reciting prayers en masse at each corner of the village \sf  spiritual \crm  rorasa
3653,popia,noun,"kind of vine, spiny bitter cucumber, possibly",,,,,,,,,,,,,Momordica cochinchinensis,,,plant,,ngguming,,
3654,popo,intransitive verb,"short (of s.t. ordinarily long or tall, e.g., a tree with the crown broken off or a finger",calana popo,short pants,,,,,,,,,,,,,,,,,papopoi,
3655,popo,verb,to shorten s.t. excessively,kana: kau mupapopoi buoku mini,Why have you shortened my hair like this?,,,,,,,,,,,,,,,,,,
3656,popoje,noun,"pocket, marsupial's pouch",,,,,,,,,,,,,,,,,,,,popoje sarahasia \df a single family with its lore
3657,popok,noun,kind of nocturnal bird whose shriek portends serious illness in the village,,,,,,,,,,,,,,,,bird,,pok,,
3658,popot,verb,"to be cut on an angle (e.g., fish)",,,,,,,,,,,,,,,,,,,popot akang,
3659,popot,verb,to cut s.t. in such a way for someone,,,,,,,,,,,,,,,,,,,bapopot,
3660,popot,intransitive verb,to engage in such cutting,,,,,,,,,,,,,,,,,,,pamopotang,
3661,popot,noun,cutting board,,,,,,,,,,,,,,,,,,papang bapopot,,
3662,popót,noun,"kind of insect, a large, black coconut ant",,,,,,,,,,,,,Formicidae,,,insect,,,,
3663,poros,intransitive verb,"to do the task carelessly, to do s.t. casually",tala muporos ga ka ba: mo,Have you finished doing it any old way?,,,,,,,,,,,,,,,,mamoros,,
3664,poru-,,,,,,,,,,,,,,,,,,,,porut,,
3665,porubatu,noun,boils,,,,,,,,,,,,,,,,body,,,,
3665,porubatu,noun,boils,,,,,,,,,,,,,,,,health,,,,
3666,porus,,,,,,,,,,,,,,,,,,,,anging porus butuna,,
3667,porut,noun,belly,poruku bayasa jat,My stomach felt terrible.,,,,,,,,,,,,,,body,,,,"porut abanga \df the lower part of the abdomen, esp. the exterior \sf  body, porut lakarang \df intestines \sf  body, porut magigit \df to have a stomach ache \sf  health, porut marurak \df to have stabbing pains in the stomach \sf  health, porut nasibuk \df to have gas, to experience stomach problems with flatulence \af  poruti \ps  v \df to disembowel s.t., esp. to remove fish entrails <eviscerate> \af  poruti akang \ps  v \df to disembowel s.t. at someone's request \af  porut akang \ps  v \df to disembowel s.t. at someone's request \af  baporut \ps  vi \df to develop a paunch, to be big-bellied, to be fat around the waist <paunchy> \af  baporuti \ps  vi \df to be engaged in disemboweling as a task \il  ari bai aku baporuti lao di sawang  Yesterday I worked at cleaning fish at the seaside"
3668,posa,noun,a culinary technique in which food (esp. fish or vegetables) is boiled with salt,lompa posa,boiled lompa fish,,,,,,,,,,,,,,culinary,,,posa akang,
3669,posa,transitive verb,to boil s.t. with salt,,,,,,,,,,,,,,,,culinary,,,,
3670,posó,verb,to penetrate someone (in sexual intercourse),,,,,,,,,,,,,,,,,,,baposó,
3671,posó,intransitive verb,to engage in sexual intercourse,,,,,,,,,,,,,,,,,,,,
3672,posong,,,,,,,,,,,,,,,,,,,,,posong akang,
3673,posong,verb,to taboo s.t.,,,,,,,,,,,,,,,,spiritual,,,paposong,
3674,posong,noun,"taboo, proscribed behavior, prohibition, potential problem area",dadi ampat pasal itu kalero paposonga itu musi jagai kayuna dua nang batu nang ular,So those four aspects are the potential problem areas in constructing lime ovens,that is we must be careful about the two kinds of (appropriate) wood and the kind of coral (used) and the snakes.,,,,,,,,,,,,,spiritual,,,,
3675,posuk,noun,hole on a vertical surface,burit posuka,anus,,,,,,,,,,,,,,,,,posuki,
3676,posuk,verb,to make a hole for someone,posuki pepa,to put a hole in a young coconut (to extract the liquid),,,,,,,,,,,,,,,,,posuk akang,
3677,posuk,verb,to make a hole at someone's request,,,,,,,,,,,,,,,,,,,baposuk,
3678,posuk,intransitive verb,to have a hole,,,,,,,,,,,,,,,,,,,,baposuk tikolok \df to consume \il  aku baposuk tikolok dua pinggang ini  I consumed two plates \sc  Arch \af  naposuk \ps  vi \df to leak
3679,pot,noun,chamber pot,,,,,,,,,,,,,,,,,,,,
3680,pote,intransitive verb,rank and malodorous,babau pote,malodorous,,,,,,,,,,,,,,,,kambing pote,,
3681,potil,verb,"to pick (fruit, etc.), to pluck",potil fofoki ka mai tapabua ola-ola,"Pick some eggplants and bring them here, we will",,,,,,,,,,,,,,,,,napotil,
3682,potil,intransitive verb,to have fallen down (of ripe fruit),,,,,,,,,,,,,,,,,,,,
3683,potlot,noun,pencil,,,,,,,,,,,,,,,,,,,,
3684,pu,noun,"sir, respectful title of address",,,,,,,,,,,,,,,,society,,ompu ruma,,
3685,puade,noun,the bridal stage and seats on which the newlyweds hold court as part of the,,,,,,,,,,,,,,,,,,,,
3686,puang,particle,"earlier, first-off",musi tatuka semén tapabua fonderen puang,We must buy cement for we build the foundation first of all.,,,,,,,,,,,,,,,,pertama-tama,,
3687,puasa,noun,"Islamic fasting month, Ramadan",puasa dalama,during fasting month,,,,,,,,,,,,,,,,,,
3688,puasa,intransitive verb,"to observe the Islamic fast, to fast",,,,,,,,,,,,,,,,,,,bapuasa,
3689,puasa,intransitive verb,to observe the Islamic fast,,,,,,,,,,,,,,,,spiritual,,ramada/n,,
3690,pucat,intransitive verb,"faded, pale",,,,,,,,,,,,,,,,,,,,
3691,pucat,noun,navel,,,,,,,,,,,,,,,,body,,,,"pucat nggong \df large, distended navel \sf  body, pucat ngguminga \df umbilical cord \sf  body"
3692,pucuk,noun,"the tip of a tree or branch, an incipient bud",,,,,,,,,,,,,,,,,,,,
3693,puga-puga,intransitive verb,"to walk erratically, to limp along, to be caught up in o.'s own words, to be tongue-tied",,,,,,,,,,,,,,,,,,,,
3694,puji,verb,to praise or compliment someone,,,,,,,,,,,,,,,,,,,puji-puji akang,
3695,puji,verb,to flatter someone excessively,,,,,,,,,,,,,,,,,,,bapu-bapujiang,
3696,puji,intransitive verb,"to exchange compliments repeatedly, to flatter e.o.",,,,,,,,,,,,,,,,,,lotok puji,,
3697,puka,,,,,,,,,,,,,,,,,,,,lao,,
3698,pula,noun,"kind of fish, similar to the Trevally",,,,,,,,,,,,,,,,,,"anasege, mata buku pulang",,
3699,pulang-pulang,noun,"kind of large fish, the tarpon or oxeye herring,",,,,,,,,,,,,,Megalops cyprinoides,,,fish,,,,
3700,pulas,verb,"to twist s.t., to make s.t. (by turning, e.g. rope), to dial (a radio), to play a tape",pulas talinga,to twist an ear,,,,,,,,,,,,,,,,,pulasi,
3701,pulas,verb,to turn or twist s.t. for someone,,,,,,,,,,,,,,,,,,,pulas akang,
3702,pulas,verb,to turn or twist s.t. at someone's request,,,,,,,,,,,,,,,,,,,bapulas,
3703,pulas,intransitive verb,"to make rope, to turn (of a car, etc.)",,,,,,,,,,,,,,,,,,,napulas,
3704,pulas,intransitive verb,"twisted, to be characterized by a spinning movement",awarong napulasa,The current is spinning 'round.,napulas torus,It's spinning around continuously (said of the spindle of a tape recorder),,,,,,,,,,,,,,,papulas,
3705,pulas,noun,kind of turning tool used to make rope <spindle>,,,,,,,,,,,,,,,,tool,,,papulasi,
3706,pulas,verb,"to carefully twist s.t. into a finished product (e.g. a rope), to encircle some area with a net, to make a turn around some area",,,,,,,,,,,,,,,,,,,,
3707,pulét,noun,epaulette,,,,,,,,,,,,,,,,,,bintoto pule/t,,
3708,puli,noun,kind of plant,,,,,,,,,,,,,,,,plant,,,,
3709,pulia,noun,"effeminate man, transvestite",,,,,,,,,,,,,,,,,,,,
3710,puli-puli,noun,scar,,,,,,,,,,,,,,,,health,,,,
3710,puli-puli,noun,scar,,,,,,,,,,,,,,,,body,,,,
3711,puli-pulit,verb,"to collect by selecting certain ones, to pick",,,,,,,,,,,,,,,,,,,,
3712,pulo,noun,island,,,,,,,,,,,,,,,,,Malay,,,
3713,pulot,noun,uncooked glutinous rice,,,,,,,,,,,,,,,,food,,nasipulo,,pulot nggoa \df kind of dark purple glutinous rice \sf  food
3714,pulu,numeral,tens,dua pulu,twenty,,,,,,,,,,,,marker of tens,,,,,bapulu-pulu,
3715,pulu,intransitive verb,"in the tens, by the tens",,,,,,,,,,,,,,,,,,"sapulu, pamulu",,
3716,pulung,verb,to pick up or collect s.t.,,,,,,,,,,,,,,,,,,,,
3717,pulu-pulut,noun,"kind of grass, perhaps",,,,,,,,,,,,,Paspalum distichum,,,plant,,,,pulu-pulut nyanya/ \df kind of grass \sf  plant
3718,pulut,,,,,,,,,,,,,,,,,,,,,pulut akang,
3719,pulut,transitive verb,to toss s.t. away,,,,,,,,,,,,,,,,,,,napulut,
3720,pulut,intransitive verb,to be knocked into the air,,,,,,,,,,,,,,,,,,,,napulut naik \df to be flipped upwards \crm  naik
3721,pulutang,,,,,,,,,,,,,,,,,,,,ambulung pulutang,,
3722,pun,particle,"even, though",,,,,,,,,,,,,,,,,Indonesian,ke,,
3723,puna,,,,,,,,,,,,,,,,,,,,lipu puna,,
3724,punana,,,,,,,,,,,,,,,,,,,,urang punana,,
3725,puntiana,noun,"kind of evil spirit, which appears as a woman and often causes hysteria",,,,,,,,,,,,,,,,,,,,
3726,punggung,noun,"base of the back, small of the back",,,,,,,,,,,,,,,,body,,,,
3727,punyangat,noun,"kind of insect, the common wasp,",,,,,,,,,,,,,Vespa bicolor,,,insect,,,,"punyangat lidi \df kind of insect, the potter wasp, \sn Eumenes pyriformis \sf  insect"
3728,puong,conjunction,first (in a series of events),dumik akang jojaga itu puong mena tama bakaya,"Finish that hut first, then start",,,,,,,,,,,,,,,,puang,,
3729,pupu,,,,,,,,,,,,,,,,,,,,sapupu,,
3730,pupuk,noun,fertilizer,,,,,,,,,,,,,,,,,,,,
3731,pupuk,verb,to fertilize s.t.,,,,,,,,,,,,,,,,,,,,
3732,pupul,verb,"to break off s.t., to harvest it",,,,,,,,,,,,,,,,,,,,
3733,pupur,noun,facial powder or a damp paste made from plants to smear on the face for medicinal,,,,,,,,,,,,,,,,,,,,pupur pipis \df powder made from grinding rice \af  pupuri \ps  vt \df to apply facial powder or paste to s.t.
3734,puru,,,,,,,,,,,,,,,,,,,,limo,,
3735,puru raja,noun,indigestion,,,,,,,,,,,,,,,,health,,,,
3736,pusaka,noun,inherited goods <inheritance>,,,,,,,,,,,,,,,,,,,,
3737,pusu,noun,"edible male banana flower, used for vegetable dishes, the funnel-shaped sago blossom",,,,,,,,,,,,,,,,food,,"pehi, rujak pusu",,
3738,put,noun,"flatus, intestinal gas",,,,,,,,,,,,,,,,body,,,bapít,
3739,put,intransitive verb,to break wind <fart>,,,,,,,,,,,,,,,,,,,,
3740,putetek,noun,kind of ginger-like plant,,,,,,,,,,,,,,,,plant,,,,"putetek pairuk \df kind of plant, the torch ginger, \sn Nicolaia elatior \sf  plant, putetek pusu \df kind of ginger plant, \sn Alpinia nutans \sf  plant, putetek romok \df kind of plant, the red ginger, \sn Alpinia purpurata \sf  plant, putetek rumbe \df kind of ginger plant \sf  plant"
3741,puti,intransitive verb,"white, gray, fair (of the complexion)",,,,,,,,,,,,,,,,,,,paputi:,
3742,puti,verb,"to whiten s.t., to increase the whiteness of s.t. <whitewash>",pasi mupaputi: dindinga pasi nang kapur,They whitened their walls with whitewash,,,,,,,,,,,,,,color,,salia puti,,
3743,putri mandi,noun,kind of snack featuring multicolored globules of boiled cassava flour covered with,,,,,,,,,,,,,,,,food,,,,
3744,putus,,,,,,,,,,,,,,,,,,,,,putus akang,
3745,putus,verb,"to snap s.t. apart (e.g., a rope)",,,,,,,,,,,,,,,,,,,baputus,"baputus umur \df to spread a story, to gossip \df to inform on \af  naputus \ps  vi \df snapped \af  mamutus \ps  vi \df to take a short cut"
3746,puyu-puyu,noun,"kind of reef fish, the banded humbug,",,,,,,,,,,,,,Dascyllus aruanus,,,fish,,,,
3747,ra:,intransitive verb,big,lapetak mami ni ra:,This swidden of ours is big.,hargana ra:,Its price is great.,,,,,,,,,,,,,,,,
3748,ra:,adverb,"greatly, in great quantities",bataping ra:,to yield a lot of ashes,,,,,,,,,,,,,,,,,ra:-ra:,
3749,ra:,intransitive verb,"very big, large",paisu ra:-ra:,river,,,,,,,,,,,,,,,,rea,,
3750,rabi,verb,"to burn (a field, house, etc.)",rabi itu kalero ka ba:,Burn that banked fire thoroughly,,,,,,,,,,,,,,,,,,
3751,rabi,intransitive verb,"to scorch a field, to perform the first burning prior to planting a swidden, baked (cooked by baking)",jomur ia barang sapulu ari rabi tala,Dry it in the sun about ten days then burn the site,,,,,,,,,,,,,casual,,,,rabi akang,
3752,rabi,verb,to burn down s.t. at someone's request,,,,,,,,,,,,,,,,,,,barabi,
3753,rabi,intransitive verb,"to destroy by fire, to be engaged in burning (a swidden field)",,,,,,,,,,,,,,,,,,,parabiang,
3754,rabi,noun,"burned logs, burned out wood (in a hearth or recently burned field)",,,,,,,,,,,,,,,,,,,,
3755,rabil ahir,noun,the fourth month of the Islamic calendar,,,,,,,,,,,,,,,,,,,,
3756,rabil awal,noun,the third month of the Islamic calendar,,,,,,,,,,,,,,,,,,,,
3757,racak,,,,,,,,,,,,,,,,,,,,wowo,,
3758,raci,noun,"poison, venom",,,,,,,,,,,,,,,,,,lao raci,baraci,
3759,raci,intransitive verb,"to engage in poisoning as a task or profession, e.g. of a wicked shaman who practices",,,,,,,,,,,,,,,,,,,baraci-raci,
3760,raci,intransitive verb,to repeatedly use poisons and evil spells,,,,,,,,,,,,,,,,,,,paraci:,
3761,raci,verb,to poison someone or s.t.,,,,,,,,,,,,,,,,,,,paraci akang,
3762,raci,verb,to poison s.t. at another's request,,,,,,,,,,,,,,,,,,,,
3763,radio,noun,radio,,,,,,,,,,,,,,,,,,,,
3764,radís,noun,"kind of plant, the winter radish, (Longipinnatus Group)",,,,,,,,,,,,,Raphanus sativus,,,plant,,,,
3765,rage-rage,noun,"litter (e.g. fallen leaves, shreds of paper, etc.)",,,,,,,,,,,,,,,,,,,,
3766,ragi,noun,yeast,,,,,,,,,,,,,,,,,,,,
3767,rahasia,noun,secret,,,,,,,,,,,,,,,,,,popoje sarahasia,rahasiai,
3768,rahasia,transitive verb,"to conceal a fact, to make a secret of s.t.",nis murahasiai carita itu tu,Nis kept that story secret.,,,,,,,,,,,,,,,,,rahasia akang,
3769,rahasia,transitive verb,to conceal some fact at someone's request,,,,,,,,,,,,,,,,,,,,
3770,raja,,,,,,,,,,,,,,,,,,,,"nggaoti, nggaeka",,
3771,raja bau,noun,"kind of fish, the many-lined sweetlips,",,,,,,,,,,,,,Plectorhynchus goldmanni,,,fish,,,,
3772,rajáp,noun,the seventh month of the Islamic calendar,,,,,,,,,,,,,,,,,,,,
3773,rakát,noun,one complete cycle of the postures of the Islamic prayer ritual,,,,,,,,,,,,,,,,spiritual,,,,
3774,rakit,noun,raft,,,,,,,,,,,,,,,,,,,,
3775,ramadán,noun,"the ninth month of the Islamic calendar, during which the annual fast is observed",,,,,,,,,,,,,,,,,,udang puasa,,
3776,ramas,verb,to squeeze s.t.,Kuramas nggaoti sabokor.,I squeezed a basin full of (grated) coconut.,,,,,,,,,,,,,,,,,paramasang,
3777,ramas,noun,"the basin and attached filter used to process sago by squeezing the pith and water, any container used to squeeze or strain coconut",,,,,,,,,,,,,,,,,,,maramas,
3778,ramas,verb,"to knead (e.g. flour, sago meal)",,,,,,,,,,,,,,,,,,,,
3779,ramba-ramba,noun,"weeds, rubbish, fallen leaves, branches or fronds",,,,,,,,,,,,,,,,,,,,
3780,rambutang,noun,"kind of tree bearing edible fruit, the rambutan",,,,,,,,,,,,,Nephelium lappaceum,,,plant,,maritang,,
3781,rame,intransitive verb,to be crowded and interesting,,,,,,,,,,,,,,,,,,,kara-karameang,
3782,rame,noun,"party, usually acompanied by music and dancing",,,,,,,,,,,,,,,,,,,bakara-karameang,
3783,rame,intransitive verb,to attend or hold such parties,,,,,,,,,,,,,,,,,,,rame-rame,
3784,rame,intransitive verb,"together, as a large crowd",jadi kita musi batimumung ka mai rame-rame supaya kita bapaguna:ng,So we must assemble here all together so we can perform our work.,,,,,,,,,,,,,,,,,,
3785,rampak,,,,,,,,,,,,,,,,,,,,,narampak,
3786,rampak,intransitive verb,"to be disconnected, to fall apart",,,,,,,,,,,,,,,,,,,,
3787,rampa-rampa,noun,various kind of spices,,,,,,,,,,,,,,,,,,,,
3788,rampas,intransitive verb,"to be attractive, neat, esp. of o.'s grooming <good>",,,,,,,,,,,,,,,,,,,,
3789,rampas,verb,"to snatch s.t., to rob",,,,,,,,,,,,,,,,,,,,
3790,rampe,verb,to cut s.t. down with a rampe-rampe tool,,,,,,,,,,,,,,,,,,,rampe-rampe,
3791,rampe,noun,"kind of pole with a knife attached, used to pick fruit",,,,,,,,,,,,,,,,tool,,,,
3792,randa,intransitive verb,"low, short (of stature)",,,,,,,,,,,,,,,,,,,randa akang,
3793,randa,verb,to make s.t. lower at someone's request,,,,,,,,,,,,,,,,,,,parandai,
3794,randa,verb,to shorten the height of s.t. in a specific way (e.g. to make the height of a rafter as,kau muparandai alintangang hadiki,Lower that rafter a bit (so it is as low as the other,,,,,,,,,,,,,,,,,paranda akang,
3795,randa,verb,to make an adjustment (to a lower height) at someone's request,,,,,,,,,,,,,,,,,,,,
3796,randang,,,,,,,,,,,,,,,,,,,,,barandang,
3797,randang,intransitive verb,wet,,,,,,,,,,,,,,,,,,,parandangi,
3798,randang,verb,"to cause s.t. to be wet by soaking, dousing or spraying <douse>, to soak s.t.",,,,,,,,,,,,,,,,,,,,
3799,rantasi,noun,"kind of fish, similar to the black kingfish,",,,,,,,,,,,,,Rachycentron canadus,,,,,,,
3800,rangas,noun,"kind of plant with highly toxic leaves, perhaps",,,,,,,,,,,,,Sida rhombifolia,,,,,,,
3801,rangat,intransitive verb,spicy,,,,,,,,,,,,,,,,culinary,,,,
3802,ranggang,intransitive verb,to develop cracks and gaps (of adjoining planks),Si sapi mejana tala ranggang.,Safi's table has split apart.,,,,,,,,,,,,,,,,,,
3803,rangginang,,,,,,,,,,,,,,,,,,,,katang,,
3804,rangka,noun,"skeleton, outline, rough shape",rangka manusia,the form of a human ­,,,,,,,,,,,,,,,,,,
3805,ranycis,,,,,,,,,,,,,,,,,,,,mata ranycis,,
3806,rapa,,,,,,,,,,,,,,,,,,,,aur,,
3807,rapat,intransitive verb,"near, soon, temporally near",ce' puasa tala rapat ni,Hey! Fasting month is already at hand,,,,,,,,,,,,,,,,,rapati,
3808,rapat,transitive verb,to draw s.t. close <draw close> to someone or s.t.,,,,,,,,,,,,,,,,,,,rapat akang,
3809,rapat,transitive verb,to narrow (a gap),,,,,,,,,,,,,,,,,,,rapat-rapat,
3810,rapat,intransitive verb,very close,,,,,,,,,,,,,,,,,,,barapa-rapat,
3811,rapat,intransitive verb,to be in a close arrangement (o. after another),,,,,,,,,,,,,,,,,,,barapatang,
3812,rapat,intransitive verb,to be close to e.o.,,,,,,,,,,,,,,,,,,,parapatang,
3813,rapat,noun,"place where streets and paths meet, junction",,,,,,,,,,,,,,,,,,,,
3814,rapat,noun,meeting,,,,,,,,,,,,,,,,,Indonesian,,,
3815,rari,transitive verb,"to strip the leaves from a <sago> palm branch by slashing, to make s.t. (thatch) by stripping leaves",tala tarari otap mena taala kuriwang,"After stripping palm leaves to make thatch, then",,,,,,,,,,,,,,,,rurut,barari,
3816,rari,intransitive verb,to prepare palm fronds for making thatch by slashing off leaves,,,,,,,,,,,,,,,,,,,narari,
3817,rari,intransitive verb,to be accidentally struck by a branch,,,,,,,,,,,,,,,,,,,,
3818,rari-rari,noun,"kind of throwing tool, a piece of wood used to knock down fruit <projectile>, kind of trap, the trigger of which releases a sapling which springs at the prey",,,,,,,,,,,,,,,,tool,,,,
3819,raroang,noun,boat rollers (on shore),,,,,,,,,,,,,,,,,,,,
3820,rarongat,noun,kind of tool or pole used to pick fruit,,,,,,,,,,,,,,,,,,,,
3821,rat,intransitive verb,to sit around and gossip for a long time,,,,,,,,,,,,,,,,,,,,
3822,rata,intransitive verb,flat,,,,,,,,,,,,,,,,,,,,
3823,ratu,,,,,,,,,,,,,,,,,,,,kumku/m ratu,,
3824,ratus,numeral,hundred,saratus,one hundred,,,,,,,,,,,,marker of hundreds,,,,,,
3825,raucaga,noun,"kind of flowering vine, the leaves of which are used as a vegetable",,,,,,,,,,,,,,,,plant,,,,
3826,raup,verb,"to scoop up s.t. with the hands, to transfer processed sago meal from the trough (by scooping)",Mena song ka sana yang saehu tu muraup,"Then one of them goes there, the group",,,,,,,,,,,,,,,,,raupi,
3827,raup,verb,to scoop s.t. for someone or some specified purpose,Bena raupi tama de babat tu,Then he scoops it up and puts it in the sago container,,,,,,,,,,,,,,,,,rau-raup,
3828,raup,noun,"kind of multiple funnel to guide flour into a sago mold, kind of utensil of two leaves to scoop up sago meal, leaves, etc.",,,,,,,,,,,,,,,,sago,,,,
3828,raup,noun,"kind of multiple funnel to guide flour into a sago mold, kind of utensil of two leaves to scoop up sago meal, leaves, etc.",,,,,,,,,,,,,,,,utensil,,,,
3829,raut,verb,"to trim off s.t. (leaves, etc. from a palm midrib)",,,,,,,,,,,,,,,,,,,rauti,
3830,raut,verb,to trim s.t. for someone,,,,,,,,,,,,,,,,,,,raut akang,
3831,raut,verb,to trim s.t. at someone's request,,,,,,,,,,,,,,,,,,,baraut,
3832,raut,intransitive verb,to engage in trimming the leaves from a palm midrib,,,,,,,,,,,,,,,,,,,,
3833,rayat,noun,"the common people, the citizenry",,,,,,,,,,,,,,,,,,,,
3834,rawas,verb,to open up land for a garden by cutting down s.t. (undergrowth),,,,,,,,,,,,,,,,,,,rawasi,
3835,rawas,verb,"to clear s.t. (land) for a garden or site for a house, to cut down the undergrowth of an",musi kita tarawasi pokona puang,We must first clear out the land around the tree trunk,,,,,,,,,,,,,,,,,rawas akang,
3836,rawas,verb,to cut down s.t. at someone's request,,,,,,,,,,,,,,,,,,,marawas,
3837,rawas,intransitive verb,to be engaged in cutting back and slashing undergrowth,,,,,,,,,,,,,,,,,,,,
3838,rea,intransitive verb,big,reana,How big! (Its bigness),reana,"the size of it, its size",,,,,,,,,,,,,,,pareai,
3839,rea,verb,"to increase s.t. (e.g. the volume of a television, the luminosity of a pumped lantern), to enlarge s.t. (e.g. the size of trouser's waist or o.'s house)",,,,,,,,,,,,,,,,,,ra:,,
3840,rebus,transitive verb,"to tear, to rip",,,,,,,,,,,,,,,,,,wakis,rebus akang,
3841,rebus,transitive verb,to tear on someone's behalf,,,,,,,,,,,,,,,,,,,narebus,
3842,rebus,intransitive verb,"torn, ripped",Capatuku tala narebus.,My shoe has split apart.,,,,,,,,,,,,,,,,,,
3843,rekeng,verb,"to count s.t., to calculate, to consider s.t., to reckon s.t.",baláng duduk tarekeng tukayana tala damping saratus,If we were to sit and calculate,aku ni rekeng manycaringku kalero ini,"As for me, we can consider lime-burning my",,,,,,,,,,,,,,,barekeng,
3844,rekeng,intransitive verb,"to engage in calculating, to settle accounts",memang kita barekeng itu rugi,"Of course, we calculate that as a financial loss.",,,,,,,,,,,,,,,,,rekengang,
3845,rekeng,noun,"the count, the total",,,,,,,,,,,,,,,,,,,,
3846,rem,noun,brake (of a vehicle),,,,,,,,,,,,,,,,,,,,
3847,rembat,noun,oar,,,,,,,,,,,,,,,archaic,,,bose rembat,rembat akang,
3848,rembat,verb,to move s.t. by rowing,,,,,,,,,,,,,,,,,,,barembat,
3849,rembat,intransitive verb,to be engaged in rowing,,,,,,,,,,,,,,,,,,,,
3850,rente-rente,,,,,,,,,,,,,,,,,,,,ujang,,
3851,rentes,,,,,,,,,,,,,,,,,,,,marentes,,
3852,renggang,transitive verb,"to take apart s.t. (e.g. sago meal container), to disassemble s.t. (e.g. a wall of sago",,,,,,,,,,,,,,,,,,,renggangi,
3853,renggang,transitive verb,to take s.t. apart <take apart>,,,,,,,,,,,,,,,,,,,renggang akang,
3854,renggang,transitive verb,to take s.t. apart for someone <take apart>,,,,,,,,,,,,,,,,,,,barenggang,
3855,renggang,intransitive verb,to be engaged in disassembling <disassemble>,,,,,,,,,,,,,,,,,,,narenggang-renggang,
3856,renggang,intransitive verb,"to have come apart, to be disassembled",,,,,,,,,,,,,,,,,,,,
3857,rengit,noun,mosquito,,,,,,,,,,,,,Culicidae,,,insect,,,,
3858,renycana,noun,plan,,,,,,,,,,,,,,,,,Indonesian,,,
3859,renyjes,verb,"to scavenge for s.t., esp. durian",,,,,,,,,,,,,,,slang,,,,,
3860,rep,noun,coral reef,,,,,,,,,,,,,,,colloquial,,,karang,,
3861,repa,noun,fathom,,,,,,,,,,,,,,,,,,,,
3862,repat,verb,"to throw s.t. at someone, to stone someone",Ia murepat anasene yang baingar itu nang batu.,He tossed stones at those noisy kids.,,,,,,,,,,,,,,,,,repat akang,
3863,repat,verb,to throw things at someone at another's request,,,,,,,,,,,,,,,,,,,,
3864,rerék,noun,kind of bird,,,,,,,,,,,,,,,,bird,,,,
3865,resép,noun,recipe,,,,,,,,,,,,,,,,culinary,,,,
3866,retis,transitive verb,"to rip, to tear, esp. paper",,,,,,,,,,,,,,,,,,,naretis,
3867,retis,intransitive verb,torn,,,,,,,,,,,,,,,,,,,maretis,
3868,retis,intransitive verb,to be engaged in tearing and shredding,,,,,,,,,,,,,,,,,,,,
3869,rewit,verb,to drag s.t.,tarewit ramba-ramba tu ka da:,Let's drag those fallen branches over there,,,,,,,,,,,,,,,,,rewit-rewit,
3870,rewit,verb,to drag s.t. repeatedly,,,,,,,,,,,,,,,,,,,rewiti,
3871,rewit,verb,to drag s.t. for someone,,,,,,,,,,,,,,,,,,,rewit akang,
3872,rewit,verb,to drag s.t. at someone's request,,,,,,,,,,,,,,,,,,,barewit,
3873,rewit,intransitive verb,to engage in dragging objects (furniture or branches),,,,,,,,,,,,,,,,,,,bare-barewitang,
3874,rewit,intransitive verb,to drag e.o. repeatedly,,,,,,,,,,,,,,,,,,,,
3875,ribu,numeral,thousand,saribu,one thousand,,,,,,,,,,,,marker of thousands,,,,,,
3876,ribut,noun,"strong wind, gale, typhoon",,,,,,,,,,,,,,,,natural phenomenon,,anging,,
3877,rica,noun,"chile pepper,",,,,,,,,,,,,,Capsicum,,,plant,,,,"rica basar-basar \df kind of chile, maybe \sn Capsicum annuum var longum \sf  plant, rica jawa \df black pepper, \sn Piper nigrum \sf  plant, rica lalat \df kind of chile, maybe \sn Capsicum frutescens \sf  plant"
3878,ridis,verb,"to score s.t. slightly, i.e. to make a long shallow cut on the surface of s.t.",,,,,,,,,,,,,,,,,,,,
3879,rigap,intransitive verb,"to be out of sight, to have vanished",,,,,,,,,,,,,,,,,,,,
3880,rijikí,noun,"providential bounty, esp. food (perceived as a gift of providence), sustenance",jadi taumang rijikíta bo: puasa ni,So we seek our food for this fasting month,,,,,,,,,,,,,,,,,,
3881,riki,transitive verb,to know s.t. from experience,kamí riki ka mo barikang pake alolang,Have you ever experienced fishing with,,,,,,,,,,,,,,,,,,
3882,riri,,,,,,,,,,,,,,,,,,,,,riri akang,
3883,riri,verb,"to burn s.t. at another's request (a heap of leaves, etc.)",,,,,,,,,,,,,,,,,,,nariri,
3884,riri,intransitive verb,to flame up excessively,,,,,,,,,,,,,,,,,,,,
3885,risi,,,,,,,,,,,,,,,,,,,,barisi,,
3886,ro:,,,,,,,,,,,,,,,,,,,,,naro:,
3887,ro:,intransitive verb,to unintentionally cave in,,,,,,,,,,,,,,,,,,,,
3888,robut,intransitive verb,"to attack (of disease and illness), to be virulent",Malaria murobut .,There was an attack of malaria.,,,,,,,,,,,,,,,,,,
3889,robó,noun,Wednesday,,,,,,,,,,,,,,,,,,,,
3890,roci,intransitive verb,"curly, kinky (of hair)",,,,,,,,,,,,,,,,,,,,
3891,rodak,intransitive verb,"to fall, to suffer a serious decline (e.g. in purchasing power, in strength)",a itu paling tinggi sapatang rodak barang lima anang biji,"Well, as for that, at the most",badangmu tala rodak,Your bodyweight has declined,tukaya rodak ini ke bahaláng tabatak barisi,The price will go down even if we bring in,,,,,,,,,,,Malay,,narodak,
3892,rodak,intransitive verb,to have fallen,,,,,,,,,,,,,,,,,,anaka rodak,,
3893,rofofel,noun,"revolver, handgun",,,,,,,,,,,,,,,,,,,,
3894,roka,verb,to pass by someone,,,,,,,,,,,,,,,casual,,,,,
3895,roka,intransitive verb,to go by in a certain direction,aku roka bausi gareja alengo,I passed through via the church earlier,,,,,,,,,,,,,,,,,,
3896,roka,exclamation,"Excuse me, a polite utterance as one passes in front of someone (while bowing slightly)",roka hadiki,Please excuse me (as I pass before you),,,,,,,,,,,,,,,,,rokai,
3897,roka,verb,to pass by someone or s.t.,alengo ku ka ba: itu ku rokai si Sapino to rumana,Just now I went over there to the,,,,,,,,,,,,,,,,,roka akang,
3898,roka,verb,to pass by s.t. at someone's request,,,,,,,,,,,,,,,,,,,rokai akang,
3899,roka,verb,to go a certain route at someone's request,,,,,,,,,,,,,,,,,,,baroka:ng,
3900,roka,intransitive verb,to pass by e.o.,kita tala baroka:ng ke halit mukilala mo aku,We passed by each other but Chalid did,,,,,,,,,,,,,,,,,parokai,
3901,roka,verb,to assist someone in passing by s.t. (e.g. to help an old person cross a busy street),,,,,,,,,,,,,,,,,,,,
3902,roket,,,,,,,,,,,,,,,,,,,,duriang roket,,
3903,roko-roko,noun,kind of cylindrical cake of cassava and palm sugar wrapped in banana  leaf,,,,,,,,,,,,,,,,food,,,,
3904,romo,noun,"remnants, left-over food scraps (e.g., a few rice grains adhering to a plate or sago granules in the bottom of o.'s glass), the last fruits of a season",,,,,,,,,,,,,,,,,,,,
3905,romok,verb,"to cause to fall apart, to cause to flake or to granulate  <crumble>, to pulverize scraped sago pith with the hands before processing it in the filter basin",,,,,,,,,,,,,,,,,,"podas, tatas",romoki,
3906,romok,verb,to pulverize s.t. for someone,,,,,,,,,,,,,,,,,,,romok akang,
3907,romok,verb,to pulverize at someone's request,,,,,,,,,,,,,,,,,,,baromok,
3908,romok,intransitive verb,to be engaged in pulverizing,,,,,,,,,,,,,,,,,,,paromoki,
3909,romok,verb,to refine pulverized material so it is even more finely crumbled,,,,,,,,,,,,,,,,,,,romok-romok,
3910,romok,intransitive verb,"completely pulverized, smashed, or crushed",,,,,,,,,,,,,,,,,,,,
3911,romuk,noun,kind of disease causing sores on the elbows,,,,,,,,,,,,,,,,,,,,
3912,rondas,verb,"to rub s.t., esp. with some tool, to scrape away s.t. (body grime) with a stone",rondas meja,to scrape a table top with sand,,,,,,,,,,,,,,,,,rondasi,
3913,rondas,verb,to rub s.t. smooth for someone,,,,,,,,,,,,,,,,,,,barondas,
3914,rondas,intransitive verb,to engage in grinding or rubbing,,,,,,,,,,,,,,,,,,,,
3915,rondis,noun,"kind of skin disease, kind of scabies",,,,,,,,,,,,,,,,health,,,,
3916,rong,noun,"stagnant water, swamp, puddle, mud",,,,,,,,,,,,,,,,,,,baróng,
3917,rong,intransitive verb,"to stagnate, to form puddles, to have many puddles, swampy",,,,,,,,,,,,,,,,,,,,
3918,rongat,,,,,,,,,,,,,,,,,,,,rarongat,,
3919,ropat,verb,to twist or braid s.t. (lengths of rope) into a larger rope,,,,,,,,,,,,,,,,,,,ropat akang,
3920,ropat,verb,to twist s.t. for someone else,,,,,,,,,,,,,,,,,,,maropat,
3921,ropat,intransitive verb,to be twisted together (of ropes),,,,,,,,,,,,,,,,,,,,
3922,rorasa,,,,,,,,,,,,,,,,,,,,,barorasa,
3923,rorasa,intransitive verb,"to consolidate the spiritual force of a place (a village, a  neighborhood, etc.) in order to expel or withstand disease or evil spirits by moving en  masse from corner to corner of the place and reciting prayers",,,,,,,,,,,,,,,,spiritual,,,,
3924,rore,noun,"pebble, gravel",,,,,,,,,,,,,,,,,,,,
3925,roti,noun,"baked goods made of wheat, incl. bread, crackers",,,,,,,,,,,,,,,,food,,,,roti coe \df kind of steamed bun \sf  food
3926,roto,noun,"kind of very large fish, apparently a kind of cod 2-3 m. in length",,,,,,,,,,,,,Gadidae,,,fish,,,,
3927,rox,noun,soul,,,,,,,,,,,,,,,,spiritual,,,,
3928,r:u,ideophone,sound of heavy rain on the roof,,,,,,,,,,,,,,,,,,,,
3929,ruas,noun,"joint, knuckle",,,,,,,,,,,,,,,,body,,onda-onda,ruas-ruas,
3930,ruas,noun,wrist,,,,,,,,,,,,,,,,body,,,,
3931,ruci,intransitive verb,to cheat in a game,,,,,,,,,,,,,,,,,,,,
3932,rugi,intransitive verb,"to suffer a financial loss <lose money>, to suffer a set-back",,,,,,,,,,,,,,,,,,,,
3933,rugi,noun,financial loss,kita barekeng itu rugi,We consider that a net loss.,,,,,,,,,,,,,,,,,barugi,
3934,rugi,intransitive verb,to experience significant or repeated financial losses,kau kawing aku yang barugi,You got married but it was me who bore the financial,,,,,,,,,,,,,,,,,parugi,
3935,rugi,verb,to cause someone to suffer financial loss,,,,,,,,,,,,,,,,,,,karugiang,
3936,rugi,noun,a source or cause of financial or temporal loss,,,,,,,,,,,,,,,,,,,,
3937,rujak,noun,"kind of vegetable dish, a salad",,,,,,,,,,,,,,,,food,,,,rujak pusu \df a sour salad made of sliced male banana flower \sf  food
3938,ruju,transitive verb,"to poke at someone or s.t. with a long instrument (e.g., pole)",,,,,,,,,,,,,,,,,,,rujui,
3939,ruju,verb,to poke at s.t. for s.o,murujui aku kayu tu itu,Poke at that piece of wood for me (and pull it towards me),,,,,,,,,,,,,,,,,ruju akang,
3940,ruju,verb,to poke at s.t. at someone's request,,,,,,,,,,,,,,,,,,,,
3941,rukí,noun,"a posture in the Islamic prayer ritual, a profound bow",,,,,,,,,,,,,,,,,,,baruku/,
3942,rukí,intransitive verb,to perform such a ritual,,,,,,,,,,,,,,,,,,,,
3943,ruma,noun,house,,,,,,,,,,,,,,,,,,,,"ruma balak \df a wooden house, ruma batu \df a brick, cement or stone house \sf  house, ruma kanycing \df a house built with prefit timber partially assembled before erecting \sf  house, ruma reana \df the public space of a house, parlor, ruma tinggi \df a house built on posts high above the ground \sf  house \df public building, ruma agama \df shrine, place of worship, ruma batutuk \df smithy, forge \af  parumai \ps  v \df to cover s.t. with a roof or temporary shelter \af  paruma:ng \ps  n \df site of a former house, a place where there was formerly a house \af  ruma-ruma \ps  n \df s.t. similar to a house, a building or roofed structure \il  ruma-ruma agama house of worship \crm  ba:ruma \crm  mata parumangina"
3944,ruma-ruma,noun,"kind of fish, perhaps the Australian bonito,",,,,,,,,,,,,,"Sarda chiliensis australis, or the, Cybiosarda elegans",,,fish,,,,
3945,rumbe,noun,kind of round earthenware water vessel,,,,,,,,,,,,,,,,utensil,,,,
3946,runding,,,,,,,,,,,,,,,,,,,,,barunding,
3947,runding,intransitive verb,"to hold deliberations, to engage in negotiations <deliberate> <negotiate>",musi barunding puang nang inaku,It will be necessary to hold discussions with my,,,,,,,,,,,,,,,,,,
3948,ruo,verb,"to spread out with the hand to dry, e.g., sago meal, cloves or chile peppers",,,,,,,,,,,,,,,,,,baku ruo,,
3949,rupa,noun,face,,,,,,,,,,,,,,,,body,,muka,,
3950,rupa,noun,"variety, kind, species",,,,,,,,,,,,,,,,,,,,"rupa deminya/ \df in what way, how \af  rupa-rupa \ps  n \df various kinds \il  rupa-rupa ituka  She bought all kinds of things \af  barupa \ps  vi \df to be in a certain shape or form \df to take a certain form, to transform o.s."
3951,rupia,noun,"rupiah, the national currency of Indonesia",,,,,,,,,,,,,,,,,,doit,,
3952,rurak,verb,to jab s.t. with a pole,,,,,,,,,,,,,,,,,,,,
3953,rurak,intransitive verb,to be rotten or infected from some external point far into the interior (of an infected,,,,,,,,,,,,,,,,,,porut marurak,,
3954,rurus,intransitive verb,straight,,,,,,,,,,,,,,,,,,,parurusi,
3955,rurus,verb,to straighten s.t.,,,,,,,,,,,,,,,,,,,,
3956,rurut,verb,to strip the leaves from a palm midrib or bamboo stem by ripping with the hand,,,,,,,,,,,,,,,,,,rari,ruruti,
3957,rurut,verb,to strip leaves from s.t. for someone,ruruti kami kumbar habua,Strip a sago midrib for us,,,,,,,,,,,,,,,,,rurut akang,
3958,rurut,verb,to strip leaves from s.t. at someone's request,,,,,,,,,,,,,,,,,,,barurut,
3959,rurut,intransitive verb,to perform this ripping activity,,,,,,,,,,,,,,,,,,,paruruti,
3960,rurut,verb,to strip leaves thoroughly from a stem,adaing kuparuruti kamu: iba tu,In a while I'll strip the leaves from that bamboo for you,,,,,,,,,,,,,,,,,,
3961,rusak,intransitive verb,"spoiled, ruined",,,,,,,,,,,,,,,,,,,,
3962,rusik,,,,,,,,,,,,,,,,,,,,,barusik,
3963,rusik,intransitive verb,"to twitch, to move erratically or swiftly, to dart around",puasa dalama ia musi barusik ga maumang ongkosa ia puasa,During Ramadan o. must,,,,,,,,,,,,,,,,,barusik-rusik,
3964,rusik,intransitive verb,"to twitch repeatedly (e.g., a dying fish)",,,,,,,,,,,,,,,,,,,parusik akang,
3965,rusik,verb,"to cause s.t. to twitch or move slightly (without visible cause, e.g., by pulling a",,,,,,,,,,,,,,,,,,,,
3966,rusu-rusu,noun,rib,,,,,,,,,,,,,,,,body,,parusuk,,
3967,rutak,intransitive verb,"to be crushed, to be rotten (falling to pieces)",kofo ilau tu balama:ng rutak,A net at sea will eventually fall apart,,,,,,,,,,,,,,,,,baru-barutakang,
3968,rutak,intransitive verb,"to be in a crushed and damaged state (of many things, e.g. dozens of fallen mangos",,,,,,,,,,,,,,,,,,,parutaki,
3969,rutak,verb,to crush s.t.,,,,,,,,,,,,,,,,,,,,
3970,sa,,,,,,,,,,,,,,,,,,,,sia/,,
3971,sa-,numeral,one,saudang,a month,sajuta mitu,one million or so,,,,,,,,,,,,,,"ha-, sabua",,
3972,sabageang,pronoun,"some, a part",,,,,,,,,,,,,,,,,,bage,,
3973,sabal,intransitive verb,"to have no appetite for food, to have no desire for s.t., to reject in a listless way suggesting ennui",nyawaku sabal bausi rapat nang kamí,I feel disinterested in attending the meeting,kudapa lia laulak habua nyawaku sabal,When I saw the game I had no inclination to,,,,,,,,,,,,,,,,
3974,sabala nyawa,noun,three-fourths of a fathom,,,,,,,,,,,,,,,archaic,,,,,
3975,sabalumnya,conjunction,before,,,,,,,,,,,,,,,,,Indonesian,,,
3976,sabalé,verb,"to ritually slaughter s.t., to cut the throat of someone or s.t.",,,,,,,,,,,,,,,,,,,sabalé akang,
3977,sabalé,verb,to slaughter s.t. at someone's request,,,,,,,,,,,,,,,,,,,basabalé,
3978,sabalé,intransitive verb,to engage in slaughtering,nampisiang ari raya po si umar basabalé sapi,Tomorrow's the sawál holiday so,,,,,,,,,,,,,,,,,,
3979,sabang,pronoun,"every, each",,,,,,,,,,,,,,,,,,,,
3980,sabapnya,noun,reason,,,,,,,,,,,,,,,,,Indonesian,,,
3981,sabar,intransitive verb,to be patient,,,,,,,,,,,,,,,,,,,basabar-sabar,
3982,sabar,intransitive verb,to maintain o.'s patience,,,,,,,,,,,,,,,,,,,,
3983,sabarang,pronoun,"any kind, whatever",,,,,,,,,,,,,,,,,,,,
3984,sabarang,noun,s.t. inferior or impossible,,,,,,,,,,,,,,,,,,,,
3985,sabayá,pronoun,"how many, how much",jam sabayá,What time?,kawila nomor sabayá,A hook of what number (size)?,sakayu itu hasila sabayá,How much is the yield from one of those trees?,,,,,,,,,,,,sapa,,
3986,sabeba,noun,"loincloth, any cloth used temporarily to cover o.'s private parts",,,,,,,,,,,,,,,,clothing,,malo,sabebai,
3987,sabeba,verb,"to clothe someone in a loincloth, to adjust someone's loincloth (e.g. for a traditional dance)",,,,,,,,,,,,,,,,,,,sabebai akang,
3988,sabeba,verb,to clothe someone in a loincloth at someone's request,,,,,,,,,,,,,,,,,,,sabeba akang,
3989,sabeba,verb,to clothe someone in a loincloth at someone's request,,,,,,,,,,,,,,,,,,,basabeba,
3990,sabeba,intransitive verb,to wear a loincloth,,,,,,,,,,,,,,,,,,,pasabebai,
3991,sabeba,verb,"to arrange clothing esp. a sarong, as if it were a loincloth, for someone (e.g. bringing the",ia tala mupasabebai adina yogo batiang buang,He has adjusted his brother's sarong,,,,,,,,,,,,,,,,,pasabebai akang,
3992,sabeba,verb,to arrange clothing into a loincloth for someone at someone's request,pasabebai akang adimu,Adjust your brother's sarong into a loincloth for him.,,,,,,,,,,,,,,,,,,
3993,sabele,verb,to slaughter an animal according to the Muslim ritual by slitting the throat while,sabele sapi sapulu iku,slaughter ten head of cattle,,,,,,,,,,,,,,,,,,
3994,sabe-sabel,noun,shin,,,,,,,,,,,,,,,,body,,,,
3995,sabi,,,,,,,,,,,,,,,,,,,,,sabi-sabi akang,
3996,sabi,verb,to ignite s.t. (firewood),,,,,,,,,,,,,,,,,,,pasabi akang,
3997,sabi,verb,to organize s.t. (firewood) so that the dead wood ignites first then fresh wood can be,,,,,,,,,,,,,,,,,,,,
3998,sabil,noun,"kind of long sword, scythe",,,,,,,,,,,,,,,,tool,,udang sabil,,
3999,sabua,numeral,one,,,,,,,,,,,,,,,,,,habua,basabua,
4000,sabua,intransitive verb,"to become one, to unite",,,,,,,,,,,,,,,,,,,basabua akang,
4001,sabua,intransitive verb,"to bring things together, to unite",,,,,,,,,,,,,,,,,,,,
4002,sabung,noun,soap,,,,,,,,,,,,,,,,,,,,
4003,sabán,noun,the eighth month of the Islamic calendar,,,,,,,,,,,,,,,,,,,,
4004,sabán,,,,,,,,,,,,,,,,,,,,saba/ng,,
4005,sabáng,,,,,,,,,,,,,,,,,,,,saba/n,,
4006,sabáp,noun,"cause, reason",aku ni ada sabapina ni,"As for me, I have the reason for this",,,,,,,,,,,,,,,,,,
4007,sabáp,conjunction,because,itu tala memang banar sabáp tala mujadi galip inycana,It's certainly true because it has,,,,,,,,,,,,,,,,,,
4008,sadaká,noun,alms,,,,,,,,,,,,,,,,,,,basadaká,
4009,sadaká,intransitive verb,to give alms,,,,,,,,,,,,,,,,,,,,
4010,sadangkang,conjunction,"while, whereas",,,,,,,,,,,,,,,,,,sedangkang ... ke,,
4011,sadia,,,,,,,,,,,,,,,,,,,,,sadiai,
4012,sadia,transitive verb,to prepare s.t. for someone,Sadiai aku lapát hadiki,Why don't you fix me some rice cakes?,,,,,,,,,,,,,,,,,sadia akang,
4013,sadia,transitive verb,to prepare s.t. at another's request,Sadia akang pakakasiku barikang aku yogo ka lau.,"Get my fishing gear ready, I'm",,,,,,,,,,,,,,,,,,
4014,sadiki,pronoun,"a little, a few",,,,,,,,,,,,,,,,,,hadiki,,
4015,sadáng,intransitive verb,moderate (in behavior or wealth),,,,,,,,,,,,,,,,,,,,
4016,sadáng,conjunction,"whereas, however",,,,,,,,,,,,,,,,,,seda/ng,,
4017,saku,noun,"kind of pouch worn in a sash around o.'s waist, an article of female clothing",,,,,,,,,,,,,,,,clothing,,,,
4018,sakul,verb,"to stab s.t. with a spear, esp. with a downward jab, to hurl a spear at someone or s.t.",,,,,,,,,,,,,,,,,,,sakuli,
4019,sakul,verb,to cast s.t. downward (to a specific place),,,,,,,,,,,,,,,,,,,sakul akang,
4020,sakul,verb,to cast s.t. at someone's request,,,,,,,,,,,,,,,,,,,basakul,
4021,sakul,intransitive verb,to work at extracting sago in such a manner,ari bai kami tolu urang basakul ambulung hakayu sigodo dumik,Yesterday the three of,,,,,,,,,,,,,,,,,sasakul,
4022,sakul,noun,"prising bar, mattock for scraping sago pith ..panyakulang",,,,,,,,,,,,,,,,,,,,
4023,sakul,noun,"the site or place where the sago is scraped, workplace",,,,,,,,,,,,,,,,tool,,panyakulang,,
4024,sakulát,noun,"kind of tree, cacao,, kind of beverage, cocoa",,,,,,,,,,,,,Theobroma cacao,,,plant,,,,
4025,sakupa,noun,tackle box,,,,,,,,,,,,,,,,fishing,,,,
4026,sakurang-kurangnya,conjunction,at least,,,,,,,,,,,,,,,,,,,,
4027,sala,intransitive verb,incorrect,,,,,,,,,,,,,,,,,,,salai,
4028,sala,verb,"to miss, to be off target",,,,,,,,,,,,,,,,,,,sala-sala,
4029,sala,intransitive verb,"mixed up, somewhat wrong",,,,,,,,,,,,,,,,,,,,
4030,salagáng,noun,"a half coconut, the flesh of which has been partially scraped",,,,,,,,,,,,,,,,,,,,
4031,salahát,noun,"kind of trap in which a large piece of timber falls on and crushes the prey, kind of booby-trap using such a mechanism to protect a house or village from intruders",,,,,,,,,,,,,,,,,,"sungga, lika-lika, tamboang",,
4032,salak,noun,"kind of palm, the Salacca palm,",,,,,,,,,,,,,Zalacca edulis,,,plant,,,,
4033,salamanetu,noun,kind of fish,,,,,,,,,,,,,,,,fish,,,,
4034,salamat,noun,"safety, peace, salvation",doa salamat,a propitiatory meal (preceded by ritual prayer),,,,,,,,,,,,,,,,,,
4035,salapa,noun,"kind of round scoop net, used for small fish",,,,,,,,,,,,,,,,fishing,,,,
4036,salapang,numeral,nine,,,,,,,,,,,,,,,,,,,,
4037,salasa,noun,Tuesday,,,,,,,,,,,,,,,,,,,,
4038,salatang,noun,"a point of the compass, south",,,,,,,,,,,,,,,,,,,,"salatang manunggara \df a point of the compass, south-southeast \df a rainy season characterized by high seas and wind storms"
4039,salawa,verb,to sharpen s.t. (a blade) (without water),,,,,,,,,,,,,,,,,,,salawai,
4040,salawa,verb,to sharpen s.t. for someone,,,,,,,,,,,,,,,,,,,salawa akang,
4041,salawa,verb,to sharpen s.t. at someone's request,,,,,,,,,,,,,,,,,,,basalawa,
4042,salawa,intransitive verb,to be engaged in sharpening a blade,,,,,,,,,,,,,,,,,,asa,,
4043,salawat,noun,"a laudation of the prophet Muhammad recited by the congregation repeatedly, usually",,,,,,,,,,,,,,,,,,,basalawat,
4044,salawat,intransitive verb,to engage in reciting this laudation,,,,,,,,,,,,,,,,,,doit salawat,,
4045,sale,verb,"to smoke s.t. (fruit or fish), to preserve or cure s.t. by exposure to smoke",lao sale,smoked fish,,,,,,,,,,,,,,culinary,,,salei,
4046,sale,verb,to smoke s.t. for someone,salei aku lao hadiki,"Smoke some fish for me, please",,,,,,,,,,,,,,,,,sale akang,
4047,sale,verb,to smoke s.t. at someone's request,,,,,,,,,,,,,,,,,,,basale,
4048,sale,intransitive verb,to engage in smoking fish,,,,,,,,,,,,,,,,,,,panyaleang,
4049,sale,noun,a rack or place to smoke fish,,,,,,,,,,,,,,,,,,,,
4050,salendang,noun,kind of sash or shawl,,,,,,,,,,,,,,,,clothing,,kudung,,
4051,salia,noun,sarong,,,,,,,,,,,,,,,,clothing,,,,"salia sambeang \df sarong worn during prayer \df cloth, salia paokop \df blanket, salia pasaoang \df cloth for carrying infants <sling>, salia puti \df burial shroud \af  saliai \ps  v \df to clothe someone or s.t. with a sarong \af  salia akang \ps  v \df to clothe someone or s.t. at someone's request \af  basalia \ps  vi \df to wear a sarong \af  pasaliai \ps  v \df to wrap someone with cloth (e.g. a towel, a blanket) as if it were a sarong \il  pasaliai adimu nang handuk  Wrap a towel around your little sister (and fasten it like a sarong) \df to clothe someone very carefully in a sarong (e.g. when assisting a bride dressing for her wedding) \af  pasaliai akang \ps  v \df to clothe someone in a sarong or sarong-like article of clothing at someone's request"
4052,salobar,noun,brackish (of water),,,,,,,,,,,,,,,,,,togor-togor,,
4053,saloi,noun,"kind of basket, carried on the back",,,,,,,,,,,,,,,,utensil,,,,
4054,salong,noun,"damar resin, damar torch",,,,,,,,,,,,,,,,,,,salongi,
4055,salong,verb,"to shine a light on s.t., esp. with a damar torch or taper",,,,,,,,,,,,,,,,,,,basalongi,
4056,salong,intransitive verb,"to look for things with a light, esp. a torch",,,,,,,,,,,,,,,,,,,panyalongi,
4057,salong,verb,to illumine s.t. by focusing a light on it,si halima panyalongi anuna ia yang rodak de pake-pakerapuna,Halimah was using a,,,,,,,,,,,,,,,,,manyalong,
4058,salong,intransitive verb,"to search for seafood in tidal pools, esp. by torchlight <illumine>",,,,,,,,,,,,,,,,,,,manyalongi,
4059,salong,intransitive verb,to look for things with a torch or other light,,,,,,,,,,,,,,,,,,,,
4060,salu,verb,to pick up and to shape sago meal into containers,,,,,,,,,,,,,,,,sago,,,basalu,
4061,salu,intransitive verb,to be engaged in shaping sago meal,,,,,,,,,,,,,,,,sago,,,,
4062,salu-salu,noun,"kind of disease, similar to measles",,,,,,,,,,,,,,,,health,,,,
4063,saláng,,,,,,,,,,,,,,,,,,,,basala/ng,,
4064,sama skali,adverb,"completely, in toto",manusia sama skali luang,Everyone (people in toto) fled,,,,,,,,,,,,,,,,,,
4065,samangka,noun,"kind of vine bearing edible fruit, watermelon",,,,,,,,,,,,,Citrullus lanatus,,,plant,,,,
4066,sama,intransitive verb,"same, equivalent",tala sama ga sarupa ga,"It was the same, exactly the same",,,,,,,,,,,,,,,,,,sama nang \df the same as \il  harga sama nang ruma itu a price the same as that house
4067,sama,preposition,with,,,,,,,,,,,,,,,,,Indonesian,nang,,
4068,samaput,intransitive verb,"to lose consciousness, to faint",,,,,,,,,,,,,,,,,,,,
4069,samat,verb,"to fix together two pieces by skewering or pinning them togther, e.g. to make a",,,,,,,,,,,,,,,,,,,samati,
4070,samat,verb,to  pin s.t. to s.t.,,,,,,,,,,,,,,,,,,,samat akang,
4071,samat,verb,to affix s.t. (by pinning) for someone else,,,,,,,,,,,,,,,,,,,basamat,
4072,samat,intransitive verb,to be engaged in pinning or fixing things together,,,,,,,,,,,,,,,,,,,,
4073,sambal,,,,,,,,,,,,,,,,,,,,dabu-dabu sambal,,
4074,sambar,verb,"to lunge and attack, to dive and swipe at (of predatory birds or fish)",,,,,,,,,,,,,,,,,,,,
4075,sambeang,intransitive verb,to perform the Muslim prayer ritual,,,,,,,,,,,,,,,,spiritual,,,basambeang,
4076,sambeang,intransitive verb,to engage in performing the Muslim prayer ritual,,,,,,,,,,,,,,,,spiritual,,,,
4077,sambei,verb,to exchange s.t. (for s.t. else),,,,,,,,,,,,,,,,,,,sambei akang,
4078,sambei,verb,to exchange s.t. (for s.t. else) at someone's request,,,,,,,,,,,,,,,,,,,basambei,
4079,sambei,verb,to engage in bartering or exchanging o. thing for another,,,,,,,,,,,,,,,,,,,,
4080,sambilu,noun,the outer bark of certain kind of bamboo; this serves as a sharp blade,,,,,,,,,,,,,,,,,,sasambiluna bawi,,
4081,sambut,verb,"to reply to s.t., to respond to s.t., to greet someone's arrival",sambut carita,to respond to a conversation (by contributing to it),,,,,,,,,,,,,,,,,basambut,
4082,sambut,intransitive verb,to engage in greeting an arrival,,,,,,,,,,,,,,,,,,,,
4083,sampat,verb,"to elevate s.t., to put s.t. in a high place, to carry s.t. on the head",Si sapi musampat tiola de bangkurunga ia.,Sapi put his feet on his (friend's) back,alengo pasi basasa mena pasi muli musampat pasasa:ng de kapala buluta,Just now they,,,,,,,,,,,,,,,sampat akang,
4084,sampat,verb,"to put in a high place at another's request, to elevate for someone",,,,,,,,,,,,,,,,,,,basampat,
4085,sampat,intransitive verb,"to be seated (on an elevated place, e.g. a chair not the floor)",,,,,,,,,,,,,,,,,,,panyampatang,
4086,sampat,noun,the coil of cloth placed on the head to support burdens carried there,,,,,,,,,,,,,,,,,,panyjampatang,,
4087,sampe,intransitive verb,to arrive,,,,,,,,,,,,,,,,,Indonesian,,,
4088,sana,locative,there,,,,,,,,,,,,,,,,,,inycana,,
4089,sanak,noun,sibling or first cousin,ampat sanak,four brothers and sisters (in the family),,,,,,,,,,,,,,kinship,,,pasanakang,
4090,sanak,noun,"a familial unit, the relationship that pertains among siblings and first cousins",,,,,,,,,,,,,,,,,,,pasa-pasanakang,
4091,sanak,noun,the relationship that pertains among siblings with the same father but different,,,,,,,,,,,,,,,,,,,sapasanakang,
4092,sanak,noun,o. in the same extended family and at the same generational level,,,,,,,,,,,,,,,,,,,,
4093,sandal,noun,sandals,,,,,,,,,,,,,,,,,,,,
4094,sandar,transitive verb,"to bring a vehicle close to its resting place, e.g., to bring a boat next to a pier or to",,,,,,,,,,,,,,,,,,,sandar akang,
4095,sandar,verb,"to bring s.t. (a bicycle, a boat) into close contact at someone's request",,,,,,,,,,,,,,,,,,,basandar,
4096,sandar,intransitive verb,"to be in a close, esp. leaning, position",,,,,,,,,,,,,,,,,,,,
4097,sander,,,,,,,,,,,,,,,,,,,,,sanderi,
4098,sander,verb,to lean s.t. in some place,,,,,,,,,,,,,,,,,,,sander akang,
4099,sander,verb,to cause to lean against,Musander akang kumbar de itu.,Lean the sago midribs over there.,,,,,,,,,,,,,,,,,basander,
4100,sander,intransitive verb,"to lean, to lean back, to prop oneself",,,,,,,,,,,,,,,,,,,nasander,
4101,sander,intransitive verb,"to be unintentionally leaned or propped against, huddled against",ia salalu nasandar imbawa,It (a fish) always is forced to be huddled close to the bottom,,,,,,,,,,,,,,,,,,
4102,sandiri,noun,self,itu aku sandiri kueti akang moyo keadaanya,As for that I myself do not understand the,,,,,,,,,,,,,,,,sasaraurang,,
4103,sang,,,,,,,,,,,,,,,,,,,,basala/ng,,
4104,sangaji,noun,"a title of hereditary nobility, a title given by the sultan to the village head of (Christian) Labuha",,,,,,,,,,,,,,,,society,,,,
4105,sangal,verb,to grab someone by the neck with one hand,,,,,,,,,,,,,,,,,,kurup,sangal akang,
4106,sangal,verb,"to pin someone's neck down with one hand, to push someone into water by grabbing the neck",,,,,,,,,,,,,,,,,,,basangalang,
4107,sangal,intransitive verb,to grab at e.o.'s neck,,,,,,,,,,,,,,,,,,,,
4108,sanggalotang api,noun,kind of plant with toxic leaves,,,,,,,,,,,,,,,,plant,,,,
4109,sanggera,,,,,,,,,,,,,,,,,,,,ndango sanggera,,
4110,sanggul,noun,hair-bun,,,,,,,,,,,,,,,,,,,basanggul,
4111,sanggul,intransitive verb,to fasten a hair-bun,,,,,,,,,,,,,,,,,,,,
4112,sanggup,intransitive verb,to be capable or sufficient,ma sanggup ka mo itu papang ilau itu,"Well, is it good enough or not, I mean the board",,,,,,,,,,,,,,,,,,
4113,sangka,transitive verb,"to assume, to reckon, to presume",Dang kusangka lao batu ga.,"Furthermore, I even thought it was a reef fish.",,,,,,,,,,,,,,,,,basasangka:ng,
4114,sangka,intransitive verb,to make mutual accusations <accuse>,,,,,,,,,,,,,,,,,,,,
4115,sao,verb,to carry on the side with one arm supporting from below,,,,,,,,,,,,,,,,,,,pasao akang,
4116,sao,verb,"to carry s.t. and place it next to s.t. of the same kind in order to make sure they are of, to make s.t. the same size or shape, e.g. by trimming it if it is too long, to even up, to unite diverse elements",,,,,,,,,,,,,,,,,,"sikut sao, salia pasaoang",,
4117,sao,noun,"kind of tree bearing edible fruit, the sapodilla",,,,,,,,,,,,,Manilkara zapota,,,plant,,,,
4118,saot,noun,the pegging or straps used to sew (thatch),,,,,,,,,,,,,,,,,,,saoti,
4119,saot,verb,to strap s.t. with bamboo lashing,,,,,,,,,,,,,,,,,,,basaoti,
4120,saot,intransitive verb,to engage in strapping thatch,,,,,,,,,,,,,,,,,,,,
4121,sa:p,,,,,,,,,,,,,,,,,,,,saba/p,,
4122,sapa,pronoun,how many,sapa meter,How many meters?,,,,,,,,,,,,,,,,,sapa-sapa,
4123,sapa,pronoun,about how many,sapa-sapa taong,approximately how many years,,,,,,,,,,,,,,,,"sabaya/, sapat-",,
4124,sapa-,numeral,a fractional part,,,,,,,,,,,,,,a numeral marker indicating fractional divisions,,,,sapadua,,
4125,sapabiniang,,,,,,,,,,,,,,,,,,,,bini,,
4126,sapacucuang,,,,,,,,,,,,,,,,,,,,cucu,,
4127,sapadua,pronoun,"some, roughly half",,,,,,,,,,,,,,,,,,"dua, istenga, hatanga",,
4128,sapar,noun,the second month of the Islamic calendar,,,,,,,,,,,,,,,,,,balumbar,,
4129,saparnakang,,,,,,,,,,,,,,,,,,,,paranakang,,
4130,sapasanakang,,,,,,,,,,,,,,,,,,,,sanak,,
4131,sapat-,pronoun,"how many, in certain collocations",sapatari,how many days,sapatudang,how many months,sapaturang,how many persons,,,,,,,,,,,,"sabaya/, sapa",,
4132,sapatang,noun,one night,,,,,,,,,,,,,,,,,,,,"sapatang ini \df tonight, sapatang itu \df that night \crm  patang"
4133,sapela,noun,"crotch, genitalia",,,,,,,,,,,,,,,,body,,,sapelai,
4134,sapela,verb,"to step over s.t., to straddle s.t.",,,,,,,,,,,,,,,,,,,,
4135,sapi,noun,"cow, cattle,",,,,,,,,,,,,,Bos,,,animal,,,,
4136,sapiak,,,,,,,,,,,,,,,,,,,,,piak,
4137,saptí,noun,Saturday,,,,,,,,,,,,,,,,,,,,
4138,sapulu,numeral,"ten, marker of teens",,,,,,,,,,,,,,,,,,,,sapulu sabua \df eleven \il   sapulu dua  twelve \crm  pulu
4139,sapupu,noun,"cousin, first cousin",,,,,,,,,,,,,,,,kinship,,,,"sapupu hakali \df first cousin, sapupu duakali \df second cousin \crm  sanak"
4140,saput,verb,"to wipe s.t., to snatch s.t. away (of small thefts), to completely remove s.t. in o. sweep",alu-alungang tala musaput nyjong de sawang,The waves have washed away the,,,,,,,,,,,,,,,,,saputi,
4141,saput,verb,to wipe or rub s.t. for someone,,,,,,,,,,,,,,,,,,,saput akang,
4142,saput,verb,to wipe s.t. or to rub s.t. with cloth at someone's request,,,,,,,,,,,,,,,,,,,basaput,
4143,saput,intransitive verb,"to wipe o.'s body, to engage in wiping",,,,,,,,,,,,,,,,,,,basaput akang,
4144,saput,intransitive verb,to engage in wiping with s.t.,,,,,,,,,,,,,,,,,,,basa-basaputang,
4145,saput,intransitive verb,to wipe e.o.,,,,,,,,,,,,,,,,,,,sasaput,sasaputa ndango \ps  n \df a long utensil with a cloth or paper tip used to wipe the sago mold <wiper> \af panyaputang \ps  n \df wiping cloth or tool for leveling sago flour in molds \sf  sago \crm  manyaput
4146,sapíl,numeral,marker of teens,sapíl tolu,thirteen,,,,,,,,,,,,,casual,,,,,
4147,saradina,noun,"kind of fish, the bony bream or hair-back herring,",,,,,,,,,,,,,Nematolosa come,,,fish,,,,
4148,sarampa,noun,measles,,,,,,,,,,,,,,,,health,,salu-salu,,
4149,sarampang,noun,trident,,,,,,,,,,,,,,,,tool,,,,
4150,sarani,noun,the Christian religion,manusia sarani,a Christian,,,,,,,,,,,,,,,,,,
4151,sara,,,,,,,,,,,,,,,,,,,,,sara akang,
4152,sara,verb,"to hand over s.t., to present s.t.",,,,,,,,,,,,,,,,,,,nasara,
4153,sara,intransitive verb,to have spread (of disease),panomu itu tala nasara de aku itu,That skin fungus has spread to me,,,,,,,,,,,,,,,,,,
4154,sara,,,,,,,,,,,,,,,,,,,,hakim sara,,
4155,sararó,intransitive verb,to squat on o.'s haunches,,,,,,,,,,,,,,,,,,,basararó,
4156,sararó,intransitive verb,to squat for some time,,,,,,,,,,,,,,,,,,,,
4157,sarawaki,noun,"kind of short-spined sea urchin, perhaps",,,,,,,,,,,,,Asthenosoma varium,,,sea creature,,,,
4158,sari,noun,one day,,,,,,,,,,,,,,,,,,ari,,sari ini \df today
4159,sarini,,,,,,,,,,,,,,,,,,,,sari,,
4160,saritu,particle,"then, at that time",,,,,,,,,,,,,,,,,,,,
4161,saroa,noun,"kind of edible sea urchin, class Echinoidea",,,,,,,,,,,,,,,,sea creature,,,,
4162,sarok,transitive verb,"to scatter s.t. by tossing upward, esp. in a crowd (i.e., rice at a wedding, coins in a crowd)",,,,,,,,,,,,,,,,,,,saroki,
4163,sarok,verb,to bombard with s.t.,saroki doit,to scatter money,,,,,,,,,,,,,,,,,sarok akang,
4164,sarok,verb,to toss and scatter s.t. at someone's request,,,,,,,,,,,,,,,,,,,basarok,
4165,sarok,intransitive verb,to throw colored rice at a wedding,,,,,,,,,,,,,,,,,,,,
4166,sarosap,,,,,,,,,,,,,,,,,,,,,nasarosap,
4167,sarosap,intransitive verb,to feel a twinge of pain because s.t. has gotten into or pressed  against a wound,,,,,,,,,,,,,,,,,,,,
4168,sartu,,,,,,,,,,,,,,,,,,,,,sartui,
4169,sartu,verb,to cleanse ritually defiled objects with clay,,,,,,,,,,,,,,,,spiritual,,,basartu,
4170,sartu,intransitive verb,to cleanse o.s. of serious ritual impurity by rubbing with  clay,,,,,,,,,,,,,,,,spiritual,,,,
4171,saruma,noun,"friend, co-worker, colleague",basaláng nang saruma batikang kami dangang mpu,"If you are with friends, say ""We",,,,,,,,,,,,,,,,ruma,basaruma,
4172,saruma,intransitive verb,"to have a friend, to be friends",,,,,,,,,,,,,,,,,,,basaruma akang,
4173,saruma,intransitive verb,to introduce someone to someone else,,,,,,,,,,,,,,,,,,,basarumang,
4174,saruma,intransitive verb,"to be friends, to have a friendship",,,,,,,,,,,,,,,,,,,pasarumai,
4175,saruma,verb,"to befriend, to take someone as a friend",,,,,,,,,,,,,,,,,,,pasaruma akang,
4176,saruma,verb,to compare two objects of the same kind (to see how they may differ in detail),,,,,,,,,,,,,,,,,,,pasaruma:ng,
4177,saruma,noun,"a collection of friends, a clique, an association, friend",aku pasaruma:ng nang si musa,I am a friend of Musa,,,,,,,,,,,,,casual,,,,bapasaruma:ng,
4178,saruma,intransitive verb,to be in the state of making friends with each other,kau mutarima dangang untuk bapasaruma:ng,Do you accept me as someone with whom to,,,,,,,,,,,,,,,,ba: ruma,,
4179,sarung,noun,"sheath, covering ( e.g. of a pillow)",bayaka sarunga,machete sheath,kalanggurung sarunga,pillowcase,,,,,,,,,,,,,,,sarungi,
4180,sarung,transitive verb,"to encase s.t., to put s.t. into its sheath or cover",Capát sarungi gogololo itu.,Hurry up and put the pillowcase on the bolster.,,,,,,,,,,,,,,,,,basarung,
4181,sarung,intransitive verb,"to engage in sheathing or covering, to be encased",,,,,,,,,,,,,,,,,,,,
4182,sarupa,intransitive verb,"same, similar",,,,,,,,,,,,,,,,,,rupa,,
4183,saru-sarung,noun,flank (of o.'s body),,,,,,,,,,,,,,,,body,,sarung,,
4184,sasa,transitive verb,to wash s.t. (clothes),,,,,,,,,,,,,,,,,,,,"sasa guer \df to have only the clothes one wears (i.e., to take off and wash the same set of clothes) <clothes on one's back> \af  sasai \ps  v \df to wash s.t. for someone \af  sasa:kang \ps  v \df to wash (clothes) at someone's request \af  basasa \ps  vi \df to be doing the wash \af  pasasa:ng \ps  n \df the wash (i.e. dirty clothes to be washed or clothes just recently washed) <laundry>"
4185,sasaja,,,,,,,,,,,,,,,,,,,,saja,,
4186,sasakul,,,,,,,,,,,,,,,,,,,,sakul,,
4187,sasambiluna bawi,noun,"kind of plant, kind of spiked grass-like herbaceous plant,",,,,,,,,,,,,,Cyperus,,,plant,,sambilu,,
4188,sasanggai,noun,various kind of branching plants,,,,,,,,,,,,,,,,,,,,"sasanggai tanggalaot \df the sea nettle or stinging hydroid, \sn Aglaophenia  , the tube worm or sabellid fan worm, perhaps \sn Sabellastarte indica \sf  plant, sasanggai kayuang \df kind of herbaceous plant, club moss, \sn Lycopodium \sf  plant"
4189,sasangkím,noun,kind of small black ant,,,,,,,,,,,,,Formicidae,,,insect,,somut,,
4190,sasaraurang,pronoun,by oneself,,,,,,,,,,,,,,,,,,urang,,
4191,sasat,intransitive verb,to be lost,,,,,,,,,,,,,,,,,,,sasat akang,
4192,sasat,verb,"to make someone lose his or her way, to ditch someone",,,,,,,,,,,,,,,,,,,,
4193,sasati,intransitive verb,to have an urgent need to defecate,si udin sasati po malumpat de da: de sawang,Udin needed to use the toilet so he ran to,,,,,,,,,,,,,,,,,,
4194,sasi,verb,to curse someone,Inana ia musasi anaka.,His mother cursed her child.,,,,,,,,,,,,,,,,,basasi,
4195,sasi,intransitive verb,"to take an oath, to bear witness with an oath",,,,,,,,,,,,,,,,,,,basasi-sasiang,
4196,sasi,intransitive verb,to curse e.o.,,,,,,,,,,,,,,,,,,doa/,,
4197,sasiang,noun,"kind of rock oyster, probably",,,,,,,,,,,,,Saxostrea commercialis,,,,,,,
4198,sasokat,intransitive verb,"narrow, cramped",,,,,,,,,,,,,,,,,,,sasokati,
4199,sasokat,verb,to fill s.t. up so it is cramped,,,,,,,,,,,,,,,,,,,,
4200,sasona,noun,"kind of crustacean, shrimp, suborder Natantia",,,,,,,,,,,,,,,,sea creature,,,,"sasona batu \df kind of shrimp \sf  sea creature, sasona tanggalaut \df kind of shrimp \sf  sea creature, sasona katang \df kind of freshwater crab, tribe Brachyura \sf  sea creature"
4201,sasu:,noun,"kind of cephalopod, squid, class Cephalopoda",,,,,,,,,,,,,,,,sea creature,,,,
4202,sat,noun,"vitamin, nutrient",,,,,,,,,,,,,,,,,,,,
4203,sate,noun,"satay, brochettes of roasted meat, fish or sago grubs",,,,,,,,,,,,,,,,,,,,
4204,satenga,pronoun,half,,,,,,,,,,,,,,,,,,istenga,,
4205,satiap,pronoun,every,,,,,,,,,,,,,,,,,,tiap,,
4206,satinggi-tingginya,conjunction,at most,,,,,,,,,,,,,,,,,,,,
4207,satu,numeral,"one, postposed in certain phrases",jam satu,one o'clock,nomor satu,first of all,,,,,,,,,,,,,Indonesian,,,
4208,satuju,intransitive verb,to concur or agree,,,,,,,,,,,,,,,,,Indonesian,,,
4209,saturu:,verb,to hate someone,,,,,,,,,,,,,,,,,,,,
4210,saturu:,intransitive verb,to feel hateful,,,,,,,,,,,,,,,,,,,saturu:i,
4211,saturu:,verb,"to hate someone, to resent someone",,,,,,,,,,,,,,,,,,jaga saturui,basa-basaturu:ang,
4212,saturu:,intransitive verb,"to be in mutual enmity, to hate e.o.",,,,,,,,,,,,,,,,,,,,
4213,sau,verb,"to persuade, to coax",,,,,,,,,,,,,,,,,,,,
4214,sauk,verb,"to draw water from a well, to scoop up, e.g., small fish from an enclosing net",basaláng lao tama itu pasi musauk cara deminyá,"If fish go in, how do they scoop",,,,,,,,,,,,,,,,,sauki,
4215,sauk,verb,to draw water for someone,Aku kusauki kau paisu.,I'll draw some water for you.,,,,,,,,,,,,,,,,,sauk akang,
4216,sauk,verb,to draw water at someone's request,,,,,,,,,,,,,,,,,,,basauk,
4217,sauk,intransitive verb,to be engaged in drawing water <draw water>,yo itu kita alengo balampo basauk paisu tu,"Yes, about that, well a while ago we walked",,,,,,,,,,,,,,,,,basa-basaukang,
4218,sauk,intransitive verb,to draw water for e.o.,,,,,,,,,,,,,,,,,,,sau-sauk,
4219,sauk,noun,dipper,,,,,,,,,,,,,,,,utensil,,,,
4220,saulapa,noun,dining room,,,,,,,,,,,,,,,,house,,,,
4221,saut,,,,,,,,,,,,,,,,,,,,,sauti,
4222,saut,verb,to answer someone,,,,,,,,,,,,,,,,,,,saut akang,
4223,saut,verb,to answer for someone else,,,,,,,,,,,,,,,,,,,sauti akang,
4224,saut,verb,to answer someone for someone else,,,,,,,,,,,,,,,,,,,basasautang,
4225,saut,intransitive verb,"to argue with each other, to answer each other's accusations",,,,,,,,,,,,,,,,,,,manyaut,
4226,saut,intransitive verb,"to reply to a call, to shout back a greeting",,,,,,,,,,,,,,,,,,,,
4227,saya,noun,flower,,,,,,,,,,,,,,,,,,,,saya gambir \df kind of white flower
4228,semang-semang,noun,kind of outrigger boat,,,,,,,,,,,,,,,,boat,Malay,nyjong mananderu,,
4229,sempe,noun,kind of large earthenware bowl,,,,,,,,,,,,,,,archaic,,,,,
4230,sempe,intransitive verb,bald (of heads),,,,,,,,,,,,,,,,,,,,
4231,semén,noun,cement,,,,,,,,,,,,,,,,,,,,
4232,sen,noun,cent,,,,,,,,,,,,,,,,,,,,
4233,sendelét,noun,rope sandals worn by women,,,,,,,,,,,,,,,archaic,,,,,
4234,sender  bonycis,noun,"kind of legume, the French bean or string bean,",,,,,,,,,,,,,Phaseolus vulgaris,,,plant,,,,
4235,senderé,noun,"kind of herb, celery,",,,,,,,,,,,,,Apium graveolens  var. dulce,,,plant,,,,
4236,seni,,,,,,,,,,,,,,,,,,,,ana seni,,
4237,senso,noun,chain saw,,,,,,,,,,,,,,,,tool,,,,
4238,senti,noun,centimeter,,,,,,,,,,,,,,,,,,,,
4239,senén,noun,Monday,,,,,,,,,,,,,,,,,,,,
4240,seng,noun,zinc or tin sheets for roofing,,,,,,,,,,,,,,,,house,,,,
4241,sengga,noun,boundary (of land),,,,,,,,,,,,,,,archaic,,,,,
4242,sengsara,noun,"mistreatment, great suffering",,,,,,,,,,,,,,,,,,,,
4243,sengsara,intransitive verb,"painful, difficult",,,,,,,,,,,,,,,,,Indonesian,singsara,,
4244,sepi,,,,,,,,,,,,,,,,,,,,,nasepi,
4245,sepi,intransitive verb,"to have snapped off, to have broken off (of a branch torn off  because of bearing a large quantity of fruit)",,,,,,,,,,,,,,,,,,,,
4246,sepit,verb,"to grasp with tongs, pincers, etc.",,,,,,,,,,,,,,,,,,,sepiti,
4247,sepit,verb,to grasp s.t. with tongs for someone,pesa sepiti lao di tajela tu ka mai,Please take (with tongs) that fish in the wok for me,,,,,,,,,,,,,,,,,sepiti akang,
4248,sepit,verb,to grasp s.t. with tongs at someone's request,,,,,,,,,,,,,,,,,,,sepit akang,
4249,sepit,verb,to grasp s.t. with tongs at someone's request,,,,,,,,,,,,,,,,,,,basepitang,
4250,sepit,intransitive verb,"to pinch e.o. with tongs, pliers or pincers",,,,,,,,,,,,,,,,,,,sasepit,
4251,sepit,noun,tongs (for sago bread),,,,,,,,,,,,,,,,utensil,,,,sasepit api \df fire tongs \sf  utensil
4251,sepit,noun,tongs (for sago bread),,,,,,,,,,,,,,,,sago,,,,sasepit api \df fire tongs \sf  utensil
4252,serang,verb,to attack,,,,,,,,,,,,,,,,,,,,
4253,sere,noun,"kind of grass used in cooking, lemon grass,",,,,,,,,,,,,,Cymbopogon citratus],,,plant,,,,
4254,seri,noun,coconut cream,,,,,,,,,,,,,,,,food,,,,"seri kantalina \df first straining of coconut cream \sf  culinary, seri pukat \df first straining of coconut cream \sf  culinary \sc  TM, term used by younger speakers"
4255,sero,noun,kind of stationary fish trap,,,,,,,,,,,,,,,,,,,,"sero talaga \df kind of fish trap with one enclosure, used in shallow waters, sero tangga laot \df kind of fish trap with multiple enclosed sections, used in deep waters \sf  fishing"
4256,seseng,verb,to remove thorns from some plant,,,,,,,,,,,,,,,,,,,sesengi,
4257,seseng,verb,to dethorn s.t. for someone,sesengi aku kuriwang hadiki,Please clean the thorns from the sago bark for me,,,,,,,,,,,,,,,,,seseng akang,
4258,seseng,verb,to dethorn s.t. at someone's request,,,,,,,,,,,,,,,,,,,baseseng,
4259,seseng,intransitive verb,to engage in the removal of thorns,,,,,,,,,,,,,,,,,,,,
4260,seserit,noun,the spout which leads from the filtering basin to the main trough of the sago,,,,,,,,,,,,,,,,,,,,
4261,sesuda,conjunction,after,,,,,,,,,,,,,,,,,Indonesian,,,
4262,setang,noun,"evil spirit, ghost",,,,,,,,,,,,,,,,spiritual,,,basetang,
4263,setang,intransitive verb,angry,,,,,,,,,,,,,,,,,,,basetangang,
4264,setang,intransitive verb,to be angry with e.o.,,,,,,,,,,,,,,,,,,,,
4265,setela,conjunction,after,,,,,,,,,,,,,,,,,Indonesian,sesuda,,
4266,si,article,"the, a certain (name)",si abu bakar ni kapo mubapanggil aku torus ka sana,This Abu Bakar here arrived to call,pesa muculiki aku si umar,Please point out (that) Umar to me,,,,,,,,,,"a marker of personal names, esp. on their initial appearance in  discourse",,,,,,
4267,siang,,,,,,,,,,,,,,,,,,,,labu siang,,
4268,siat,verb,to knot s.t (string) into a net,,,,,,,,,,,,,,,,,,,siati,
4269,siat,verb,to knot s.t. into a net for someone,siati aku op,Make me a casting net,,,,,,,,,,,,,,,,,siat akang,
4270,siat,verb,to knot s.t. into a net at someone's request,,,,,,,,,,,,,,,,,,,basiat,
4271,siat,intransitive verb,to engage in net-making,,,,,,,,,,,,,,,,,,,manyiat,
4272,siat,intransitive verb,to make nets,,,,,,,,,,,,,,,,,,,,
4273,sibuk,,,,,,,,,,,,,,,,,,,,porut nasibuk,,
4274,sibur,verb,to draw water (from a well),,,,,,,,,,,,,,,,,,,siburi,
4275,sibur,verb,to draw water for someone,,,,,,,,,,,,,,,,,,,siburi akang,
4276,sibur,verb,to draw water at someone's request,,,,,,,,,,,,,,,,,,,sasibur,
4277,sibur,noun,"pail, bucket",,,,,,,,,,,,,,,,utensil,,,,
4278,sidar,noun,various kind of large fish characterized by an elongated upper jaw forming a sword,,,,,,,,,,,,,"Istiophorus  , or the marlin,, Istiompax  ,, Makaira   and, Tetrapturus",,,fish,,,,
4279,sido,,,,,,,,,,,,,,,,,,,,sigodo,,
4280,sigaro,verb,to order someone to work,,,,,,,,,,,,,,,,,,,sigaro akang,
4281,sigaro,verb,to order someone to work at another's request,,,,,,,,,,,,,,,,,,,basigaro,
4282,sigaro,intransitive verb,"to engage in ordering, to summon each other",,,,,,,,,,,,,,,,,,,,
4283,sigi,noun,a boar's tusk or teeth,,,,,,,,,,,,,,,,,,,basigi,
4284,sigi,intransitive verb,to have grown tusks (of pigs),,,,,,,,,,,,,,,,,,,,
4285,sigi,,,,,,,,,,,,,,,,,,,,cigi,,
4286,sigodo,conjunction,"to the point of, until",sigodo bajam-jam,to the point of hour after hour,kulia sigodo kamí botangi silóng ka ba:,I see that it's reached the point where you,,,,,,,,,,,,,,,,
4287,sigodo,adverb,"excessively, to an extreme extent",Ia tala muala barisi sigodo.,He took an awful lot.,,,,,,,,,,,,,,,,sodo/,,
4288,sikat,noun,comb,,,,,,,,,,,,,,,,,,,,
4289,sikat,transitive verb,to comb s.t.,,,,,,,,,,,,,,,,,,,,sika tuma \df lice comb \af  sikati \ps  v \df to comb s.t. for someone \af  sikat akang \ps  vt \df to comb s.t. at someone's request \af  sika-sikat \ps  n \df kind of utensil to brush off the sago mold \sf  utensil \sf  sago
4290,sikekal,noun,"kind of bird, a large gull",,,,,,,,,,,,,Laridae,,,bird,,,,
4291,siku,noun,elbow,,,,,,,,,,,,,,,,body,,,,
4292,siku,verb,to elbow someone,,,,,,,,,,,,,,,,,,,basiku,
4293,siku,intransitive verb,to engage in elbowing,,,,,,,,,,,,,,,,,,,basiku-sikuang,
4294,siku,intransitive verb,to elbow e.o.,,,,,,,,,,,,,,,,,,,,
4295,sikuda,noun,"kind of fish, the long-nosed emperor,",,,,,,,,,,,,,Lethrinella miniata,,,fish,,,,
4296,sikut,verb,to carry someone or s.t. on the back by providing support from below with o.'s bent arms,,,,,,,,,,,,,,,,,,,,sikut sao \df to carry in the arms \af  sikuti \ps  v \df to carry someone in such a manner \af  sikut akang \ps  v \df to carry someone in such a manner at someone's request \af  basikut \ps  vi \df to travel or move by being carried on the back \il  aku basikut de kani  I got there on Kani's back \af  basi-basikutang \ps  vi \df to carry e.o. in turns
4297,siké,,,,,,,,,,,,,,,,,,,,ambulung sike,,
4298,sila,,,,,,,,,,,,,,,,,,,,,basila,
4299,sila,intransitive verb,to sit with the legs folded under each other,,,,,,,,,,,,,,,,,,,,
4300,silaguri,noun,"kind of tufted grass, wiregrass,",,,,,,,,,,,,,"Eleusine indica, used in some rituals",,,plant,,,,
4301,silang,noun,a river mouth <estuary> or river confluence perceived as a passageway or riverine,,,,,,,,,,,,,,,,,,,,
4302,silap,noun,martial arts,,,,,,,,,,,,,,,,,,,silapi,
4303,silap,verb,to use martial arts tactics on someone,,,,,,,,,,,,,,,,,,,silapi akang,
4304,silap,verb,to use martial arts moves on someone at someone's request,,,,,,,,,,,,,,,,,,,basilap,
4305,silap,intransitive verb,to train in the martial arts,,,,,,,,,,,,,,,,,,,basi-basilapang,
4306,silap,intransitive verb,to fight e.o. with martial arts techniques,,,,,,,,,,,,,,,,,,,,
4307,sili,,,,,,,,,,,,,,,,,,,,,sili:,
4308,sili,verb,"to change, to exchange",,,,,,,,,,,,,,,,,,,sili akang,
4309,sili,verb,"to replace s.t., to leave s.t. in exchange for s.t. else",iala doitku po isili akang nang gunting,She took my money then replaced it with a pair,,,,,,,,,,,,,,,,,basili:,
4310,sili,verb,to change o.'s clothes,pondomu malaing. basili:,Your shirt is different. I've changed.,,,,,,,,,,,,,,,,,,"basili: kulit \df to moult skin (of snakes) \af  basili akang \ps  v \df to exchange one thing for another \il  Handuk moyo dadi kubasili akang nang pondo fur basaput akang. I \didn't have a towel so I used a shirt in its place to wipe myself dry. \df to engage in changing (clothes) at someone's request or for someone \il  ia mubasili akang panganteng bini-bini  She assisted the bride in grooming and changing her clothes \crm  hunya \af  basili-sili:ang \ps  vi \df to take turns at s.t. \af  basi-basiliang \ps  vi \df to spell e.o., to alternate with e.o."
4311,siloang,noun,"kind of fish, a garfish, perhaps the stout long-tom,",,,,,,,,,,,,,Tylosurus macleayanus,,,fish,,,,
4312,siloloa,verb,"to take o.'s leave of someone, to say good-bye to someone",kau siloloa ia,You say good-bye to her,,,,,,,,,,,,,,,,,basiloloa,
4313,siloloa,intransitive verb,to take o.'s farewell,,,,,,,,,,,,,,,,,,,,basiloloa de nabi heder \df to perform a ritual to cleanse the village of disease by releasing a miniature boat with offerings to appease the spirits
4314,silóng,noun,a temporary shelter to protect projects or goods which cannot be brought indoors,,,,,,,,,,,,,,,,,,,,
4315,sinole,noun,"kind of food, i.e.sago flour tossed and stirred with grated coconut in a heated pan",,,,,,,,,,,,,,,,sago,,,,
4315,sinole,noun,"kind of food, i.e.sago flour tossed and stirred with grated coconut in a heated pan",,,,,,,,,,,,,,,,food,,,,
4316,sintak,verb,to jerk upward,basáng pasi musintak naik itu ada nang nalapas ka moyo itu,If they jerk it up to the,,,,,,,,,,,,,,,,,sintaki,
4317,sintak,verb,to pull s.t. upward for someone,,,,,,,,,,,,,,,,,,,sintak akang,
4318,sintak,verb,to pull s.t. at someone's request,sintak akang nyjong,to haul in a dug-out (for someone),,,,,,,,,,,,,,,,,basintak,
4319,sintak,intransitive verb,"to be engaged in yanking upward, to fish (with a jerking motion of the line)",,,,,,,,,,,,,,,,fishing,,,,"basintak nyjong \df to haul a boat ashore, to beach a boat \af  basasintak \ps  vi \df to pull and hug at others in erratic movements because of great emotion (e.g. at the death of a loved one) \il  ia ka mai po manyák de aku sigodo basasintak  He came here and wept in front of me to the point of hugging and grabbing at me"
4320,sintu,noun,belt,,,,,,,,,,,,,,,,clothing,,,,
4321,singarok,noun,"kind of fish, a sea chub, perhaps the low-finned drummer,",,,,,,,,,,,,,Kyphosus vaigiensis,,,fish,,,,
4322,singga,intransitive verb,to stop a moment,apé ka kau pauli singga di kampung mitu mujual atau ka kau muli langsung di ruma,,,,,,,,,,,,,,,,,,singgai,
4323,singga,verb,to stop briefly for someone,"Kani, kau basaláng yogo kata hadiki dang kau musinggai aku mena kita dua kata",,,,,,,,,,,,,,,,,,singga akang,
4324,singga,verb,to stop by at someone's request,,,,,,,,,,,,,,,,,,,basingga,
4325,singga,intransitive verb,to be engaged in stopping by briefly,,,,,,,,,,,,,,,,,,,basi-basingga:ng,
4326,singga,verb,"to stop by at e.o.'s houses, esp. if incremental, i.e. o. stops at a friend's house, then",,,,,,,,,,,,,,,,,,,pasingga:ng,
4327,singga,noun,"the usual place to stop briefly, resting place",,,,,,,,,,,,,,,,,,,,
4328,singgalong,noun,"kind of forest feline <cat> with short forelegs, possibly the Malay civet,",,,,,,,,,,,,,Viverra tangalunga,,,animal,,,,
4329,singgit,intransitive verb,"slanted, on an angle",,,,,,,,,,,,,,,,,,linggang,singgit akang,
4330,singgit,verb,"to tilt s.t., to cause s.t. to slant",,,,,,,,,,,,,,,,,,,pasinggit akang,
4331,singgit,verb,to tilt s.t. intentionally and carefully,,,,,,,,,,,,,,,,,,,nasinggit,
4332,singgit,intransitive verb,to be tilting (accidentally),,,,,,,,,,,,,,,,,,,singgit-singgit,
4333,singgit,intransitive verb,to be on o.'s side,,,,,,,,,,,,,,,,,,,,
4334,singi,verb,to collect s.t. (a debt) by visiting the debtor,,,,,,,,,,,,,,,,,,,singi:,
4335,singi,verb,to collect from someone,,,,,,,,,,,,,,,,,,,singi akang,
4336,singi,verb,to collect a debt on someone's behalf,,,,,,,,,,,,,,,,,,,singi: akang,
4337,singi,verb,to collect a debt from someone for someone else,,,,,,,,,,,,,,,,,,,basingi,
4338,singi,intransitive verb,to collect debts,,,,,,,,,,,,,,,,,,,basingi:-singi:,
4339,singi,intransitive verb,to collect from someone by repeatedly visiting,Kau kapo basingi:-singi: kita torus,You have gotten to the point where you are having to come to us repeatedly to collect the debt,,,,,,,,,,,,,,,,,basingi-singiang,
4340,singi,intransitive verb,to collect debts from e.o.,,,,,,,,,,,,,,,,,,,basi-basingiang,
4341,singi,intransitive verb,to collect debts from e.o. (of large numbers),,,,,,,,,,,,,,,,,,,,
4342,singit,,,,,,,,,,,,,,,,,,,,singgit,,
4343,singofu,particle,"should, ought to",singofu ia ka sana,She ought to go there.,ke aku pesa saíng makang bakar rica singofu kulonggar ibi gula,"But, as for me, if for",,,,,,,,,,a presentential or preclausal marker to indicate a desiderative event,,,,,,
4344,singsara,noun,"problem, difficulty",tapi semén mahal ini ni mahal nang ma ba: singsara hadiki,But cement is expensive,,,,,,,,,,,,,,,,,,
4345,singsara,intransitive verb,"torturous, difficult, unpleasant",,,,,,,,,,,,,,,,,,,pasingsara,
4346,singsara,verb,"to make things difficult for someone, to hamper, disempower or obstruct someone",,,,,,,,,,,,,,,,,,sengsara,,
4347,sipa,intransitive verb,"to surface in large numbers, esp. regarding schools of fish",lao tu sipa bausi in de dodoku,Those fish surface along Dodoku,,,,,,,,,,,,,,,,,,
4348,sipal,,,,,,,,,,,,,,,,,,,,,sipal akang,
4349,sipal,verb,to shove s.t. (a surfboard) so it will ride on the crest of a wave,,,,,,,,,,,,,,,,,,,basipal,
4350,sipal,intransitive verb,"to ride on the crest of a wave (of a boat), to bodysurf, to surf",,,,,,,,,,,,,,,,,,,,
4351,sipat,noun,"boundary, property line, limit, time limit, maximum allotment, distinction, delineation, differentiation",papai cece kanai sipata urang,"As far as that goes, don't go over another person's",pitu taung anuna sipata,"Seven years is its watchamacallit, its time limit",sapadua bapaguna:ng sapadua musi garu itu musi kita tapake itu sipat itu tu,Half will be,,,,,,,,,,,,,,
4352,siri pinang,noun,the sum of money given to o.'s fiancée's parents <bride price>,,,,,,,,,,,,,,,,,,balanyja,,
4353,sirikaya,noun,"kind of colored frosting or sweet sauce made with coconut cream, kind of sweetmeat of steamed rice with such a frosting",,,,,,,,,,,,,,,,food,,,,
4354,siring-siring,adverb,"frequently, quite often",,,,,,,,,,,,,,,,,,,,
4355,sisa,noun,"remnant, extra",,,,,,,,,,,,,,,,,,"foloi, lebi sisa",basisa,
4356,sisa,intransitive verb,"to have more, to be over and above some limit",cece dua pulu belék basisa ke ada,Never mind twenty containers! There are times,,,,,,,,,,,,,,,,,,
4357,sisik,noun,fish scale,,,,,,,,,,,,,,,,,,,,
4358,sisip,,,,,,,,,,,,,,,,,,,,,sisipi,
4359,sisip,verb,"to wedge in s.t. (e.g. caulking of a boat, etc.), to  slip between",ari malang jani musisipi domplet de kasur imbawana,Last night  Mujani slipped his wallet below the mattress.,,,,,,,,,,,,,,,,,sisip akang,
4360,sisip,verb,to wedge s.t. in at someone's request,,,,,,,,,,,,,,,,,,,basisip,
4361,sisip,intransitive verb,"to insert o.s., to insinuate o.s., to hide (from view), to slip into a hiding place",balangma:ng ompu ruma basisip imba:,Eventually the rats will slip in below,,,,,,,,,,,,,,,,,basisipi,
4362,sisip,intransitive verb,"to be in the process of inserting or wedging s.t. to hide it or to arrange it properly,",,,,,,,,,,,,,,,,,,,nasisip,
4363,sisip,intransitive verb,to be hidden from view,,,,,,,,,,,,,,,,,,,,
4364,sisir,,,,,,,,,,,,,,,,,,,,,sisiri,
4365,sisir,verb,"to knock against s.t., to brush against s.t. (esp. of someone drunk)",,,,,,,,,,,,,,,,,,,sisir akang,
4366,sisir,verb,to knock against s.t.,,,,,,,,,,,,,,,,,,,nasisir,
4367,sisir,intransitive verb,"to have stumbled, esp. due to drunkenness",,,,,,,,,,,,,,,,,,,,
4368,siwi,noun,"kind of fish, the sweetlip emperor,",,,,,,,,,,,,,Lethrinus chrysostomus,,,fish,,,,"siwi karang \df kind of fish, the red-finned emperor, \sn Lethrinus flettus \sf  fish"
4369,siá,pronoun,who,kamí bakaya de siá ambulunga,At whose sago trees are you processing sago?,,,,,,,,,,,,,,,,,siá-siá,
4370,siá,pronoun,"just who, whoever, who all",inycana de masigit siá-siá ga,Who all is there at the mosque then?,,,,,,,,,,,,,,,,,,
4371,skaf,noun,a carpenter's plane,,,,,,,,,,,,,,,,,,,,
4372,skaf,verb,to smooth s.t. (wood) with a plane,,,,,,,,,,,,,,,,,,,,
4373,skeleng,,,,,,,,,,,,,,,,,,,,,,mata skeleng \df to be cross-eyed \crm  juling
4374,skola,noun,school,,,,,,,,,,,,,,,,,,,,
4375,skola,intransitive verb,to attend school,,,,,,,,,,,,,,,,,,,skola akang,
4376,skola,verb,"to educate someone, to arrange for someone's schooling",,,,,,,,,,,,,,,,,,,,
4377,skop,,,,,,,,,,,,,,,,,,,,iskop,,
4378,skotor,noun,kind of cake similar to bread pudding,,,,,,,,,,,,,,,,food,,,,
4379,skuci,noun,"lifeboat, rowboat",,,,,,,,,,,,,,,,,,,,
4380,skuci,noun,"the shuttle-like device that carries the lower thread in a sewing machine, sewing machine",,,,,,,,,,,,,,,,,,,,
4381,slot,noun,padlock,,,,,,,,,,,,,,,,utensil,,,slot akang,
4382,slot,verb,to put a padlock on s.t.,,,,,,,,,,,,,,,,,,,,
4383,smingkin,noun,lipstick,,,,,,,,,,,,,,,,,,,,
4384,snapang,noun,"gun, rifle",,,,,,,,,,,,,,,,,,,,
4385,so:,verb,"to pour over someone or s.t.,, to pour out s.t., to water s.t.",basetang po iso: andeket tu nang te angat-angat lapé tu,"Because she was furious, she",pesa musing padas jagai-jagai so: muti-muti nang kalamari,"If it's the hot season, tend",,,,,,,,,,,,,,,so:i,
4386,so:,verb,"to pour s.t. for someone, to pour s.t. over someone",si alkani muso:i aku nang paisu angat,Alkani poured hot water over me,,,,,,,,,,,,,,,,,so: akang,
4387,so:,verb,to pour s.t. at someone's request,,,,,,,,,,,,,,,,,,,so:i akang,
4388,so:,verb,to pour s.t. for someone at someone's request,,,,,,,,,,,,,,,,,,,baso:,
4389,so:,intransitive verb,"to be engaged in pouring, e.g. watering plants or dampening newly poured cement",,,,,,,,,,,,,,,,,,,baso:baso:iang,
4390,so:,intransitive verb,to pour liquid over e.o. on e.o.'s behalf (e.g. to splash water for e.o. while bathing,,,,,,,,,,,,,,,,,,,paso: akang,
4391,so:,verb,"to pour out large quantities of water on s.t., to inundate s.t., e.g., instead of using a",,,,,,,,,,,,,,,,,,,,
4392,soa,,,,,,,,,,,,,,,,,,,,manuk soa,,
4393,soa nyagimoi,noun,"animist peoples, pagans",,,,,,,,,,,,,,,,spiritual,,,,
4394,soal,noun,"issue, topic, question",soal lao tukayana,the issue of the price of fish,,,,,,,,,,,,,,,,,,
4395,soalnya,particle,"basically, the issue is",,,,,,,,,,,,,,,,,Indonesian,,,
4396,soanang,noun,"clump (of bamboo, sago, etc.)",aur sasoanang,one clump of bamboo,,,,,,,,,,,,,,,,bobato soanang salapang,,
4397,soang,,,,,,,,,,,,,,,,,,,,ambulung soang,,
4398,soar,,,,,,,,,,,,,,,,,,,,limo,,
4399,soat,transitive verb,"to wipe s.t. off (e.g., mud from o.'s shoe by scraping the sole on a root) <scrape>",,,,,,,,,,,,,,,,,,,soat akang,
4400,soat,verb,to rub s.t. against s.t.,si yasir musoat akang dirina de dinding,Yasir rubbed himself against the wall,,,,,,,,,,,,,,,,,baso-basobatang,
4401,soat,intransitive verb,to rub against e.o.,,,,,,,,,,,,,,,,,,,,
4402,sobut,transitive verb,to mention someone or s.t.,Alengo kusobut nyamamu.,Just now I mentioned your name.,,,,,,,,,,,,,,,,,sobuti,
4403,sobut,verb,to mention s.t. for someone,,,,,,,,,,,,,,,,,,,sobut akang,
4404,sobut,verb,to mention s.t. at someone's request,cece kamí sobut akang ka sana de pa wahit,Don't you mention it there in Mr. Wahit's,,,,,,,,,,,,,,,,,,
4405,sodut,intransitive verb,"to hiccough, to gasp involuntarily while eating because of too little water",,,,,,,,,,,,,,,,health,,bada/k,,
4406,sodó,conjunction,"until, to the point that",lau pambuluna ilau sodó natutuk,"There, the predator fish is there (pursuing) from the",sodó badibo-dibo,until (we) could peddle them,,,,,,,,,,,,,,,,
4407,sodó,adverb,"excessively, very",cece mo sodó kamí tama nang asek paguna:ng nang ...,Let it not be that you start so,,,,,,,,,,,,,,,,sigodo/,,
4408,soe,noun,"misfortune, jinx",jadi bo: soe dang pauli mo tapabuat akang bo: rumanta,"So, it would just be a jinx",we,,,,,,,,,,,,,,,,,
4409,soe,intransitive verb,"to have bad luck, to be unlucky",,,,,,,,,,,,,,,,,,,,
4410,soga,noun,"kind of coral-reef fish, the red squirrel-fish,",,,,,,,,,,,,,Adioryx ruber,,,fish,,,,
4411,sogili,noun,"kind of fish, a fresh-water pike-eel, fam. Muraenesocidae",,,,,,,,,,,,,,,,,Malay,gasili,,
4412,soi,noun,"kind of bird, a heron",,,,,,,,,,,,,Ardeidae,,,fish,,"sueko, coco/k",,
4413,sokiki,noun,kind of spear with an iron shaft,,,,,,,,,,,,,,,,,,tumbak,,
4414,soli,noun,high tide,,,,,,,,,,,,,,,,natural phenomenon,,,,
4415,solomi,verb,"to slip s.t. into a certain place, to insert s.t.",ia ma solomi tangang de popoje,He slipped his hand into the pocket.,,,,,,,,,,,,,,,,solong,,
4416,solong,,,,,,,,,,,,,,,,,,,,,solong akang,
4417,solong,verb,"to slip s.t. beneath an object, to trick or trap someone",kau musolong akang aku,You trapped me,,,,,,,,,,,,,,,,,basasolong,
4418,solong,intransitive verb,"to pass beneath an obstacle (e.g., a fallen tree)",,,,,,,,,,,,,,,,,,,nasolong,
4419,solong,intransitive verb,"tripped up, trapped",,,,,,,,,,,,,,,,,,solomi,,
4420,soltáng,noun,sultan,,,,,,,,,,,,,,,,,,,,
4421,soluk,verb,to withdraw s.t. from an interior cavity,Aku kusoluk tabako habua nakepit de nawang imbawana.,I got a  cigarette out from under the door (where it was stuck).,,,,,,,,,,,,,,,,,soluki,
4422,soluk,verb,to withdraw s.t. for someone,,,,,,,,,,,,,,,,,,,basoluk,
4423,soluk,intransitive verb,to engage in withdrawing things,,,,,,,,,,,,,,,,,,,,
4424,soma,noun,kind of fishing net,,,,,,,,,,,,,,,,fishing,,,basoma,
4425,soma,intransitive verb,to be engaged in fishing with a net,,,,,,,,,,,,,,,,fishing,,,,
4426,somang,noun,outrigger pontoon,,,,,,,,,,,,,,,,boat,,semang-semang,,
4427,somel,noun,sawmill,,,,,,,,,,,,,,,,,,,,
4428,sompo,verb,to carry someone or s.t. on o.'s shoulders such that the feet of the o. carried fall forward,,,,,,,,,,,,,,,,,,,sompo akang,
4429,sompo,verb,to carry someone on the shoulders at someone's request,,,,,,,,,,,,,,,,,,,panyompoang,
4430,sompo,noun,"the place for carrying in such a manner, shoulders intended for bearing someone",,,,,,,,,,,,,,,,,,,manyompo,
4431,sompo,intransitive verb,"to carry on the shoulders, e.g. as part of a celebration or ritual",,,,,,,,,,,,,,,,,,,,
4432,sompo,,,,,,,,,,,,,,,,,,,,,panyompoang,
4433,sompo,noun,"a plaited rack upon which spirit offerings are placed, kind of ritual platter made of sago midribs upon which certain ritual foods for the",,,,,,,,,,,,,,,,,,"galasak manyompu, anycak",manyompo,
4434,sompo,intransitive verb,to appease malevolent or powerful spirits by making offerings and reciting,,,,,,,,,,,,,,,,,,,,
4435,somut,noun,ant,,,,,,,,,,,,,Formicidae,,,insect,,,,"somut nggoa \df kind of black ant with toxic spray \sf  insect, somut sela \df kind of red ant \sf  insect \crm  sasangku/m \crm  kapila/r \crm  kararangga"
4436,somut,noun,kind of tree (favored by ants),,,,,,,,,,,,,,,,plant,,,,
4437,sondor,intransitive verb,to not exist,,,,,,,,,,,,,,,,,,,,
4438,sondor,preposition,without,sondor surat,without proper documentation,ka lau umang nyjong sondor ke dapa,I went to the seashore looking for a boat without,,,,,,,,,,,,,,,,
4439,song,pronoun,one person,Song habua.,Each person (gets) one piece.,Anasene itu song sasabua.,Each child gets one.,Orang song haiku balampo.,A certain elder walked off.,,,,,,,,,,,,,song-song,
4440,song,adverb,"one by one, individually",Kutanyai song-song.,I will interrogate (you) one by one.,,,,,,,,,,,,,,,,,,
4441,songga,verb,"to look at s.t., to gaze at s.t.",,,,,,,,,,,,,,,,,,,songgai,
4442,songga,verb,to assist someone in seeing for someone,,,,,,,,,,,,,,,,,,,songgai akang,
4443,songga,verb,to assist someone in seeing at someone's request,,,,,,,,,,,,,,,,,,,songga akang,
4444,songga,verb,to assist someone in seeing,,,,,,,,,,,,,,,,,,,baso-basongga:ng,
4445,songga,intransitive verb,to look at e.o.,,,,,,,,,,,,,,,,,,,basongga-songga:ng,
4446,songga,intransitive verb,"to stare at e.o., esp. because of mutual anger",,,,,,,,,,,,,,,,,,,,
4447,songgat,noun,an early stage in budding on a tree or plant,,,,,,,,,,,,,,,archaic,,,,,
4448,songgoyamang,,,,,,,,,,,,,,,,,,,,,basonggoyamang,
4449,songgoyamang,intransitive verb,"to intrude o.s. into others' presence by passing too closely or frequently, to cut into a conversation, to insinuate o.s. into a conversational group",,,,,,,,,,,,,,,,,,,,
4450,songo,transitive verb,to blow out s.t (nasal mucous),songo ingur,expel mucous by blowing the nose,,,,,,,,,,,,,,,,,songoi,
4451,songo,verb,to help someone (e.g. a child) blow his or her nose,,,,,,,,,,,,,,,,,,,songoi akang,
4452,songo,verb,to help someone blow the nose at someone's request,,,,,,,,,,,,,,,,,,,pasongo,
4453,songo,verb,"to force air through the nasal passage, to snort (as a nervous habit)",,,,,,,,,,,,,,,,,,,basongo,
4454,songo,intransitive verb,to be engaged in blowing o.'s nose,,,,,,,,,,,,,,,,,,,,
4455,sopa,noun,ring (of a hilt),bayaka sopana,machete ring,,,,,,,,,,,,,,,,,,
4456,sopang,intransitive verb,"to exit, to go out",tiap-tiap saptu itu musi sopang bapaguna:ng de masigit,Every Saturday (we) must go,,,,,,,,,,,,,,,,,basopang,
4457,sopang,intransitive verb,to engage in expelling or producing,ari robó kami ka sana basopang kayu puong,On Wednesday we will go there to work,,,,,,,,,,,,,,,,,basopang akang,
4458,sopang,intransitive verb,to engage in expelling s.t. or someone at someone request,Mubasopang akang nyanyá itu baingar ga.,Get that cat out of here,it's noisy.,,,,,,,,,,,,,,,,nasopang,
4459,sopang,intransitive verb,to have gotten out by accident,,,,,,,,,,,,,,,,,,,,
4460,sopu,verb,"to dip s.t. into a liquid (e.g., fish into sauce of lime, salt and  water), to spray s.t. (e.g. insect repellent), to gild s.t. (e.g., metals)",sopu lao ini hadiki,Please dip this fish.,"basaláng botang apina sigodo mati, bobuena tasopu, ia napodas jat",If we let the fire,Tukang bayaka musopu tamoang supaya matana marosong.,The  blacksmith dipped the axe (in a chemical solution) to strengthen its blade.,,,,,,,,,,,,,sopui,
4461,sopu,verb,to dip or gild s.t. for someone,,,,,,,,,,,,,,,,,,,sopui akang,
4462,sopu,verb,to dip or gild at someone's request,,,,,,,,,,,,,,,,,,,sopu akang,
4463,sopu,transitive verb,to dip s.t. at someone's request,Ndule lao itu barenti sopu akang nang limo nang gasi.,After roasting,,,,,,,,,,,,,,,,,,
4464,suang,verb,"to pry s.t. up or out with a lever, to grub (of a pig)",,,,,,,,,,,,,,,colloquial,,,,suangi,
4465,suang,verb,to pry s.t. out for someone,,,,,,,,,,,,,,,,,,,suangi akang,
4466,suang,verb,to pry s.t. out at someone's request,pasi tala musuangi akang batu ra:-ra: di lapetaku inda:,They levered out that huge rock,,,,,,,,,,,,,,,,,suang akang,
4467,suang,verb,to pry s.t. out at someone's request,,,,,,,,,,,,,,,,,,,basuang,
4468,suang,intransitive verb,to engage in prying and levering,,,,,,,,,,,,,,,,,,sumbang,,
4469,suap,noun,mouthful,,,,,,,,,,,,,,,,,,,suapi,
4470,suap,verb,to feed someone (by hand),suapi andeket itu hadiki,Please feed that child,,,,,,,,,,,,,,,,,suapi akang,
4471,suap,verb,to feed someone by hand at someone's request,,,,,,,,,,,,,,,,,,,basuapi,
4472,suap,intransitive verb,to engage in the task of feeding by hand,,,,,,,,,,,,,,,,,,,basu-basuapang,
4473,suap,intransitive verb,to feed e.o. (by putting food in e.o.'s mouths),,,,,,,,,,,,,,,,,,,,
4474,suara,noun,voice,,,,,,,,,,,,,,,,,,,basuara,
4475,suara,intransitive verb,"to voice o.'s opinions, to use o.'s vocal abilities",,,,,,,,,,,,,,,,,,,,
4476,suasa,noun,"kind of metal, an alloy of gold and copper",,,,,,,,,,,,,,,,,,,,
4477,suba,verb,"to pay o.'s respects to someone, to prostrate o.s. before someone",,,,,,,,,,,,,,,,,,,basuba,
4478,suba,intransitive verb,"to pay o.'s respects, to pay respect to and seek forgiveness of o.'s parents and relatives, a ritual task, to extend o.'s hands in a greeting of apology (e.g. on the first day of sawál)",,,,,,,,,,,,,,,,,,,,basuba jou \df to make obeisance to the sultan \sc  Arch
4479,subi,,,,,,,,,,,,,,,,,,,,kasusubiang,,
4480,subu,noun,wick,,,,,,,,,,,,,,,,,,,,
4481,subur,noun,"the time of the Islamic prayer ritual at sunrise, dawn",,,,,,,,,,,,,,,,,,,,
4482,suda,particle,already,,,,,,,,,,,,,,,,,Malay,tala,,
4483,sudu,transitive verb,"to pry up, to lift up from below with some tool",,,,,,,,,,,,,,,,,,,sasudu,
4484,sudu,noun,a tool to prise,,,,,,,,,,,,,,,,tool,,,sudu-sudu,
4485,sudu,noun,"iron spatula, flipper",,,,,,,,,,,,,,,,utensil,,,,
4486,sueko,noun,"kind of bird, egret",,,,,,,,,,,,,Ardeidae,,,bird,,"soi, coco/k",,
4487,suka,intransitive verb,"to experience pleasure, to enjoy",,,,,,,,,,,,,,,,,,,,
4488,sukat,verb,"to invite to fight, to  challenge",,,,,,,,,,,,,,,,,,,pasukat akang,
4489,sukat,verb,"to pit someone against another, to place someone in competition",Ia mupasukat akang aku nang yono,He is pitting me against Yono,,,,,,,,,,,,,,,,,,
4490,sukur,exclamation,Thanks to God!,,,,,,,,,,,,,,,,,,,,"sukur alhamdu \df Thank God!, sukur banyak \df Many thanks to God!, sukur barisi-risi \df Many thanks to God! \crm  babaca sukur"
4491,sulai,verb,"to wear s.t. (clothing), to put s.t. on <put on>",,,,,,,,,,,,,,,,,,,,
4492,sulai,intransitive verb,to be prone to wear other's clothing,,,,,,,,,,,,,,,,,,pake,sulai akang,
4493,sulai,verb,to dress someone,,,,,,,,,,,,,,,,,,,basulai,
4494,sulai,intransitive verb,to engage in dressing o.s. or someone,,,,,,,,,,,,,,,,,,,,
4495,sulang,noun,"kind of fish with long barbels, the gold-saddled goatfish,",,,,,,,,,,,,,Parupeneus cyclostomus,,,fish,,,,
4496,sulasi,noun,"kind of herb, basil, probably",,,,,,,,,,,,,Ocimum sanctum,,,plant,,,,
4497,sule,noun,post (of a house),,,,,,,,,,,,,,,,house,,,,
4498,suligi,noun,sharpened bamboo stake,,,,,,,,,,,,,,,,,,,,
4499,suling,noun,"kind of transverse flute, wind instrument",,,,,,,,,,,,,,,,,,,,
4500,sulur,,,,,,,,,,,,,,,,,,,,manyulur,,
4501,sumang,transitive verb,to cook s.t. by roasting it in a bamboo tube,,,,,,,,,,,,,,,,culinary,,baku sumang,sumangi,
4502,sumang,verb,to roast s.t. in bamboo for someone,,,,,,,,,,,,,,,,,,,sumang akang,
4503,sumang,verb,to roast s.t. in bamboo at someone's request,,,,,,,,,,,,,,,,,,,basumang,
4504,sumang,intransitive verb,to engage in roasting food in bamboo tubes,,,,,,,,,,,,,,,,,,,,
4505,sumbang,verb,to grub s.t. (of pigs),bawi musumbang nggaeka de lapetak,The pigs have dug up the bananas in the garden,,,,,,,,,,,,,,,,,sumbangi,
4506,sumbang,verb,to cause someone to fall head first for someone,,,,,,,,,,,,,,,,,,,sumbang akang,
4507,sumbang,verb,to cause someone to fall head first at someone's request,,,,,,,,,,,,,,,,,,,basumbang,
4508,sumbang,intransitive verb,"to grub and root up (of a pig), esp. near water",,,,,,,,,,,,,,,,,,,basu-basumbangang,
4509,sumbang,intransitive verb,to grub and dig up in large numbers (of pigs),,,,,,,,,,,,,,,,,,,nasumbang,
4510,sumbang,intransitive verb,to have fallen head first,,,,,,,,,,,,,,,,,,,,
4511,sumbilang,noun,"kind of fish, the eel-tailed catfish,",,,,,,,,,,,,,Plotosus lineatus,,,fish,,,,
4512,sumbul,noun,bung or plug (in a boat's hull or a water basin),,,,,,,,,,,,,,,,,,,,
4513,sumpir,noun,moustache,,,,,,,,,,,,,,,,body,,,,
4514,sumpit,noun,"blowpipe, children's toy blowpipe",,,,,,,,,,,,,,,,,,,,
4515,sumpit,verb,to shoot someone or s.t. with a blowpipe,,,,,,,,,,,,,,,,,,,sumpiti,
4516,sumpit,verb,to shoot someone or s.t with a blowpipe for someone,,,,,,,,,,,,,,,,,,,basu-basumpitang,
4517,sumpit,intransitive verb,to engage in shooting at e.o. with blowpipes,,,,,,,,,,,,,,,,,,,,
4518,sumung,,,,,,,,,,,,,,,,,,,,,sumungi,
4519,sumung,verb,to smile at someone,,,,,,,,,,,,,,,,,,,basumung,
4520,sumung,intransitive verb,to smile,,,,,,,,,,,,,,,,,,,,
4521,sumur,noun,well,,,,,,,,,,,,,,,,,,,,
4522,sumut,noun,mouth,,,,,,,,,,,,,,,children's language,,,sungut,,
4523,sunat,verb,to circumcize,,,,,,,,,,,,,,,,,,biang,sunati,
4524,sunat,verb,to circumsize someone for someone,,,,,,,,,,,,,,,,,,,sunat akang,
4525,sunat,verb,to circumcize someone at another's request,mantri ka mai musunat akang si salim,The health technician came to circumcize Salim.,,,,,,,,,,,,,,,,,basunat,
4526,sunat,intransitive verb,to be circumcized,,,,,,,,,,,,,,,,,,,,
4527,sundal,noun,prostitute,,,,,,,,,,,,,,,,,,,,
4528,suni,intransitive verb,"deserted, quiet and lonely",,,,,,,,,,,,,,,,,,,,
4529,sungga,noun,"a sharpened stake, used as a defense around a village",,,,,,,,,,,,,,,,,,,,
4530,sunggu,intransitive verb,original,,,,,,,,,,,,,,,,,,,,
4531,sunggu,particle,Really?,,,,,,,,,,,,,,,,,,,,
4532,sungkit,verb,"to pry out (a thorn), to extract (coconut flesh)",,,,,,,,,,,,,,,,,,,sungkiti,
4533,sungkit,verb,to pry s.t. out for someone,,,,,,,,,,,,,,,,,,,sungkit akang,
4534,sungkit,verb,to pry s.t. out at someone's request,,,,,,,,,,,,,,,,,,,basungkit,
4535,sungkit,intransitive verb,to engage in prying out or extracting,basungkit nggaoti,to extract coconut flesh as a task,,,,,,,,,,,,,,,,,,
4536,sungut,noun,mouth,,,,,,,,,,,,,,,,body,,,,sungut bibira \df lips \af  basungut \ps  vi \df to be characterized by constant talking or complaining \sf  body
4537,suo,noun,"kind of fish, the sharp-nosed wrasse,",,,,,,,,,,,,,Cheilio inermis,,,fish,,,,
4538,supaya,conjunction,so that,adaing tabujuk langker supaya ia bausi,Later we'll persuade him so that he join us,,,,,,,,,,,,,,,,,,
4539,surabi,noun,"porch, veranda, front gallery of a house",,,,,,,,,,,,,,,,house,,,,
4540,surat,noun,"letter, leaflet, announcement, document",waktu itu surat-surat de kapal udara balaga de itu de kampung dalama,"At that time,",sondor surat,without the proper documents,,,,,,,,,,,,,,,surati,
4541,surat,transitive verb,to write to someone,kusurati sapino ke kantór pos mubei mo,"I wrote to Sapino, but the post office didn't give it to him.",,,,,,,,,,,,,,,,,surat akang,
4542,surat,verb,to write someone at someone's request,kau basaláng ka ba: di tarnate musurat akang aku ka mai,"When you are in Ternate,",,,,,,,,,,,,,,,,,basu-basuratang,
4543,surat,intransitive verb,"to exchange letters, to correspond by letter",,,,,,,,,,,,,,,,,,,,
4544,suriang,noun,kind of tree,,,,,,,,,,,,,,,,plant,,,,
4545,suru,noun,"kind of fish, the rainbow runner,",,,,,,,,,,,,,Elagatis bipinnulatus,,,fish,,,,
4546,suru-surung,noun,"the surf, breakers",,,,,,,,,,,,,,,,natural phenomenon,,alu-alungang,,
4547,surut,verb,"to paddle (a boat) backwards, to retract (the tongue), to step out and immediately go back in",,,,,,,,,,,,,,,,,,,surut akang,
4548,surut,verb,to move s.t. back at someone's request,,,,,,,,,,,,,,,,,,,,
4549,susa,intransitive verb,"difficult, poor, in difficult straits",de waktu itu makanang susa,"At that time, food was difficult (to obtain).",,,,,,,,,,,,,,,,buang (babuang susa),pasusa,
4550,susa,verb,"to cause difficulties for someone, to disadvantage someone",ipasusa manusia itu,They made things difficult for that person,,,,,,,,,,,,,,,,,,
4551,suster,noun,nurse,,,,,,,,,,,,,,,,,,,,
4552,susu,noun,"breast, milk, cream",kofi susu,coffee with condensed milk,,,,,,,,,,,,,,body,,,,"susu matana \df teat, nipple \sf  body \ps  v \df to breast feed someone \af  susui \ps  v \df to breast feed someone specific \af  susu akang \ps  v \df to breast feed someone at someone's request \af  susui akang \ps  v \df to breast feed someone intensively or urgently at someone's request \af  basusu \ps  vi \df to regularly breast feed"
4553,susumbilang,,,,,,,,,,,,,,,,,,,,"lau, sumbilang",,
4554,susung,verb,"to arrange s.t., to put s.t. in order",aku sadiki puong bala kayu nang susung mo e,I will first split some firewood and,,,,,,,,,,,,,,,,,susungi,
4555,susung,verb,to put s.t. in order for someone,,,,,,,,,,,,,,,,,,,susungi akang,
4556,susung,verb,to arrange s.t. at someone's request,,,,,,,,,,,,,,,,,,,susung akang,
4557,susung,verb,to arrange s.t. at someone's request,susung akang kayu itu majang-majang,Arrange that wood carefully,,,,,,,,,,,,,,,,,basusung,
4558,susung,intransitive verb,to engage in putting things in order,,,,,,,,,,,,,,,,,,,basu-basusungang,
4559,susung,intransitive verb,"to be arranged in order, to be placed consecutively",,,,,,,,,,,,,,,,,,,susu-susung,
4560,susung,noun,"neat and ordered stacks (of planks, etc.)",,,,,,,,,,,,,,,,,,,,
4561,susur,verb,to take after someone (in appearance or behavior),andeket ni isusur bapana,This kid takes after his father,,,,,,,,,,,,,,,,,kasusurang,
4562,susur,intransitive verb,to display inherited characteristics,Umar pakona. Kasusurang.,Umar is outspoken. (He) inherited it,,,,,,,,,,,,,,,,,,
4563,susuruang,noun,a personal servant,,,,,,,,,,,,,,,archaic,,,,,
4564,ta,,,,,,,,,,,,,,,,,,,,tala,,
4565,tabako,noun,"tobacco, cigarette",,,,,,,,,,,,,,,,,,,,
4566,tabal,intransitive verb,thick,,,,,,,,,,,,,,,,,,,tabal akang,
4567,tabal,verb,to thicken s.t. at another's request,,,,,,,,,,,,,,,,,,,patabali,
4568,tabal,verb,"to cause s.t. to thicken, e.g. cement for a foundation",,,,,,,,,,,,,,,,,,,,
4569,tabalai,intransitive verb,"confused, at wit's end",Si Taslim muumang bukina sigodo tabalai.,Taslim looked for his  book till he was at wit's end.,,,,,,,,,,,,,,,,,,
4570,tabang,verb,"to cut down, to chop down",itu manusia bakaya ini mulai dari tabang ambulung,Persons process sago starting with,,,,,,,,,,,,,,,,,tabangi,
4571,tabang,verb,"to chop down (trees, etc.) for someone",,,,,,,,,,,,,,,,,,,tabang akang,
4572,tabang,verb,to chop down s.t. at someone's request,,,,,,,,,,,,,,,,,,,batabang,
4573,tabang,intransitive verb,to engage in chopping down trees,,,,,,,,,,,,,,,,,,manabang,,
4574,tabang kulung,noun,various kind of sea cucumbers incl.,,,,,,,,,,,,,"Holothuria  ,, Stichopus  ,, Bohadschia` , and sea slugs, Phyllidia  ,, Phaestilla",,,sea creature,,momami tabang kulung,,"tabang kulung gogololo \df kind of sea cucumber, the black and white sea cucumber, \sn Bohadschia graffei \sf  sea creature, tabang kulung nana/s \df kind of sea slug, the Coral grazing sea slug \ \sn Phaestilla melanobrachia \sf  sea creature"
4575,tabangkalang,verb,to have choked while swallowing o.'s food or water,,,,,,,,,,,,,,,,,,,,
4576,tabas,transitive verb,"to part s.t. (e.g., undergrowth)",,,,,,,,,,,,,,,,,,,batatabas,
4577,tabas,intransitive verb,"to repeatedly make o.'s way in the forest (where paths are not available), to",,,,,,,,,,,,,,,,,,,,
4578,tabea,particle,"Excuse me, a polite particle used when leaving a gathering or passing by someone",,,,,,,,,,,,,,,,,,,,
4579,tabeat,noun,"personality, character, disposition, behavior",tabeat jat,"rotten disposition, wicked",,,,,,,,,,,,,,,,,,
4580,tabisasu,noun,"kind of plant, the leaves of which are used to treat boils",,,,,,,,,,,,,,,,plant,,,,"tabisasu nggaoti \df kind of flower, the ground orchid, \sn Spathoglottis plicata \sf  plant"
4581,tabului,verb,"to strike someone, to beat someone",,,,,,,,,,,,,,,slang,,,,,
4582,tadi,particle,"mentioned earlier, aforesaid",,,,,,,,,,,,,,,,,Malay,alengo,,
4583,tadore,noun,"Tidore, an island and city in North Maluku, the site of a former sultanate",,,,,,,,,,,,,,,,,,bose tadore,,
4584,tagal,intransitive verb,long (of time),kau tala tagal de ini,You've been here a long time.,tagal mo tala aman,"Not very much later, there was peace.",,,,,,,,,,,,,,,,"tagala \df length of time \af  taga-tagal \ps  adv \df for a very long time \df eventually, after a long time \il  dugana babubuk taga-tagal However, eventually it will become infested. \af  patagali \ps  v \df to spend a long time in a certain place \il  patagali de ini  to spend a long time here"
4585,tagalana,,,,,,,,,,,,,,,,,,,,tagala < tagal,,
4586,tagalolo,noun,"kind of tree,",,,,,,,,,,,,,Ficus,,,plant,,,,
4587,tahang,verb,to endure s.t.,Mena matahang daga.,First endure thirst.,,,,,,,,,,,,,,,,,tahang akang,
4588,tahang,verb,"to make do with s.t., to put up with s.t.",,,,,,,,,,,,,,,,,,manahang,,
4589,tahe,intransitive verb,"to be excessively long at some place, to be somewhere for too long, to dally",ingka sana po tahe inycana tu,You went there (for some chore) but then you stayed,,,,,,,,,,,,,,,,,,
4590,tahodu-hodu,intransitive verb,"to overeat, to feel excessively satiated, bloated",,,,,,,,,,,,,,,,,,,,
4591,tahta,noun,"throne, the elevated dais of the sultan, the bridal seats",,,,,,,,,,,,,,,casual,,,puade,,
4592,tai,noun,"feces, excreta",,,,,,,,,,,,,,,,body,,,,tai kambing \df a stage in the growth of langsat fruit; the fruits are green and pellet-shaped \af  batai kambing \ps  vi \df to have reached that early stage of growth \crm  peler taina
4593,tajang,intransitive verb,sharp,,,,,,,,,,,,,,,,,,,batajang,
4594,tajang,intransitive verb,to be characterized by sharpness or pointedness,kapal tu de dodaka batajang,That ship has a very pointed prow,,,,,,,,,,,,,,,,,patajang akang,
4595,tajang,verb,to sharpen s.t.,,,,,,,,,,,,,,,,,,,,
4596,tajela,noun,"kind of earthenware bowl, esp. for sago porridge",,,,,,,,,,,,,,,,utensil,,sempe,,
4597,taji,noun,spur (of a fighting cock),,,,,,,,,,,,,,,,,,,,
4598,takanál,intransitive verb,"to be possessed by a spirit, to fall into a trance or illness due to spirit intrusion",,,,,,,,,,,,,,,,,,,,
4599,taki:,noun,"kind of sedge, white kyillinga,",,,,,,,,,,,,,Cyperus kyllingia,,,plant,,,,taki: kanycing \df kind of grass \sf  plant \crm  kanycing
4600,taksír,transitive verb,to estimate,Taksír ambaya gagawang udara...,(We) estimated that by the time the air raid took place...,,,,,,,,,,,,,,,,,,
4601,taku,verb,"to transfer liquid from one container to another, to transfer s.t. in general",,,,,,,,,,,,,,,casual,,,,takui,
4602,taku,verb,to transfer s.t. ( a liquid) for someone,ia mutakui aku te sagalas,She poured a glass of tea for me,,,,,,,,,,,,,,,,,taku akang,
4603,taku,verb,to transfer s.t. (liquid) at someone's request,,,,,,,,,,,,,,,,,,,bataku,
4604,taku,verb,"to transfer liquids as a task or profession, e.g. to regularly fill bathing basins with",,,,,,,,,,,,,,,,,,,bata-batakuang,
4605,taku,verb,"to transfer liquids for e.o., to pour for e.o. (e.g. pour e.o.'s beer in a restaurant)",,,,,,,,,,,,,,,,,,,pataku akang,
4606,taku,verb,to transfer liquids repeatedly (e.g. to pour water from one glass to another and back,,,,,,,,,,,,,,,,,,,nataku,
4607,taku,intransitive verb,to be spilled out,,,,,,,,,,,,,,,,,,"bataku-takuhe/r, wangi",,
4608,taku api,,,,,,,,,,,,,,,,,,,,nggaeka taku api,,
4609,tala,particle,"already, after, first of all, then, it's high time",tala kanyang,Are you full?,yo gigi tala moyo,"Yes, (my) teeth are gone already.",tala ipamicaki tala,They've repaired it already.,Tala aku balumbar mena kita balampo.,"After I've bathed, let's go.",balumbar tala,Get going! Take your bath!,kawing tala,It's high time you got married!,,"a modal marking past activity, a presentential marker indicating an earlier event in a series, a sentence final marker indicating an event which should have already taken place",,,,,,"tala itu barenti \df afterwards, next (in a series of tasks) \il  tala itu barenti notai Next, ring (the trees)., tala nang badang \df pregnant \sc  Polite, tala mo tala \df anymore \il  ingatanmu tala mo tala  You don't have worries anymore"
4610,talaga,noun,"pond, lake, shallow parts of the sea, shallow cove, shallows,  shoal",,,,,,,,,,,,,,,,geography,,,,
4611,talalu,intransitive verb,excessive,,,,,,,,,,,,,,,,,Malay,laku,,
4612,talang,verb,to swallow s.t.,,,,,,,,,,,,,,,,,,,talangi,
4613,talang,verb,to swallow s.t. for someone,,,,,,,,,,,,,,,,,,,talang akang,
4614,talang,verb,to swallow s.t. at someone's request or completely,,,,,,,,,,,,,,,,,,,batalang,
4615,talang,intransitive verb,to regularly swallow,Kau tala batalang pel?,Have you taken your pill?,modél kumkím batalang nané,Like a dove swallowing a kanari nut (said of toothless,,,,,,,,,,,,,,,talang-talang,
4616,talang,verb,to swallow s.t. in a series of swallows,,,,,,,,,,,,,,,,,,,,
4617,talang,,,,,,,,,,,,,,,,,,,,baku talang,,
4618,tala-tala,noun,"a springy post, jerked to draw water for the sago processing apparatus",,,,,,,,,,,,,,,,sago,,,,
4619,talaten,intransitive verb,disciplined,,,,,,,,,,,,,,,,,,,,
4620,talawár,intransitive verb,"to be capable, to have the necessary strength or resources",,,,,,,,,,,,,,,,,,,,
4621,tali oi,noun,"the fastening, made of sago palm midrib, which holds together the package into",,,,,,,,,,,,,,,,,,,,
4622,tali oi,numeral classifier,"a measure of sago, that is the amount encompassed by such a fastening",,,,,,,,,,,,,,,,,,,,
4623,talinana,noun,base upon which wood is chopped,,,,,,,,,,,,,,,,,,,,
4624,talinga,noun,ear,,,,,,,,,,,,,,,,body,,,,"talinga ompu ruma \df kind of fungus \crm  talingang tikus, talinga pokona \df the part of the neck behind the jaw and below the ear \sf  body"
4625,talingang tikus,noun,"kind of fungus, the jelly fungus,",,,,,,,,,,,,,Auricularia,,,,,kulat,,
4626,talise,noun,"kind of tree, the catapang or Indian almond,",,,,,,,,,,,,,Terminalia catappa,,,plant,,,,talise kayuang \df kind of tree \sf  plant
4627,taluang,noun,earwax,,,,,,,,,,,,,,,,body,,,,
4628,taluke,noun,"kind of seaside vine,",,,,,,,,,,,,,Canavalia maritima,,,plant,,,,
4629,talupunggung,noun,"kind of plant,",,,,,,,,,,,,,Hedyotis,,,plant,,,,
4630,talák,noun,"the divorce formula, i.e. the words uttered by a man divorcing his wife",,,,,,,,,,,,,,,,,,,taláki,
4631,talák,verb,to divorce someone,,,,,,,,,,,,,,,,society,,,batalák,
4632,talák,verb,to be divorced,,,,,,,,,,,,,,,,society,,,,
4633,tama,intransitive verb,to enter,Tama ka mai.,Come on in.,,,,,,,,,,,,,,,,,,
4634,tama,verb,"to begin some task, to insert",tama bakaya,to begin processing sago,Bena raupi tama de babat tu,Then scoop it up and put it in the sago container,,,,,,,,,,,casual,,,,,"tama baompu \df to become a bondsman, to agree to servitude (e.g. to pay debts) \sc  Arch, tama long \df to develop a lung infection, to get bronchitis \sf  health \af  tamai \ps  v \df to go inside s.t. with stealth, to enter s.t. secretly, to infiltrate \il  Ma tamai rumaku. He got into my house (without my knowledge). \af  tama:kang \ps  v \df to put s.t. inside (e.g., a pillow into a pillowcase), to insert \s.t. \af  batama \ps  vi \df to result in s.t. being inside, to engage in bringing s.t. in <bring in> \il  aku batama buk de lotok I brought the book into the room. \il  ala lecak ianta batama Take the top soil and put it in (the hole). \af  batabatama:ng \ps  vi \df to be thoroughly interfitted, overlapping or mixed together \il  bararti batabatama:ng nang itu karang tapake alengo itu Thus, it becomes thoroughly intermixed with that coral we used that I mentioned. \af  batatama:ng \ps  vi \df intertwining (of roots, etc.) \af  batama:kang \ps  vi \df to put s.t. inside on someone's behalf (e.g., to thread a needle for a farsighted person, to insert o.'s penis at the request of his partner) <insert> \il  batama:kang paisu de botol  Put water in the bottles \af  batama-tama:kang \ps  vi \df to interfit and intertwine (of many things) \df to mislead and misdirect to the point that those led are hopelessly lost \il  si marjuki mueti mo jalang po ibatama-tama:kang de iba-iba dalama  Marjuki didn't know the way so he got us hopelessly lost in a bamboo forest \crm  ala \af  patama akang \ps  v \df to put s.t. inside in a thorough and careful manner"
4635,tamará,noun,kind of conical sun hat,,,,,,,,,,,,,,,,clothing,,,,
4636,tamará bintang,noun,"kind of plant, the moneywort,",,,,,,,,,,,,,Centella asiatica,,,plant,,,,
4637,tamate,noun,"kind of plant, the tomato,",,,,,,,,,,,,,Lycopersicon esculentum,,,plant,,,,
4638,tamba,exclamation,please take more,,,,,,,,,,,,,,,,,,,tambai,
4639,tamba,verb,"to add s.t., to increase a quantity",Kutambai paisu de bak.,I added water to the basin.,isu: kutambai tuju pulu lima,He told me to add seventy-five (rupiah),,,,,,,,,,,,,,,tamba akang,
4640,tamba,verb,to add s.t. at someone's request,,,,,,,,,,,,,,,,,,,batambai,
4641,tamba,intransitive verb,to be engaged in adding to,,,,,,,,,,,,,,,,,,,babatambai,
4642,tamba,intransitive verb,to be characterized by interfering in other's affairs or by adding opinions <interfere>,mahamut babatambai halina urang,Mahmud tends to add his opinion to others',,,,,,,,,,,,,,,,,bata-batamba:ng,
4643,tamba,intransitive verb,to add s.t. to o. another's possessions or problems,,,,,,,,,,,,,,,,,,,batatamba:ng,
4644,tamba,intransitive verb,"to jointly or mutually be engaged in adding, e.g., to add contributions to a joint",taslim nang si safi batatamba:ng batuka tep,Taslim and Safi pooled their resources to buy a tape recorder.,,,,,,,,,,,,,,,,,,
4645,tambaga,noun,brass,,,,,,,,,,,,,,,,,,,,
4646,tambalikur,intransitive verb,folded behind o.'s back (of the hands),,,,,,,,,,,,,,,,,,,,
4647,tambelo,noun,"kind of marine bivalve mollusc, the Teredo shipworm,",,,,,,,,,,,,,Teredo navalis,,,,,,,
4648,tambi,verb,to insult and disrespect someone,pasi mutambi ia torus,They continuously pick on him.,,,,,,,,,,,,,,,,,bata-batambiang,
4649,tambi,intransitive verb,to continually exchange insults and slights,cece bata-batambiang de pamakanang dalama,Don't be belligerent and nasty at the dining table.,,,,,,,,,,,,,,,,,babatambiang,
4650,tambi,intransitive verb,to be insulting to e.o.,,,,,,,,,,,,,,,,,,,,
4651,tamboang,noun,kind of snare <trap> activated by a rattan spring,,,,,,,,,,,,,,,,,,lika-lika,,
4652,tambuku,noun,"knot (of wood), protrusions of lug in the hull of a boat for anchoring lines to the struts",,,,,,,,,,,,,,,,boat,,,,
4653,tamheo,noun,kind of plant,,,,,,,,,,,,,,,,plant,,,,
4654,tamiang,,,,,,,,,,,,,,,,,,,,aur,,
4655,tamoang,noun,axe,,,,,,,,,,,,,,,,tool,,,,
4656,tampa,noun,"place, site, container, receptacle",tampa paguna:ng,workplace,tala ada nang tampana,They are sold with their containers.,,,,,,,,,,,,,,,,"tampa dupa-dupa \df censer, tampa rasa \df male and female genitalia \sf  body \sc  Slang"
4657,tampal,verb,to mend or patch s.t.,,,,,,,,,,,,,,,,,,,tampal akang,
4658,tampal,verb,to patch s.t. at someone's request,,,,,,,,,,,,,,,,,,,batampal,
4659,tampal,intransitive verb,"to engage in patching, to be patched up",,,,,,,,,,,,,,,,,,,tampa-tampal,
4660,tampal,intransitive verb,to be patched repeatedly,pondo tampa-tampal,patched shirt,,,,,,,,,,,,,,,,,,
4661,tampar,verb,to slap,,,,,,,,,,,,,,,,,,,tampari,
4662,tampar,verb,to slap (on a certain place),ia mutampari bangkurunga,He slapped his back.,,,,,,,,,,,,,,,,,batampar,
4663,tampar,intransitive verb,to engage in slapping,,,,,,,,,,,,,,,,,,,,batampar tangang \df to clap
4664,tampar puki,noun,"various kind of fish incl. most flounders, and soles",,,,,,,,,,,,,"Pleuronectidae, Bothidae, Soleidae",,,fish,,,,
4665,tampat,,,,,,,,,,,,,,,,,,,,tampa,,
4666,tampurung,noun,"coconut shell, the hard endocarp of the coconut",,,,,,,,,,,,,,,,,,tatampurung,,
4667,tamulilingang,intransitive verb,"nervous and hurried, e.g. rushing to look for s.t. or pacing back and forth",,,,,,,,,,,,,,,,,,,,
4668,tamám,noun,"an even thirty, esp. of months",jadi ia tamám de saptí,"Thus, it will be a full month (an even thirty) on Saturday.",,,,,,,,,,,,,archaic,,,,,
4669,tamáng,noun,friend,,,,,,,,,,,,,,,,,Malay,saruma,,
4670,tana,noun,"earth, soil",,,,,,,,,,,,,,,,,Malay,lecak,,
4671,tanaga,noun,energy,,,,,,,,,,,,,,,,,,,,"tanaga manusia \df manpower, human resources"
4672,tanak,verb,to render (coconut) into oil,Kikis nggaoti bena tanak minyak.,"Scrape the coconuts, then render some oil.",,,,,,,,,,,,,,,,,tanaki akang,
4673,tanak,verb,to render s.t. (specified coconuts) at someone's request,,,,,,,,,,,,,,,,,,,batanak,
4674,tanak,intransitive verb,to be engaged in rendering oil from coconuts,,,,,,,,,,,,,,,,,,,,
4675,tanam,,,,,,,,,,,,,,,,,,,,,tanamang,
4676,tanam,noun,crop,,,,,,,,,,,,,,,,,,tanang,,
4677,tanang,intransitive verb,"relaxed, calm and quiet, calm (of the sea)",itu baawarong ka tanang,So was it choppy or calm?,,,,,,,,,,,,,,,,,patanangi,
4678,tanang,verb,to calm s.t. (o.'s thoughts),,,,,,,,,,,,,,,,,,,patanangi akang,
4679,tanang,verb,to calm s.t. at someone's request,,,,,,,,,,,,,,,,,,,,
4680,tanang,transitive verb,to plant s.t.,dadi kami parlí tu musi tanang tirigu,"So we need it, we must plant corn.",,,,,,,,,,,,,,,,,tanangi,
4681,tanang,transitive verb,"to plant s.t. for someone, to plant s.t. (a field) with s.t. (a crop)",ia mutanangi aku sakulát de lapetaku,He planted cacao for me in my garden.,ia tala mutanangi lapetaka ia nang nggaeka,He has planted his garden with bananas.,,,,,,,,,,,,,,,tanangi akang,
4682,tanang,verb,to plant s.t. at someone's request,,,,,,,,,,,,,,,,,,,tanang akang,
4683,tanang,verb,to plant s.t. at someone's request,,,,,,,,,,,,,,,,,,,batanang,
4684,tanang,intransitive verb,to engage in planting as a task or job,,,,,,,,,,,,,,,,,,,,
4685,tanda,noun,sign,,,,,,,,,,,,,,,,,,,,
4686,tanduk,noun,animal horn,,,,,,,,,,,,,,,,,,,,manyjangang tanduka \df deer antlers \crm  nggaeka tanduk
4687,tandíng,ideophone,sound of s.t. crashing,,,,,,,,,,,,,,,,,,,,
4688,tanoga,noun,kind of spell which immobilizes a thief as soon as he or she touches the item to be stolen,,,,,,,,,,,,,,,,,,uru,,
4689,tantu,intransitive verb,to be certain,,,,,,,,,,,,,,,,,,tantukang,,
4690,tantukang,verb,"to ascertain, to determine",,,,,,,,,,,,,,,,,Indonesian,tantu,,
4691,tantung,,,,,,,,,,,,,,,,,,,,ulat,,
4692,tanga,,,,,,,,,,,,,,,,,,,,"hatanga, mamananga",,
4693,tanga malang,noun,"late night, midnight",,,,,,,,,,,,,,,,,,,,tanga malang dua sama \df very late night
4694,tangang,noun,"hand, arm",tanang dadana,pai,,,,,,,,,,,,,,,,,,
4695,tanggalaot,noun,sea,,,,,,,,,,,,,,,,geography,,,,tanggalaot dolong \df the deep sea
4696,tanggaló,,,,,,,,,,,,,,,,,,,,,tanggaló akang,
4697,tanggaló,verb,to wash (another's) face,,,,,,,,,,,,,,,,,,,batanggaló,
4698,tanggaló,verb,to wash (o.'s face),,,,,,,,,,,,,,,,,,,,
4699,tanggar,verb,"to chase or pursue someone or s.t., to follow someone from a distance, to catch up on s.t.",Yoyó mutanggar manyjangang.,A dog chased a deer.,nampisiang mena kutanggar,Then tomorrow I will catch up (on the work),,,,,,,,,,,,,,,tanggari,
4700,tanggar,verb,"to chase after someone, to lunge at someone",,,,,,,,,,,,,,,,,,,tanggari akang,
4701,tanggar,verb,to chase after someone with s.t.,tanggari akang suratku ini de pa puda,Please chase after Mr. Puda with this letter of,,,,,,,,,,,,,,,,,tanggar akang,
4702,tanggar,verb,to expedite s.t. that belongs with some set,Umar mutanggar akang pondo dua biji ni de amasing,"Umar, try to rush these two",,,,,,,,,,,,,,,,,batanggar,
4703,tanggar,intransitive verb,to be engaged in chasing after and catching up,,,,,,,,,,,,,,,,,,,bata-batanggarang,
4704,tanggar,intransitive verb,"to chase e.o., to be in competition <compete> with others",po ini kita batabatanggarang nang lao mamakanga ni,"Moreover, we're racing against",,,,,,,,,,,,,,,,,,
4705,tangge-tangge,noun,riddle,,,,,,,,,,,,,,,,,,,batangge-tangge,
4706,tangge-tangge,intransitive verb,to tell riddles,,,,,,,,,,,,,,,,,,,,
4707,tanggiri,noun,"kind of fish, the mackerel, incl. the narrow-barred Spanish mackerel,",,,,,,,,,,,,,"Cybium commersoni, and the broad-barred Spanish mackerel,, Indocybium semifasciatum",,,fish,,,,
4708,tanggolo,,,,,,,,,,,,,,,,,,,,,tanggo-tanggolona,
4709,tanggolo,noun,"isolated place, remote area",,,,,,,,,,,,,,,,,,,,
4710,tanggulang,,,,,,,,,,,,,,,,,,,,,tanggulangi,
4711,tanggulang,verb,"to take s.t. over, to be responsible for s.t. <control>",,,,,,,,,,,,,,,,,Indonesian,,tanggulangang,
4712,tanggulang,noun,"responsibility, duty",,,,,,,,,,,,,,,,,,,,
4713,tanggung,verb,to carry s.t. on o.'s shoulder or shoulders,,,,,,,,,,,,,,,,,,,tanggungi,
4714,tanggung,verb,to place s.t. (a burden) on someone's shoulders,,,,,,,,,,,,,,,,,,,tanggung akang,
4715,tanggung,verb,to carry s.t. on o.'s shoulders on behalf of another,,,,,,,,,,,,,,,,,,,pananggungang,
4716,tanggung,noun,carrying pole borne on the shoulders,,,,,,,,,,,,,,,,,,,,
4717,tangkes,verb,"to parry a blow, to meet a blow with a counter-blow",,,,,,,,,,,,,,,,,,,tangkes akang,
4718,tangkes,verb,to parry s.t. (a blow) at someone's direction or on someone's behalf,,,,,,,,,,,,,,,,,,,batangkes,
4719,tangkes,intransitive verb,to engage in parrying,,,,,,,,,,,,,,,,,,,bata-batangkesang,
4720,tangkes,intransitive verb,to parry e.o.'s blows,,,,,,,,,,,,,,,,,,,,
4721,tangkorak,noun,skull,,,,,,,,,,,,,,,,body,,,,
4722,tangkoring,noun,"kind of plant, the Mexican sunflower,",,,,,,,,,,,,,Tithonia diversifolia,,,plant,,fofoki tangkoring,,
4723,ta-,verb,,tabaria,to defecate involuntarily,,,,,,,,,,,,an affix marking inadvertant occurrences,,,,,,
4724,tanyai,verb,"to ask s.t., to direct a question to someone, to question someone",kau mutanyai aku waktu daulu deminyá,You ask me how the old times were.,,,,,,,,,,,,,,,,,,
4725,tanyjik,noun,dorsal fin,,,,,,,,,,,,,,,,,,,,
4726,tanyjung,noun,"cape, promontory",,,,,,,,,,,,,,,,,,,,
4727,tanyjung mangga,noun,a cape near Labuha,,,,,,,,,,,,,,,,,,,,
4728,tanyjung obit,noun,a cape near Labuha,,,,,,,,,,,,,,,,,,,,
4729,ta-,pronoun,we,Kita yogo tapabua lapetak.,We want to make a garden.,,,,,,,,,,,,"verbal person marker (transitive), first person plural, inclusive",,,,,,
4730,taogi,,,,,,,,,,,,,,,,,,,,bobot taogi,,
4731,taong,,,,,,,,,,,,,,,,,,,,taung,,
4732,tapa,pronoun,"why, for what purpose",Tapa kau balampo ka sana?,Why did you go there?,,,,,,,,,,,,,,,,,,
4733,tapak,noun,a small lane or gangway,,,,,,,,,,,,,,,,,,,,
4734,tapalí,noun,"kind of vine, the sap of which may be used as soap",,,,,,,,,,,,,,,,plant,,,,
4735,tapat,intransitive verb,"correct, precise, appropriate",,,,,,,,,,,,,,,,,,,tapat akang,
4736,tapat,verb,to improve s.t.,,,,,,,,,,,,,,,,,,,patapati,
4737,tapat,verb,to correct or repair s.t.,,,,,,,,,,,,,,,,,,,tapat-tapat,
4738,tapat,adverb,"carefully, with circumspection",,,,,,,,,,,,,,,,,,,,
4739,tapi,conjunction,but,,,,,,,,,,,,,,,,,Malay,ke,,
4740,taping,noun,"ash, dust, kitchen, place of the hearth",,,,,,,,,,,,,,,,,,,bataping,
4741,taping,intransitive verb,"to be covered with ashes, to yield ashes",bataping ra:,to yield a lot of ashes,,,,,,,,,,,,,,,,,,
4742,tapis,noun,"filter, esp. on sago  processing apparatus",,,,,,,,,,,,,,,,,,,,tapis nggaoti \df kind of strainer made of coconut fiber \ps  v \df to winnow or filter s.t. \af  tapis akang \ps  v \df to filter s.t. at someone's request \il  tapis akang topongingku Filter my flour \af  batapis \ps  vi \df to be engaged in winnowing or filtering
4743,tapu,noun,anchor (made of wood and stone),,,,,,,,,,,,,,,,boat,,,,
4744,tarang,transitive verb,to press down,,,,,,,,,,,,,,,,,,,tarang akang,
4745,tarang,verb,to make s.t. flat by pressing or treading (e.g. to flatten sago sheaths in order to make,,,,,,,,,,,,,,,,,,,batarang,
4746,tarang,intransitive verb,to engage in flattening or pressing down (e.g. of a child mischievously jumping on a,,,,,,,,,,,,,,,,,,,,
4747,tarangkat,intransitive verb,tall,,,,,,,,,,,,,,,,,,,patarangkati,
4748,tarangkat,verb,to elevate or heighten s.t.,,,,,,,,,,,,,,,,,,,,
4749,tarapesa,noun,chair,,,,,,,,,,,,,,,,,,,,
4750,tarate,noun,"lotus,",,,,,,,,,,,,,Nelumbo nucifera,,,plant,,,,
4751,taraucit,intransitive verb,to have diarrhea,,,,,,,,,,,,,,,,health,,baria,tarauciti,
4752,taraucit,transitive verb,to defecate on s.t. (because of a sudden attack of diarrhea),,,,,,,,,,,,,,,,,,,,
4753,tarik,transitive verb,"to pull at s.t., esp. with a rope",,,,,,,,,,,,,,,,,,,tariki,
4754,tarik,transitive verb,"to pull at s.t. for someone, to tug intensively",pasi mutariki itu pauli moyo,They (the fish) tug at them but they achieve nothing.,,,,,,,,,,,,,,,,,tarik akang,
4755,tarik,verb,to pull s.t. at someone's request,,,,,,,,,,,,,,,,,,,batarik,
4756,tarik,intransitive verb,"to stretch o.s., to be engaged in pulling",,,,,,,,,,,,,,,,,,,batariki,
4757,tarik,intransitive verb,to engage in pulling for someone,kami batariki oto de amasing barang nalobong,We pulled a vehicle at Amasing,it was,,,,,,,,,,,,,,,,patariki,
4758,tarik,verb,to make s.t. (a rope) taut,,,,,,,,,,,,,,,,,,,patarik akang,
4759,tarik,verb,to tauten s.t. at someone's request,,,,,,,,,,,,,,,,,,,natarik,
4760,tarik,intransitive verb,"to be drawn to, to be interested",,,,,,,,,,,,,,,,,,,,
4761,tarima,verb,to receive,,,,,,,,,,,,,,,,,,dapa,,
4762,tarimakasi,noun,"thanks, gratitude",,,,,,,,,,,,,,,,,,,,
4763,tarkuku,noun,"kind of bird, a dove, fam. Columbidae",,,,,,,,,,,,,,,,,,pombo,,
4764,tarpaksa,intransitive verb,"compelled, obligated, forced",,,,,,,,,,,,,,,,,,,,
4765,tarpaksa,particle,necessarily,,,,,,,,,,,,,,,,,,,,
4766,tartíp,intransitive verb,"to sit, kneeling with the haunches on the heels",,,,,,,,,,,,,,,,,,,,
4767,tarumpak,noun,kind of wooden sandals with a knob for the toes,,,,,,,,,,,,,,,,,,,,
4768,taráng,intransitive verb,"clear, bright",,,,,,,,,,,,,,,,,,,,
4769,tasbé,noun,prayer beads,,,,,,,,,,,,,,,,,,,,
4770,tasbé,noun,"kind of plant, a member of the banana family, the hanging heliconia,",,,,,,,,,,,,,Heliconia rostrata,,,plant,,,,
4771,tas,noun,bag,,,,,,,,,,,,,,,,,,,,
4772,tas,,,,,,,,,,,,,,,,,,,,litas,,
4773,tatabuang,noun,"drum-roll to announce the beginning and end of fasting month and certain other, a blow","basaláng de rekengang udang, tatabuang memang de ahát",If we follow the monthly,,,,,,,,,,,,,whimsical,,,,,
4774,tatabuang,verb,to strike someone,,,,,,,,,,,,,,,whimsical,,,,,
4775,tatagang,noun,"lime, calcium oxide (usually made from burned coral)",,,,,,,,,,,,,,,,,,,,
4776,tatak,verb,to chop up (finely),,,,,,,,,,,,,,,,,,,tataki,
4777,tatak,verb,to chop s.t. up for someone,tataki aku edat hadiki,"Chop up some seviche for me, please.",,,,,,,,,,,,,,,,,tataki akang,
4778,tatak,verb,to chop s.t. for someone at someone's request,,,,,,,,,,,,,,,,,,,tatak akang,
4779,tatak,verb,to chop s.t. at someone's request,,,,,,,,,,,,,,,,,,,batatak-tatak,
4780,tatak,intransitive verb,to occupy o.s. with chopping or notching repeatedly and without purpose,,,,,,,,,,,,,,,,,,,batata-tatak,
4781,tatak,intransitive verb,to be characterized by scattered piles of scraps and chips,,,,,,,,,,,,,,,,,,,hatatak,
4782,tatak,intransitive verb,"chopped, nicked, notched",meja tu tala natatak de tiola,The table is nicked (esp.) on its legs.,,,,,,,,,,,,,,,,,natata-tatak,
4783,tatak,intransitive verb,chopped and nicked severely (all over),,,,,,,,,,,,,,,,,,,,
4784,tatambola,noun,"kind of fish, incl. archer fish",,,,,,,,,,,,,Toxotidae,,,fish,,,,"tatambola buaya \df kind of fish, Waites pipe-fish, \sn Corythoichthys intestinalis waitei \sf  fish"
4785,tatampurung,noun,knee-cap,,,,,,,,,,,,,,,,body,,tampurung,,
4786,tatapi,conjunction,but,,,,,,,,,,,,,,,,,Malay,"ke, tapi",,
4787,tatar,verb,"to chop with a knife or machete with firm, downward strokes usually on a flat",,,,,,,,,,,,,,,,,,,tatar akang,
4788,tatar,verb,to chop s.t. at someone's request,,,,,,,,,,,,,,,,,,,batatar,
4789,tatar,intransitive verb,to engage in chopping downward,,,,,,,,,,,,,,,,,,lao tatar,,
4790,tatas,verb,to rip s.t. at the seams,danycanaku tala mutatas calanaku yogo ipareai,My sister ripped my trousers apart so,,,,,,,,,,,,,,,,,tatasi,
4791,tatas,transitive verb,to rip apart s.t. at the seams for someone,,,,,,,,,,,,,,,,,,,batatas,
4792,tatas,intransitive verb,to engage in such sartorial activity,,,,,,,,,,,,,,,,,,,natatas,
4793,tatas,intransitive verb,ripped apart (at the seams),,,,,,,,,,,,,,,,,,,,
4794,tatawa,verb,to laugh,,,,,,,,,,,,,,,,,,,tatawai,
4795,tatawa,verb,to laugh at someone,Ia mutatawai aku.,He laughed at me.,,,,,,,,,,,,,,,,,,
4796,tatinggir,,,,,,,,,,,,,,,,,,,,,tatinggir akang,
4797,tatinggir,transitive verb,"to make s.t. perch, to get a bird or monkey to perch",,,,,,,,,,,,,,,,,,,batatinggir,
4798,tatinggir,intransitive verb,"to perch (of birds, etc.), to sit on an edge or ledge",,,,,,,,,,,,,,,,,,,,
4799,tatoal,noun,knife,,,,,,,,,,,,,,,,tool,,peto tatoala,,
4800,tatumbul,,,,,,,,,,,,,,,,,,,,tumbul,,
4801,tatunggar sela,noun,"kind of plant, the chenille plant,",,,,,,,,,,,,,Acalypha hispida,,,plant,,,,
4802,tau abi,noun,"kind of seaside plant,",,,,,,,,,,,,,Pemphis acidula,,,plant,,,,
4803,taugé,noun,"beansprouts, usually",,,,,,,,,,,,,Phaseolus aureus,,,plant,,,,
4804,taul,,,,,,,,,,,,,,,,,,,,,taul akang,
4805,taul,transitive verb,to lean s.t. over a fire to roast it,,,,,,,,,,,,,,,,,,panaulang,,
4806,taul,intransitive verb,to gaze listlessly for a long time,,,,,,,,,,,,,,,,,,,tauli,
4807,taul,verb,"to look at s.t. carefully, to inspect s.t., to check on someone, to watch over (a sick person)",Kutauli botang putus.,I watched for the island to appear.,papa to kapo mutauli kamí,"Father, you know, came to check on you.",,,,,,,,,,,,,,,panauliang,
4808,taul,noun,"someone who assists and cares for an old or infirm person, live-in companion, nurse or",,,,,,,,,,,,,,,,,,,,
4809,taung,noun,year,tolu taung,three years,,,,,,,,,,,,,,,,,,
4810,taung,,,,,,,,,,,,,,,,,,,,burung taung,,
4811,taur,verb,"to scatter s.t., to broadcast s.t. (seed) <disperse>",,,,,,,,,,,,,,,,,,,tauri,
4812,taur,verb,to scatter s.t. for someone,,,,,,,,,,,,,,,,,,,taur akang,
4813,taur,verb,to scatter s.t. at someone's request,taur akang nggomi itu ka sana de itu,Throw that coconut residue over there,,,,,,,,,,,,,,,,,bataur,
4814,taur,intransitive verb,"to scatter as a task, e.g. to scatter rice for fowls",,,,,,,,,,,,,,,,,,,pataur akang,
4815,taur,verb,"to make a mess of s.t. by dispersing it all over, to scatter s.t. in a definitive way",,,,,,,,,,,,,,,,,,,nataur,
4816,taur,intransitive verb,to be scattered,Basaláng kering-kering ia nataur,"If it is too dry, it will disperse",,,,,,,,,,,,,,,,doit tataura,,
4817,taurung,intransitive verb,to be hungry,,,,,,,,,,,,,,,,,,,patarung akang,
4818,taurung,verb,to cause someone to be hungry (e.g. by serving a late lunch),,,,,,,,,,,,,,,,,,,,
4819,tautang,noun,medicine,,,,,,,,,,,,,,,,,,,tautangi,
4820,tautang,verb,to treat someone with medicine,,,,,,,,,,,,,,,,,,,tautang akang,
4821,tautang,verb,to treat someone at someone's request,,,,,,,,,,,,,,,,,,,tau-tautang akang,
4822,tautang,verb,to treat someone intensively,,,,,,,,,,,,,,,,,,,batautang,
4823,tautang,intransitive verb,to undergo medicinal treatment,,,,,,,,,,,,,,,,,,,,
4824,tayong,noun,"kind of sea urchin, the black long-spined sea urchin,",,,,,,,,,,,,,Diadema setosum,,,sea creature,,duri babi,,"tayong batu \df kind of sea urchin, \sn Echinothrix  , incl. the banded long-spined sea urchin \sf  sea creature, tayong nggaoti \df kind of echinoderm, a seastar, the crown of thorns starfish, \sn Acanthaster planci \sf  sea creature"
4825,tawáf,intransitive verb,"to circumambulate the Kaba in Mecca, o. of the obligatory tasks of the pilgrims, to move around, to circle around, to encircle, to undertake a trip to several places <travel>, to wander",murabi kalero musi mutawáf,"If you're burning (coral) in a fire, you must continually",andekat ini tawáf di mana ni,Where is this child wandering now?,,,,,,,,,,,,,,,,
4826,te,noun,"tea, esp. with sugar",te loa-loa,tea without sugar or milk,,,,,,,,,,,,,,,,,,
4827,teli,noun,spine or lath of a piece of thatch to which the leaves are affixed,,,,,,,,,,,,,,,,,,teri,,
4828,teli,,,,,,,,,,,,,,,,,,,,,bateli-teli,bateli-teli fitana/ \df to spread gossip and rumors \crm  tial
4829,telor,intransitive verb,to have a speech defect,,,,,,,,,,,,,,,,,,,,
4830,tembal,noun,spout to drain rainwater from gutters,,,,,,,,,,,,,,,,house,,,,
4831,tembing,noun,river bank,,,,,,,,,,,,,,,,,,,batembing,
4832,tembing,intransitive verb,to slope downward (of land),,,,,,,,,,,,,,,,geography,,,,
4833,tempang,intransitive verb,lame,,,,,,,,,,,,,,,,health,,,,
4834,tempik,verb,to break s.t. into pieces,Ia mutempik tarapesa.,He broke the chair.,,,,,,,,,,,,,,,,,tempiki,
4835,tempik,verb,to break s.t. off for someone,tempiki baku,to break off a piece of sago bread,,,,,,,,,,,,,,,,,tempik akang,
4836,tempik,verb,to break s.t. for someone,,,,,,,,,,,,,,,,,,,batempik,
4837,tempik,intransitive verb,to engage in breaking s.t. up,batempik lalondang,to break up sugarcane (so it can be crushed easily),,,,,,,,,,,,,,,,,natempik,
4838,tempik,intransitive verb,to have been broken,,,,,,,,,,,,,,,,,,,,
4839,tempo-tempo,adverb,occasionally,,,,,,,,,,,,,,,,,Malay,sakali-sakali,,
4840,tenang,noun,kind of tree,,,,,,,,,,,,,,,,plant,,,,
4841,tentara,noun,"the armed forces, the military, soldier",,,,,,,,,,,,,,,,,,,,
4842,tentukan,verb,to determine,,,,,,,,,,,,,,,,,Indonesian,tantukang,,
4843,tenga,noun,"center, middle",,,,,,,,,,,,,,,,,Indonesian,,,
4844,tengahari,noun,"noontime, mid-day",,,,,,,,,,,,,,,,,Indonesian,,,
4845,tep,noun,tape-recorder,,,,,,,,,,,,,,,,,,,,
4846,terbang,,,,,,,,,,,,,,,,,,,,lapangang,,
4847,terepesa,,,,,,,,,,,,,,,,,,,,tarapesa,,
4848,teri,noun,the lath around which a piece of palm thatch is made,,,,,,,,,,,,,,,,,,teli,,
4849,tes-tes,ideophone,sound of a light rain on the roof <pitter-patter>,,,,,,,,,,,,,,,,,,,,
4850,tete,noun,grandfather,,,,,,,,,,,,,,,,kinship,,,,
4851,tetes,noun,a drop,,,,,,,,,,,,,,,,,,,tetesi,
4852,tetes,verb,"to release in drops on s.t., to drip on s.t.",tetesi tautang de mataku,Drip the medicine into my eye,,,,,,,,,,,,,,,,,tetes akang,
4853,tetes,verb,to release some liquid in drops for someone,,,,,,,,,,,,,,,,,,,,
4854,tewa-tewa,,,,,,,,,,,,,,,,,,,,aur tewa-tewa,,
4855,tial,verb,to connect or tie together s.t. (e.g. rope),,,,,,,,,,,,,,,,,,,,"batial-tial fitana/ \df to spread gossip or rumors \crm  teli \af patial \ps  v \df to splice s.t., to secure connecting lashing \af  patial akang \ps  v \df to splice s.t. for someone else \af  panialang \ps  n \df splice, connection"
4856,tiang,noun,"mast, post",,,,,,,,,,,,,,,,boat,,,,tiang raja \df the main house post
4857,tiang,,,,,,,,,,,,,,,,,,,,,batiang,
4858,tiang,intransitive verb,"to be pregnant, gravid (of fish)",,,,,,,,,,,,,,,,health,,,patiang akang,
4859,tiang,verb,"to cause someone to be pregnant, to impregnate",,,,,,,,,,,,,,,,,,,,
4860,tiap,pronoun,every,,,,,,,,,,,,,,,,,,,,tiap-tiap \df every
4861,tiap,verb,"to count s.t., to calculate s.t.",ia mutiap untunga,She was calculating her profit,,,,,,,,,,,,,,,,,batiap,
4862,tiap,intransitive verb,to engage in computing and counting,,,,,,,,,,,,,,,archaic,,,,,
4863,tiarap,intransitive verb,to lie face down,,,,,,,,,,,,,,,,,,,tiarap akang,
4864,tiarap,verb,to turn s.t. face down,,,,,,,,,,,,,,,,,,,tatiarap,
4865,tiarap,intransitive verb,to have turned over (of a boat at sea) <capsize>,,,,,,,,,,,,,,,,,,,,
4866,tibas,verb,to split wood by striking the end with an axe and twisting  sideways <strike>,,,,,,,,,,,,,,,,,,,,
4867,tibas,noun,"splinter, a piece of wood twisted off a branch",kayu tibasa,a split of wood,,,,,,,,,,,,,,,,,tibasi,
4868,tibas,verb,to split s.t. for someone,,,,,,,,,,,,,,,,,,,tibas akang,
4869,tibas,verb,to split s.t. at someone's request,,,,,,,,,,,,,,,,,,,batibas,
4870,tibas,intransitive verb,to perform wood-splitting as a task or chore,sapatang itu di mansia kawing puda batibas kayu sigodo bapolu-polu,That night at the,,,,,,,,,,,,,,,,,,
4871,tida ada,intransitive verb,to be nonexistent,,,,,,,,,,,,,,,,,Indonesian,moyo,,
4872,tida bisa,particle,"impossible, forbidden",,,,,,,,,,,,,,,,,Indonesian,pauli,,
4873,tida perna,particle,never,,,,,,,,,,,,,,,,,Indonesian,bolung,,
4874,tidore,noun,"an island and city, Tidore, site of a former sultunate",,,,,,,,,,,,,,,,,,tadore,,
4875,tidu,verb,to sleep,,,,,,,,,,,,,,,,,,,,"tidu caya-caya \df to take a siesta, to take a nap during the day, tidu jat \df to fling o.'s arms and legs in sleep, to toss and turn, tidu ondo-ondo \df to take a siesta, to take a nap \af  tidui \ps  v \df to sleep on s.t. or someone \il  sapi mutidui mut isampat tiola de bangkurunga ia Sapi slept all over Mut, with his feet resting on Mut's back. \af  tidu akang \ps  v \df to put someone to sleep (e.g., o.'s child, etc.) \crm  babolo \crm  jinak \crm  tidur"
4876,tidur,,,,,,,,,,,,,,,,,,,,tidui,"tiduri, tidur akang",
4877,tidur,verb,"to put someone to sleep, to put s.t. down flat",,,,,,,,,,,,,,,,,,,batidurang,
4878,tidur,intransitive verb,to sleep together in large numbers,,,,,,,,,,,,,,,,,,,tidurang,"tampa tidurang \df sleeping place, (e.g. bed) \af  katidurang \ps  n \df place of repose, sleeping place (e.g., bed, mat, etc.) \crm  tidu"
4879,tijak,verb,"to step on, to tread",tijak rem,step on the brakes,,,,,,,,,,,,,,,,,,"tijak lecak \df a ceremony in the wedding ritual in which the marital couple first leaves the house as man and wife \af  tijaki \ps v \df to step on s.t. \af  tijak akang \ps  v \df to step on s.t. at another's request \af  batijakang \ps  vi \df to step on e.o. \af  bati-batijakang \ps  vi \df to step or tread on e.o. (of large numbers) \af  pani-panijakang \ps  n \df stepping-stone, foothold"
4880,tikam,,,,,,,,,,,,,,,,,,,,,bapatikamang,
4881,tikam,intransitive verb,"to tell each other, to mutually inform, to exchange utterances",,,,,,,,,,,,,,,,,,,batitikamang,
4882,tikam,intransitive verb,to hold discussions,,,,,,,,,,,,,,,,,,batikang,,
4883,tikar,noun,kind of mat,,,,,,,,,,,,,,,,,,didit,,
4884,tikir,noun,gums,,,,,,,,,,,,,,,,body,,,,
4885,tikolok,noun,throat,,,,,,,,,,,,,,,,body,,,tikoloki,
4886,tikolok,verb,to call someone,,,,,,,,,,,,,,,,,,,tikolok akang,
4887,tikolok,verb,"to summon, to call",,,,,,,,,,,,,,,,,,,batikolok,
4888,tikolok,intransitive verb,to be engaged in shouting to call others or in summoning,guru batikolok imba: lut,The Quranic teacher summoned from over there 'Lut!',,,,,,,,,,,,,,,,,,
4889,tikus kupang,noun,"shrew, whose squeaking is similar to the ring of coins (i.e. kupang), fam.",,,,,,,,,,,,,,,,animal,,ompu ruma,,
4890,tilantang,,,,,,,,,,,,,,,,,,,,,tilantang akang,
4891,tilantang,verb,to lift s.t. up while providing support under the back (e.g. of a child),,,,,,,,,,,,,,,,,,,titilantang,
4892,tilantang,intransitive verb,"to sleep on o.'s back, to be supine",,,,,,,,,,,,,,,,,,,tila-tilantang,
4893,tilantang,intransitive verb,to be lying on o.'s back for some time,,,,,,,,,,,,,,,,,,,,
4894,tilong,,,,,,,,,,,,,,,,,,,,,tilong akang,
4895,tilong,transitive verb,to roast s.t. until crisp or charred,,,,,,,,,,,,,,,,culinary,,,batilong-tilong,
4896,tilong,intransitive verb,"burned crisp, charred and inedible",,,,,,,,,,,,,,,,culinary,,,,
4897,timamak,intransitive verb,"to scream from pain, to shriek while crying",,,,,,,,,,,,,,,,,,,,
4898,timba,verb,to bail s.t. (water),,,,,,,,,,,,,,,,,Malay,,tatimba,
4899,timba,noun,bailing scoop,,,,,,,,,,,,,,,,,,,,
4900,timbangang,noun,a scale to measure weight,,,,,,,,,,,,,,,,,,,,
4901,timbul,intransitive verb,"to float, to rise to the surface",,,,,,,,,,,,,,,,,,,timbul akang,
4902,timbul,transitive verb,"to set afloat, to cause s.t. to float",ada kalanya sodó itimbul akang itu bu:,There have been times when it reached a point,,,,,,,,,,,,,,,,,batimbul,
4903,timbul,intransitive verb,"to float for some time, to be characterized by the ability to float",pampenyu tu tala batimbul inycana,That sea turtle is floating over there.,,,,,,,,,,,,,,,,,,
4904,timu:,noun,"tin, lead",,,,,,,,,,,,,,,,,,,,"timu: nggoa \df lead, timu: puti \df tin \df sinker, lead weights of a net \sf  fishing"
4905,timumung,verb,"to collect, to gather up",,,,,,,,,,,,,,,,,,,batimumung,
4906,timumung,intransitive verb,"to gather together, to collect in a crowd",jadi kita musi batimumung ka mai rame-rame,So we must gather together over here in,,,,,,,,,,,,,,,,,,
4907,timur,noun,"a point of the compass, east",,,,,,,,,,,,,,,,,,,,"timur laut \df a point of the compass, northeast, timur manunggara \df a point of the compass, east-southeast"
4908,tindi,,,,,,,,,,,,,,,,,,,,,tindi:,
4909,tindi,verb,"to press down on s.t., to squeeze (a louse)",,,,,,,,,,,,,,,,,,,tindi akang,
4910,tindi,verb,to press s.t. down at someone's request,,,,,,,,,,,,,,,,,,,batitindiang,
4911,tindi,intransitive verb,"to press against each other, e.g., in a jam-packed bus, or on a crowded bed, to be piled up on top of each other, e.g., logs or palm midribs in a pile",,,,,,,,,,,,,,,,,,,,
4912,tindi-tindi,noun,wooden cover of sago mold,,,,,,,,,,,,,,,,sago,,,,
4913,tiniku,noun,"(finger) nail, claw, talon",,,,,,,,,,,,,,,,body,,,,
4914,tiniku tinggi,noun,kind of female vampire,,,,,,,,,,,,,,,,,,,,
4915,tintiau,noun,"kind of cake made with sago, coconut cream, and other ingredients",,,,,,,,,,,,,,,,sago,,,,
4915,tintiau,noun,"kind of cake made with sago, coconut cream, and other ingredients",,,,,,,,,,,,,,,,food,,,,
4916,tintis,noun,"kind of small red bird, similar to a parrot",,,,,,,,,,,,,,,,bird,,,,
4917,tingada,intransitive verb,to gaze upward,,,,,,,,,,,,,,,,,,,tingada akang,
4918,tiwadak,noun,"kind of jackfruit,",,,,,,,,,,,,,Artocarpus champeden,,,plant,,naka,,
4919,to: tu,pronoun,that one there,,,,,,,,,,,,,,,,,,,,
4920,toang,noun,"kind of fish, the white trevally,",,,,,,,,,,,,,Caranx nobilis,,,fish,,,,
4921,toap,verb,to steam s.t.,,,,,,,,,,,,,,,,culinary,,,toapi,
4922,toap,verb,to steam s.t. specific,,,,,,,,,,,,,,,,,,,toap akang,
4923,toap,verb,to steam s.t. for someone,,,,,,,,,,,,,,,,,,,batoap,
4924,toap,intransitive verb,"to be engaged in steaming foods, to undergo a ritual and medicinal steaming process in which the patient, usually a",,,,,,,,,,,,,,,,,,,panoapang,
4925,toap,noun,"utensils used for steaming, the place where steaming takes place <steamer>, e.g. the",,,,,,,,,,,,,,,,,,,,
4926,tobaua,noun,"someone who does not learn from unpleasant experiences, recalcitrant, unrepentant",,,,,,,,,,,,,,,,,,,,
4927,tobelo canga,noun,"a sobriquet for mean and belligerent persons, esp. children",,,,,,,,,,,,,,,,,,canga,,
4928,tobok,verb,"to stab with a knife, esp. with an underhand lunge, to perforate (a blister), to skewer s.t.",,,,,,,,,,,,,,,,,,,toboki,
4929,tobok,verb,to stab or perforate s.t. specific (for someone),,,,,,,,,,,,,,,,,,,toboki akang,
4930,tobok,verb,to stab s.t. at someone's request,toboki akang wowo hapanggal ka mai,Skewer a piece of mango and give it to me,,,,,,,,,,,,,,,,,tobok akang,
4931,tobok,verb,to jab or perforate s.t. at someone's request,kau mutobok akang duriku di tiol,Can you jab at (and pry out) that thorn in my foot?,,,,,,,,,,,,,,,,,batobok,
4932,tobok,intransitive verb,"to stab as a task, e.g. to hunt and kill deer",,,,,,,,,,,,,,,,,,,bato-batobokang,
4933,tobok,intransitive verb,to stab e.o.,,,,,,,,,,,,,,,,,,,,
4934,tobus,verb,to redeem s.t. pawned,,,,,,,,,,,,,,,,,,,tobusi,
4935,tobus,verb,to redeem s.t. for someone,,,,,,,,,,,,,,,,,,,tobus akang,
4936,tobus,verb,to redeem s.t. at another's request,,,,,,,,,,,,,,,,,,,tobusi akang,
4937,tobus,verb,to redeem s.t. for someone at another's request,mutobusi akang masiku de pa kardi,Redeem my gold for me at Kardi's goldshop,,,,,,,,,,,,,,,,,,
4938,tobusala,noun,kind of cane or reed used for plaiting,,,,,,,,,,,,,,,,,,,,
4939,todu,intransitive verb,"calm (of the sea), quiet",,,,,,,,,,,,,,,,,,,todu akang,
4940,todu,verb,to cause s.t. to sedimentate,,,,,,,,,,,,,,,,,,,batodu,
4941,todu,intransitive verb,to seek shelter,istiár cece mo haiwán duduk indalang batodu,Make sure no animal is inside seeking,basaláng ujang kita batodu de jojaga si ripai,"If it rains, we'll shelter in Rivai's garden",,,,,,,,,,,,,,,,
4942,tofahe,intransitive verb,"to be cooked very dry (of rice, the grains of which do not adhere, of sago bread that",,,,,,,,,,,,,,,,,,,,
4943,tofor-tofor,intransitive verb,shallow,,,,,,,,,,,,,,,,,Malay,lande,,
4944,tofu,verb,"to pile up, to collect s.t.",,,,,,,,,,,,,,,,,,,batofu-tofu,
4945,tofu,intransitive verb,"to crowd, to collect in large numbers, to be heaped up, to have been collected in large numbers",,,,,,,,,,,,,,,,,,,,
4946,togal,noun,kind of drum and violin music,,,,,,,,,,,,,,,,,,,batogal,
4947,togal,intransitive verb,to play or dance to such music,,,,,,,,,,,,,,,,,,,,
4948,togas,intransitive verb,"to spin in place, to gyrate, to go and very much later return",,,,,,,,,,,,,,,,,,,,
4949,togor,intransitive verb,hard,,,,,,,,,,,,,,,,,,,togori,
4950,togor,verb,to harden s.t. for someone else,,,,,,,,,,,,,,,,,,,patogori,
4951,togor,verb,"to harden s.t. (e.g. sago bread by sunning it), to increase the hardness of s.t.",,,,,,,,,,,,,,,,,,,patogori akang,
4952,togor,verb,to carefully harden or toughen s.t. at someone's request,,,,,,,,,,,,,,,,,,,togor-togor,
4953,togor,intransitive verb,brackish (of water),,,,,,,,,,,,,,,,,,,batogor-togor,
4954,togor,intransitive verb,to be characteristically very hard,,,,,,,,,,,,,,,,,,saloban,,
4955,toguhi akang,verb,"to perform some task or do s.t. with great intensity, to concentrate on s.t.",,,,,,,,,,,,,,,,,,,,
4956,toguhu,intransitive verb,"intense, perspicacious",,,,,,,,,,,,,,,,,,,,
4957,togór,verb,"to greet someone, to say hello (when passing by someone)",,,,,,,,,,,,,,,,,,,batogórang,
4958,togór,verb,"to exchange greetings, to say hello to e.o.",,,,,,,,,,,,,,,,,,buai,,
4959,tohoko,noun,kind of bird,,,,,,,,,,,,,,,,bird,,,,
4960,tojung,verb,to leap on a level surface,,,,,,,,,,,,,,,,,,,tojungi,
4961,tojung,verb,"to leap at someone, to jump in front of someone, to pounce on s.t.",,,,,,,,,,,,,,,,,,,tojung akang,
4962,tojung,verb,to leap in front of someone,,,,,,,,,,,,,,,,,,,tojung-tojung,
4963,tojung,verb,"to repeatedly jump, to dance with leaping movements",,,,,,,,,,,,,,,,,,,,
4964,toki,verb,"to rap, esp. with a downward thrust of the knuckles",,,,,,,,,,,,,,,,,,"koke, antuk",,
4965,toko,noun,"shop, store",,,,,,,,,,,,,,,,,,,,
4966,tola bumi,,,,,,,,,,,,,,,,,,,,tola gumi,,
4967,tola gumi,verb,"to open up new land, to prepare forest land",,,,,,,,,,,,,,,,,,marentes,,
4968,tolap,noun,kind of fish,,,,,,,,,,,,,,,,fish,,,,
4969,tolban,noun,kind of sponge cake made of sago flour and egg,,,,,,,,,,,,,,,,sago,,,,
4969,tolban,noun,kind of sponge cake made of sago flour and egg,,,,,,,,,,,,,,,,food,,,,
4970,tolo-tolo,noun,the whorl of o.'s hair,,,,,,,,,,,,,,,,,,,,
4971,tolouro,noun,"kind of fish,",,,,,,,,,,,,,Megalaspis cordyla,,,fish,,,,
4972,tolu,numeral,three,sapíl tolu,thirteen,,,,,,,,,,,,,,,,,,
4973,tolur,noun,egg,,,,,,,,,,,,,,,,,,,batolur,
4974,tolur,intransitive verb,to lay eggs,,,,,,,,,,,,,,,,,,,panolurang,
4975,tolur,noun,"nest, esp. of fowls",,,,,,,,,,,,,,,,,,panolurang,,
4976,tomang,intransitive verb,"complete, undiminished",,,,,,,,,,,,,,,,,,,patomangi,
4977,tomang,verb,"to reconstitute the unity of s.t., e.g. to put back together a durian which was split",,,,,,,,,,,,,,,,,,,tomang-tomang,
4978,tomang,intransitive verb,"entire, whole",Italang lao tomang-tomang.,He swallowed the fish whole.,saudang tomang-tomang,for the whole month,,,,,,,,,,,,,,,,
4979,tombong,noun,the fleshy seed-bud of in a coconut,,,,,,,,,,,,,,,,,,,,
4980,tome-tome,noun,"kind of tree bearing sour fruit, perhaps",,,,,,,,,,,,,Flacourtia inermis,,,plant,,,,
4981,tomo,verb,"to move (i.e., paddle, swim, etc.) against  s.t., e.g. the wind or current",des ma tomo itu nawa-nawang pauli moyo,Thus it simply cannot move out against the,,,,,,,,,,,,,,,,,,
4982,tomo obo,noun,"kind of culinary technique in which a fish is deboned, stuffed with peanuts and spices",,,,,,,,,,,,,,,,,Malay,,,
4983,tomok,noun,"kind of plant having edible rhizomes and bright red flowers,",,,,,,,,,,,,,Canna edulis,,,plant,,,,
4984,tonang,noun,a sauce to accompany sago porridge,,,,,,,,,,,,,,,,food,,,batonang,
4985,tonang,intransitive verb,to be served with a sago sauce,kapurung bahaláng tamau nyamang singofu batonang lao kiríng kuana,"Sago porridge,",,,,,,,,,,,,,,,,,,
4986,tonap,intransitive verb,"smelling of defecation, malodorous",,,,,,,,,,,,,,,,,,,,
4987,tondok,noun,fence,tiang tondok,fence post,,,,,,,,,,,,,,,,,,
4988,tondok,noun,a place near Labuha,,,,,,,,,,,,,,,,,,,,
4989,tonobane,intransitive verb,"to get a ride, to be a passenger",,,,,,,,,,,,,,,,,,,batonobane,
4990,tonobane,intransitive verb,to engage in getting a ride,,,,,,,,,,,,,,,,,,,patonobane,
4991,tonobane,verb,to give someone a ride,,,,,,,,,,,,,,,,,,,,
4992,tontong,noun,"kind of fish, the lined spine-cheek,",,,,,,,,,,,,,Scolopsis cancellatus,,,fish,,,,"tontong nggaeka \df kind of fish, the whiptail, \sn Pentapodus setosus \sf  fish"
4993,tonung,,,,,,,,,,,,,,,,,,spiritual,,,batonung,
4994,tonung,intransitive verb,"to engage in fortune-telling, clairvoyant communication and other such paranormal",,,,,,,,,,,,,,,,spiritual,,,patonungi,
4995,tonung,transitive verb,"to point out a perpetrator by using magic, to determine s.t. by spells and reading",,,,,,,,,,,,,,,,,,,patonungi akang,
4996,tonung,verb,to point out a perpetrator by clairvoyance or magic at the request of another,,,,,,,,,,,,,,,,,,,,
4997,tong,verb,to bark at someone (of dogs),,,,,,,,,,,,,,,,,,mano/ng,,
4998,tong,noun,kind of large barrel or metallic storage drum,,,,,,,,,,,,,,,,,,,,
4999,tongo,pronoun,a small amount,pauli tadapa doit tongo sen fur balanyja,We can get a few cents' worth of money for,,,,,,,,,,,,,,,,,,"tongo diki \df a bit, a few"
5000,tongoli,verb,"to drink in one gulp, to drink alcohol in swigs",,,,,,,,,,,,,,,,,,,,
5001,to,particle,and the others,de yono to rumana,at Yono and his family's house,,,,,,,,,,,,a marker used to pluralize or collectivize personal pronouns,,,,,,
5002,to,particle,you know,papa to kapo mutauli kamí,"Father, you know, came to check on you.",,,,,,,,,,,,,,,,,,
5003,topang,verb,"to attack (of predatory fish), to browbeat or out-maneuver (of a powerful person)",,,,,,,,,,,,,,,,,,,batopang,
5004,topang,intransitive verb,to be in the process of attacking other fish,,,,,,,,,,,,,,,,,,,,
5005,topa-topal,noun,the high tips of the prows of certain Bacan boats,,,,,,,,,,,,,,,,,,,,
5006,topo,verb,"to clap at someone (to attract that person's attention), to clap for someone (in appreciation)",mutopo ia ka mai hadiki,Please clap for him to come,,,,,,,,,,,,,,,,,topoi,
5007,topo,verb,to clap at someone for someone,,,,,,,,,,,,,,,,,,,topo akang,
5008,topo,verb,to clap at someone at someone's request,,,,,,,,,,,,,,,,,,,batopo,
5009,topo,intransitive verb,to clap the hands,,,,,,,,,,,,,,,,,,batampar tangang,,
5010,topóng,noun,wheat flour,,,,,,,,,,,,,,,,food,,,,topo/ng pamasik \df rice flour \sf  food
5011,tore,intransitive verb,dry and hard (but still chewable) of food which is fried or sunned,,,,,,,,,,,,,,,,,,,tore-tore,
5012,tore,intransitive verb,crisp,,,,,,,,,,,,,,,,,,,,
5013,torong,,,,,,,,,,,,,,,,,,,,,torongi,
5014,torong,transitive verb,to give s.t. in large quantities to someone,,,,,,,,,,,,,,,,,,,,
5015,torori,verb,to sedimentate,,,,,,,,,,,,,,,,,,,,
5016,torori,intransitive verb,"to have cleared up (because impurities have settled), said of water and other liquids",,,,,,,,,,,,,,,,,,,patorori,
5017,torori,intransitive verb,to cause s.t. (e.g. dregs) to sedimentate,,,,,,,,,,,,,,,,,,,,
5018,torosol,intransitive verb,"to pester, annoy, interrupt or bother others",,,,,,,,,,,,,,,,,,,batorosol,
5019,torosol,intransitive verb,to be engaged in bothering and fussing around,,,,,,,,,,,,,,,,,,,,
5020,torus,particle,"then, immediately afterwards, after that",kami imba: de ba: torus kami singga di si umar to,We went over there (at the east,,,,,,,,,,,,,,,,,,
5021,torus,adverb,"incessantly, continuously",anandeket ni balampo torus,This child is always on the move,,,,,,,,,,,,,,,,,torus akang,
5022,torus,verb,"to continue s.t. (o.'s journey, unrolling a measuring tape) at someone's request",torus akang ka lau,Continue in the direction of the sea,,,,,,,,,,,,,,,,,patorusi,
5023,torus,verb,to extend s.t. in the same direction,,,,,,,,,,,,,,,,,,,,
5024,toróp,,,,,,,,,,,,,,,,,,,,batoro/p,,
5025,tosa,noun,"reserve, s.t. extra set aside",botang fur tosa,Put it away as a reserve supply (of food),,,,,,,,,,,,,,,,,batosa,
5026,tosa,intransitive verb,"to keep extra supplies, to have reserves",,,,,,,,,,,,,,,,,,,,
5027,totak,transitive verb,"to shake s.t. (e.g., clothes) to remove dust or crumbs",,,,,,,,,,,,,,,,,,,totaki,
5028,totak,verb,to shake s.t. for someone,,,,,,,,,,,,,,,,,,,patotak,
5029,totak,intransitive verb,to stamp o.'s feet and flail o.'s arms in exasperation or a willful pout,,,,,,,,,,,,,,,,,,,,
5030,toto,pronoun,"that thing, that one",,,,,,,,,,,,,,,,,,,,"toto ini \df this one exactly \il  ana seni toto ini  Precisely these boys, toto itu \df that one precisely \il  toto itu itu  Exactly that one there"
5031,totorang,,,,,,,,,,,,,,,,,,,,bobot totorang,,
5032,totu,noun,great-grandparent,,,,,,,,,,,,,,,,kinship,,"cece, piut",,
5033,totuko,noun,"kind of fish, perhaps the northern bluefin tuna,",,,,,,,,,,,,,Kishinoella tonggol,,,fish,,,,
5034,tring,,,,,,,,,,,,,,,,,,,,cring,,
5035,trumpét,,,,,,,,,,,,,,,,,,,,turumpe/t,,
5036,tu,pronoun,"that, the aforesaid",,,,,,,,,,,,,,,,,,itu,,
5037,tua,intransitive verb,old (of persons),,,,,,,,,,,,,,,,,,,patuai,
5038,tua,verb,to allow s.t. to ripen,,,,,,,,,,,,,,,,,,,patua akang,
5039,tua,verb,"to let s.t. go to seed, to grow s.t. to its full ripeness to obtain seeds for planting",,,,,,,,,,,,,,,,,,,tua-tua,
5040,tua,intransitive verb,old (of things),,,,,,,,,,,,,,,,,,,,
5041,tua,noun,elders,,,,,,,,,,,,,,,,,,,tu-tua,
5042,tua,noun,elders,,,,,,,,,,,,,,,,,,,,
5043,tuala,noun,handkerchief,,,,,,,,,,,,,,,,,,,,
5044,tuar,noun,"stump, esp. of small trees",,,,,,,,,,,,,,,,,,,batuar,
5045,tuar,intransitive verb,to be characterized by stumps (e.g. a recently cleared forest),,,,,,,,,,,,,,,,,,,,
5046,tuarakang,verb,"to leave someone behind on purpose, to ditch someone",,,,,,,,,,,,,,,,,,,,
5047,tuba,intransitive verb,bitter,,,,,,,,,,,,,,,,,,,batuba-tuba,
5048,tuba,intransitive verb,to have the characteristic of bitterness (when tasted),,,,,,,,,,,,,,,,,,,patubai,
5049,tuba,verb,to make s.t. bitter,,,,,,,,,,,,,,,,,,,,
5050,tuba kayu,noun,"kind of fish poison, kind of root used to make a fish poison, tuba root,",,,,,,,,,,,,,Derris elliptica,,,plant,,,,
5050,tuba kayu,noun,"kind of fish poison, kind of root used to make a fish poison, tuba root,",,,,,,,,,,,,,Derris elliptica,,,fishing,,,,
5051,tubas,verb,to cause land to slide down,,,,,,,,,,,,,,,,,,,tubas akang,
5052,tubas,verb,"to cause s.t. to collapse, to scrape away s.t. (land)",,,,,,,,,,,,,,,,,,,natubas,
5053,tubas,intransitive verb,to have collapsed by a landslide,,,,,,,,,,,,,,,,,,,,
5054,tubin,noun,four days from now,,,,,,,,,,,,,,,,,,,,
5055,tudang,,,,,,,,,,,,,,,,,,,,sapat-,,
5056,tuda-tuda,noun,"loop, usually of rattan, fastening the strut to the boat",,,,,,,,,,,,,,,,,,,,
5057,tuging,noun,"kind of boring tool, a gimlet",,,,,,,,,,,,,,,,tool,,,,
5058,tuhang,noun,God,,,,,,,,,,,,,,,,,,Allah,,
5059,tuju,verb,to shoot s.t. or someone,,,,,,,,,,,,,,,,,,,tujui,
5060,tuju,verb,to shoot at some target or person,,,,,,,,,,,,,,,,,,,tuju akang,
5061,tuju,verb,to shoot at another's request,,,,,,,,,,,,,,,,,,,batuju,
5062,tuju,intransitive verb,to engage in shooting,,,,,,,,,,,,,,,,,,,,
5063,tujublas ramadán,noun,the Islamic holiday commemorating the descent of the angel Jibrail to reveal the,,,,,,,,,,,,,,,,spiritual,,,,
5064,tujui,intransitive verb,to travel in some direction,tujui de awanggó,to travel in the direction of Awanggó.,,,,,,,,,,,,,,,,,,
5065,tuka,verb,to buy s.t.,,,,,,,,,,,,,,,,,,,tukai,
5066,tuka,verb,to buy s.t. for someone,tukai aku pondo habua,Buy me a shirt.,,,,,,,,,,,,,,,,,tukai akang,
5067,tuka,verb,to buy s.t. for someone at someone's request,tukai akang pondo habua bo si ali,Buy a shirt for Ali.,,,,,,,,,,,,,,,,,tuka akang,
5068,tuka,verb,to buy s.t. at someone's request,,,,,,,,,,,,,,,,,,,batuka,
5069,tuka,intransitive verb,to make a purchase (as a task),alengo kusu: si umar batuka tabako,Just now I told Umar to buy cigarettes,,,,,,,,,,,,,,,,,batuka-tuka,
5070,tuka,intransitive verb,to make purchases repeatedly or intensively,,,,,,,,,,,,,,,,,,tukaya,,
5071,tukang,noun,"craftsman, workman",,,,,,,,,,,,,,,,,,,,tukang bayaka \df blacksmith \crm  bayaka \crm  burung tukang
5072,tukaya,noun,price,tukayana sabayá,What's its price?,,,,,,,,,,,,,,,,,,tukaya kawing \df bride price \crm  tuka
5073,tula,noun,three days from now,,,,,,,,,,,,,,,,,,,,
5074,tulak,transitive verb,to push,,,,,,,,,,,,,,,,,,,tulaki,
5075,tulak,transitive verb,to push at s.t.,,,,,,,,,,,,,,,,,,,tulak akang,
5076,tulak,transitive verb,to push at someone's request,,,,,,,,,,,,,,,,,,,batulak,
5077,tulak,intransitive verb,to engage in pushing,,,,,,,,,,,,,,,,,,,batutulakang,
5078,tulak,intransitive verb,"to push each other, to jostle",,,,,,,,,,,,,,,,,,,,
5079,tulang,noun,bone,tulang natempik,broken bone,,,,,,,,,,,,,,body,,,,"tulang bangkurung \df backbone, tulang keringa \df shin bone, tibia \crm  sabe-sabel \sf  body"
5080,tulung,verb,"to assist, to help",Kau mutulung aku hadiki.,"Give me some help, will you?",,,,,,,,,,,,,,,,,tulungi,
5081,tulung,verb,to help someone,,,,,,,,,,,,,,,,,,,tulungi akang,
5082,tulung,verb,to help someone at the request of another,Kau mutulungi akang ia basintak nyjong.,Help him beach his boat!,,,,,,,,,,,,,,,,,tulung akang,
5083,tulung,verb,to help someone at his or her request,,,,,,,,,,,,,,,,,,,batulung,
5084,tulung,intransitive verb,to extend aid,,,,,,,,,,,,,,,,,,,batulungang,
5085,tulung,intransitive verb,to extend aid (of many persons),,,,,,,,,,,,,,,,,,,batu-batulungang,
5086,tulung,intransitive verb,to help e.o.,kamí pabua foloi pauli kita batu-batulungang,You make extra then we will be able to,,,,,,,,,,,,,,,,,,
5087,tum,ideophone,the sound of splashing or diving,,,,,,,,,,,,,,,,,,,batím,
5088,tum,verb,"to dive (deeply), to swim underwater",,,,,,,,,,,,,,,,,,manyalang,,
5089,tuma,noun,"kind of insect, body louse, order Phthiraptera, tick, (Acari), or flea (Siphonaptera)",,,,,,,,,,,,,,,,insect,,"bawi tumana, iyu tumana, linyca, daung tumana",,
5090,tumbak,transitive verb,to hew s.t. to split and shape s.t. (wood) into blocks suitable for chopping into,,,,,,,,,,,,,,,,,,,tumbaki,
5091,tumbak,verb,to hew s.t. for someone,,,,,,,,,,,,,,,,,,,tumbak akang,
5092,tumbak,verb,to hew s.t. at someone's request,,,,,,,,,,,,,,,,,,,batumbak,
5093,tumbak,intransitive verb,to engage in wood-hewing,,,,,,,,,,,,,,,,,,,,
5094,tumbak,noun,"kind of spear, sharpened stake",,,,,,,,,,,,,,,,,,,,
5095,tumbol,verb,"to poke at s.t. (fruit, etc.) with a pole",,,,,,,,,,,,,,,,,,,tatumbol,
5096,tumbol,noun,"cane, staff, walking stick, kind of pole or cross-piece used to spread a net apart for drying",,,,,,,,,,,,,,,,tool,,,,
5097,tumbu,,,,,,,,,,,,,,,,,,,,,batumbu,
5098,tumbu,intransitive verb,to sprout (of plants),,,,,,,,,,,,,,,,,,,patumbu akang,
5099,tumbu,verb,to cause s.t. to sprout,,,,,,,,,,,,,,,,,,jarung,,
5100,tumbulawang,noun,"kind of ginger, the rhizomes of which are medicinal,",,,,,,,,,,,,,Curcuma xanthorrhiza <medicine>,,archaic,plant,,,,
5101,tumbuni,verb,to blow on s.t.,,,,,,,,,,,,,,,,,,,tumbuni akang,
5102,tumbuni,verb,to blow at s.t. at another's request,Tumbuni akang mataku.,Blow into my eyes (to remove a particle there).,,,,,,,,,,,,,,,,,batumbuni,
5103,tumbuni,intransitive verb,to engage in blowing (e.g. to ignite a fire),,,,,,,,,,,,,,,,,,,batu-batumbuniang,
5104,tumbuni,intransitive verb,to blow at e.o.,,,,,,,,,,,,,,,,,,,,
5105,tumburafu,intransitive verb,"to do as o. likes, to be self-centered, to be so egotistical that o.'s behavior is erratic",,,,,,,,,,,,,,,,,,,,
5106,tumbu-tumbuhan,noun,"plants, vegetation",,,,,,,,,,,,,,,,,Indonesian,,,
5107,tumping,noun,a fleshy growth on the skin,,,,,,,,,,,,,,,,body,,,,
5108,tumpul,intransitive verb,"dull, blunt-edged",,,,,,,,,,,,,,,,,,,,
5109,tunas,noun,kind of tree,,,,,,,,,,,,,,,,plant,,,,
5110,tunas,noun,young branch,,,,,,,,,,,,,,,,,,,,
5111,tunduk,verb,to lean forward,,,,,,,,,,,,,,,,,,,batunduk,
5112,tunduk,intransitive verb,to be in a bent or leaning position,,,,,,,,,,,,,,,,,,,,
5113,tundung,noun,"thestalk (of certain fruits, e.g. coconuts), incl. the peduncle and multiple pedicels",,,,,,,,,,,,,,,,,,,,
5114,tundung,numeral classifier,"a bunch or cluster, a counter of certain fruits",,,,,,,,,,,,,,,,,,,,
5115,tuntut,verb,to charge s.t. in a legal proceeding,,,,,,,,,,,,,,,,,,,manuntut,
5116,tuntut,intransitive verb,to be a complainant in a legal proceeding,,,,,,,,,,,,,,,,,,kala/k,,
5117,tunu,verb,"to set alight (a torch or lantern), to start a fire <ignite>",,,,,,,,,,,,,,,,,,,tunui,
5118,tunu,verb,to light s.t. for someone,tunui ia padamara,Light a lamp for him,,,,,,,,,,,,,,,,,tunu akang,
5119,tunu,verb,to light s.t. at someone's request,,,,,,,,,,,,,,,,,,,batunu,
5120,tunu,intransitive verb,engage in lighting (e.g. lighting lanterns at nightfall),,,,,,,,,,,,,,,,,,,,
5121,tuníng,verb,to weave s.t.,,,,,,,,,,,,,,,archaic,,,,,
5122,tung,noun,kind of small long hand-held drum,,,,,,,,,,,,,,,,,,,,
5123,tunggar,noun,kind of tree,,,,,,,,,,,,,,,,plant,,,,
5124,tunggara,noun,"a point of the compass, southeast",,,,,,,,,,,,,,,,,,,,
5125,tunggu,verb,to wait,,,,,,,,,,,,,,,,,Indonesian,adangi,,
5126,tungkangi,,,,,,,,,,,,,,,,,,,,,tungkangi:,
5127,tungkangi,verb,"to show s.t. to someone, to demonstrate s.t. to someone, to explain to someone",Ia mutungkangi: langker benteng dadauluna.,She showed him the old fort.,A: sakarang kutungkangi: kau.,"So, now I'll explain to you.",,,,,,,,,,,,,,,tungkangi akang,
5128,tungkangi,verb,to show someone s.t. at another's request,,,,,,,,,,,,,,,,,,,batungkangi:,
5129,tungkangi,intransitive verb,to be engaged in showing s.t. to someone,,,,,,,,,,,,,,,,,,,,
5130,tuong,verb,"to wrap up s.t., to cover s.t., to envelop s.t.",asapa itu naik ka:ta mutuong kita,Its smoke rose up and enveloped us.,,,,,,,,,,,,,,,,,,
5131,tuong,noun,package,,,,,,,,,,,,,,,,,,,,
5132,tuong,numeral classifier,"pack, counter for cigarettes",,,,,,,,,,,,,,,,,,,tuongi,
5133,tuong,verb,to wrap s.t. for someone,,,,,,,,,,,,,,,,,,,tuong akang,
5134,tuong,verb,to wrap s.t. at someone's request,,,,,,,,,,,,,,,,,,,batuong,
5135,tuong,intransitive verb,to engage in packaging,,,,,,,,,,,,,,,,,,,patuongi,
5136,tuong,verb,to thoroughly enclose s.t. in wrapping,,,,,,,,,,,,,,,,,,,tuo-tuong,
5137,tuong,noun,"package, bundle (of clothes)",,,,,,,,,,,,,,,,,,bobot tutuongang,,
5138,tur,noun,"low tide, ebb tide",,,,,,,,,,,,,,,,,,,,"tur kering \df very low tide, typical of certain seasons"
5139,turang,verb,"to push s.t. down, to take apart s.t.",tadua taturang pandudukang itu,Let's the two of us push over that group's sitting,,,,,,,,,,,,,,,,,turangi,
5140,turang,verb,to push s.t. down on someone or s.t.,dinding ni muturangi aku de kapala,"You pushed that wall down on to me, right onto",,,,,,,,,,,,,,,,,turang akang,
5141,turang,verb,to cause s.t. to slide down at someone's request,,,,,,,,,,,,,,,,,,,naturang,
5142,turang,intransitive verb,"to have slid down, to have come down",pasir naturang,the (dune of) sand has collapsed,,,,,,,,,,,,,,,,,,
5143,turi,noun,"kind of tree, the scarlet wisteria tree,",,,,,,,,,,,,,Sesbania grandiflora,,,plant,,,,
5144,turumpét,noun,"kind of musical instrument, the trumpet",,,,,,,,,,,,,,,,,,,,
5145,turumpét,noun,"kind of fish, the deep-sea flute-mouth,",,,,,,,,,,,,,Fistularia villosa,,,fish,,,,
5146,turung,intransitive verb,"to descend, to conclude some elevated task (e.g. studying Quranic recital) and so return to the",,,,,,,,,,,,,,,,,,,,"turung sambeang \df to leave from Friday prayers, to leave from worship in the mosque (i.e. to come down from the spiritual plane to the mundane) \af  turungi \ps  v \df to lower s.t. \af  turung akang \ps  v \df to lower s.t. at someone's request \af  baturung \ps  vi \df to send (someone) off, to see off <send off> \il  pasi mubaturung panganting They saw the bride and groom off. \df to be engaged in lowering s.t. \af  babaturung \ps  vi \df to set forth in a bridal entourage \il  panganting tu tala babaturung The groom set forth in a wedding parade \af  naturung \ps  vi \df to be sloping inappropriately (e.g. of a roof with too steep a pitch) <slope> \df to have gone down unexpectedly \af  panurungang \ps  n \df ladder, notched log (for descending a river bank) \af  panu-panurungang \ps  n \df steps or well-beaten path leading downwards (e.g. to a river) \af  katurungang \ps  n \df line of descent \af  katu-katurungang \ps  n \df riverbank \df steep incline leading downward, including path or stairway"
5147,tutuk,verb,to pound,,,,,,,,,,,,,,,,,,,tutuki,
5148,tutuk,verb,to pound s.t. for someone,,,,,,,,,,,,,,,,,,,tutuk akang,
5149,tutuk,verb,to pound s.t. at someone's request,,,,,,,,,,,,,,,,,,,batutukang,
5150,tutuk,intransitive verb,to fight e.o.,pasi batutukang,They fight each other,,,,,,,,,,,,,,,,,natutuk,
5151,tutuk,intransitive verb,"to have choked (on food), to be pounded or slammed (e.g., to be driven shoreward by heavy waves)",pamuluna ilau yogo natutuk,The predator fish is there and the school of fish is about to,,,,,,,,,,,,,,,,,panutukang,
5152,tutuk,noun,fist,,,,,,,,,,,,,,,,,,,,
5153,tutuongang,,,,,,,,,,,,,,,,,,,,bobot tutuongang,,
5154,tutup,transitive verb,to put a cover on s.t.,,,,,,,,,,,,,,,,,,,,"tutupa \df bung, cover, or plug of s.t. \af  tutupi \ps  vt \df to close s.t. for someone \il  tutupi nawang  Close the door \il  di buluta itutupi nang daung apé  At the top they close it with what kind of leaf? \af  tutupi akang \ps  v \df to close s.t. at someone's request \af  tutup akang \ps  vt \df to close s.t. at someone's request \af  natutup \ps  vi \df accidentally closed \af  tutu-tutup \ps  n \df cover, lid"
5155,tutusaji,noun,kind of semi-spherical food cover of plaited and decorated palm leaves,,,,,,,,,,,,,,,,,,,,
5156,tutuyang,noun,kind of permanent side porch or gazebo without walls; the roof is usually thatch,,,,,,,,,,,,,,,,,,,,
5157,tuyut,,,,,,,,,,,,,,,,,,,,batuyutang,,
5158,uar,verb,"to bring down, to cause to collapse, to wreck (a house)",,,,,,,,,,,,,,,,,,,uari,
5159,uar,transitive verb,to bring down s.t. on someone,,,,,,,,,,,,,,,,,,,uar akang,
5160,uar,verb,to bring s.t. down at someone's request,,,,,,,,,,,,,,,,,,,bauar,
5161,uar,intransitive verb,to be engaged in dismantling <dismantle> or tearing down,,,,,,,,,,,,,,,,,,,,bauar kayuang \df to clear a forest \il  supaya pasi mueti yang kita bauar kayuang so that they know that we plan to clear some land (for planting) \af  bauari akang \ps  vi \df to be engaged in tearing s.t. down at another's request \af  nauar \ps  vi \df collapsed
5162,uas,verb,to wash s.t. (a plate),,,,,,,,,,,,,,,,,,,uasi,
5163,uas,verb,to wash s.t. (crockery) for someone,,,,,,,,,,,,,,,,,,,uas akang,
5164,uas,verb,to wash s.t. at someone's request,,,,,,,,,,,,,,,,,,,bauas,
5165,uas,intransitive verb,to engage in dish-washing,,,,,,,,,,,,,,,,,,,bauas-uas,
5166,uas,intransitive verb,to engage in washing a large number of plates and glasses,,,,,,,,,,,,,,,,,,,pauasang,
5167,uas,noun,"fingerbowl, water used to wash dishes <dishwasher>",,,,,,,,,,,,,,,,,,,,
5168,uat,,,,,,,,,,,,,,,,,,,,mauat,,
5169,ubang,verb,"to strike someone with the hand, to hit someone",,,,,,,,,,,,,,,,,,,ubang akang,
5170,ubang,verb,to strike someone at someone's request,,,,,,,,,,,,,,,,,,,,
5171,ubo,noun,"kind of bird, a blue and green parrot",,,,,,,,,,,,,Psittacidae,,,bird,,,,
5172,udang,noun,"moon,",,,,,,,,,,,,,,,,natural phenomenon,,,,"udang makarau \df lunar eclipse \sf  nat phen, udang pakaciang \df full moon \df bright, luminescent moon \sf  nat phen, udang purnama \df full moon \sf  nat phen, udang sabil \df crescent moon, new moon, udang sabit \df crescent moon, new moon \df month, udang haji \df the twelfth month of the Islamic calendar, during which the rituals of the hajj are performed, udang puasa \df the ninth month of the Islamic calendar, during which the fast is observed, udang kapota \df next month \crm  julkaida \crm  julhija \crm  jumadil awal \crm  jumadil ahir \crm  muharam \crm  raja/p \crm  ramada/n \crm  saba/n \crm  sapar \crm  sawa/l"
5173,udara,noun,airplane,,,,,,,,,,,,,,,,,,kapal udara,,
5174,uhi,noun,"kind of fish, the black spinefoot,",,,,,,,,,,,,,Siganus spinus,,,fish,,,,
5175,ui,noun,"kind of root crop, the sweet potato,",,,,,,,,,,,,,Ipomoea batatas,,,plant,,,,
5176,ujang,noun,rain,,,,,,,,,,,,,,,,natural phenomenon,,laulaka ujang,,"ujang alu-alus \df light shower, ujang rente-rente \df drizzle, light shower \sf  nat phen, ujang nang papadasa \df sunshower \sf  nat phen"
5177,ujung,noun,"cape, promontory, headland, extremity, point",,,,,,,,,,,,,,,,geography,,peler ujunga,,
5178,ukir,verb,to carve,,,,,,,,,,,,,,,,,,,,
5179,ukur,,,,,,,,,,,,,,,,,,,,,ukuri,
5180,ukur,verb,to measure someone or s.t.,,,,,,,,,,,,,,,,,,,ukur akang,
5181,ukur,verb,to measure s.t. at someone's request,,,,,,,,,,,,,,,,,,,baukurang,
5182,ukur,intransitive verb,to measure e.o.,puda nang juki baukurang siá lebe ra:,Puda and Juki were measuring e.o. (to see) who was bigger,,,,,,,,,,,,,,,,,,
5183,ulang,verb,to repeat (some behavior pattern),cece kau muulang dang mo kubobar kau,Don't do (that) again,otherwise I'll beat you,,,,,,,,,,,,,,,,ulangi,
5184,ulang,verb,to repeat s.t. for someone,ulangi caritamu,repeat your story,,,,,,,,,,,,,,,,,ulang akang,
5185,ulang,verb,to repeat s.t. at someone's request,,,,,,,,,,,,,,,,,,,ulangi akang,
5186,ulang,verb,to repeat s.t. specific at another's request,,,,,,,,,,,,,,,,,,,baulang,
5187,ulang,intransitive verb,to be in the process of repeating,,,,,,,,,,,,,,,,,,,mangulangi,
5188,ulang,intransitive verb,to review or restudy s.t.,,,,,,,,,,,,,,,,,,,paulang akang,
5189,ulang,verb,to cause or assist someone to repeat s.t.,ia keu mupaulang akang adina mangaji,She refused to help her brother review his,,,,,,,,,,,,,,,,,,
5190,ulang-ulang,noun,"kind of savory cake, made of glutinous rice steamed with fish, wrapped in banana",,,,,,,,,,,,,,,,,,"ulang, lalampa",,
5191,ulang-ulang,noun,kind of vegetable dish of raw male banana flowers and cucumbers in a slightly sour,,,,,,,,,,,,,,,,,,,,
5192,ular,noun,"snake, suborder Serpentes or Ophidia",,,,,,,,,,,,,,,,animal,,,,"ular leper \df various kind of poisonous snakes, esp. pit-vipers, \sn Crotalinae  , incl. the marble pit viper, \sn Agkistrodon rhodostoma \sf  animal, ular lidi \df kind of green tree snake, probably \sn Dryophis prasinus \sf  animal, ular buta \df some kind of sea snakes \sf  sea creature, ular mata buta \df kind of snake, \sn Acrochordus \sf  animal, ular minyak \df kind of snake, perhaps the banded coral snake, \sn Maticora intestinalis \sf  animal, ular patola \df kind of snake, python \sf  animal, ular patola rong \df kind of snake, kind of python \sf  animal, ular suligi \df kind of small snake \sf  animal, ular komalona \df a luminescent excretion of snakes, believed to be the lifeforce of a snake, perhaps a bezoar \crm  komalo"
5193,ulat,noun,"grub, caterpillar",,,,,,,,,,,,,,,,insect,,,,"ulat babulu \df various kind of caterpillars with venomous setae, fam. Limacodidae, incl. the stinging caterpillar, \sn Parasa lepida \sf  insect, ulat tantung \df mosquito larvae \sf  insect \af  baulat \ps  vi \df to be wormy or full of larvae"
5194,ulu,noun,"hilt, handle",bayaka uluna,machete hilt,,,,,,,,,,,,,,,,,baulu,
5195,ulu,intransitive verb,to have a handle or hilt,bayaka habua tu baulu kayu molugotu,That machete has a hilt of molugotu wood,,,,,,,,,,,,,,,,,,
5196,ulur,verb,"to put (a boat) in water, to launch",,,,,,,,,,,,,,,,sailing,,cunting naulur,ulur akang,
5197,ulur,verb,to lower s.t. (a boat) into the water at someone's request,,,,,,,,,,,,,,,,,,,baular,
5198,ulur,intransitive verb,"to be hanging low, to be bent down (of a tree)",,,,,,,,,,,,,,,,,,,baulurang,
5199,ulur,intransitive verb,to be bent very low (of branches with heavy fruiting),,,,,,,,,,,,,,,,,,,,
5200,umang,verb,to look for s.t. or someone,kuumang kau alengo,I was looking for you just now,yogo bose maóp alengo ka lau umang nyjong sondor ke dapa,I wanted to paddle out to,,,,,,,,,,,,,,,baumang,
5201,umang,intransitive verb,to be engaged in searching,manusia yogo sopang baumang lao musi japang mueti,If someone wanted to go out to look,,,,,,,,,,,,,,,,,baumang-umang,
5202,umang,intransitive verb,to constantly be searching,soalnya aku ni ada baumang-baumang kintal mitu,The fact is I have been looking and,,,,,,,,,,,,,,,,,,
5203,umat,noun,"person, often used as a codeword",,,,,,,,,,,,,,,,,,,,
5204,umbuk,verb,"to request, to ask the hand of someone, to propose marriage to a woman's parents",duga-dugana kami umbuk ambulung de abdíl nang wahit,We will just ask for sago,Mansia tala muumbuk anaka ia.,Someone has asked for the hand of his daughter in,,,,,,,,,,,,society,,,,"umbuk hala/l \df to ask for forgiveness of someone from whom o. has stolen, to ask that the victim bear no grudge and clear the perpetrator by the victim's releasing his or her right over the property, umbuk maaf \df to ask forgiveness <apologize> \df to utter s.t. respectfully as a supplicant, umbuk doa \df to say or utter a prayer <pray>, umbuk tarimakasi \df to say thank you, esp. to someone of higher status \af  umbuki \ps  v \df to request s.t. for someone \il  umbuki aku doit saribu de pa mus  Ask for a thousand rupiah for me from Mr. Mus. \af  umbuk akang \ps  v \df to ask for s.t. at someone's request \af  baumbuk \ps  vi \df to be characterized by requesting and begging \af  paumbukang \ps  n \df the formal proposal of marriage by the prospective groom's family; this includes setting the marriage date"
5205,umpak,transitive verb,"to chase someone out, to expel someone",,,,,,,,,,,,,,,,,,,umpak akang,
5206,umpak,verb,to chase someone or s.t. out at someone's request,,,,,,,,,,,,,,,,,,,baumpak,
5207,umpak,intransitive verb,to engage in chasing as a task,baumpak manuk,to work at chasing out chickens,,,,,,,,,,,,,,,,,,
5208,umpalak,verb,to drive someone away harshly <expel>,,,,,,,,,,,,,,,,,,,umpalak akang,
5209,umpalak,verb,to drive someone away at someone's request,,,,,,,,,,,,,,,,,,,,
5210,umpamanya,conjunction,for example,,,,,,,,,,,,,,,,,Indonesian,"mo:, nya",,
5211,umpang,noun,bait,,,,,,,,,,,,,,,,fishing,,,,
5212,umur,noun,age,Kau umurmu sabayá?,How old are you?,Umuku sapulu salapang taung.,I'm nineteen.,,,,,,,,,,,,,,,,"umur tinggi-tinggi \df God-willing, if circumstances permit"
5213,undang,transitive verb,to invite someone to a reception (often by delivering a written  invitation),,,,,,,,,,,,,,,,,,alap,,
5214,unding,verb,to order or command someone,,,,,,,,,,,,,,,,,,,baunding,
5215,unding,intransitive verb,"to engage in ordering (as o.'s job, e.g. as a foreman), to be bossy",,,,,,,,,,,,,,,,,,,paundingang,
5216,unding,noun,a personal servant,,,,,,,,,,,,,,,archaic,,,,,
5217,undur,intransitive verb,to go backwards,,,,,,,,,,,,,,,,,,,,
5218,undur,noun,"kind of conical basket, made of sago leaf sheath used to carry sago pith",,,,,,,,,,,,,,,,utensil,,,,
5218,undur,noun,"kind of conical basket, made of sago leaf sheath used to carry sago pith",,,,,,,,,,,,,,,,sago,,,,
5219,undur,noun,kind of tree bearing edible fruit,,,,,,,,,,,,,,,,plant,,,,
5220,undus,,,,,,,,,,,,,,,,,,,,,undus akang,
5221,undus,verb,to shove s.t. so it moves downward,,,,,,,,,,,,,,,,,,,baundus,
5222,undus,intransitive verb,"to slide downward in a seated position, e.g. to sit on a plank and slide down a hill",,,,,,,,,,,,,,,,,,,naundus,
5223,undus,intransitive verb,to have slid down (of trousers which are too loose and slip down),,,,,,,,,,,,,,,,,,,,
5224,untak,noun,brain,,,,,,,,,,,,,,,,body,,,,
5225,unti,noun,the filling of a cake,,,,,,,,,,,,,,,,culinary,,,,
5226,untuk,preposition,for,,,,,,,,,,,,,,,,,,,,
5227,untuk,conjunction,for the purpose of,,,,,,,,,,,,,,,,,,,,
5228,untuk,preposition,"as for, with regard to",untuk puasa tu aku hawater mo,"As far as fasting month is concerned, I am not worried.",,,,,,,,,,,,,,,Indonesian,"bo:, fur",,
5229,untumajang,exclamation,What a stroke of luck!,,,,,,,,,,,,,,,,,,"untung, majang",,
5230,untung,intransitive verb,"to win, to derive a profit",dadi itu kita untung,"So, that way we profit",,,,,,,,,,,,,,,,,,
5231,untung,noun,profit,,,,,,,,,,,,,,,,,,"untumajang, baruntung",,
5232,unyjur,verb,to stretch out s.t. (o.'s legs),,,,,,,,,,,,,,,,,,,unyjur akang,
5233,unyjur,verb,"to assist someone in stretching (his or her legs), e.g. a baby or an infirm person",,,,,,,,,,,,,,,,,,,baunyjur,
5234,unyjur,intransitive verb,to be (seated) in a posture with stretched out legs,,,,,,,,,,,,,,,,,,,,
5235,upatí,noun,tribute (to the sultan),,,,,,,,,,,,,,,archaic,,,,,
5236,uramati,noun,the deceased,,,,,,,,,,,,,,,,,,"urang, mati-mati, almarhu/m, aruaha",,
5237,urang,noun,person,,,,,,,,,,,,,,,,,,,,"urang tutua \df parents \sf  kinship \df other (person), someone else \il  lakina urang someone else's husband \af  baurang \ps  vi \df to contain an embryo (of a chicken egg) \af  saurang \ps  n \df by oneself \crm  sasaraurang \crm  sapaturang"
5238,urang punana,noun,owner,,,,,,,,,,,,,,,,,,,,
5239,uras,transitive verb,"to strike someone with a rod, to cane someone",,,,,,,,,,,,,,,,,,,,
5240,urat,noun,"vein, artery, suture (of a durian carpel)",,,,,,,,,,,,,,,,body,,,urati,
5241,urat,verb,to cut slits or grooves into s.t.,,,,,,,,,,,,,,,,,,,baurat,
5242,urat,intransitive verb,to have bulging veins,,,,,,,,,,,,,,,,,,,,
5243,ure,transitive verb,to unfasten (o.'s hair bun),,,,,,,,,,,,,,,,,,,ure akang,
5244,ure,transitive verb,to unfasten a hair bun at someone's request,,,,,,,,,,,,,,,,,,,baure,
5245,ure,intransitive verb,to let down o.'s hair,,,,,,,,,,,,,,,,,,,naure,
5246,ure,intransitive verb,unfastened unintentionally and hanging down (of the hair),,,,,,,,,,,,,,,,,,,,
5247,uru,noun,"hex, hex sign, esp. to deter or punish thefts; canonical hex signs are usually made",,,,,,,,,,,,,,,,,,,,"uru foya-foya \df a hex sign, often made of cloth, usually hung in the tree to be protected; although not canonical hexes, these often cause fatal or very serious results \crm  foya, uru kalaumang \df a hex sign in which a hermit crab is tied and hung from the rafter of the model house; this causes intestinal disorders as if a hermit crab were moving slowly through the stomach \crm  kalaumang, uru kal baha/r \df a hex sign in which a small piece of black coral is placed in the shell of the model house; if that piece of coral is heated or roasted before it is placed, the thief will suffer severe illness, unconsciousness and, possibly, death \crm  kal baha/r, uru koco-koco \df a hex sign which causes extreme distension of the stomach \crm  koco-koco, uru lobong \df a hex sign in which a piece of sago bread is buried below the model house; the thief suffers intestinal disorders upon his or her return home \crm  lobong, uru panycungut \df a hex, featuring the recitation of mantras over the item to be protected; if that item is touched with the intent to steal, the would-be thief is only able to move in circles in the vicinity of that item \crm  panycungut \crm  tanoga, uru tirigu \df a hex sign in which a few kernels of maize are placed in the shell of the model house; if those kernels are heated or roasted before they are placed, the thief will suffer severe illness, unconsciousness and, possibly, death \crm  tirigu \af  urui \ps  v \df to put a hex sign in a certain place \il  kuurui buángiku I put a hex sign on my langsat tree \af  urui akang \ps  v \df to put a hex sign in a certain place at someone's request \crm  luli \sf  spiritual"
5248,urumbó,intransitive verb,"crazy, insane, zany",,,,,,,,,,,,,,,,,,,,
5249,urung,verb,"to swarm around s.t. (of insects), to crowd around s.t. or someone (of persons)",,,,,,,,,,,,,,,,,,,urungi,
5250,urung,verb,"to swarm on s.t., to crowd s.t.",,,,,,,,,,,,,,,,,,,urung akang,
5251,urung,verb,to crowd someone or s.t. at another's request,,,,,,,,,,,,,,,,,,,,
5252,urut,,,,,,,,,,,,,,,,,,,,,uruti,
5253,urut,verb,to massage someone or s.t.,,,,,,,,,,,,,,,,,,,baurut,
5254,urut,intransitive verb,to be engaged in massaging,,,,,,,,,,,,,,,,,,,,
5255,usa,transitive verb,"to increase the intensity (of a flame), to intensify (a fire) by fanning it, etc.",Usa api naik.,Stoke up that fire so it rises up.,,,,,,,,,,,,,,,,,nausa,
5256,usa,intransitive verb,to have flamed up,,,,,,,,,,,,,,,,,,,,
5257,usaha,noun,"endeavor, effort",,,,,,,,,,,,,,,,,,,,
5258,usaha,verb,"to attempt, to try",,,,,,,,,,,,,,,,,,,,
5259,usi,,,,,,,,,,,,,,,,,,,,,usi akang,
5260,usi,verb,"to follow (what someone says), to do (as someone says)",,,,,,,,,,,,,,,,,,,bausi,
5261,usi,intransitive verb,"to follow (someone's footsteps), to come along, to move along some direction",tabujuk langker supaya ia bausi,We'll persuade him to come along.,lao tu sipa bausi in de dodoku,Those fish surface along Dodoku.,,,,,,,,,,,,,,,,
5262,usi,particle,"following from, subsequent to (some event or action)",,,,,,,,,,,,,,,,,,,,
5263,usir,verb,to chase someone or s.t. away,,,,,,,,,,,,,,,,,Malay,umpak,,
5264,utang,,,,,,,,,,,,,,,,,,,,pombo utang,,
5265,utara,noun,"a point of the compass, north",,,,,,,,,,,,,,,,,,,,
5266,utur,noun,"kind of fish, a trevally, perhaps the bludger,",,,,,,,,,,,,,Carangoides gymnostethus,,,fish,,,,
5267,uwuk-wuk,ideophone,"the sound made by an owl, the hoot of an owl",,,,,,,,,,,,,,,,,,,,
5268,ya,particle,"well, as it stands",,,,,,,,,,,,,,,,,,,,
5269,ya:,exclamation,"So!, what do you expect, exclamation of disparagement",,,,,,,,,,,,,,,,,,,,
5270,ya ala,exclamation,"Good gosh!, a mild expression of surprise",,,,,,,,,,,,,,,,,,,,
5271,ya ilahi,exclamation,"God!, an expression of disbelief or disapproval",,,,,,,,,,,,,,,,,,,,
5272,yabut,,,,,,,,,,,,,,,,,,,,,yabut akang,
5273,yabut,verb,"to unravel s.t. (cloth, the weave)",,,,,,,,,,,,,,,,,,,nayabut,
5274,yabut,intransitive verb,unraveled,,,,,,,,,,,,,,,,,,,nayabu-yabut,
5275,yabut,intransitive verb,"unraveled and frayed, exhausted, frazzled",saliaku nayabu-yabut,My sarong's falling apart.,"meskena nayabu-yabut, musi ka lau hadiki","Although we're exhausted, we must head",,,,,,,,,,,,,,,,
5276,yafo,verb,"very slow, poky",,,,,,,,,,,,,,,,,,,,
5277,yakis,,,,,,,,,,,,,,,,,,,,bua yakis,,
5278,yambu,noun,thread,,,,,,,,,,,,,,,,,,,,
5279,yambu,noun,"various kind of trees bearing edible fruit, incl. the Malay apple,",,,,,,,,,,,,,"Eugenia malaccensis and the water apple,, Eugenia aquea",,,plant,,,,
5280,yambu-yambut,noun,"sponge, phylum Porifera",,,,,,,,,,,,,,,,sea creature,,,,"yambu-yambut karuaya \df kind of sponge, the Mound-type sponge \sf  sea creature, yambu-yambut sasu/ \df kind of sponge, the White Ascidian \sf  sea creature"
5281,yang,pronoun,which,yang penting,that which is important,lecak yang ada ianta,the earth which was on top,,,,,,,,,,,,,,,,
5282,yang,conjunction,"that, namely",,,,,,,,,,,,,,,,,,,,
5283,yapu,transitive verb,"to grope for s.t. in the dark, to sexually molest or assault someone by entering the house stealthily at night",ia muyapu anaka urang bini-bini.,He was indecent with somebody's daughter.,,,,,,,,,,,,,,,,,bayapu,
5284,yapu,intransitive verb,to engage in entering others' houses in order to pursue sexual adventures,,,,,,,,,,,,,,,,,,,,
5285,yarasulallah,exclamation,"For heaven's sake!, an exclamation of surprise or shock",,,,,,,,,,,,,,,,,,,,
5286,yasa,,,,,,,,,,,,,,,,,,,,,bayasa,
5287,yasa,intransitive verb,"to have an offensive taste, to have a certain taste, to have a certain feeling",lao ini tala bayasa,This fish has a spoiled taste,bayasa tuba,to taste bitter,,,,,,,,,,,,,,,,"bayasa jat \df to hurt, to feel pain \il  poruku bayasa jat My stomach hurt. My stomach was bothering me. \af  payasa akang \ps  v \df to taste s.t. \crm  idap"
5288,yautang,noun,"kind of tree, similar to trees found in mangroves",,,,,,,,,,,,,,,,plant,,,,
5289,yayáng,noun,"kind of insect, the fruit fly",,,,,,,,,,,,,Drosophilidae,,,insect,,,,
5290,yo,exclamation,certainly,yo ipasusa manusia,Certainly they just made things difficult for people.,,,,,,,,,,,,,,,,,,
5291,yo,particle,well,yo anu de lalaina tala mo,"Well, are the whatchamacallits at the others' still not (ripe)?",yo basaláng kata de pasar lao mata-mata bolung i:,"Well, as for the market there, there",,,,,,,,,,,,,,,,
5292,yo:,particle,"let's, hey",Yo: balampo.,Let's go.,,,,,,,,,,,,particle to urge action,,,,,,
5293,yobung,noun,bamboo shoot,,,,,,,,,,,,,,,,,,,,
5294,yogo,particle,"want to, intend to, about to",yogo balumbar,want to go take a bath,po waktuna yogo irabi ipareksa dang ilia mo ular indalang de kalero dalama,"When o. intends to ignite the fire, he examines and sees that there are no snakes inside the heaped firewood.",,,,,,,,,,aspect marker indicating intentionality or a future activity,,,,nyausu/,,
5295,yoyó,noun,dog,,,,,,,,,,,,,Canidae,,,animal,,,,
5296,yuyuk,,,,,,,,,,,,,,,,,,,,,yuyuki,
5297,yuyuk,verb,to gargle out,balampo ka yuyuki sungut itu,Go gargle that mouth out,,,,,,,,,,,,,,,,,bayuyuk,
5298,yuyuk,intransitive verb,to gargle,,,,,,,,,,,,,,,,,,,,
5299,wa:,exclamation,"Oh!, exclamation of regret, longing or disagreement",,,,,,,,,,,,,,,,,,,,
5300,wafel,noun,kind of square cake,,,,,,,,,,,,,,,,food,,,,
5301,waji,noun,"kind of steamed sweetmeat made of rice, glutinous rice and other ingredients",,,,,,,,,,,,,,,,food,,,,
5302,wakil,noun,"representative, temporary replacement",,,,,,,,,,,,,,,,,Indonesian,,,
5303,wakis,,,,,,,,,,,,,,,,,,,,,wakis akang,
5304,wakis,verb,"to rip s.t., to tear s.t.",,,,,,,,,,,,,,,,,,,nawakis,
5305,wakis,intransitive verb,torn,,,,,,,,,,,,,,,,,,,,
5306,waktu,noun,"time, era",,,,,,,,,,,,,,,,,,,,
5307,walanda,noun,"Netherlands, Dutch",,,,,,,,,,,,,,,,,,,,
5308,walawpung,conjunction,although,,,,,,,,,,,,,,,,,Indonesian,,,
5309,walhasil,noun,result,,,,,,,,,,,,,,,,,,,,
5310,wali,noun,"guardian, a category of relationship, defined by Islamic law, to represent o.'s parents",,,,,,,,,,,,,,,,,,,,wali jou gugu \df a representative acting on behalf of the sultan of Bacan \sc  Archaic
5311,walirang,noun,sulphur,,,,,,,,,,,,,,,,,,,,
5312,walu,noun,various kind of squash,,,,,,,,,,,,,Cucurbitaceae,,,plant,,,,"walu botol \df bottle gourd, calabash \sn Lagenaria siceraria \sf  plant"
5313,wanis,noun,"the topmost frond of the arenga palm, used to string fish",,,,,,,,,,,,,,,,,,,,
5314,wang,noun,"kind of fish, cod",,,,,,,,,,,,,Gadidae,,,fish,,,,"wang batitik \df kind of very large cod with scattered spots, the dotty back or estuary rock-cod, \sn Epinephelus tauvina \sf  fish, wang dolong \df kind of cod often found at depths of 30 fathoms, the black-tipped rock-cod"
5315,,,,,,,,,,,,,,,,,,,,,,,
5316,,,,,,,,,,,,,,,,,,,,,,,
5317,,,,,,,,,,,,,,,,,,,,,,,
5318,,,,,,,,,,,,,,,,,,,,,,,
5319,,,,,,,,,,,,,,,,,,,,,,,
5320,,,,,,,,,,,,,,,,,,,,,,,
5321,,,,,,,,,,,,,,,,,,,,,,,
5322,,,,,,,,,,,,,,,,,,,,,,,
5323,,,,,,,,,,,,,,,,,,,,,,,
5324,,,,,,,,,,,,,,,,,,,,,,,
5325,,,,,,,,,,,,,,,,,,,,,,,
5326,,,,,,,,,,,,,,,,,,,,,,,
5327,,,,,,,,,,,,,,,,,,,,,,,
5328,,,,,,,,,,,,,,,,,,,,,,,
5329,,,,,,,,,,,,,,,,,,,,,,,
5330,,,,,,,,,,,,,,,,,,,,,,,
5331,,,,,,,,,,,,,,,,,,,,,,,
5332,,,,,,,,,,,,,,,,,,,,,,,
5333,,,,,,,,,,,,,,,,,,,,,,,
5334,,,,,,,,,,,,,,,,,,,,,,,
5335,,,,,,,,,,,,,,,,,,,,,,,
5336,,,,,,,,,,,,,,,,,,,,,,,
5337,,,,,,,,,,,,,,,,,,,,,,,
5338,,,,,,,,,,,,,,,,,,,,,,,
5339,,,,,,,,,,,,,,,,,,,,,,,
5340,,,,,,,,,,,,,,,,,,,,,,,
5341,,,,,,,,,,,,,,,,,,,,,,,
5342,,,,,,,,,,,,,,,,,,,,,,,
5343,,,,,,,,,,,,,,,,,,,,,,,
5344,,,,,,,,,,,,,,,,,,,,,,,
5345,,,,,,,,,,,,,,,,,,,,,,,
5346,,,,,,,,,,,,,,,,,,,,,,,
5347,,,,,,,,,,,,,,,,,,,,,,,
5348,,,,,,,,,,,,,,,,,,,,,,,
5349,,,,,,,,,,,,,,,,,,,,,,,
5350,,,,,,,,,,,,,,,,,,,,,,,
5351,,,,,,,,,,,,,,,,,,,,,,,
5352,,,,,,,,,,,,,,,,,,,,,,,
5353,,,,,,,,,,,,,,,,,,,,,,,
5354,,,,,,,,,,,,,,,,,,,,,,,
5355,,,,,,,,,,,,,,,,,,,,,,,
5356,,,,,,,,,,,,,,,,,,,,,,,
5357,,,,,,,,,,,,,,,,,,,,,,,
5358,,,,,,,,,,,,,,,,,,,,,,,
5359,,,,,,,,,,,,,,,,,,,,,,,
5360,,,,,,,,,,,,,,,,,,,,,,,
5361,,,,,,,,,,,,,,,,,,,,,,,
5362,,,,,,,,,,,,,,,,,,,,,,,
5363,,,,,,,,,,,,,,,,,,,,,,,
5364,,,,,,,,,,,,,,,,,,,,,,,
5365,,,,,,,,,,,,,,,,,,,,,,,
5366,,,,,,,,,,,,,,,,,,,,,,,
5367,,,,,,,,,,,,,,,,,,,,,,,
5368,,,,,,,,,,,,,,,,,,,,,,,
5369,,,,,,,,,,,,,,,,,,,,,,,
5370,,,,,,,,,,,,,,,,,,,,,,,
5371,,,,,,,,,,,,,,,,,,,,,,,
5372,,,,,,,,,,,,,,,,,,,,,,,
5373,,,,,,,,,,,,,,,,,,,,,,,
5374,,,,,,,,,,,,,,,,,,,,,,,
5375,,,,,,,,,,,,,,,,,,,,,,,
5376,,,,,,,,,,,,,,,,,,,,,,,
5377,,,,,,,,,,,,,,,,,,,,,,,
5378,,,,,,,,,,,,,,,,,,,,,,,
5379,,,,,,,,,,,,,,,,,,,,,,,
5380,,,,,,,,,,,,,,,,,,,,,,,
5381,,,,,,,,,,,,,,,,,,,,,,,
5382,,,,,,,,,,,,,,,,,,,,,,,
5383,,,,,,,,,,,,,,,,,,,,,,,
5384,,,,,,,,,,,,,,,,,,,,,,,
5385,,,,,,,,,,,,,,,,,,,,,,,
5386,,,,,,,,,,,,,,,,,,,,,,,
5387,,,,,,,,,,,,,,,,,,,,,,,
5388,,,,,,,,,,,,,,,,,,,,,,,
5389,,,,,,,,,,,,,,,,,,,,,,,
5390,,,,,,,,,,,,,,,,,,,,,,,
5391,,,,,,,,,,,,,,,,,,,,,,,
5392,,,,,,,,,,,,,,,,,,,,,,,
5393,,,,,,,,,,,,,,,,,,,,,,,
5394,,,,,,,,,,,,,,,,,,,,,,,
5395,,,,,,,,,,,,,,,,,,,,,,,
5396,,,,,,,,,,,,,,,,,,,,,,,
5397,,,,,,,,,,,,,,,,,,,,,,,
5398,,,,,,,,,,,,,,,,,,,,,,,
5399,,,,,,,,,,,,,,,,,,,,,,,
5400,,,,,,,,,,,,,,,,,,,,,,,
5401,,,,,,,,,,,,,,,,,,,,,,,
5402,,,,,,,,,,,,,,,,,,,,,,,
5403,,,,,,,,,,,,,,,,,,,,,,,
5404,,,,,,,,,,,,,,,,,,,,,,,
5405,,,,,,,,,,,,,,,,,,,,,,,
5406,,,,,,,,,,,,,,,,,,,,,,,
5407,,,,,,,,,,,,,,,,,,,,,,,
5408,,,,,,,,,,,,,,,,,,,,,,,
5409,,,,,,,,,,,,,,,,,,,,,,,
5410,,,,,,,,,,,,,,,,,,,,,,,
5411,,,,,,,,,,,,,,,,,,,,,,,
5412,,,,,,,,,,,,,,,,,,,,,,,
5413,,,,,,,,,,,,,,,,,,,,,,,
5414,,,,,,,,,,,,,,,,,,,,,,,
5415,,,,,,,,,,,,,,,,,,,,,,,
5416,,,,,,,,,,,,,,,,,,,,,,,
5417,,,,,,,,,,,,,,,,,,,,,,,
5418,,,,,,,,,,,,,,,,,,,,,,,
5419,,,,,,,,,,,,,,,,,,,,,,,
5420,,,,,,,,,,,,,,,,,,,,,,,
5421,,,,,,,,,,,,,,,,,,,,,,,
5422,,,,,,,,,,,,,,,,,,,,,,,
5423,,,,,,,,,,,,,,,,,,,,,,,
5424,,,,,,,,,,,,,,,,,,,,,,,
5425,,,,,,,,,,,,,,,,,,,,,,,
5426,,,,,,,,,,,,,,,,,,,,,,,
5427,,,,,,,,,,,,,,,,,,,,,,,
5428,,,,,,,,,,,,,,,,,,,,,,,
5429,,,,,,,,,,,,,,,,,,,,,,,
5430,,,,,,,,,,,,,,,,,,,,,,,
5431,,,,,,,,,,,,,,,,,,,,,,,
5432,,,,,,,,,,,,,,,,,,,,,,,
5433,,,,,,,,,,,,,,,,,,,,,,,
5434,,,,,,,,,,,,,,,,,,,,,,,
5435,,,,,,,,,,,,,,,,,,,,,,,
5436,,,,,,,,,,,,,,,,,,,,,,,
5437,,,,,,,,,,,,,,,,,,,,,,,
5438,,,,,,,,,,,,,,,,,,,,,,,
5439,,,,,,,,,,,,,,,,,,,,,,,
5440,,,,,,,,,,,,,,,,,,,,,,,
5441,,,,,,,,,,,,,,,,,,,,,,,
5442,,,,,,,,,,,,,,,,,,,,,,,
5443,,,,,,,,,,,,,,,,,,,,,,,
5444,,,,,,,,,,,,,,,,,,,,,,,
5445,,,,,,,,,,,,,,,,,,,,,,,
5446,,,,,,,,,,,,,,,,,,,,,,,
5447,,,,,,,,,,,,,,,,,,,,,,,
5448,,,,,,,,,,,,,,,,,,,,,,,
5449,,,,,,,,,,,,,,,,,,,,,,,
5450,,,,,,,,,,,,,,,,,,,,,,,
5451,,,,,,,,,,,,,,,,,,,,,,,
5452,,,,,,,,,,,,,,,,,,,,,,,
5453,,,,,,,,,,,,,,,,,,,,,,,
5454,,,,,,,,,,,,,,,,,,,,,,,
5455,,,,,,,,,,,,,,,,,,,,,,,
5456,,,,,,,,,,,,,,,,,,,,,,,
5457,,,,,,,,,,,,,,,,,,,,,,,
5458,,,,,,,,,,,,,,,,,,,,,,,
5459,,,,,,,,,,,,,,,,,,,,,,,
5460,,,,,,,,,,,,,,,,,,,,,,,
5461,,,,,,,,,,,,,,,,,,,,,,,
5462,,,,,,,,,,,,,,,,,,,,,,,
5463,,,,,,,,,,,,,,,,,,,,,,,
5464,,,,,,,,,,,,,,,,,,,,,,,
5465,,,,,,,,,,,,,,,,,,,,,,,
5466,,,,,,,,,,,,,,,,,,,,,,,
5467,,,,,,,,,,,,,,,,,,,,,,,
5468,,,,,,,,,,,,,,,,,,,,,,,
5469,,,,,,,,,,,,,,,,,,,,,,,
5470,,,,,,,,,,,,,,,,,,,,,,,
5471,,,,,,,,,,,,,,,,,,,,,,,
5472,,,,,,,,,,,,,,,,,,,,,,,
5473,,,,,,,,,,,,,,,,,,,,,,,
5474,,,,,,,,,,,,,,,,,,,,,,,
5475,,,,,,,,,,,,,,,,,,,,,,,
5476,,,,,,,,,,,,,,,,,,,,,,,
5477,,,,,,,,,,,,,,,,,,,,,,,
5478,,,,,,,,,,,,,,,,,,,,,,,
5479,,,,,,,,,,,,,,,,,,,,,,,
5480,,,,,,,,,,,,,,,,,,,,,,,
5481,,,,,,,,,,,,,,,,,,,,,,,
5482,,,,,,,,,,,,,,,,,,,,,,,
5483,,,,,,,,,,,,,,,,,,,,,,,
5484,,,,,,,,,,,,,,,,,,,,,,,
5485,,,,,,,,,,,,,,,,,,,,,,,
5486,,,,,,,,,,,,,,,,,,,,,,,
5487,,,,,,,,,,,,,,,,,,,,,,,
5488,,,,,,,,,,,,,,,,,,,,,,,
5489,,,,,,,,,,,,,,,,,,,,,,,
5490,,,,,,,,,,,,,,,,,,,,,,,
5491,,,,,,,,,,,,,,,,,,,,,,,
5492,,,,,,,,,,,,,,,,,,,,,,,
5493,,,,,,,,,,,,,,,,,,,,,,,
5494,,,,,,,,,,,,,,,,,,,,,,,
5495,,,,,,,,,,,,,,,,,,,,,,,
5496,,,,,,,,,,,,,,,,,,,,,,,
5497,,,,,,,,,,,,,,,,,,,,,,,
5498,,,,,,,,,,,,,,,,,,,,,,,
5499,,,,,,,,,,,,,,,,,,,,,,,
5500,,,,,,,,,,,,,,,,,,,,,,,
,,,,,,,,,,,,,,,,,,,tool,,,,