no,headword,PoS,definition,example,translation,example.1,translation.1,example.2,translation.2,example.3,translation.3,example.4,translation.4,example.5,translation.5,scientific name,gram category,social context,semantic field,loanword,crm,af,id,Unnamed: 24,Unnamed: 25
1,a:,particle,"so, then",A: sakarang aku tungkangi kau,So now I will explain to you,,,,,,,,,,,,,,,,,,,,FALSE
2,-a₁,pronoun,"his, her, its",losung anaka,mortar (child of a pestle),bayaka sarunga,sheath of a machete,,,,,,,,,,third singular genitive marker,,,,,,,,FALSE
3,-a₂,article,"the, the one focused on",De mana kapota?,From where (is) the arrival?,alusa,the small one,,,,,,,,,,,,,,"-na, -ina",,,,FALSE
4,aba,noun,"father, a term used in some families",,,,,,,,,,,,,,,,,,,,,,FALSE
5,abang,,,,,,,,,,,,,,,,,,,,porut abanga,,,,FALSE
6,abok,noun,kind of steamed triangular cake of cassava,,,,,,,,,,,,,,,,food,,,,,,FALSE
7,acar,,,,,,,,,,,,,,,,,,,,dabu-dabu acar,,,,FALSE
8,ada₁,intransitive verb,to exist,de belabelang de itu ada lapangan anu apé terbang,"At Belang-Belang over there, there",cece dua pulu belek basisa ke ada,"Never mind twenty conatainers, there would even be",,,,,,,,,,,,,,,,,,FALSE
9,ada₂,verb,to possess,Masa walanda kami ada pakeang,In the Dutch era we had clothes.,,,,,,,,,,,,,,,,,,,,FALSE
10,ada₃,particle,"in the process, currently",aku ini ada baumang-baumang kintal mitu,I have been in the process of looking and,de toko ada mujual itu,In stores they currently sell them.,,,,,,,,,,a verbal marker indicating continuity or iterarity,,,,,,,,FALSE
11,ada harus,adverb,"unsurprisingly, no wonder, logically",ada harus si abu bakar ilia lau itu,No wonder Abu Bakar saw it there.,,,,,,,,,,,,,,,,,,,,FALSE
12,ada kalanya,particle,sometimes,,,,,,,,,,,,,,,,,,,,,,FALSE
13,adaing₁,particle,later,Adaing kuumbuk de Matius,"Later on, I'll ask Matius for it.",,,,,,,,,,,,"as a syntactic marker, future marker",,,,,,,,FALSE
14,adaing₂,verb,to await someone,Cece balampo adaing aku,Don't go,wait for me.,,,,,,,,,,,,,,,adang,,,,FALSE
15,adang₁,,,,,,,,,,,,,,,,,,,,,adangi,,,FALSE
16,adang₂,verb,"to wait for someone, to await someone",torus kami barikang tala pake adangi mo,Then we went fishing,we had no use for,,,,,,,,,,,,,,,,adangi akang,,,FALSE
17,adang₃,verb,to wait for someone at someone's request or on someone's behalf,,,,,,,,,,,,,,,,,,,ba:baada:ng,,,FALSE
18,adang₄,intransitive verb,"to wait (of several people), to wait a very long time",po musi kamú ba:baada:ng nang motor itu,That's why all of you must wait for that,,,,,,,,,,,,,,,,,paadang,,,FALSE
19,adang₅,verb,to wait for someone a long time,,,,,,,,,,,,,,,,,,,,,,FALSE
20,adapang₁,,,,,,,,,,,,,,,,,,,,,adapangi,,,FALSE
21,adapang₂,verb,to face someone,,,,,,,,,,,,,,,,,,,baadapangang,,,FALSE
22,adapang₃,intransitive verb,to be face to face,,,,,,,,,,,,,,,,,,,,,,FALSE
23,adat,noun,"customs, traditions, manners",,,,,,,,,,,,,,,,society,,,,,,FALSE
24,ade:,exclamation,"ooh, a cry of pain",,,,,,,,,,,,,,,,,,,,,,FALSE
25,ade: de: de:,exclamation,"ooh, a groan when experiencing persistent pain",,,,,,,,,,,,,,,,,,,,,,FALSE
26,adi,noun,younger sibling,adingku bini-bini,my sister,musi barunding puang nang inaku nang inaku kakana nang adina mena,Then we must confer with my mother and with my mother's older and younger siblings first.,,,,,,,,,,,,,,,,"adi tiri \df step-sister, step-brother",,FALSE
27,ado:,exclamation,"ouch, a cry of sudden pain",,,,,,,,,,,,,,,,,,,,,,FALSE
28,ado,,,,,,,,,,,,,,,,,,,,molo molo ado,,,,FALSE
29,ado: do: do:,exclamation,"ow, a wail when being beaten",,,,,,,,,,,,,,,,,,,,,,FALSE
30,adrés,noun,address,,,,,,,,,,,,,,,,,,,,,,FALSE
31,adu,noun,kind of intestinal disease characterized by hardness or swelling in the upper abdomen,,,,,,,,,,,,,,,,health,,,,,,FALSE
32,aduping,noun,flood,,,,,,,,,,,,,,,,,,,,,,FALSE
33,agama,noun,religion,,,,,,,,,,,,,,,,spiritual,,,,,,FALSE
34,agas,noun,gnat,,,,,,,,,,,,,Ceratopogonidae,,,insect,,,,,,FALSE
35,ahalí₁,noun,"family member, distant relative",,,,,,,,,,,,,,,,,,,saahalí,,,FALSE
36,ahalí₂,noun,"one family, a family relationship",,,,,,,,,,,,,,,,kinship,,,,,,FALSE
37,aherát,noun,"the eternal world, the place of life after death <eternity>",,,,,,,,,,,,,,,,,,"bobato ahera/t, dunia/",,,,FALSE
38,ahir,noun,conclusion,,,,,,,,,,,,,,,,,,,,,,FALSE
39,ahirnya,conjunction,finally,,,,,,,,,,,,,,,,,Indonesian,,,,,FALSE
40,ahát,noun,Sunday,,,,,,,,,,,,,,,,,,,,,,FALSE
41,ai,exclamation,"hey, exclamation of surprise or admonition",ai kamú ke inga-ingat bahasanta tu i:,"Hey, all of you should always be mindful of that",,,,,,,,,,,,,,,,,,,,FALSE
42,air goraka,noun,a beverage of ginger and palm sugar,,,,,,,,,,,,,,,,,Malay,,,,,FALSE
43,ajar₁,verb,"to teach someone or something, to scold someone",nyawaku mantak po kuajar si Umar,I was really offended so I told Umar off,,,,,,,,,,,,,,,,,ajari,,,FALSE
44,ajar₂,verb,to teach someone,,,,,,,,,,,,,,,,,,,ajari:,,,FALSE
45,ajar₃,intransitive verb,to scold someone intensively,,,,,,,,,,,,,,,,,,,ajar akang,,,FALSE
46,ajar₄,verb,to teach something at someone's request,,,,,,,,,,,,,,,,,,,ba:jajarang,,,FALSE
47,ajar₅,intransitive verb,to  argue with and scold someone,,,,,,,,,,,,,,,,,,,palajari,,,FALSE
48,ajar₆,verb,"to teach intensively with training and demonstration, to instruct <demonstrate>",Bapaku mupalajari andeket tu basilap,My father instructs that youngster in martial arts,,,,,,,,,,,,,,,,,,,,FALSE
49,ajarang,noun,horse,,,,,,,,,,,,,Equus caballus,,,animal,,,,,,FALSE
50,ajeri,verb,"to rip open a fish gill, to kill freshly taken fish",,,,,,,,,,,,,,,,fishing,,,,,,FALSE
51,ajeri:,verb,"to berate someone, to excoriate someone",,,,,,,,,,,,,,,,,Malay,jejer,,,,FALSE
52,ajimat,noun,"charm, a token carried to protect the bearer",,,,,,,,,,,,,,,,,,,,,,FALSE
53,akal,noun,"mind, intelligence, cunning, mental solution, resolution (of a problem)",akal barisi,many ways to solve (a problem),,,,,,,,,,,,,,,,,,,,FALSE
54,akan,,,,,,,,,,,,,,,,,,,,akang,,,,FALSE
55,akang₁,,,,,,,,,,,,,,,,,,,Indonesian,,,,,FALSE
56,akang₂,particle,"will, shall, about to",a itu akang tida bisa,"So, that will be impossible.",adaing kapala perkebunan akang mubei mangarti,Later the agriculture officer will,,,,,,,,,,future marker,,,Indonesian,,,,,FALSE
57,adaing₃,preposition,"regarding, with respect to",kau mucamuni akang de ruma habua puang,You should have hidden it in a house for,,,,,,,,,,,,"a postverbal particle marking causation, benefaction or instrumentality",,,,,,,,FALSE
58,akang₃,conjunction,"however, nonetheless",a kita balapetak yogo ka da: bakaya akang kani: lapetak ni lambat,"So we garden and go inland to collect sago pith, nonetheless it is certain the garden will be late (for harvesting)",,,,,,,,,,,,,,,,,,,,FALSE
59,akar,noun,root,,,,,,,,,,,,,,,,,,,,"akar kuning \ps  n \df carrot, \sn Daucus carota \sf  food",,FALSE
60,aku₁,pronoun,"I, me",aku yogo kutanyai kau habua hadiki,"I want to ask you about something, please.",haiku ini mubei aku doit tolu ratus ka mai,This guy gave me three hundred rupiah,,,,,,,,,,"first person singular, emphatic",informal,,,"iku,, ngku,, ku,, ku-, dangang",,,,FALSE
61,aku₂,,,,,,,,,,,,,,,,,,,,,akui,,,FALSE
62,aku₃,verb,to admit something,kuakui laki-laki tu memang jagona,I admit that man surely has prowess,,,,,,,,,,,,,,,,mangaku,,,,FALSE
63,akí,noun,"storage battery, car battery",,,,,,,,,,,,,,,,,,batre/,,,,FALSE
64,ala,verb,"to take something, to assume something as a starting point for calculations",nyawana ia ma bei ga tu muala jamingku,Whose heart let him take my watch? (Who,basaláng ala de tanggal kani: ahat tu sak,"If you start with the calendar, then it surely",,,,,,,,,,,,,,,,"ala paisu \df to be absorbent (said of sago bread) <sop> \il  baku ini ma ala paisu This sago bread sops up the sauce \crm  sika \af  ala akang \ps  v \df to take on behalf of someone \il  Muala akang aku tabakone Get some cigarettes for me. \af  baala \ps  vi \df to be engaged in taking <take> \il  Baala ga de ini. Take from here, toone \il  baala les to take dues, baala nyawa \df to curry favor (e.g. of one's boss) \af  baalala:ng \ps  vi \df to be intertwined, to be criss-crossed, to be tied up in a multitude of knots, etc. \il  Ada filinggir dua biji baalala:ng. There are two kites criss-crossed. \df to argue with each other \crm  sika",,FALSE
65,ala:,exclamation,"Lord!, exclamation of surprise or disapproval",ala: tauli ka lau majang,Lord! We looked out towards the horizon and it was great!,,,,,,,,,,,,,,,,ya ala,,,,FALSE
66,ala-alang,,,,,,,,,,,,,,,,,,,,"alang-alang, manuk ala-alang",,,,FALSE
67,alabobo,noun,kind of small mollusc found in muddy riverbanks,,,,,,,,,,,,,,,,mollusc,,,,,,FALSE
68,alahumadafá,exclamation,"Good lord!, exclamation of surprise or shock",,,,,,,,,,,,,,,,,,,,,,FALSE
69,alalungang,noun,small waves,,,,,,,,,,,,,,,,,,alualungang,,,,FALSE
70,alam,noun,nature,,,,,,,,,,,,,,,,,,,,,,FALSE
71,alang-alang,noun,"kind of grass, alang-alang",,,,,,,,,,,,,Imperata cylindrica,,,,,,,,,FALSE
72,alangang,noun,"inhibitory factor, problem",kami ini nang alangang po pauli mo balampo jau,We have a difficulty to deal with so,,,,,,,,,,,,,,,,,,,,FALSE
73,alap₁,,,,,,,,,,,,,,,,,,,,,alap akang,,,FALSE
74,alap₂,verb,to invite someone (at another's request) to a ritual meal,Mualap akang langker inycana kamai.,Invite that elder there to  come here.,,,,,,,,,,,,,,,,,alap-alap,,,FALSE
75,alap₃,noun,"those invited to a ritual meal, guests",alap-alap di dodak tala kapo ka bolung,Have those invited earlier already arrived or,,,,,,,,,,,,,,,,,baalap-alap,,,FALSE
76,alap₄,intransitive verb,to extend invitations for a ceremony,,,,,,,,,,,,,,,,,,undang,,,,FALSE
77,alapi:,verb,to take for someone,Mualapí: aku glas aku yogo kulonggar paisu.,Get me a glass,I want to drink some,,,,,,,,,,,,,,,ala,,,,FALSE
78,alat,noun,"tool, equipment",,,,,,,,,,,,,,,,,,,,alat pakakas \df requisite equipment \af  baalat \ps  vi \df to be equipped or characterized by a tool \crm  pakakas \sf  tool,,FALSE
79,alawís,noun,"kind of bird, hawk or kite of the family Accipitridae",,,,,,,,,,,,,,,,bird,,,,,,FALSE
80,ale-ale₁,,,,,,,,,,,,,,,,,,,,,ale-ale akang,,,FALSE
81,ale-ale₂,transitive verb,"to soothe someone (an infant) by dancing or singing, to lullaby someone",,,,,,,,,,,,,,,,,,,baale-ale,,,FALSE
82,ale-ale₃,intransitive verb,to lullaby or amuse and soothe children,,,,,,,,,,,,,,,,,,,,,,FALSE
83,alelendí,noun,kind of epiphytic fern,,,,,,,,,,,,,Drynaria rigidula <epiphyte>,,,plant,,,,,,FALSE
84,alengo,particle,"a moment ago, mentioned earlier, aforesaid",alengo kulanggari pasar sunyi manusia mo,A few minutes ago I passed by the market.,...supaya daung alengo itu dadi kasal,...so that the aforementioned leaves become,,,,,,,,,,,,,,,,,,FALSE
85,alhamdu,,,,,,,,,,,,,,,,,,,,sukur alhamdu,,,,FALSE
86,alidaráng,noun,kind of traditional fried cake made of rice flour and palm sugar,,,,,,,,,,,,,,,,,,,,,,FALSE
87,alifuru,noun,"animist, pagan, to be a naive person, to behave like a rustic or unsophisticated person (e.g. to be",si jani alifuruna,Mujani's lack of sophistication is really something.,,,,,,,,,,,,,derogatory,,,,,,,FALSE
88,alilipang,noun,"centipede, class Chilopoda",,,,,,,,,,,,,,,,insect,,"alimamayang, calumeme",,,,FALSE
89,alim,verb,pious,,,,,,,,,,,,,,,,,,,,,,FALSE
90,alimamayang,noun,"kind of luminescent centipede, class Chilopoda",,,,,,,,,,,,,,,,insect,,"alilipang, calumeme",,,,FALSE
91,alimarang,particle,last night,,,,,,,,,,,,,,,,,,ari malang,,,,FALSE
92,alimpapat,noun,"firefly, ladybug",,,,,,,,,,,,,"Lampyridae, Coccinellidae",,,insect,,,,,,FALSE
93,alimposuk,noun,"whale, order Cetacea",,,,,,,,,,,,,,,,sea creature,,"posuk, paus-paus",,,,FALSE
94,alinamung,noun,"a sea plant, with clusters of strap-like leaves",,,,,,,,,,,,,,,,plant,,,,,,FALSE
95,alinang kalo,noun,"kind of snake, probably the flat sea snake",,,,,,,,,,,,,Pelamis platurus,,,sea creature,,ular,,,,FALSE
96,alintangang,noun,the cross-beam supporting ceiling boards,,,,,,,,,,,,,,,,house,,lintang,,,,FALSE
97,alinggoi,noun,"kind of lizard, perhaps, kind of lizard, perhaps a chameleon",,,,,,,,,,,,,"Mabouya multifasciata, Calotes",,,animal,,,,,,FALSE
98,aliofa,noun,"kind of large, pink fish, remarkable for its long tongue",,,,,,,,,,,,,,,,fish,,,,,,FALSE
99,Allah,noun,God,,,,,,,,,,,,,,,,,,"alahumadafa/, insallah, ompu lahtala, ya ala, ya ilahi",,,,FALSE
100,almanangkir,noun,the two angels who question the spirit of the dead,,,,,,,,,,,,,,,,spiritual,,"mungkar, nakir, malaekat",,,,FALSE
101,almanák,noun,calendar,,,,,,,,,,,,,,,,,,tanggal,,,,FALSE
102,almarhúm,noun,"the deceased, the late, a sobriquet attached to the name of the dead",almarhiúm pa umar,"Mr. Umar, the deceased",,,,,,,,,,,,,,,,"mati-mati, aruaha",,,,FALSE
103,alolang,noun,twine (esp. one made of palm fiber),,,,,,,,,,,,,,,,,,,,,,FALSE
104,alolong,,,,,,,,,,,,,,,,,,,,datuk,,,,FALSE
105,alu,noun,mortar,,,,,,,,,,,,,,,,,,,,,,FALSE
106,alu-alu,noun,"kind of fish, barracuda",,,,,,,,,,,,,"Agrioposphyranea barracuda, Sphyraena",,,fish,,,,,,FALSE
107,alu-alungang,noun,wave,,,,,,,,,,,,,,,,natural phenomenon,,suru-surung,,,,FALSE
108,alus₁,intransitive verb,"small, fine",,,,,,,,,,,,,,,,,,,alusa,,,FALSE
109,alus₂,noun,"very fine substance, particle, dust, the small one",,,,,,,,,,,,,,,,,,,alu-alus,,,FALSE
110,alus₃,intransitive verb,"very fine, extremely small",ujang alu-alus,a very light shower,,,,,,,,,,,,,,,,,,,,FALSE
111,aman,intransitive verb,"peaceful, at peace",jadi rencana alengo itu gagal karna tala aman,"Thus, that plan of theirs failed because it",,,,,,,,,,,,,,,,,,,,FALSE
112,amas,noun,gold,,,,,,,,,,,,,,,,,,,,,,FALSE
113,amas tampawang,,,,,,,,,,,,,,,,,,,,mas tampawang,,,,FALSE
114,amasing kali,noun,a village somewhat inland from Labuha's north side,,,,,,,,,,,,,,,,place name,,,,,,FALSE
115,amasing kota,noun,"the northeastern side of Labuha, where most Bacan speakers reside",,,,,,,,,,,,,,,,place name,,,,,,FALSE
116,ambasaya,noun,"peasant, common folk (without a palace rank)",,,,,,,,,,,,,,,archaic,society,,,,,,FALSE
117,ambat₁,verb,"to erect obstructions, to dam a river, to cast a net (in order to block a school of fish) in a certain direction",Ambat ka kairi,Cast lefthand,,,,,,,,,,,,,,,,,ambati,,,FALSE
118,ambat₂,verb,to obstruct something,,,,,,,,,,,,,,,,,,,amba-ambat,,,FALSE
119,ambat₃,noun,"sago midribs added to the sides of a boat to deflect waves, a temporary strake, any obstruction, temporary door, etc.",,,,,,,,,,,,,,,,sailing,,,,,,FALSE
120,ambaya,conjunction,"when, at the time that, at the beginning",Ambaya ujang pasi batodu de jojaga.,"When it began to rain, they sought shelter in a","ambaya motor itu kapo de ini, kami barikang","When the motorboat arrives here, we will",,,,,,,,,,,,,,,,,,FALSE
121,ambon,noun,"an island, Ambon",,,,,,,,,,,,,,,,,,,,,,FALSE
122,ambulung,noun,sago palm,bakaya de siá ambulunga,You're going to process sago flour at whose sago palms?,,,,,,,,,,,Metroxylon,,,sago,,,,"ambulung duri puti \df kind of sago palm with pale green thorns \sf  sago, ambulung licing \df kind of thornless sago palm, with very sharp leaves \sf  sago, ambulung pulutang \df kind of large sago palm \sf  sago, ambulung nggani \df kind of sago palm bearing little pith but harvested for its midribs and bark \sf  sago, ambulung sike/ \df kind of sago palm \sf  sago, ambulung soang \df kind of large sago palm \sf  sago, ambulung tirus \df kind of sago palm with a tapering base \sf  sago \crm  baku \crm bakaya",,FALSE
123,aming,,,,,,,,,,,,,,,,,,,,ga aming,,,,FALSE
124,amo,noun,"kind of tree bearing edible fruit, the breadfruit",,,,,,,,,,,,,Artocarpus altilis,,,,Malay,bakar,,,,FALSE
125,ampa,,,,,,,,,,,,,,,,,,,,ampat,,,,FALSE
126,ampar₁,verb,"to open up, to spread out (e.g., a sheet, a mat, etc.)",,,,,,,,,,,,,,,,,,,ampari,,,FALSE
127,ampar₂,verb,to spread something out for someone,Ampari aku tikar.,Spread a mat for me.,,,,,,,,,,,,,,,,,ampar akang,,,FALSE
128,ampar₃,verb,to spread something out (at someone's request),,,,,,,,,,,,,,,,,,,baampar,,,FALSE
129,ampar₄,intransitive verb,"to be spread out, to sleep indiscriminately on the floor",Ari malang kami tidu baampar.,Last night we slept on mats.,,,,,,,,,,,,,,,,,naampar,,,FALSE
130,ampar₅,intransitive verb,"fallen down (of broad flat objects, e.g. a sheet of plywood or zinc roofing)",,,,,,,,,,,,,,,,,,,,,,FALSE
131,ampas₁,verb,to strike down,,,,,,,,,,,,,,,,,,,,,,FALSE
132,ampas₂,noun,sediment,te ampasa,tea dregs,,,,,,,,,,,,,,,,,ampasi,,,FALSE
133,ampas₃,verb,to fall on something or someone,Kayu muampasi rumana.,A tree fell on his house.,,,,,,,,,,,,,,,,,naampas,,,FALSE
134,ampas₄,intransitive verb,"to trip and to fall, to have collapsed",barang ribut kapé nang kayu naampas,"Because of the typhoon, what else?, the trees",,,,,,,,,,,,,,,,,naampasi,,,FALSE
135,ampas₅,verb,to have fallen on something,,,,,,,,,,,,,,,,,,,,,,FALSE
136,ampat,numeral,four,,,,,,,,,,,,,,,,,,,,,,FALSE
137,ampong,noun,"forgiveness (esp. of someone of higher status), absolution",Harap ampong de kami dangang.,We hope you'll forgive us.,,,,,,,,,,,,,,,,,,,,FALSE
138,amporing,noun,"kind of legume (requiring boiling), rice bean",,,,,,,,,,,,,Vigna umbellata,,,food,,,,"amporing ijo \df kind of bean, mung bean, \sn Vigna radiata \sf  food, amporing kayu \df kind of bean \df kind of vine, \sn Vigna marina \sf  food, amporing paisu \df kind of vine \sf  plant, amporing sela \df kind of red bean \sf  food, amporing tanggalaot \df kind of shrub, \sn Tephrosia purpurea \crm  biraro \crm  kacang \sf  plant",,FALSE
139,ampunokang,,,,,,,,,,,,,,,,,,,,mampunokang,,,,FALSE
142,amál,noun,"good works, good deeds",,,,,,,,,,,,,,,,,,,,,,FALSE
143,ana seni,noun,"children, youth, kids",ini ana seni sakarang basaláng pasi duduk bangaji ilakat bacarita,"Kids nowadays, if",,,,,,,,,,,,,,,,,,,,FALSE
144,ana-anadara,intransitive verb,"immature, not full-grown (of trees)",,,,,,,,,,,,,,,,,,,,,,FALSE
145,anagakang₁,verb,to pawn something,,,,,,,,,,,,,,,,,,,anagakangi,,,FALSE
146,anagakang₂,verb,to pawn something for someone,kau muanagakangi radioku ini hadiki,Please pawn my radio for me.,,,,,,,,,,,,,,,,,anagakang akang,,,FALSE
147,anagakang₃,verb,to pawn something at someone's request,,,,,,,,,,,,,,,,,,,baanagakang,,,FALSE
148,anagakang₄,intransitive verb,to engage in pawning,ia tala rugi po ia baanagakang binina amasa,He suffered a financial loss and then took,,,,,,,,,,,,,,,,,,,,FALSE
149,anak,noun,"child, offspring",anaku,my child,perna bawali inycana muba: anaka sondor surat,Once Bawali over there was traveling,,,,,,,,,,,,kinship,,,,"anak aono \df first child, eldest child, anak dede \df baby, infant, anak hara/m jada \df illegitimate child <bastard>, anak kamanakang \df nephew, niece \crm  kamanakang, anak kambar \df twin \crm  kambar, anak piatu \df motherless child, orphan, anak piara \df foster-child, adopted child, anak tiri \df step-child, anak watok \df step-child, anak yati/m \df fatherless child, orphan, anak yati/m piatu \df orphan, with both parents dead, anaka rodak \df miscarriage \sf  health \af  baranak \ps  vi \df to give birth, to have a baby \af  paranak akang \ps  v \df to give birth to someone \crm  losung anaka \crm  ana seni \crm  andeket \crm  paranakang \crm  saparnakang \crm  sapasanakang",,FALSE
150,anam,numeral,"six, esp. in compounds",anam ratus,six hundred,anam pulu,sixty,,,,,,,,,,,,,,anang,,,,FALSE
151,anandeket,,,,,,,,,,,,,,,,,,,,andeket,,,,FALSE
152,anang,numeral,six,anang ari,six days,,,,,,,,,,,,,,,,anam,,,,FALSE
153,anasage,noun,"kind of fish, the Dart or Swallowtail",,,,,,,,,,,,,Trachinotus blochi,,,fish,,,,,,FALSE
154,andaing,,,,,,,,,,,,,,,,,,,,adaing,,,,FALSE
155,andap₁,verb,to peek,,,,,,,,,,,,,,,,,,,andapi,,,FALSE
156,andap₂,verb,to peek at someone,,,,,,,,,,,,,,,,,,,andap akang,,,FALSE
157,andap₃,verb,to peek at someone at the request of another,Kuandap akang andeket haiku de ruma palika.,I peeked at a kid on the side of the,,,,,,,,,,,,,,,,,baandap,,,FALSE
158,andap₄,intransitive verb,to engage in peeking and peeping,,,,,,,,,,,,,,,,,,,,,,FALSE
159,ande-ande₁,noun,"popular term, esp. a codeword, catchword, nickname",,,,,,,,,,,,,,,,,,,ande-ande akang,,,FALSE
160,ande-ande₂,verb,"to provide a nickname, to label someone",Kuande-ande akang ia,I gave him an unflattering nickname,,,,,,,,,,,,,,,,,,,,FALSE
161,ande-ande₃,conjunction,if,ande-ande saiku lima pulu ...,If one fish is fifty (rupiah)...,,,,,,,,,,,,,,,,,,,,FALSE
162,andeket,noun,"a young person, youth",andeket jawa ini katakutang,This Javanese youth became frightened.,,,,,,,,,,,,,,,,anak,,,,FALSE
163,anei,noun,"kind of sea fish, incl. Coral trout and Tiger trout",,,,,,,,,,,,,Plectropoma maculatum,,,fish,,,,,,FALSE
164,aniaya,verb,"to ruin something, to beat someone thoroughly",manusia muaniaya itu kaleronta,"Someone ruined it, our bonfire",,,,,,,,,,,,,,,,,,,,FALSE
165,antara,preposition,between,antara fini nang fini,between planting seeds,,,,,,,,,,,,,,,,mamananga,,,,FALSE
166,antaranya,,,,,,,,,,,,,,,,,,,,di antaranya,,,,FALSE
167,antarjiwa,noun,kind of bird,,,,,,,,,,,,,,,,bird,,,,,,FALSE
168,antawali₁,noun,"kind of plant used in preparing bitter, medicinal concoctions",,,,,,,,,,,,,Tinospora tuberculata,,,plant,,,,,,FALSE
168,antawali₂,noun,"kind of plant used in preparing bitter, medicinal concoctions",,,,,,,,,,,,,Tinospora tuberculata,,,food,,,,,,FALSE
169,anti,noun,opposite,,,,,,,,,,,,,,,casual,,,,,,,FALSE
170,antimung₁,noun,cucumber,,,,,,,,,,,,,Cucumis sativus,,,plant,,,,"antimung puti \df wax-gourd, \sn Benincasa hispida \sf  plant, antimung ompu ruma \df kind of vine bearing red fruit, \sn Melothria heterophylla \sf  plant, antimung japa/ng \df chayote, \sn Sechium edule \crm  labu siang \sf  plant \sf  food",,FALSE
170,antimung₂,noun,cucumber,,,,,,,,,,,,,Cucumis sativus,,,food,,,,"antimung puti \df wax-gourd, \sn Benincasa hispida \sf  plant, antimung ompu ruma \df kind of vine bearing red fruit, \sn Melothria heterophylla \sf  plant, antimung japa/ng \df chayote, \sn Sechium edule \crm  labu siang \sf  plant \sf  food",,FALSE
171,antuk₁,,,,,,,,,,,,,,,,,,,,,antuki,,,FALSE
172,antuk₂,verb,"to ram something (e.g. a head) against a flat vertical surface <knock>, to bargain over something, to haggle over something (the price)",alengo abdúl muantuki si muksín di dinding,Just now Abdul knocked Muksin's head,,,,,,,,,,,,,codeword,,,,antuk akang,,,FALSE
173,antuk₃,verb,to ram (something) against,,,,,,,,,,,,,,,,,,,baantu-antukang,,,FALSE
174,antuk₄,intransitive verb,to rattle against someone (e.g. bottles in a box being moved),,,,,,,,,,,,,,,,,,,naantuk,,,FALSE
175,antuk₅,intransitive verb,to be,,,,,,,,,,,,,,,,,,,,,,FALSE
176,anyir₁,intransitive verb,"foul smelling, malodorous (of rotten fish)",,,,,,,,,,,,,,,,,,,,,,FALSE
177,anyir₂,noun,codeword for fish,,,,,,,,,,,,,,,,,,,anyiri,,,FALSE
178,anyir₃,verb,to ferment something (e.g. bait fish  because the strong smell will attract other fish.),,,,,,,,,,,,,,,,fishing,,,,,,FALSE
179,anyjal₁,,,,,,,,,,,,,,,,,,,,,anyjal akang,,,FALSE
180,anyjal₂,verb,to slam down,Kau baolo-olone Sodo ku anyjal akang kau.,You've been mocking me.  How about if I,,,,,,,,,,,,,,,,,baanyjal,,,FALSE
181,anyjal₃,intransitive verb,to slam someone down (e.g. of pouting children),,,,,,,,,,,,,,,,,,,naanyjal,,,FALSE
182,anyjal₄,intransitive verb,"slammed down, dropped",Papangku hakembang naanyjal po napiak.,One of my planks got dropped and split,,,,,,,,,,,,,,,,,,,,FALSE
183,anyut₁,verb,"to drift, to be adrift",,,,,,,,,,,,,,,,,,,anyut akang,,,FALSE
184,anyut₂,verb,to set something adrift,,,,,,,,,,,,,,,,,,,baanyut,,,FALSE
185,anyut₃,intransitive verb,to move by allowing one's boat to be carried in a current,,,,,,,,,,,,,,,,natural phenomenon,,,,,,FALSE
186,a₁,particle,"you know, emphatic marker",,,,,,,,,,,,,,,,,,,,,,FALSE
187,aolas,noun,kind of tree yielding timber,,,,,,,,,,,,,,,,tree,,,,,,FALSE
188,a₂,,,,,,,,,,,,,,,,,,,,a:,,,,FALSE
189,apa-,noun,"possession, property, thing",apamu,your possession,,,,,,,,,,,,,,,,,,,,FALSE
190,apa-apar,noun,flotsam (when it is afloat),,,,,,,,,,,,,,,,,,mboyat,,,,FALSE
191,apabila₁,conjunction,when,,,,,,,,,,,,,,,,,,,,,,FALSE
192,apabila₂,pronoun,when,apabila kamú balampo de indomut,When are you going to Indomut?,,,,,,,,,,,,,,,,,,,,FALSE
193,apadua,pronoun,half,,,,,,,,,,,,,,,,,,sapadua,,,,FALSE
194,apang,noun,kind of cup cake baked in an oven,,,,,,,,,,,,,,,,food,,,,,,FALSE
195,api,noun,"fire, light, taper",,,,,,,,,,,,,,,,natural phenomenon,,,,,,FALSE
196,apit₁,numeral classifier,"stack, a counter for pieces of thatch",,,,,,,,,,,,,,,,,,,,,,FALSE
197,apit₂,verb,to squeeze between two objects,,,,,,,,,,,,,,,,,,,apiti,,,FALSE
198,apit₃,verb,to tie something together tightly for someone,apiti otap,to fasten together several pieces of thatch,,,,,,,,,,,,,,,,,apit akang,,,FALSE
199,apit₄,verb,to fasten something at someone's request,,,,,,,,,,,,,,,,,,,baapit,,,FALSE
200,apit₅,intransitive verb,"to work at fastening into tight stacks, to be squeezed into a narrow space",,,,,,,,,,,,,,,,,,,baapitang,,,FALSE
201,apit₆,intransitive verb,"to be squeezed close to another or a few others, e.g. to walk very closely together",,,,,,,,,,,,,,,,,,,babaapitang,,,FALSE
202,apit₇,intransitive verb,"to be seated or lying in a constricted space (of several people), e.g. of several children",,,,,,,,,,,,,,,,,,,apit-apit,,,FALSE
203,apit₈,noun,"a utensil, usually of bamboo, to smoke or roast fish, a grill",,,,,,,,,,,,,,,,utensil,,,naapit,,,FALSE
203,apit₉,noun,"a utensil, usually of bamboo, to smoke or roast fish, a grill",,,,,,,,,,,,,,,,culinary,,,naapit,,,FALSE
204,apit₁₀,intransitive verb,"to be constricted, narrow",,,,,,,,,,,,,,,,,,,,,,FALSE
205,apé,pronoun,what,,,,,,,,,,,,,,,,,,,,"ape/ dang \df what else, what more, ape/ ka \df is  it the case? \sc  a sentence initial question-marker, based on an Indonesian form \il  apé ka kau pauli singga di kampung Is it the case that you can stop in the village? \df something \il  tahasil akang apé yang musi taparlí Let us produce something which we necessarily require., ape/ mamisa \df codeword for sugar, ape/ parata \df codeword for salt, ape/ rangata \df codeword for condiments and chili peppers \af  apé-apé \df whatever, whatsoever, ape/-ape/ moyo \df It's no problem, nothing whatsoever \af  ape-pé \ps  pr \df whatever \crm  bunape/ \crm  kape/",,FALSE
206,arabáp,noun,kind of single-stringed musical instrument <fiddle>,,,,,,,,,,,,,,,,,,,,,,FALSE
207,arak,noun,alcoholic beverage,,,,,,,,,,,,,,,,,,,,,,FALSE
208,arang,noun,charcoal,,,,,,,,,,,,,,,,,,,,,,FALSE
209,ararít,noun,"kind of plant with rhizomes, arrowroot",,,,,,,,,,,,,Maranta arundinacea,,,plant,,,,,,FALSE
210,arat₁,intransitive verb,"tight, taut",bo sabua kita arat,united we are firm,,,,,,,,,,,,,,,,,arat-arat,,,FALSE
211,arat₂,adverb,"tightly, very tightly",basaláng kau yogo mupabua ia muikat arat-arat,"If you want to make it, fasten it very",,,,,,,,,,,,,,,,,paarati,,,FALSE
212,arat₃,verb,"to tighten (a cinch, etc.), to draw together, to strengthen the bonds of friendship, etc.",Kamai tapaarati pasaruma:ngina kita,Come! Let us strengthen this friendship of ours,,,,,,,,,,,,,,,,,,,,FALSE
213,ari₁,noun,day,dua ari,two days,ari bapaguna:ng de masigit,a day for working at the mosque,,,,,,,,,,,,,,,,,,FALSE
214,ari₂,particle,-day,ari saptu,Saturday,,,,,,,,,,,,marker for days of the week,,,,,,"ari bai \df yesterday, ari bai mulu bai \df day before yesterday, ari bai mulu bai sakalina \df three days ago, ari malang \df last night \crm  sari \crm  hari-hari",,FALSE
215,arimata,noun,tear,,,,,,,,,,,,,,,,,,,,,,FALSE
216,artinya,noun,meaning,,,,,,,,,,,,,,,,,,bararti,,,,FALSE
217,aruaha₁,noun,"spirit of the dead, the deceased, esp. as a title used with a personal name, the late",kudapa lia kofiang habua ni po kuingat aruaha ka umar,I caught a glimpse of this,,,,,,,,,,,,,,spiritual,,"almarhu/m, mati-mati",baaruaha,,,FALSE
218,aruaha₂,intransitive verb,to recite prayers for the dead,,,,,,,,,,,,,,,,spiritual,,,,,,FALSE
219,aru-aru,noun,paddle-shaped spatula,,,,,,,,,,,,,,,,tool,,,,,,FALSE
220,arwaha,,,,,,,,,,,,,,,,,,,,aruaha,,,,FALSE
221,asa₁,verb,"to sharpen something, to grind something (e.g. a stone to polish it)",,,,,,,,,,,,,,,,,,,asai,,,FALSE
222,asa₂,verb,to sharpen or grind something for someone,asai aku bayaka hadiki,Please sharpen my machete for me,,,,,,,,,,,,,,,,,asai akang,,,FALSE
223,asa₃,verb,to sharpen or grind something at someone's request,,,,,,,,,,,,,,,,,,,baasa,,,FALSE
224,asa₄,intransitive verb,to engage in sharpening (with water) or grinding,,,,,,,,,,,,,,,,,,,pa:sa:ng,,,FALSE
225,asa₅,noun,whetstone,,,,,,,,,,,,,,,,,,salawa,,,,FALSE
226,asai,noun,kind of layered cake made of sweet potatoes,,,,,,,,,,,,,,,,,,,,,,FALSE
227,asal,noun,origin,kaluargana ia tu asala de jawa,His family originates from Java.,,,,,,,,,,,,,,,,ompu,,,,FALSE
228,asang jawa,noun,"kind of tree, the tamarind, the fruits of which are used as a souring agent",,,,,,,,,,,,,Tamarindus indica,,,tree,,,,,,FALSE
229,asap₁,noun,smoke,asapa itu mutuong kita,Its smoke enveloped us.,,,,,,,,,,,,,,natural phenomenon,,,asapi,,,FALSE
230,asap₂,verb,to smoke something,taasapi buáng supaya capát masak,We smoke langsat fruits so they will ripen quickly.,,,,,,,,,,,,,,,,,baasap,,,FALSE
231,asap₃,intransitive verb,"to be characterized by having smoke, to smoke",taping habua ini baasap ka moyo,Is the hearth smoking or not? (Is there a fire or not?),,,,,,,,,,,,,,,,,baasapi,,,FALSE
232,asap₄,intransitive verb,to be engaged in smoking something,aku ka da: baasapi buáng alengo,I went inland to work at smoking those langsat fruits,,,,,,,,,,,,,,,,,,,,FALSE
233,asar,noun,the time for the Islamic prayer ritual in the mid-afternoon,,,,,,,,,,,,,,,,,,,,,,FALSE
234,asek,intransitive verb,"enthused, absorbed",,,,,,,,,,,,,,,,,,,,,,FALSE
235,asrakal₁,noun,"a verse of the Quran recited at certain rituals, incl. celebration of Muhammad's",,,,,,,,,,,,,,,,spiritual,,,baasrakal,,,FALSE
236,asrakal₂,intransitive verb,"to recite such a verse, usually in a standing posture",,,,,,,,,,,,,,,,,,,,,,FALSE
237,astagapirula:/,exclamation,"Heavens!, a pious exclamation of surprise",,,,,,,,,,,,,,,,,,,,,,FALSE
238,ata,locative,direction towards the cape <capeward>,ka ata,direction to the left when facing the sea,,,,,,,,,,,,,,,,ianta,,,,FALSE
239,atas,,,,,,,,,,,,,,,,,,,,ata,,,,FALSE
240,atau,conjunction,or,bahasa walanda atau bahasa apé,Dutch or whatever language,,,,,,,,,,,,,,,,,,atau ka \df or \sc  apparently Indonesian \crm  ka,,FALSE
241,ati,noun,liver,,,,,,,,,,,,,,,,body,,,,"ati pait \df spleen, ati pusu \df heart, ati pusu narutak \df stupid \sf  body, ati kumbar \df lungs \sf  body",,FALSE
242,atombóm,,,,,,,,,,,,,,,,,,,,"duriang atombo/m, bom",,,,FALSE
243,atur₁,verb,to arrange something,,,,,,,,,,,,,,,,,,,ba:turang,,,FALSE
244,atur₂,intransitive verb,"to make mutual arrangements, to compromise and deal",,,,,,,,,,,,,,,,,,,aturang,,,FALSE
245,atur₃,noun,"arrangement, procedure, set-up",,,,,,,,,,,,,,,,,,,,,,FALSE
246,au-aular,noun,kind of large-leaved vine,,,,,,,,,,,,,,,,plant,,ngguming,,,,FALSE
247,aur,noun,"bamboo, tribe Bambuseae",,,,,,,,,,,,,,,,plant,,,,"aur kakumis \df kind of large bamboo, egg bamboo, \sn Schizostachyum zollingeri, characterized by many exterior hairs \sf  plant, aur batu \df kind of large, smooth, green bamboo,  Gigantochloa  , used to make fences \sf  plant, aur cina \df kind of yellow bamboo,  Bambusa vulgaris, used for furniture \sf  plant, aur lotu-lotu \df kind of small bamboo, used for children's toys \sf  plant, aur bona \df kind of small bamboo \sf  plant, aur rapa \df kind of bamboo \sf  plant, aur somang \df kind of large bamboo, related to iba \sf  plant, aur tamiang \df kind of large, tall bamboo \sf  plant, aur tangga \df kind of bamboo of medium size, esp. used to make laths for thatch \sf  plant, aur tewa-tewa \df kind of bamboo, \sn Bambusa arundinacea, aur baduri \df kind of bamboo, \sn Bambusa arundinacea \sc  TM \crm  iba \sf  plant",,FALSE
248,aur-aur,noun,"kind of plant, the day-flower",,,,,,,,,,,,,Commelina diffusa,,,plant,,,,,,FALSE
249,australi,noun,"Australia, Australian",,,,,,,,,,,,,,,,,,,,,,FALSE
250,aya-aya₁,,,,,,,,,,,,,,,,,,,Malay,,,,,FALSE
251,aya-aya₂,noun,kind of sifting basket,,,,,,,,,,,,,,,,utensil,Malay,pamusukang,,,,FALSE
252,ayat,noun,a verse of the Quran,,,,,,,,,,,,,,,,spiritual,,,,,,FALSE
253,ayogo,noun,kind of tree,,,,,,,,,,,,,Premna obtusifolia,,,tree,,,,,,FALSE
254,ayung₁,verb,"to rock (a cradle, etc.)",,,,,,,,,,,,,,,,,,,ayung akang,,,FALSE
255,ayung₂,verb,to rock something at another's request,,,,,,,,,,,,,,,,,,,ayungi akang,,,FALSE
256,ayung₃,verb,to repeatedly rock something for someone,,,,,,,,,,,,,,,,,,,naayung,,,FALSE
257,ayung₄,intransitive verb,"sleepy, about to doze off with one's head bobbing",,,,,,,,,,,,,,,,,,,,,,FALSE
258,ayung₅,noun,"a large sago swamp, upriver from Amasing",,,,,,,,,,,,,,,,place name,,,,,,FALSE
259,awa-awat,noun,"kind of mollusc, giant clam",,,,,,,,,,,,,Tridacna,,,mollusc,,,,,,FALSE
260,awakang,noun,kind of large fish,,,,,,,,,,,,,,,,fish,,,,,,FALSE
261,awalang₁,intransitive verb,"shy, embarrassed",,,,,,,,,,,,,,,,,,,pa:walangi,,,FALSE
262,awalang₂,verb,to shame or embarass someone,,,,,,,,,,,,,,,,,,,papa:walangi,,,FALSE
263,awalang₃,verb,to shame someone (repeatedly or in a number of ways),,,,,,,,,,,,,,,,,,,,,,FALSE
264,awang₁,noun,cloud,,,,,,,,,,,,,,,,natural phenomenon,,"pangarang, mega",baawang,,,FALSE
265,awang₂,intransitive verb,cloudy,,,,,,,,,,,,,,,,,,,baawang-awang,,,FALSE
266,awang₃,intransitive verb,"obscured, hazy, clouded (of vision)",,,,,,,,,,,,,,,,,,,,,,FALSE
267,awanggó,noun,a Bacan-speaking hamlet near Labuha,,,,,,,,,,,,,,,,place name,,,,,,FALSE
268,awarong₁,noun,current,,,,,,,,,,,,,,,,natural phenomenon,,,baawarong,,,FALSE
269,awarong₂,intransitive verb,"to be characterized by a strong current, choppy, rough and turbulent (of the sea)",tapi sakarang tala baawarong,But now there's quite a strong current.,,,,,,,,,,,,,,,,,,,,FALSE
270,awas,intransitive verb,to be wary or careful,sedang itu pun kita musi awas,"Even in those circumstances, we must be watchful.",,,,,,,,,,,,,,,,,,,,FALSE
271,awat,noun,a man's name,,,,,,,,,,,,,,,,personal name,,,,,,FALSE
272,awatar,noun,"kind of insect, the sago grub, a kind of beetle larvae",,,,,,,,,,,,,"Cerambycidae, genus",,,insect,,,,,,FALSE
273,awir,noun,"kind of bird, hawk",,,,,,,,,,,,,Accipitridae,,,bird,,,,,,FALSE
274,ba-,affix,,,,,,,,,,,,,,,verbal affix marking intransitive or reciprocal states or activities,,,,,,,,FALSE
275,ba: ruma,noun,"the space below a house or bed, a crawl-space",dek ba: rumana,the meter-high crawl-space between a boat's deck and its hold,,,,,,,,,,,,,,,,"ruma, bawa",,,,FALSE
276,babago,noun,"embers, burning coal, charcoal",,,,,,,,,,,,,,,,,,,,,,FALSE
277,babakul,noun,kind of closed container made of tightly plaited pandanus leaves,,,,,,,,,,,,,,,,utensil,,,,,,FALSE
278,babakumasak,,,,,,,,,,,,,,,,,,,,masak,,,,FALSE
279,babalaona,intransitive verb,"to stay up late talking, to stay awake all night",,,,,,,,,,,,,,,,,,kayu babalaona,,,,FALSE
280,babaleang,noun,a low eating platform,,,,,,,,,,,,,,,,house,,bale,,,,FALSE
281,babalomba,,,,,,,,,,,,,,,,,,,,lomba,,,,FALSE
282,babanter,intransitive verb,bruised,,,,,,,,,,,,,,,,health,,,,,,FALSE
283,babang,noun,a village,,,,,,,,,,,,,,,,place name,,,,,,FALSE
284,babara,intransitive verb,angry,,,,,,,,,,,,,,,slang,,,,,,,FALSE
285,babarsalahang,intransitive verb,"diverse, multiple (kinds), different",,,,,,,,,,,,,,,,,,,,,,FALSE
286,babat₁,noun,"a round container for sago-meal, made by binding sago leaves together",,,,,,,,,,,,,,,,utensil,,,,,,FALSE
286,babat₂,noun,"a round container for sago-meal, made by binding sago leaves together",,,,,,,,,,,,,,,,sago,,,,,,FALSE
287,babat₃,verb,to repair something (e.g. a pole) by binding the bent part with twine or lashing,,,,,,,,,,,,,,,,,,,babati,,,FALSE
288,babat₄,verb,to bind something for someone,,,,,,,,,,,,,,,,,,,babat akang,,,FALSE
289,babat₅,verb,to bind something at someone's request,,,,,,,,,,,,,,,,,,,bababat,,,FALSE
290,babat₆,intransitive verb,to engage in such binding activity,,,,,,,,,,,,,,,,,,,,,,FALSE
291,babau,intransitive verb,"to be odorous, to exude a smell",,,,,,,,,,,,,,,,,,panambau,,,,FALSE
292,babentol,intransitive verb,to have contusions or bumps because of blows to the body,,,,,,,,,,,,,,,,,,,,,,FALSE
293,baberesi:,,,,,,,,,,,,,,,,,,,,beresi:,,,,FALSE
294,babide,noun,"a holy shrine, a sacred grave",,,,,,,,,,,,,,,,spiritual,,,,,,FALSE
295,babiliang,intransitive verb,"to make purchases, to shop <buy>",,,,,,,,,,,,,,,,,,tuka,,,,FALSE
296,babuongi,,,,,,,,,,,,,,,,,,,,buong,,,,FALSE
297,baburung₁,intransitive verb,to be engaged in untying (difficult) knots,,,,,,,,,,,,,,,,,,,pababurungi,,,FALSE
298,baburung₂,verb,to untie a complicated knot for someone,,,,,,,,,,,,,,,,,,,,,,FALSE
299,babál,intransitive verb,stupid,,,,,,,,,,,,,,,,,,,,,,FALSE
300,babáng,verb,to cut (with a long machete or sword),,,,,,,,,,,,,,,,,,bayaka,,,,FALSE
301,babás,noun,mallet,,,,,,,,,,,,,,,,tool,,bas,,,,FALSE
302,baca,verb,"to read something, to recite something (from the Quran)",cece jual puang tabaca doa salamat puang,Don't sell straight away,"first of all, recite a",,,,,,,,,,,,,spiritual,,,,"baca sahadat \df to utter the Islamic confession of faith \sf  spiritual \af  bacai \ps  v \df to read something for someone \af  baca akang \ps  v \df to read something at someone's request \af  babaca \ps  vi \df to be engaged in reading \df to be engaged in reciting the Quran, babaca arwaha \df to hold a ritual meal and recite the Quran to commemorate a dead person, babaca debe \df to hold a ritual meal of thanksgiving \sf  spiritual, babaca doa \df to recite prayers \sf  spiritual, babaca sukur \df to hold a ritual of thanksgiving at which the Quran is recited \af pambaca:ng \ps  n \df one's place in a book",,FALSE
303,baca:ng₁,noun,the island of Bacan and its autochthonous people,,,,,,,,,,,,,,,,,,,babaca:ng,,,FALSE
304,baca:ng₂,intransitive verb,to speak the language of Bacan,tala babaca:ng kasal,You speak Bacanese well.,,,,,,,,,,,,,,,,,,,,FALSE
305,bacang,noun,kind of mango,,,,,,,,,,,,,Mangifera,,,food,,wowo,,,,FALSE
306,bacapa-capa,intransitive verb,to be half-dry,,,,,,,,,,,,,,,,,,,,,,FALSE
307,badada:ng,,,,,,,,,,,,,,,,,,,,adang,,,,FALSE
308,badak,noun,"rhinoceros, fam. Rhinocerotidae",,,,,,,,,,,,,,,,,,,,,,FALSE
309,badang₁,noun,body,umbuk doa supaya badangku sehat,Utter a prayer that my body be healthy.,,,,,,,,,,,,,,body,,,babadanga,,,FALSE
310,badang₂,intransitive verb,naked to the waist,,,,,,,,,,,,,,,,,,,bada-badanga,,,FALSE
311,badang₃,intransitive verb,"naked to the waist, bare-chested",,,,,,,,,,,,,,,,,,,,,,FALSE
312,badapatang,,,,,,,,,,,,,,,,,,,,dapat,,,,FALSE
313,badi-badi,noun,kind of dagger,,,,,,,,,,,,,,,,,,,,,,FALSE
314,badák,verb,"to burp, to belch",,,,,,,,,,,,,,,,,,sodut,,,,FALSE
315,baestél,,,,,,,,,,,,,,,,,,,,nggaeka baeste/l,,,,FALSE
316,baf,intransitive verb,to rattle (of seeds),wowo bijina ke baf,That mango makes a rattling noise,,,,,,,,,,,,,,,,kate-kate baf,,,,FALSE
317,bafukul turíf,intransitive verb,"to be unable to keep a secret, to blather",,,,,,,,,,,,,,,,,,,,,,FALSE
318,bagaji,,,,,,,,,,,,,,,,,,,,gaji,,,,FALSE
319,bagarak,intransitive verb,"to shake, to shiver",,,,,,,,,,,,,,,,,,,,,,FALSE
320,bage₁,verb,to share out something,,,,,,,,,,,,,,,,,,,bage akang,,,FALSE
321,bage₂,verb,to share out something at someone's request,,,,,,,,,,,,,,,,,,,babage,,,FALSE
322,bage₃,intransitive verb,"to engage in dividing up or sharing (profits, income, yield) <divide>",,,,,,,,,,,,,,,,,,,babageang,,,FALSE
323,bage₄,intransitive verb,to share with someone,,,,,,,,,,,,,,,,,,,bageang,,,FALSE
324,bage₅,noun,one's share,,,,,,,,,,,,,,,,,,,,,,FALSE
325,bagea,noun,a crisp cake of sago and other ingredients baked in small molds,,,,,,,,,,,,,,,,,,,,"bagea bonyci \df kind of crisp sago cake made with peanuts, bagea kanari \df kind of crisp sago cake made with kanari nuts, bagea nggaoti \df kind of crisp sago made with coconut, bagea rampa \df kind of crisp sago cake made with herbs , onion and garlic \sf  sago \sf  food",,FALSE
326,bage-bage,noun,"the muscle of the back between the shoulder blades and the upper flank, the",,,,,,,,,,,,,,,,,,,,,,FALSE
327,baginanao,noun,"murderer, wicked person, sobriquet for someone in disfavor, rascal",,,,,,,,,,,,,,,,,,,,,,FALSE
328,bagodu,intransitive verb,a part of the wedding ritual in which the groom is not allowed to part the curtains of,,,,,,,,,,,,,,,,,,,,,,FALSE
329,bagogara,,,,,,,,,,,,,,,,,,,,bogogara,,,,FALSE
330,bagu,noun,kind of tree bearing edible fruit,,,,,,,,,,,,,Gnetum gnemon,,,tree,,,,,,FALSE
331,baguang,intransitive verb,"to echo, to resonate deeply (of one's voice)",,,,,,,,,,,,,,,,,,,,,,FALSE
332,bagunapé,pronoun,"what was happening, doing what",ka sana rapat-rapat mena tanyai a bagunapé ompu,"Having approached very closely,",,,,,,,,,,,,,,,,"ape/, banape/",,,,FALSE
333,baha-baha₁,noun,sago mixed with palm sugar and baked in molds,,,,,,,,,,,,,,,,sago,,,,,,FALSE
333,baha-baha₂,noun,sago mixed with palm sugar and baked in molds,,,,,,,,,,,,,,,,food,,,,,,FALSE
334,bahaljat,,,,,,,,,,,,,,,,,,,,hal,,,,FALSE
335,bahalá,noun,"one's just deserts, retribution for an offense, punishment for a  misdeed, come-uppance",,,,,,,,,,,,,,,,,,,,,,FALSE
336,bahaláng,,,,,,,,,,,,,,,,,,,,basala/ng,,,,FALSE
337,bahang,noun,"material, thing",,,,,,,,,,,,,,,,,,,,,,FALSE
338,bahasa₁,noun,"language, utterance, statement",ini bahasa baca:ng tapata mitu tu,This was correct Bacan language,it was like that,,bolung pasti bahasa ini fitaná,It's not certain whether this statement is calumny.,,,,,,,,,,,,,bahasai,,,FALSE
339,bahasa₂,verb,to talk to someone,bahasai ia nang basa baca:ng,Speak to her in the Bacan language.,,,,,,,,,,,,,,,,,bahasa akang,,,FALSE
340,bahasa₃,verb,to talk to someone at someone's request,,,,,,,,,,,,,,,,,,,babahasa,,,FALSE
341,bahasa₄,intransitive verb,"to exchange information, to engage in conversation <converse>",pasi babahasa nang guru ke ieti mo,They talked with the Quranic teacher but they did,,,,,,,,,,,,,,,,basa,,,,FALSE
342,bahelahai,intransitive verb,"to refuse to do some chore, to avoid a task",,,,,,,,,,,,,,,,,,,,,,FALSE
343,baháng,,,,,,,,,,,,,,,,,,,,basala/ng,,,,FALSE
344,bahíl,intransitive verb,"to pout, to be thin-skinned and easily offended",,,,,,,,,,,,,,,,,,,,,,FALSE
345,bai,,,,,,,,,,,,,,,,,,,,ari bai,,,,FALSE
346,baingkole,noun,kind of bird with a melodious song,,,,,,,,,,,,,,,,bird,,,,,,FALSE
347,bairungang,noun,strut of outrigger,,,,,,,,,,,,,,,,boat,,,,,,FALSE
348,baising,intransitive verb,"to be respectful, to act politely because of someone's status, age or rank",pasi baising de dede Jamal,they are respectful towards Sir Jamal,,,,,,,,,,,,,,,,,,,,FALSE
349,baiyaka,,,,,,,,,,,,,,,,,,,,bayaka,,,,FALSE
351,baja₁,verb,to revile,,,,,,,,,,,,,,,,,,,bajai,,,FALSE
352,baja₂,verb,"to heap insults on someone, to revile someone",,,,,,,,,,,,,,,,,,,babaja-baja,,,FALSE
353,baja₃,intransitive verb,to revile with obscene language repeatedly,,,,,,,,,,,,,,,,,,,babababaja:ng,,,FALSE
354,baja₄,intransitive verb,to revile someone,,,,,,,,,,,,,,,,,,,,,,FALSE
355,bajape-jape,intransitive verb,"messy and wet, dirty",,,,,,,,,,,,,,,,,,,,,,FALSE
356,bajiang,intransitive verb,"to behave like a bully, to strike indiscriminately",,,,,,,,,,,,,,,,,,,,,,FALSE
357,bakafefut,intransitive verb,"badly distorted, not true to form (e.g. a dented car), to beirregularly shaped (e.g. of a kidney-shaped durian, of a fruit forced to grow in",,,,,,,,,,,,,,,,,,,,,,FALSE
358,bakai:,intransitive verb,"to be short-tempered, to be overly sensitive",Ia bakai: de aku,She is being short-tempered with me,,,,,,,,,,,,,,,,,,,,FALSE
359,bakakidar,intransitive verb,tough (as if uncooked) of the cooked flesh of certain fish,,,,,,,,,,,,,,,,,,,,,,FALSE
360,bakal₁,,,,,,,,,,,,,,,,,,,Indonesian,,,,,FALSE
361,bakal₂,particle,about to,yang tadi bakal jadi baku itu,the one just mentioned that's about to become sago meal,,,,,,,,,,,,,,,Indonesian,,,,,FALSE
362,bakantalawat,intransitive verb,"very crowded, excessively many",,,,,,,,,,,,,,,,,,,,,,FALSE
363,bakar₁,noun,"kind of breadfruit, [Artocarpus altilis",,,,,,,,,,,,,,,,food,,"gomo, amo",,,,FALSE
364,bakar₂,noun,"a culinary technique, similar to roasting or braising <braise> with spices",,,,,,,,,,,,,,,,culinary,,,,"bakar santang \df kind of recipe for fish with coconut cream \sf  culinary, bakar rica \df kind of spicy recipe for fish \sf  culinary",,FALSE
365,bakas₁,verb,to tie up something in bundles,,,,,,,,,,,,,,,,,,,,,,FALSE
366,bakas₂,numeral classifier,"bundle, a counter of collections of long objects",kumbar tolu bakas,three bundles of sago midribs,,,,,,,,,,,,,,,,,bakasi,,,FALSE
367,bakas₃,verb,to tie something (specific) for someone into a bundle,bakasi aku kumbar,Bundle up my sago petioles for me,,,,,,,,,,,,,,,,,bakasi akang,,,FALSE
368,bakas₄,verb,to tie something (specific) up at someone's request,,,,,,,,,,,,,,,,,,,babakas,,,FALSE
369,bakas₅,intransitive verb,to fasten or bundle things as a task or job,,,,,,,,,,,,,,,,,,,,,,FALSE
370,bakasang,noun,"kind of condiment of fermented, salted fish entrails, kind of sauce of strained fermented fish",,,,,,,,,,,,,,,,food,,,,,,FALSE
371,bakaya₁,intransitive verb,to process sago pith into meal <work>,kamí yogo bakaya de siá ambulunga,At whose sago trees will you do the sago,,,,,,,,,,,,,,,,manyakul,bakaya akang,,,FALSE
372,bakaya₂,intransitive verb,to engage in processing a certain sago stand or palm,a kita tala balapetak yogo ka da: bakaya akang kani:,After we've worked on the,,,,,,,,,,,,,,sago,,,,,,FALSE
373,baki,noun,"low table, tray",,,,,,,,,,,,,,,,,,,,,,FALSE
374,bako,,,,,,,,,,,,,,,,,,,,bose bako,,,,FALSE
375,bakti,noun,communal work,bapaguna:ng bakti de masigit,perform communal work in the mosque,,,,,,,,,,,,,,,Indonesian,,,,,FALSE
376,baku₁,noun,"raw, processed sago meal, sago bread, baked or roasted in molds",,,,,,,,,,,,,,,,sago,,,,"baku garu \df kind of steamed sweetmeat made of palm sugar and sago flour \sf  sago \sf  food, baku kasbi \df kind of bread made from grated cassava \sf  sago \sf  food, baku mata nabukana \df sago bread, the upper part of which is not completely roasted because it was not completely or tightly covered during roasting \sf  sago \sf  food, baku nggaoti \df kind of sago bread baked with grated coconut \sf  sago \sf  food, baku puti \df kind of gray-colored sago bread \sf  sago \sf  food, baku ruo \df kind of cake, soaked sago bread stuffed with fruit or spices and re-roasted or rebaked",,FALSE
376,baku₂,noun,"raw, processed sago meal, sago bread, baked or roasted in molds",,,,,,,,,,,,,,,,food,,,,"baku garu \df kind of steamed sweetmeat made of palm sugar and sago flour \sf  sago \sf  food, baku kasbi \df kind of bread made from grated cassava \sf  sago \sf  food, baku mata nabukana \df sago bread, the upper part of which is not completely roasted because it was not completely or tightly covered during roasting \sf  sago \sf  food, baku nggaoti \df kind of sago bread baked with grated coconut \sf  sago \sf  food, baku puti \df kind of gray-colored sago bread \sf  sago \sf  food, baku ruo \df kind of cake, soaked sago bread stuffed with fruit or spices and re-roasted or rebaked",,FALSE
377,balaga,,,,,,,,,,,,,,,,,,,,mata balaga,,,,FALSE
378,balak,noun,"timber, lumber",riana itu tu balaka mamakang sapa kubit itu,The (yard's) size there will require how,,,,,,,,,,,,,,,,ruma balak,,,,FALSE
379,balakamang,noun,"kind of plant, probably [Basilicum",,,,,,,,,,,,,,,,,,,,,,FALSE
380,balala:ng,,,,,,,,,,,,,,,,,,,,ala,,,,FALSE
381,balama:ng,particle,"eventually, soon, after a short while, shortly",kofo ilau balama:ng rutak,A net at sea will eventually fall apart.,Balama:ng kubobar.,Keep it up and I'll hit you.,,,,,,,,,,,,,,,,,,FALSE
382,balampo,verb,"to go, esp. to walk",kamí balampo di mana dang,Where did all of you go then?,,,,,,,,,,,,,,,,,,"balampo de sawang \df to use an outhouse, to defecate, esp. on the shore or at a seaside outhouse \sc  Euphemism, balampo forsa \df to walk at high speed, balampo tiol \df to walk, to go on foot",,FALSE
383,balanak,noun,"kind of fish, mullet family, Mugilidae",,,,,,,,,,,,,"Mugil cephalus,Mugil dussumieri",,,fish,,,,"balanak aduping \df kind of fish, balanak dompol \df kind of fish, mullet family, Mugilidae, perhaps \sn Liza vaigiensis \sf  fish",,FALSE
384,balang,noun,"grasshopper, locust, order Orthoptera",,,,,,,,,,,,,,,,insect,,,,"balang gunting \df kind of mantid, suborder Mantodea \sf  insect, balang nggaoti \df kind of grasshopper, order Orthoptera \crm  boto-boto \sf  insect",,FALSE
385,balangma:ng,,,,,,,,,,,,,,,,,,,,balama:ng,,,,FALSE
386,bala₁,verb,to split something (esp. wood),,,,,,,,,,,,,,,,,,,balai,,,FALSE
387,bala₂,verb,to split something for someone,,,,,,,,,,,,,,,,,,,bal-balai,,,FALSE
388,bala₃,verb,to split a great deal of wood,,,,,,,,,,,,,,,,,,,bala akang,,,FALSE
389,bala₄,verb,to divide in half,,,,,,,,,,,,,,,,,,,babala,,,FALSE
390,bala₅,intransitive verb,to split wood as a task,babala kayu,split wood,,,,,,,,,,,,,,,,,pabalai,,,FALSE
391,bala₆,verb,"to bring a task of splitting to conclusion, to complete the splitting of something",,,,,,,,,,,,,,,,,,,nabala,,,FALSE
392,bala₇,intransitive verb,to be broken (of plates),,,,,,,,,,,,,,,,,,sabala,,,,FALSE
393,balanyja,noun,"the sum of money given to one's fiancée's parents <brideprice>, the money spent to supply one's daily food, kitchen expenses",,,,,,,,,,,,,,,,,,siri pinang,,,,FALSE
394,bala₈,noun,"a member of the sultan's retinue, a servant or lower-ranking officer in the palace, subjects",,,,,,,,,,,,,,,archaic,,,,,,,FALSE
395,balapis,noun,kind of layer cake,,,,,,,,,,,,,,,,food,,,,,,FALSE
396,balas₁,verb,"to pay up, to pay for something, to answer something ( a letter)",Aku kubalas mulaku.,I paid my debt.,musi tabalas de pasi harga itu,We must pay the price to them.,sakarang ini kita tabatikang tabalas senso,Nowadays we say we'll pay for a chainsaw.,,,,,,,,,,,,,balasi,,,FALSE
397,balas₂,verb,to pay for someone,,,,,,,,,,,,,,,,,,,balas akang,,,FALSE
398,balas₃,verb,to pay for something or someone,pauli tabalas akang tukang mupabua mesel alengo,We'll be able to pay the mason for,,,,,,,,,,,,,,,,,bababalasang,,,FALSE
399,balas₄,intransitive verb,to requite someone,bababalasang budi,repay someone's kindness.,,,,,,,,,,,,,,,,,,,,FALSE
400,balatete,,,,,,,,,,,,,,,,,,,,ngguming,,,,FALSE
401,balatu,noun,kind of pit trap lined with sharpened bamboo stakes,,,,,,,,,,,,,,,,,,sungga,,,,FALSE
402,bale,noun,"bed, sleeping platform",,,,,,,,,,,,,,,,house,,"dego-dego, katidurang, babaleang",,,,FALSE
403,bale sumpa,noun,kind of chameleon,,,,,,,,,,,,,Calotes sp.,,,animal,,,,,,FALSE
404,balentik,noun,kind of spear trap,,,,,,,,,,,,,,,,,,sungga,,,,FALSE
405,bali,,,,,,,,,,,,,,,,,,,,nggaoti,,,,FALSE
406,balibalinggarang,intransitive verb,"to be extremely unstable (of a boat in the water), to tip and tilt excessively",,,,,,,,,,,,,,,,,,linggang,,,,FALSE
407,balik₁,,,,,,,,,,,,,,,,,,,,,baliki,,,FALSE
408,balik₂,verb,to turn something over for someone,baliki lao itu capát mo logas,Flip over that fish fast,it's about to burn,,,,,,,,,,,,,,,,balik akang,,,FALSE
409,balik₃,verb,to turn something over,,,,,,,,,,,,,,,,,,,babalik,,,FALSE
410,balik₄,intransitive verb,"to go back, to resume some earlier activity or state, to be inverted or turned over",babalik ka mai,Return here,bangaji babalik,Resume Quran reciting,babalik tu babicara alengo parkara lampa:ng,Resuming the earlier discussion regarding,lecak imbawana imbawa jadi ianta,,babalik,"The soil below, what's below becomes",,,,,,,,,,,,FALSE
411,balik₅,particle,"again, once more",,,,,,,,,,,,,,,,,,,nabalik,,,FALSE
412,balik₆,intransitive verb,to be accidentally twisted,,,,,,,,,,,,,,,,,,,,,,FALSE
413,balik₇,intransitive verb,"to have come of age (of women), to experience one's first menstrual period",,,,,,,,,,,,,,,,,,hajat,,,,FALSE
414,balimbing,,,,,,,,,,,,,,,,,,,,malimbing,,,,FALSE
415,balisa,intransitive verb,"to be nervous and hyperactive, to fidget",,,,,,,,,,,,,,,,,,,,,,FALSE
416,balo,noun,widower,,,,,,,,,,,,,,,,,,janda,,,,FALSE
417,balotu,,,,,,,,,,,,,,,,,,,,lotu,,,,FALSE
419,balukus,noun,"kind of fish, the Flathead, Platycephalidae fam.",,,,,,,,,,,,,,,,fish,,,,"balukus batang \df kind of fish, \sn Platycephalus fuscus \sf  fish, balukus dolong \df kind of fish \sf  fish, balukus duong \df kind of fish, \sn Platycephalus indicus \sf  fish, balukus cacebar \df kind of fish \sf  fish, balukus karang \df kind of fish, the Grinner, \sn Trachinocephalus myops \sf  fish",,FALSE
420,balung₁,verb,"to coil, to roll up (twine, etc.)",,,,,,,,,,,,,,,,,,,balungi,,,FALSE
421,balung₂,verb,to roll something up for s.o,,,,,,,,,,,,,,,,,,,balung akang,,,FALSE
422,balung₃,verb,"to coil (a rope, etc.) at someone's request, to consume something (food)",,,,,,,,,,,,,,,whimsical,,,,babalung,,,FALSE
423,balung₄,intransitive verb,to engage in winding up twine or rope,,,,,,,,,,,,,,,,,,,balung-balung,,,FALSE
424,balung₅,noun,spool,,,,,,,,,,,,,,,,,,,,,,FALSE
425,balá,,,,,,,,,,,,,,,,,,,,bahala/,,,,FALSE
428,bamayó,intransitive verb,to go hunting (with dogs),,,,,,,,,,,,,,,,,,yoyo/,,,,FALSE
429,bambanót,noun,"kind of fish, the saddle-tailed sea perch",,,,,,,,,,,,,Lutjanus sanguineus,,,fish,,,,,,FALSE
430,bambang₁,verb,"to heat something already cooked, to warm something up",,,,,,,,,,,,,,,,culinary,,,bambangi,,,FALSE
431,bambang₂,verb,to heat something for someone,,,,,,,,,,,,,,,,,,,,,,FALSE
432,bamomba₁,intransitive verb,"to peer from a hiding place, to flee and seek refuge in a concealed place",,,,,,,,,,,,,,,,,,,,,,FALSE
433,bamomba₂,noun,"a gazebo, a resting place",,,,,,,,,,,,,,,casual,,,,,,,FALSE
434,bampe,noun,"guard post, sentinel, inspection post (during the Japanese occupation)",,,,,,,,,,,,,,,archaic,,,,,,,FALSE
435,banana₁,intransitive verb,wet,,,,,,,,,,,,,,,,,,,banana-nana,,,FALSE
436,banana₂,intransitive verb,quite wet,,,,,,,,,,,,,,,,,,,banana akang,,,FALSE
437,banana₃,verb,"to wet something, to make something wet",,,,,,,,,,,,,,,,,,,,,,FALSE
438,banapé,pronoun,"what event, what situation",banapé inycana itu dang tu,What was happening there then?,,,,,,,,,,,,,,,,bagunape/,,,,FALSE
439,bandang,,,,,,,,,,,,,,,,,,,,lao bandang,,,,FALSE
440,bandera,noun,"flag, pennant",,,,,,,,,,,,,,,,,,,,,,FALSE
441,banding,verb,"to compare to, to be comparable with",Karang bido tala itu ma banding semén.,"As for staghorn coral, it is comparable to",,,,,,,,,,,,,,,,pasaruma akang,,,,FALSE
442,baner,noun,buttress root,,,,,,,,,,,,,,,,plant,,,,,,FALSE
443,banta₁,verb,"to contradict something, to complain about something",Cece mubanta bicaraku.,Don't contradict what I said.,,,,,,,,,,,,,,,,,bantai,,,FALSE
444,banta₂,verb,to complain to someone or about someone,Kusu: ia sigodo ma bantai bosina ia.,I told him to complain about his boss.,,,,,,,,,,,,,,,,,babanta:ng,,,FALSE
445,banta₃,intransitive verb,to contradict someone,,,,,,,,,,,,,,,,,,,,,,FALSE
446,bantalang,noun,roller for beached boats,,,,,,,,,,,,,,,,,,raroang,,,,FALSE
447,bantu₁,verb,to help someone or something,,,,,,,,,,,,,,,,,,,bantu akang,,,FALSE
448,bantu₂,verb,to help someone or something at someone's request,tabantu akang kamponta,Let us help our village,,,,,,,,,,,,,,,,tulung,,,,FALSE
449,bantunang,noun,black sea cucumber,,,,,,,,,,,,,Stichopus chloronotus,,,sea creature,,,,,,FALSE
450,bantung₁,verb,to yank something out,,,,,,,,,,,,,,,,,,,bantungi,,,FALSE
451,bantung₂,intransitive verb,to yank something out for someone,,,,,,,,,,,,,,,,,,,bantung akang,,,FALSE
452,bantung₃,verb,to yank out something at someone's request,,,,,,,,,,,,,,,,,,,babantung,,,FALSE
453,bantung₄,intransitive verb,to engage in yanking out (e.g. weeding a garden),babantung jengkut,Work at plucking out one's facial hair,,,,,,,,,,,,,,,,,,,,FALSE
454,bantáng,intransitive verb,"to have a relapse, to fall ill (because one is not fully recovered)",,,,,,,,,,,,,,,,health,,,,,,FALSE
455,banár₁,intransitive verb,TRUE,,,,,,,,,,,,,,,,,,,,,,FALSE
456,banár₂,particle,That's correct,,,,,,,,,,,,,,,,,,,,,,FALSE
457,bang,noun,the muzzein's call to prayer,,,,,,,,,,,,,,,,,,,,,,FALSE
458,bangaji,intransitive verb,to study and recite the Quran,guru tala batikang palu tolu musi kapo bangaji,The Quranic instructor said that at three,,,,,,,,,,,,,,,,"mangaji, pangaji akang",,,,FALSE
459,banggala,,,,,,,,,,,,,,,,,,,,kambing banggala,,,,FALSE
460,bangkak,intransitive verb,swollen,,,,,,,,,,,,,,,,,,,,,,FALSE
461,bangkalang,,,,,,,,,,,,,,,,,,,,tabangkalang,,,,FALSE
462,bangke,noun,"animal carcass, corpse",,,,,,,,,,,,,,,,,,maye/t,,,,FALSE
463,bangkita,noun,kind of mangrove tree,,,,,,,,,,,,,Bruguiera conjugata,,,tree,,,,bangkita papua \df kind of mangrove \sf  tree,,FALSE
464,bangkit₁,intransitive verb,"to assume an erect position, to get up",,,,,,,,,,,,,,,,,,,babangkit,,,FALSE
465,bangkit₂,intransitive verb,to arise (and leave one's sleeping place),,,,,,,,,,,,,,,,,,bangung,,,,FALSE
466,bangkit₃,,,,,,,,,,,,,,,,,,,,,bangkit-bangkit,,,FALSE
467,bangkit₄,noun,"a wooden tool for wiping empty sago molds, hotpads, potholders",,,,,,,,,,,,,,,,sago,,,babangkit,,,FALSE
467,bangkit₅,noun,"a wooden tool for wiping empty sago molds, hotpads, potholders",,,,,,,,,,,,,,,,tool,,,babangkit,,,FALSE
468,bangkit₆,noun,wooden struts to lift the sago mold out of the fire,,,,,,,,,,,,,,,,,,,,babangkita ndango \df a piece of cloth used as a potholder when moving a hot sago mold \sf  sago \sf  utensil,,FALSE
469,bangku,noun,bench,,,,,,,,,,,,,,,,,,nyjong bangku,,,,FALSE
470,bangkuang,noun,"kind of root crop, jicama or yam bean",,,,,,,,,,,,,Pachyrrhizus erosus,,,plant,,,,,,FALSE
471,bangkurung₁,noun,"back, behind, posterior area",ruma bangkurunga,"behind the house, at the rear of the house",,,,,,,,,,,,,,,,,bangkurungi,,,FALSE
472,bangkurung₂,verb,to turn one's back on someone,,,,,,,,,,,,,,,,,,,babangkurung,,,FALSE
473,bangkurung₃,intransitive verb,to be in a position with one's back towards another,,,,,,,,,,,,,,,,,,,,,,FALSE
474,banglé,noun,kind of ginger,,,,,,,,,,,,,Zingiber cassumunar,,,plant,,,,,,FALSE
475,bangsat,noun,"wicked person, a strong exclamation of disapproval",,,,,,,,,,,,,,,,,,,,,,FALSE
476,bangsil,noun,a western-style transverse flute,,,,,,,,,,,,,,,archaic,,,,,,,FALSE
477,bangunapé,pronoun,"what happens, what needs doing",,,,,,,,,,,,,,,respectful,,,"bagunape/, banape/, guna",,,,FALSE
478,banguni,verb,"to wake up someone, to arouse someone",,,,,,,,,,,,,,,,,,bangung,,,,FALSE
479,bangung,intransitive verb,"to awaken, to regain consciousness",,,,,,,,,,,,,,,,,,bangkit,,,,FALSE
480,ba:₁,verb,"to carry something, to involve something, to entail something, to bring something along with (the chief event), to operate a machine, to drive a vehicle",ma ba: singsara,that entailed a great deal of suffering,,,,,,,,,,,,,,,,,,"ba: kamai \df to bring, to carry in, ba: sopang \df to carry out \df to remove, to expel, ba: angat \df somewhat warm (of food and drink) \df to get upset, to be offended, to get heated up \df to look like trouble \crm  molu-molu kuku \af  ba:akang \ps  v \df to carry something at someone's request \crm  bawa:ng",,FALSE
481,banyak,pronoun,much (only in certain phrases),sukur banyak,many thanks to God,,,,,,,,,,,,,,,,"manusia banyak, barisi",,,,FALSE
482,banyjir₁,noun,flood,,,,,,,,,,,,,,,,,,,,,,FALSE
483,banyjir₂,intransitive verb,"to flood, to overwhelm by appearing in large numbers",durian tala banyjir laku,Durians have appeared in large numbers.,,,,,,,,,,,,,,,,,,,,FALSE
484,ba:₂,locative,"direction opposite the cape, beneath",,,,,,,,,,,,,,,,,,"bawa, imbawa, ba: ruma, ka ba:",,,,FALSE
485,bap,,,,,,,,,,,,,,,,,,,,sabap,,,,FALSE
486,bapa,noun,"father, uncle",,,,,,,,,,,,,,,,,,,,"bapa danycanaka \df an uncle younger than his sibling who is one's parent, bapa dekea \df an uncle older than his sibling who is one's parent \crm  hau \sf  kinship, bapa nang tua ina nang dado \df all of one's relatives",,FALSE
487,bapaguna:ng,,,,,,,,,,,,,,,,,,,,guna,,,,FALSE
489,bapatáng galou,intransitive verb,to wash one's face,,,,,,,,,,,,,,,,,,bata/ng galou,,,,FALSE
490,bapiang,,,,,,,,,,,,,,,,,,,,baupiang,,,,FALSE
492,bara,noun,tumor,,,,,,,,,,,,,,,,health,,,,"bara bunga \df cold sore, fever blister, herpes simplex \df infection of the gums \df chancre \sf  health",,FALSE
493,barakát,noun,"grace, blessing (of God or of elders upon children)",,,,,,,,,,,,,,,,,,,,,,FALSE
494,baranak,,,,,,,,,,,,,,,,,,,,anak,,,,FALSE
496,barani₁,intransitive verb,brave,,,,,,,,,,,,,,,,,,,pabarani akang,,,FALSE
497,barani₂,verb,"to quicken the bravery of someone, to embolden or encourage someone",,,,,,,,,,,,,,,,,,,,,,FALSE
498,barangka,noun,"gorge, dry river course",,,,,,,,,,,,,,,,geography,,,,,,FALSE
499,barangkali,particle,"maybe, perhaps",,,,,,,,,,,,,,,,,,,,,,FALSE
500,barangkat,intransitive verb,"to depart, to go away",,,,,,,,,,,,,,,,,,angkat,,,,FALSE
501,barang₁,conjunction,because,barang aku bolung perna barikang de itu,because I've not yet been fishing there,,,,,,,,,,,,,,,,saba/p,,,,FALSE
502,barang₂,adverb,"approximately, about",pauli barang dua pulu,obtain about twenty,,,,,,,,,,,,,,,,,,,,FALSE
503,barang₃,particle,maybe,ari ini barang ifuta ka apé,Today maybe he's tricking (us) or what?,,,,,,,,,,,,,,,,,,,,FALSE
504,barang₄,noun,"things, one's property and possessions, a matter, an issue",ini barang nang udang,This is a matter of months.,,,,,,,,,,,,,,,,,,,,FALSE
505,bararti₁,conjunction,"so, thus, that means",aku yoga baloya hadiki dang bararti aku musi ka sana nang naondoa,In a little while I'll be sailing off so I must go there a little early,,,,,,,,,,,,,,,,,,,,FALSE
506,bararti₂,conjunction,"thus, therefore",tajagai moyo bararti tanamanta alengo kangelang,"We don't take proper care (of the swidden), therefore our crops become wasted.",,,,,,,,,,,,,,,,,,,,FALSE
507,barat,noun,a point of the compass: west,,,,,,,,,,,,,,,,,,,,"barat daya \df a point of the compass: southwest, barat laut \df a point of the compass: northwest \df foreign (incl. Asian foreigners)",,FALSE
508,barawango,noun,"kind of palm, perhaps the palmyra palm",,,,,,,,,,,,,Borassus flabellifer,,,,,lontar,,,,FALSE
509,barba₁,noun,"whiskers, a full beard",,,,,,,,,,,,,,,,,,,babarba,,,FALSE
510,barba₂,intransitive verb,"bewhiskered, bearded",,,,,,,,,,,,,,,,,,jengkut,,,,FALSE
511,bardosa,intransitive verb,to commit a sin <sinful>,basaláng babicara de koran dalama itu bardosa,If you talk in the midst of reciting the,,,,,,,,,,,,,,spiritual,,,,,,FALSE
512,barenti₁,intransitive verb,"to stop, to be completed",bena mantak barenti,just over an illness,,,,,,,,,,,,,,,,,,,,FALSE
513,barenti₂,particle,"after, when",Kita mamakang barenti mena kita ka daya.,"After we've eaten, then  let's go inland.",,,,,,,,,,,,,,,,,,,,FALSE
514,baria₁,intransitive verb,to defecate,,,,,,,,,,,,,,,,,,,baria-ria,,,FALSE
515,baria₂,intransitive verb,to have diarrhoea,,,,,,,,,,,,,,,,health,,,tabatabaria,,,FALSE
516,baria₃,intransitive verb,"to defecate inadvertently (in one's clothes, etc.)",,,,,,,,,,,,,,,,,,berai,,,,FALSE
517,barikang,intransitive verb,"to go fishing, using bait (either scattered in the water or placed on a hook), to fish for a certain kind of fish",barikang lao nonda,to fish for snapper,,,,,,,,,,,,,,fishing,,,,,,FALSE
518,bari₁,intransitive verb,"stale, spoiled (of rice)",,,,,,,,,,,,,,,,,,,,,,FALSE
519,bari₂,,,,,,,,,,,,,,,,,,,,,babari,,,FALSE
520,bari₃,intransitive verb,"to serve or host a meal for those helping in a project, to undertake cooperative work <cooperate>",pauli tabari manusia balampo mupabua balaka,We'll be able to serve up a meal for the,,,,,,,,,,,,,,,,,,,,FALSE
521,baris₁,verb,"to scoop up completely, to completely remove with one's hand (e.g., food from a plate)",,,,,,,,,,,,,,,,,,,baris akang,,,FALSE
522,baris₂,verb,"to remove something completely at someone's request, to complete something (a meal), to polish off something (food)",tala tabaris akang nang baku molo-molo ado,We polished (them) off with some well-,,,,,,,,,,,,,,,,,,,,FALSE
523,barisa,intransitive verb,"to make unexplained or eery noises, to be noisy (of unseen spirits) <haunt>",ari malang manusia mantak po panycungut barisa sigodo,Last night someone was on his,,,,,,,,,,,,,,,,,,,,FALSE
524,barisi₁,pronoun,"many, much",,,,,,,,,,,,,,,,,,,barisi-risi,,,FALSE
525,barisi₂,pronoun,"very much, very many",sukur barisi-risi,Many thanks to God!,,,,,,,,,,,,,,,,,,,,FALSE
526,baronda,intransitive verb,to go for a stroll,,,,,,,,,,,,,,,,,,,,,,FALSE
527,baruntung,exclamation,"fortunately, luckily",baruntung ia capat kapo,"Fortunately, she arrived soon",,,,,,,,,,,,,,,,"untung, untumajang",,,,FALSE
528,baru₁,intransitive verb,new,,,,,,,,,,,,,,,,,Malay,papoa-poa,,,,FALSE
529,baru₂,particle,then,,,,,,,,,,,,,,,,,,bubuena,,,,FALSE
530,basa,noun,language,,,,,,,,,,,,,,,,,,,,"basa kadatong \df court language, terms used in the sultan's palace, basa pilit-pilit akang \df a set of codewords used to refer indirectly to certain items \df words, report \il  basa ini fitaná This report is a lie. \af  babasa \ps  vi \df to have a certain language as one's language, to speak a certain \language \il  babasa bacáng to speak Bacan \df to speak, to talk \il  pasi babasa nang guru ke ieti mo Even when they talk with a Quranic teacher, they do not understand (proper behavior). \crm  bahasa",,FALSE
531,basalahang₁,intransitive verb,"to be twisted (of the ankle, etc.)",,,,,,,,,,,,,,,,,,,barbasalahang,,,FALSE
532,basalahang₂,intransitive verb,"to be mixed-up (of several objects, e.g. sandals, etc.)",,,,,,,,,,,,,,,,,,sala,,,,FALSE
533,basalendo,intransitive verb,to dance (traditional dances),,,,,,,,,,,,,,,,,,,,,,FALSE
534,basaláng,conjunction,if,"basaláng udang kapota pitu malang dang, lao itu mati",If it is the seventh night of the,,,,,,,,,,,,,,,,,,"basala/ng umur tinggi-tinggi \df with any luck, hopefully",,FALSE
535,batiti,,,,,,,,,,,,,,,,,,,,,,"batiti buku \df to kneel, esp. with haunch touching the heels, batiti oko \df to rest one's chin on one's palm \df to daydream \crm  titi",,FALSE
536,batoróp,intransitive verb,to hunt with dogs,,,,,,,,,,,,,,,archaic,,,,,,,FALSE
537,batu,noun,stone,,,,,,,,,,,,,,,,,,,,"batu baca:ng \df kind of semi-precious stone,  similar to agate, batu balu \df kind of stone which moves, batu iu \df kind of coral, brain coral, ( \sn Symphyllia  ) \crm  katang \af  babatu \ps  vi \df to be full of rocks, stoney",,FALSE
538,batu-batu,noun,"kind of tree, yielding firewood",,,,,,,,,,,,,,,,,,,,,,FALSE
539,batuk₁,intransitive verb,to cough,,,,,,,,,,,,,,,,health,,,batuki,,,FALSE
540,batuk₂,verb,"to cough at someone, to cough to alert someone of one's presence",,,,,,,,,,,,,,,,,,,babatuk,,,FALSE
541,batuk₃,intransitive verb,"to have a cough, to cough continuously",,,,,,,,,,,,,,,,,,,,,,FALSE
542,batuyutang,intransitive verb,to be thoroughly mixed (of dough in a cake mix or of freshly strained sago flour),,,,,,,,,,,,,,,,,,tuyutang,,,,FALSE
543,batáng,particle,"as for, all the more so, suppose, what if",Kau batikang aku paocoang batáng kau.,You say I'm lazy.  What  about you?,"batáng itu, ardani pauli mo","Suppose that's so, Ardani will be unable to do it.","batáng basaláng talapor mo, tapabua tu kira-kira deminyá itu",What if we don't,,,,,,,,,,,,,,,,FALSE
544,batáng galou,intransitive verb,to wash one's face,,,,,,,,,,,,,,,,,,bapatang galou,,,,FALSE
545,baung,,,,,,,,,,,,,,,,,,,,bangung,,,,FALSE
546,bau₁,noun,shoulder,,,,,,,,,,,,,,,,body,,,,,,FALSE
547,bau₂,noun,an areal measurement of forty fathoms,sabau,one bau,,,,,,,,,,,,,,,,,,,,FALSE
548,baupiang,intransitive verb,"to engage in cooperative work, to help out at a feast <cooperate>",jadi sari dua ari kau musi baupiang aku sadiki puong,So in a day or two you will have,,,,,,,,,,,,,,,,,,,,FALSE
549,baurang,,,,,,,,,,,,,,,,,,,,urang,,,,FALSE
552,bayaka,noun,machete,,,,,,,,,,,,,,,,tool,,,,"bayaka baba/ng \df kind of long machete used in boat building, bayaka tinggi \df kind of long sword-like machete \sf  tool",,FALSE
553,bayang,noun,"various kind of leafy green vegetables, edible amaranth",,,,,,,,,,,,,Amaranthus tricolor,,,plant,,,,"bayang baduri \df kind of plant, \sn Amaranthus  spinosus \sf  plant, bayang tidore \df kind of plant, ayapana, \sn Eupatorium triplinerve, used for poultices on \swollen limbs \sf  plant",,FALSE
554,bayang-bayang₁,noun,reflection,,,,,,,,,,,,,,,,,,,bayang-bayangi,,,FALSE
555,bayang-bayang₂,verb,to affect someone by one's only very slight presence (e.g. to defuse a quarrel by simply,,,,,,,,,,,,,,,,,,,babayang-bayang,,,FALSE
556,bayang-bayang₃,intransitive verb,"to imagine, to have the illusion of someone's presence",,,,,,,,,,,,,,,,,,,,,,FALSE
557,bayasa,,,,,,,,,,,,,,,,,,,,yasa,,,,FALSE
558,bawa₁,locative,"below, beneath, at the bottom, direction opposite the cape <counter-capewards>, westward (when in Labuha itself)",botangi lecak de itu ka bawa,Put the soil there towards the bottom.,adaing itu motor de bawa,Wait for the motorboat over on the right side (of the shore).,ka bawa,direction to the right when facing the sea,kita musi talapor de kapala desa de itu ka bawa,We had to report at the village head's,,,,,,,,,,,,,,FALSE
559,bawa₂,particle,"emphatically, with finality, thoroughly",,,,,,,,,,,,,,,,,,"ka bawa, ba: ruma, imba:",,,,FALSE
560,bawalí,noun,a man's name,,,,,,,,,,,,,,,,personal name,,,,,,FALSE
561,bawang,noun,various kind of onions,,,,,,,,,,,,,Allium,,,plant,,,,"bawang sela \df shallot, \sn Allium cepa, var. ascalonicum \sf  plant, bawang puti \df garlic, \sn Allium sativum \sf  plant",,FALSE
562,bawa:ng₁,noun,"burden, something carried",,,,,,,,,,,,,,,,,,,babawa:ng,,,FALSE
563,bawa:ng₂,intransitive verb,"to have many burdens, to be laden, to become a burden to others, to be burdensome",,,,,,,,,,,,,,,,,,ba:,,,,FALSE
564,bawi,noun,pig,,,,,,,,,,,,,Suidae,,,animal,,sasambiluna bawi,,"bawi tumana \df pig louse, order Phthiraptera, or tick, order Acari \sf  insect",,FALSE
565,bebas,intransitive verb,"free, independent",sigodo umur ampa taung a itu bena ia bebas,"When it reaches four years of age, then",,,,,,,,,,,,,,,,,,,,FALSE
566,bebe,noun,duck,,,,,,,,,,,,,Anatidae,,,bird,,,,"bebe jawa \df kind of small duck, fam. Anatidae, bebe laut \df pelican, fam. Pelecanidae \sf  bird, bebe manila \df kind of large duck, fam. Anatidae",,FALSE
567,beda,intransitive verb,to be different,,,,,,,,,,,,,,,,,,malaing,,,,FALSE
568,bedeng₁,noun,nursery for plants,,,,,,,,,,,,,,,,,,,,,,FALSE
569,bedeng₂,verb,"to plant something in a nursery, e.g., clove, etc.",,,,,,,,,,,,,,,,,,,,,,FALSE
570,bei,verb,"to give someone something, to extend something",Ia mubei langker tabakone,He gave him cigarettes.,,,,,,,,,,,,,,,,,,"bei maaf \df to extend forgiveness, to forgive, bei suara \df to greet, to extend salutations \ps  part \gc  causative marker \df to cause something to happen, bei makang \df to feed someone (to cause someone to eat), bei eti \df to inform (to cause someone to know), to explain \af  bei akang \ps  v \df to give something away \il  Langker mubei akang buk.  He gave a book away. \af  babei \ps  vi \df to take the first step in a game \af  babeiang \ps  vi \df to give things to someone, to contribute to someone \af pambeiang \ps  n \df something given, a gift, a present",,FALSE
571,bek-bek,ideophone,"the sound made by a duck, the quack of a duck",,,,,,,,,,,,,,,,,,,,,,FALSE
572,beles,noun,a stake to which boats are tied,,,,,,,,,,,,,,,,sailing,,,,,,FALSE
573,belit,transitive verb,to bear a burden beyond one's usual capability,,,,,,,,,,,,,,,,,,,,,,FALSE
574,belo-belo,noun,cock's comb,,,,,,,,,,,,,,,,,,,,,,FALSE
575,belék,noun,tin can,,,,,,,,,,,,,,,,,,,,,,FALSE
576,bembém,,,,,,,,,,,,,,,,,,,,benbe/n,,,,FALSE
579,benar,intransitive verb,"true, correct",,,,,,,,,,,,,,,,,Indonesian,banar,,,,FALSE
580,ben-ben,noun,"kind of crustacean, yabby, a burrowing crayfish with one very large claw",,,,,,,,,,,,,Callianassa australiensis,,,,,,,,,FALSE
581,benteng,noun,"fort, palisade",,,,,,,,,,,,,,,,,,kota,,,,FALSE
582,benga₁,,,,,,,,,,,,,,,,,,,,,benga akang,,,FALSE
583,benga₂,verb,to straighten something,,,,,,,,,,,,,,,,,,,nabenga,,,FALSE
584,benga₃,intransitive verb,to have inadvertently become straight (when it should not),,,,,,,,,,,,,,,,,,,,,,FALSE
585,benga-benga,noun,"jawbone, mandible, the base of the jaw",,,,,,,,,,,,,,,,body,,benga,,,,FALSE
586,bengko,intransitive verb,bent,,,,,,,,,,,,,,,,,,,,,,FALSE
587,beo,,,,,,,,,,,,,,,,,,,,dabu-dabu beo,,,,FALSE
588,berai,verb,to defecate on something or someone,,,,,,,,,,,,,,,,,,baria,,,,FALSE
589,berak₁,verb,to stretch apart the limbs of a person or animal,,,,,,,,,,,,,,,,,,cacaberak,beraki,,,FALSE
590,berak₂,verb,to spread something (limbs in a certain way or for a certain length),,,,,,,,,,,,,,,,,,,berak akang,,,FALSE
591,berak₃,verb,to spread something (one's legs or an animal's limbs) at someone's request,"Tala ia muberak akang kambing tiola, mena ia ma lupes kulita",After he spread apart the,,,,,,,,,,,,,,,,,baberak,,,FALSE
592,berak₄,intransitive verb,"to be in a posture with legs spread apart, akimbo",tala isu: pasi baberak,"After he issued the order, they stood at ease (of soldiers drilling)",tidu baberak,to sleep with legs akimbo,,,,,,,,,,,,,,,naberak,,,FALSE
593,berak₅,intransitive verb,"to have become spread apart (e.g. one side of a bamboo pulled apart from another),, to be broad and flat (of one's nose)",,,,,,,,,,,,,,,,,,,,,,FALSE
594,beranak,noun,kind of tree,,,,,,,,,,,,,,,,,,,,,,FALSE
595,bere-bere,noun,kind of disease affecting the bones,,,,,,,,,,,,,,,,,,,,,,FALSE
596,berengkes,noun,kind of cake made of sago flour with banana roasted in banana leaves,,,,,,,,,,,,,,,,,,,,,,FALSE
597,beresi:₁,verb,to assist someone cleansing after defecating,beresi: adimu,Clean up (wipe up) your little brother.,,,,,,,,,,,,,,,,,beresi: akang,,,FALSE
598,beresi:₂,verb,to assist someone cleansing after defecating (at someone's request),,,,,,,,,,,,,,,,,,,baberesi:,,,FALSE
599,beresi:₃,intransitive verb,"to cleanse someone after defecating, to engage in assisting others to cleanse themselves or to cleanse them (of infants or",,,,,,,,,,,,,,,,,,,,,,FALSE
600,bermacam-macam,intransitive verb,to be various,,,,,,,,,,,,,,,,,,macang-macang,,,,FALSE
601,berman,noun,neighbor,,,,,,,,,,,,,,,,,,,,,,FALSE
602,bersi₁,,,,,,,,,,,,,,,,,,,,,pabersi akang,,,FALSE
603,bersi₂,verb,"to clean something up, to tidy something",,,,,,,,,,,,,,,,,,"beresi:, bersi:",,,,FALSE
604,bersihkan,verb,to clean something up,,,,,,,,,,,,,,,,,,"bersi, kebersihan",,,,FALSE
605,bersí,intransitive verb,"clean, cleared, without obstruction",,,,,,,,,,,,,,,,,,beresi:,,,,FALSE
606,besi,noun,"kind of mineral, iron",,,,,,,,,,,,,,,,,,,,,,FALSE
607,besing₁,verb,to sneeze,,,,,,,,,,,,,,,,,,,besingi,,,FALSE
608,besing₂,verb,to sneeze on someone or in a certain direction,,,,,,,,,,,,,,,,,,,babesing,,,FALSE
609,besing₃,intransitive verb,to sneeze again and again,babesinga,He's (continually) sneezing!,,,,,,,,,,,,,,,,,,,,FALSE
610,betik₁,,,,,,,,,,,,,,,,,,,,,betik akang,,,FALSE
611,betik₂,transitive verb,to tear something (a net),,,,,,,,,,,,,,,,,,,nabetik,,,FALSE
612,betik₃,intransitive verb,torn (of nets),,,,,,,,,,,,,,,,,,,,,,FALSE
613,betis,noun,calf (of leg),,,,,,,,,,,,,,,,,,,,,,FALSE
614,beto₁,noun,"venom, sting (of a venomous fish or insect)",,,,,,,,,,,,,,,,,,,babeto,,,FALSE
615,beto₂,intransitive verb,"to be venomous, to have a sting",,,,,,,,,,,,,,,,,,,beto-beto,,,FALSE
616,beto₃,noun,"insect bites, site of stings, misfortune, often caused by arguing with one's parents",,,,,,,,,,,,,,,,,,,,,,FALSE
617,biaji,noun,clove,,,,,,,,,,,,,Syzygium aromaticum,,archaic,,,cengke,,,,FALSE
618,biang,noun,traditional midwife,,,,,,,,,,,,,,,,,,,,biang sunat \df Islamic functionary who circumsizes men \sc  Arch,,FALSE
619,biar₁,exclamation,let it be,,,,,,,,,,,,,,,,,,,,,,FALSE
620,biar₂,conjunction,although,kita tala pauli tidu biar bolung badindingi ke biar,We could sleep although the shed,,,,,,,,,,,,,,,,,,biar...ke \df no matter \il  Biar taikat nang apé ke No matter what we tie it with,,FALSE
621,biasa,intransitive verb,usual,tala paling biasa tala itu pitu taung,The most common is seven years.,,,,,,,,,,,,,,,,,,,,FALSE
622,biasanya,conjunction,usually,,,,,,,,,,,,,,,,,,,,,,FALSE
623,bibi,noun,"aunt, term of address for older women",,,,,,,,,,,,,,,,kinship,,,,,,FALSE
624,bibir₁,noun,lip,,,,,,,,,,,,,,,,body,,sungut bibira,,,,FALSE
625,bibir₂,intransitive verb,full (of a boat so its rim is just out of water),kamí bamuat sigodo bibir,You have taken on cargo to the point that the boat is barely,,,,,,,,,,,,,,,,,,,,FALSE
626,bibisang,noun,kind of fish,,,,,,,,,,,,,,,,fish,,,,"bibisang bonggol \df kind of fish with a deep concavity above the eye, perhaps the yellow perchlet, \sf  fish, bibisang inana \df kind of fish, the yellow perchlet \sn Priopidichthys marianus \sf  fish",,FALSE
627,bibit,noun,planting seed,,,,,,,,,,,,,,,,,,,,,,FALSE
628,bibiti₁,verb,"to pinch  off something (esp. fish) for someone, to pinch someone",bibiti aku lao tu ka mai,Pinch off some of that fish for me.,,,,,,,,,,,,,,,,,bibiti akang,,,FALSE
629,bibiti₂,verb,to pinch something off at someone's request,,,,,,,,,,,,,,,,,,,,,,FALSE
630,bicara₁,verb,to talk about something or s.o,bicara lao togor,talking about tough fish,,,,,,,,,,,,,,,,,bicarai,,,FALSE
631,bicara₂,verb,"to talk to someone, to engage someone in a conversation",Ia mubicarai aku mone,She doesn't talk to me.,cece itu nai-naik kata po bicarai nandolang,Don't as an adolescent chat up young,,,,,,,,,,,,,,,babicara,,,FALSE
632,bicara₃,intransitive verb,to be engaged in speaking,basaláng babicara de koran dalama itu bardosa,If you carry on a conversation in the,,,,,,,,,,,,,,,,,babicara:ng,,,FALSE
633,bicara₄,intransitive verb,to speak to each other,Kamí babicara:ng moyo basetangang kapé.,You aren't talking to each other. Are you,,,,,,,,,,,,,,,,,bicarana,,,FALSE
634,bicara₅,noun,"speech, conversation, manner of speaking",Bicarana laung-laung.,His way of talking is barely audible.,,,,,,,,,,,,,,,,lakat babicara,,,,FALSE
635,bido,noun,"kind of vine, the betel, [Piper betle",,,,,,,,,,,,,,,,plant,,,,"bido lendang \df kind of herb, perhaps lizard's tail, \sn Saururus chinensis \<plant> \crm  karang bido \sf  plant",,FALSE
636,bido-bido,noun,kind of tree,,,,,,,,,,,,,,,,plant,,,,,,FALSE
637,bigo,noun,kind of fish,,,,,,,,,,,,,,,,fish,,,,,,FALSE
638,biji₁,noun,"seed, growth or protuberance on the skin, kernel (of maize)",,,,,,,,,,,,,,,,,,,,,,FALSE
639,biji₂,numeral classifier,"counter for items of clothing and fruits, to be characterized by many seeds, to have a rash or eruption of growths on the skin",durian dua biji,two durians,bangkurungku kanai padas po babiji,My back got too much sun then broke out in a,,,,,,,,,,,,,,peler biji-biji,babiji,,,FALSE
640,bilak,verb,"to open something (a box) very wide, to leave something open (which should not be opened, e.g. a toilet door)",,,,,,,,,,,,,,,,,,,,,,FALSE
641,bilalu,adverb,"extremely, very",,,,,,,,,,,,,,,,,,,,,,FALSE
642,bili,,,,,,,,,,,,,,,,,,,,babiliang,,,,FALSE
643,bilis₁,verb,to preserve certain kind of small fish by stringing them together and smoking them,,,,,,,,,,,,,,,,,,,bilisi,,,FALSE
644,bilis₂,verb,to smoke something for someone,,,,,,,,,,,,,,,,,,,bilis akang,,,FALSE
645,bilis₃,verb,to smoke something (fish) at someone's request,,,,,,,,,,,,,,,,,,,babilis,,,FALSE
646,bilis₄,intransitive verb,to be engaged in such a smoking process,,,,,,,,,,,,,,,,,,,,,,FALSE
647,biluntas₁,noun,kind of plant used to make medicinal concoctions,,,,,,,,,,,,,Pluchea indica  <herb>,,,plant,,,,,,FALSE
647,biluntas₂,noun,kind of plant used to make medicinal concoctions,,,,,,,,,,,,,Pluchea indica  <herb>,,,medicine,,,,,,FALSE
648,binasa,intransitive verb,"broken, in disrepair, damaged, ruined",mukoat mukoat mukoat gagawang dang kofo itu binasa tala,They gnaw and gnaw and,,,,,,,,,,,,,,,,,,,,FALSE
649,bini₁,noun,wife,binina urang,someone else's wife,,,,,,,,,,,,,,kinship,,,babini,,,FALSE
650,bini₂,intransitive verb,"to be married (of men), to have a wife",,,,,,,,,,,,,,,,,,,pabini akang,,,FALSE
651,bini₃,verb,to make someone one's wife,kau yogo mupabini akang siá anaka?,Whose daughter do you want to marry?,,,,,,,,,,,,,,,,kawing,sapabiniang,,,FALSE
652,bini₄,noun,"a marital couple, husband and wife",,,,,,,,,,,,,,,,,,,bini-bini,,,FALSE
653,bini₅,noun,"female, woman, a term in plant nomenclature",paku bini-bini,kind of fern,,,,,,,,,,,,,,,,sapabiniang,,,,FALSE
654,binoang,noun,kind of tree,,,,,,,,,,,,,,,,plant,,,,,,FALSE
655,bintang,noun,star,,,,,,,,,,,,,,,,natural phenomenon,,,,"bintang pariama \df the seven-star constellation, bintang pitu \df the seven-star constellation \sf  nat phen",,FALSE
656,bintangur,noun,kind of inland tree,,,,,,,,,,,,,,,,plant,,,,,,FALSE
657,bintara:,noun,the morning star,,,,,,,,,,,,,,,,,,bintang,,,,FALSE
658,binti₁,verb,"to kick something, esp. the shins",,,,,,,,,,,,,,,,,,,babinti,,,FALSE
659,binti₂,intransitive verb,"to engage in kicking, to be prone to kick others",,,,,,,,,,,,,,,,,,,babintiang,,,FALSE
660,binti₃,intransitive verb,to kick someone,,,,,,,,,,,,,,,,,,,babibabintiang,,,FALSE
661,binti₄,intransitive verb,to kick someone (of several persons),,,,,,,,,,,,,,,,,,,,,,FALSE
662,binti₅,numeral classifier,"sheet, a counter of pieces of sago thatch",,,,,,,,,,,,,,,,,,,,,,FALSE
663,bintoto,noun,"kind of bird, various kind of kingfishers",,,,,,,,,,,,,"Halcyon chloris, Alcedinidae",,,bird,,,,bintoto pule/t \df kind of kingfisher \sf  bird \crm  pule/t,,FALSE
664,bingkarong,noun,kind of lizard,,,,,,,,,,,,,Gecko gecko,,,animal,,,,,,FALSE
665,bingkat₁,verb,"to lift something up, to move something",,,,,,,,,,,,,,,,,,,bingkati,,,FALSE
666,bingkat₂,verb,to lift something for someone,,,,,,,,,,,,,,,,,,,bingkat akang,,,FALSE
667,bingkat₃,verb,to lift something at someone's request,,,,,,,,,,,,,,,,,,,babingkat,,,FALSE
668,bingkat₄,intransitive verb,to engage in some lifting or moving task,,,,,,,,,,,,,,,,,,,babingkatang,,,FALSE
669,bingkat₅,intransitive verb,to lift someone,,,,,,,,,,,,,,,,,,,,,,FALSE
670,bingkolis,noun,"kind of very fine, white louse, order Phthiraptera, which infests the hair, possibly a",,,,,,,,,,,,,,,,insect,,,,,,FALSE
671,bingkus,noun,"kind of bird, codeword for rice",,,,,,,,,,,,,,,,bird,,,,,,FALSE
672,binyci,verb,"to hate, to dislike",,,,,,,,,,,,,,,,,Malay,saturu/,,,,FALSE
673,biola,noun,violin or any violin-like musical instrument,,,,,,,,,,,,,,,,,,,,,,FALSE
674,birahi,intransitive verb,"neat in personal appearance, to be appealing, esp. of children or members of the opposite sex",,,,,,,,,,,,,,,,,,,,,,FALSE
675,biraro,noun,"kind of legume, the winged bean",,,,,,,,,,,,,Psophocarpus tetragonolobus,,,plant,,,,,,FALSE
676,birorang,noun,"thwart, seat in a boat",,,,,,,,,,,,,,,,,,,,,,FALSE
677,biruru,noun,kind of tall tree with malodorous flowers,,,,,,,,,,,,,Sterculia foetida,,,plant,,,,,,FALSE
678,bisa,particle,can,,,,,,,,,,,,,,,,,Malay,"pauli, mampo",,,,FALSE
679,bisara,,,,,,,,,,,,,,,,,,,,bicara,,,,FALSE
681,bisik₁,verb,to whisper to someone,,,,,,,,,,,,,,,,,,,bisik akang,,,FALSE
682,bisik₂,verb,to whisper something at someone's request,,,,,,,,,,,,,,,,,,,babisik,,,FALSE
683,bisik₃,intransitive verb,to engage in whispering,,,,,,,,,,,,,,,,,,,,,,FALSE
684,boanó,noun,"calabash,, water container (of calabash)",,,,,,,,,,,,,Lagenaria siceraria,,,utensil,,"walu botol, kalabasa",,,,FALSE
685,boar,noun,threshold,,,,,,,,,,,,,,,archaic,,,,,,,FALSE
686,bobak,noun,coconut flesh left in the shell after scraping,,,,,,,,,,,,,,,,,,,,,,FALSE
687,bobar₁,verb,"to strike with a rod, to beat, to pummel",ibobar sigodo nalipa-lipat de itu ka bawa,They would beat us till we were bent down,,,,,,,,,,,,,,,,,babobarang,,,FALSE
688,bobar₂,intransitive verb,"to engage in a fight, to fight each other",,,,,,,,,,,,,,,,,,,,,,FALSE
689,bobato,noun,"leader, chief, royal council member",,,,,,,,,,,,,,,,,,,,"bobato saanang salapang \df the collection or alliance of the nine rulers of certain territories of the sultanate, bobato dunia/ \df councilors who deal with non-religious administrative matters, bobato ahera/t \df councilors who deal with religious matters",,FALSE
690,bobeto₁,,,,,,,,,,,,,,,,,,,,,babobeto,,,FALSE
691,bobeto₂,intransitive verb,to perform ceremonies in order to expel or withstand evil  spirits or disease,,,,,,,,,,,,,,,,spiritual,,rorasa,,,,FALSE
692,bobodiku,noun,"the drawstring in trousers, etc.",,,,,,,,,,,,,,,,,,kandi-kandi,,,,FALSE
693,boboena,,,,,,,,,,,,,,,,,,,,bobuena,,,,FALSE
694,bobooca,noun,a subcutaneous swelling or tumor,,,,,,,,,,,,,,,,health,,,,,,FALSE
695,bobot,noun,mollusc,,,,,,,,,,,,,,,,,,,,"bobot kopo-kopo \df kind of mollusc, money cowrie, \sn Cypraea moneta, bobot baduri \df kind of mollusc, spiny woodcock, \sn Murex pecten, bobot bawang \df kind of mollusc, fig shells, \sn Ficidae spp, bobot bor \df kind of mollusc, distaff spindle, \sn Fusinus colis and New Holland spindle, \sn Fusinus novaehollandae, bobot bawi \df kind of mollusc, humpback cowrie, \sn Cypraea mauritania, bobot buso-buso \df kind of large mollusc, cone shell, \sn Conus  ,suitable for bangles, bobot udang \df kind of mollusc, incl. rock shells, such as toad purple, \sn Thais bufo and kind of abalone, varied ear shell, \sn Haliotis varia, bobot laki-laki \df kind of mollusc, olive shells, fam. Olividae, bobot burung \df kind of mollusc, conch shells, fam. Strombidae, bobot kakirap \df kind of mollusc, king scallop, \sn Pecten meridionalis, bobot susu \df kind of mollusc, kind of venus shell, the step-ladder dosinia, \sn Dosinia scalaris, bobot mutiara \df kind of mollusc, incl. large golden lip pearl oyster, \sn Pinctada maxima and black lip pearl oyster, \sn Pinctada margaritifera, bobot bangkalang \df kind of mollusc, frilled venus, \sn Callanaitis disjecta, bobot nyanya/ \df kind of mollusc, ornate olive, \sn Oliva lignaria, bobot pep \df kind of mollusc, elephant tusk, \sn Dentalium elephantinum, bobot popaco \df kind of mollusc, incl. virgin cone, \sn Conus virgo and tessellated cone, \sn Conus tessulatus, bobot taogi \df kind of  mollusc, incl. yellow mouthed drupe, \sn Drupina grossularia and gigantic frog shell <Bursa>, \sn Tutufa bubo, bobot tarumpak \df kind of mollusc, Australian trumpet, \sn Syrinx aruanus, bobot tiol nabalik \df kind of mollusc, scorpion spider conch, \sn Lambis scorpius, bobot totorang \df kind of mollusc,giant clam, \sn Tridacna gigas and possibly the giant murex, \sn Chicoreus ramosus, bobot tutuonang \df kind of mollusc, dwarf turban, \sn Turbo brunneus \crm  alabobo \crm  awa-awat \crm  buso-buso \crm  cege \crm  deri/s \crm  kakapis \crm  kalaka \crm  koroniong \crm  marumbung \crm  osa \crm  sasiang \crm  tambelo",,FALSE
696,bobuena,intransitive verb,"last, most recent in a series of measured temporal units",udang bobuena,last month,,,,,,,,,,,,,,,,bubuena,,,,FALSE
697,bodito,noun,"mishap, misfortune, accident",,,,,,,,,,,,,,,,,,,,,,FALSE
698,bogogara,noun,"an incentive, an attraction, a decoy (said of an object left in place in order to attract",,,,,,,,,,,,,,,,,,,,,,FALSE
699,boki,noun,"princess, a title for a daughter of the sultan",,,,,,,,,,,,,,,,,,,,,,FALSE
700,boko-boko₁,noun,sago roasted in bamboo tubes,,,,,,,,,,,,,,,,sago,,,,,,FALSE
700,boko-boko₂,noun,sago roasted in bamboo tubes,,,,,,,,,,,,,,,,food,,,,,,FALSE
701,bokor₁,noun,"metallic wash basin, metallic plates",,,,,,,,,,,,,,,,utensil,,mok,boko-bokorang,,,FALSE
702,bokor₂,noun,"various kind of basins and platters, basins-full, by the basin",,,,,,,,,,,,,,,,utensil,,,,,,FALSE
703,bola,noun,marbles,,,,,,,,,,,,,,,,,,,,bola nawang \df door lock,,FALSE
704,bolio,intransitive verb,spoiled (of children),,,,,,,,,,,,,,,,,,,,,,FALSE
705,bolo₁,intransitive verb,to lie down,,,,,,,,,,,,,,,,,,,babolo,,,FALSE
706,bolo₂,intransitive verb,to lie down,,,,,,,,,,,,,,,,,,,babolo-bolo,,,FALSE
707,bolo₃,intransitive verb,to nap,,,,,,,,,,,,,,,,,,,nabolo-bolo,,,FALSE
708,bolo₄,intransitive verb,"to fall over, rolling repeatedly",,,,,,,,,,,,,,,,,,,,,,FALSE
709,boloaso,conjunction,"then, it follows that, however, but",Basáng kau mumau kaweng boloaso kau ada nang doit,"If you want to get married, then you must be there with money.",Aku yogo ka sana boloaso de tampa itu kurang majang.,I'd like to go there,"however, it's not very pleasant at that place.",,,,,,,,,,,,,,,,,FALSE
710,bolotur,noun,prop roots of the mangrove tree,,,,,,,,,,,,,,,,,,,,,,FALSE
711,bolung₁,particle,not yet,Ce' bolung kaweng.,What!  He's not married yet?,basaláng bolung baca duduk badiang-diang,If you have not yet begun to recite the,,,,,,,,,,,,,,,,,,FALSE
712,bolung₂,intransitive verb,to not yet,,,,,,,,,,,,,,,,,,,,,,FALSE
713,bose,intransitive verb,to paddle a boat,kudanga habár kamí yogo bose maóp e:,I heard a report that all of you want to,,,,,,,,,,,,,,,,,,"bose barikang \df to fish from a boat \ps  n \df paddle, bose baca:ng \df kind of short paddle with a broad blade, bose bako \df kind of long paddle with a narrow blade, bose rembat \df oar, kind of paddle with no topmost grip, bose tadore \df kind of paddle with a tapering blade \sf  boat \af bose akang \ps v \df to paddle for someone else \il  pasi mubose akang aku de indomít  They took me to Indomut by boat \af  babose \ps  vi \df to engage in paddling \il  deminyá basaláng kita tolu nang langker babose hakali barikang  How would it be if the three of us and this elder went paddling out to fish once? \sf  sailing",,FALSE
714,bose-bose,noun,shoulder-blade,,,,,,,,,,,,,,,,body,,,,,,FALSE
715,bota-bota,,,,,,,,,,,,,,,,,,,,,,bota-bota gala ke mo \ps  excl \df expression of exasperation because someone is very tardy,,FALSE
717,botang₁,noun,island,,,,,,,,,,,,,,,archaic,geography,,,,,,FALSE
718,botang₂,intransitive verb,"to stay, to be in place, to reside, to remain",Glas kosonga botang de meja buluta.,The empty glass put on the top of the table.,Langker masi botang indaya de lapetak sasaurang.,He still lives inland by himself in,Botang lima hari,There remain five days. There are five days remaining.,,,,,,,,,,,,,,,,FALSE
719,botang₃,verb,to leave something behind,botang babago,It leaves behind burned out embers.,,,,,,,,,,,,,,,,,,"botang nyawa \df to be emotionally or physically attracted \af  botangi \ps  v \df to leave something behind \df to place or put something \il  Ma botangi glas de meja mo dadi napiak. She didn't put the glass on the table, so it shattered. \il  kulia kamí sodo botangi silóng ka ba: tu I think you should put a temporary shed over there \il  pasi mubotaing itu icampur nang kayu aolas (When) they put (the fire together), they mixed it with aolas wood. \af  botang akang \ps  v \df to leave something behind for someone, to set something aside for someone <set aside> \il  Mubotang akang aku nggaeka habua. Leave a banana for me. \df to bear something in mind, to keep something in mind \il  tabotang puang manusia banyak sabap cece mo idoá:kang kita nang kita  Let us keep the community foremost in our minds lest they lay a curse on us, among ourselves. \af  babotangang \ps  vi \df to leave someone behind \df to mutually break up \il  Babotangang kita nataur. Divided we are scattered.",,FALSE
720,botik₁,,,,,,,,,,,,,,,,,,,,,botik akang,,,FALSE
721,botik₂,transitive verb,"to force apart or tear something (e.g., worn cloth, etc.)",,,,,,,,,,,,,,,,,,,nabotik,,,FALSE
722,botik₃,intransitive verb,"torn apart (of worn cloth), split apart (of partially healed wounds)",,,,,,,,,,,,,,,,,,,,,,FALSE
723,boto-boto,noun,"kind of small, green grasshopper, order Orthoptera",,,,,,,,,,,,,,,,insect,,balang,,,,FALSE
724,botol,noun,bottle,,,,,,,,,,,,,,,,utensil,,walu botol,,,,FALSE
725,botus,noun,watery discharge from the ear,,,,,,,,,,,,,,,,health,,,,,,FALSE
726,bu:,noun,kind of largefish trap of plaited rattan,,,,,,,,,,,,,,,,fishing,,,,,,FALSE
727,bua nona,noun,"kind of tree bearing edible fruit, the custard apple",,,,,,,,,,,,,Annona squamosa,,,plant,,,,,,FALSE
728,bua yakis,noun,"kind of tree bearing edible fruit, the cashew",,,,,,,,,,,,,Anacardium occidentale,,,plant,,,,,,FALSE
729,buai,verb,to invite someone (who happens by) to join in eating,ibuai kita ke mo tu,She didn't even ask us to join her (for lunch).,,,,,,,,,,,,,,,,togo/r,,,,FALSE
730,buang₁,verb,"to toss or to throw something, to throw or drop something downward",Kau mubuang buáng ka bawa ka tamakang.,Toss the langsat fruits down so we can,kapal udara kapo mubuang bom,A plane arrived and dropped bombs,buang surat,to drop leaflets (from a plane),,,,,,,,,,,,,babuang,,,FALSE
731,buang₂,intransitive verb,"to be engaged in tossing away, to dispose",,,,,,,,,,,,,,,,,,,,babuang susa \df to sigh deeply \crm  buong,,FALSE
732,bua₁,noun,fruit,,,,,,,,,,,,,,,,,,,,,,FALSE
733,bua₂,numeral classifier,counter for various items,sabua lagu,a song,,,,,,,,,,,,,,,,,babua,,,FALSE
734,bua₃,intransitive verb,to bear fruit,manusia laina cengkena babua kasal,Other persons' clove trees bear fruit luxuriantly,,,,,,,,,,,,,,,,,babua-bua,,,FALSE
735,bua₄,intransitive verb,to bear fruit repeatedly (season after season),,,,,,,,,,,,,,,,,,,,,,FALSE
736,bua₅,,,,,,,,,,,,,,,,,,,,pabua,,,,FALSE
738,buaya,noun,"kind of crocodilian, thecrocodile",,,,,,,,,,,,,Crocodylus,,,animal,,,,,,FALSE
739,bubuena,conjunction,"straightaway, then",,,,,,,,,,,,,,,,,,"bena, mena, bobuena",,,,FALSE
740,bubuk₁,noun,"dust indicating insect infestation of wood or clothing, fragments",galampeang nang bubuka,smoked fish and pieces of it,,,,,,,,,,,,,,,,,babubuk,,,FALSE
741,bubuk₂,intransitive verb,"to have such dust, to be infested",,,,,,,,,,,,,,,,,,,,,,FALSE
742,bubulu,,,,,,,,,,,,,,,,,,,,bulu bulu,,,,FALSE
743,bubur,noun,kind of traditional savory cake made of rice flour,,,,,,,,,,,,,,,,,,,,,,FALSE
744,bubus₁,verb,"to remove something (a plug, a bung) to create a channel for liquid, to drain in such a, to remove the eye of a boil or the scab of an infected wound, to lance a wound",,,,,,,,,,,,,,,,,,,bubusi,,,FALSE
745,bubus₂,verb,to remove something (a plug) for someone,,,,,,,,,,,,,,,,,,,bubus akang,,,FALSE
746,bubus₃,verb,to remove something (a plug) at someone's request,Bubus akang paisu bagajina de bak tu,Drain the dirty water in the basin,,,,,,,,,,,,,,,,,babubus,,,FALSE
747,bubus₄,intransitive verb,to be about the task of draining a wound or a basin,,,,,,,,,,,,,,,,,,,nabubus,,,FALSE
748,bubus₅,intransitive verb,to have drained (e.g. of a boil which has burst),,,,,,,,,,,,,,,,,,,,,,FALSE
749,bubím,intransitive verb,"to take a bath, to bathe",,,,,,,,,,,,,,,children's language,,,,,,,FALSE
750,bubíng,noun,box (of sago bark),,,,,,,,,,,,,,,archaic,,,,,,,FALSE
751,budi₁,noun,"generosity, kindness",,,,,,,,,,,,,,,,,,,babudi,,,FALSE
752,budi₂,intransitive verb,to be generous and understanding,,,,,,,,,,,,,,,,,,,,,,FALSE
753,bue-bue,noun,"kind of cradle, made by hanging a sarong from a rafter",,,,,,,,,,,,,,,,,,,,,,FALSE
754,buena,,,,,,,,,,,,,,,,,,,,bubuena,,,,FALSE
755,buf,ideophone,sound of a coconut falling,,,,,,,,,,,,,,,,,,,,,,FALSE
756,bugo,noun,"a small model house, usually used in hex-signs and magical rites",,,,,,,,,,,,,,,,,,uru,,,,FALSE
757,bui,noun,"jail, prison",,,,,,,,,,,,,,,,,,,,,,FALSE
758,buja-bujang,noun,male youths of marrying age,,,,,,,,,,,,,,,,,,nandolang,,,,FALSE
759,bujuk₁,verb,to persuade someone,ingkamai po ibujuk kita sigodo,She came over here and really coaxed us.,adaing tabujuk langker supaya ia bausi,Later we'll persuade him to come along.,,,,,,,,,,,,,,,bujuk akang,,,FALSE
760,bujuk₂,verb,to persuade someone at someone's request,,,,,,,,,,,,,,,,,,,babujukang,,,FALSE
761,bujuk₃,intransitive verb,to engage in persuading and coaxing in an intensive way,,,,,,,,,,,,,,,,,,sau,,,,FALSE
762,buka₁,transitive verb,"to open something, to unfasten or remove clothing",,,,,,,,,,,,,,,,,,"bilak, baku mata nabukana",,,,FALSE
763,buka₂,intransitive verb,to break one's fast,bakar rica untuk buka barenti makang,The bakar rica recipe is for eating after,,,,,,,,,,,,,,,,,bukai,,,FALSE
764,buka₃,transitive verb,to open something for someone,Bukai aku nawang.,Open the door for me.,,,,,,,,,,,,,,,,,buka akang,,,FALSE
765,buka₄,transitive verb,to open something at another's request,,,,,,,,,,,,,,,,,,,babuka,,,FALSE
766,buka₅,intransitive verb,"to be engaged in opening something, to eat at the meal concluding the fast during Ramadan, to break one's fast",,,,,,,,,,,,,,,,,,,nabuka,,,FALSE
767,buka₆,intransitive verb,to be unintentionally open,Nawang nabuka ianta.,The door is open over there.,,,,,,,,,,,,,,,,,,,,FALSE
768,bukan main,adverb,very,,,,,,,,,,,,,,,,,,,,,,FALSE
769,bukang₁,negation,not,bukang maksut,not the intention,,,,,,,,,,,,marker for nouns and propositions,,,,"kang, mo",,,,FALSE
770,bukang₂,particle,"right?, am I correct?",basaláng hapadua halangang hapadua mujagai bukang,If one-half are delayed (or,,,,,,,,,,,,a tag to secure the listener's agreement,,,,,,,,FALSE
771,bukit,noun,"hill, mountain, heap",,,,,,,,,,,,,,,,,,,,"bukit api \df volcano, bukit pokona \df base of a hill \sf  geography \af  babukit \ps  vi \df to be characterized by hills \df to form hills or heaps \il  lecak itu itambongi sigodo babukit He piled the soil up till it formed small hills.",,FALSE
772,buk₁,ideophone,sound of a punch,,,,,,,,,,,,,,,,,,,,,,FALSE
773,buk₂,noun,book,bukiku,my book,,,,,,,,,,,,,,,,,,,,FALSE
774,buku₁,noun,"node (of a branch), corner (of a room)",,,,,,,,,,,,,,,,,,,babuku,,,FALSE
775,buku₂,intransitive verb,to have a bump,,,,,,,,,,,,,,,,,,,buku-buku,,,FALSE
776,buku₃,noun,knee,,,,,,,,,,,,,,,,body,,,,,,FALSE
777,bukuraci,noun,"kind of tuna, the yellow fin tuna",,,,,,,,,,,,,Neothunnus macropterus,,,fish,,,,,,FALSE
778,bulang,noun,month,,,,,,,,,,,,,,,,,Malay,"udang, nggaoti bulang",,,,FALSE
779,bulat₁,intransitive verb,round,,,,,,,,,,,,,,,,,,,bulat akang,,,FALSE
780,bulat₂,verb,to make something round at someone's request,,,,,,,,,,,,,,,,,,,pabulati,,,FALSE
781,bulat₃,verb,"to shape something into round objects, to round the sharp angles of something",pasi mupabulati kayu itu yogo ipabua tiang bandera,They rounded the wood because,,,,,,,,,,,,,,,,,,,,FALSE
782,bulu-bulu,noun,body hair,,,,,,,,,,,,,,,,,,,,"bulu-bulu nyawa \df body hair \sf  body \df fur \df feather \df insect setae \af  babulu \ps  vi \df to be covered with fur, feathers, or body hair \af  bubulu \ps  n \df many feathers or hairs \sc  a term used by certain speakers \il  manuk bubuluna  chicken feather \crm  ulat babulu \crm  buok \crm  mata bulu-buluna",,FALSE
783,bulus₁,,,,,,,,,,,,,,,,,,,,,bulus akang,,,FALSE
784,bulus₂,verb,to cause to sink,,,,,,,,,,,,,,,,,,,nabulus,,,FALSE
785,bulus₃,intransitive verb,to be sunk,,,,,,,,,,,,,,,,,,nggaeka bulus,,,,FALSE
786,bulut,noun,"top, summit, highest point",di meja buluta,on the top of the table,de masing buluta,on the surface of the sea (not the bottom),,,,,,,,,,,,,,,,,,FALSE
787,bum,ideophone,"the sound of a cannon, boom",,,,,,,,,,,,,,,,,,,,,,FALSE
788,bumi,,,,,,,,,,,,,,,,,,,,gumi,,,,FALSE
790,bundur₁,noun,"brush, incl. toothbrush, hairbrush and scrub brush",,,,,,,,,,,,,,,,utensil,,,babundur,,,FALSE
791,bundur₂,intransitive verb,to brush (one's teeth or body),,,,,,,,,,,,,,,,,,,,,,FALSE
792,bunu₁,verb,"to kill, to extinguish (a flame), to turn off (electricity)",,,,,,,,,,,,,,,,,,,bunui,,,FALSE
793,bunu₂,verb,to extinguish (a flame) or turn off something so as to affect someone,kaná po kau mubunui aku padamara?,Why did you put out the lamp on me?,,,,,,,,,,,,,,,,,bunu akang,,,FALSE
794,bunu₃,verb,to extinguish something (a flame) or turn something off at someone's request,,,,,,,,,,,,,,,,,,,bunui akang,,,FALSE
795,bunu₄,verb,to affect someone (at someone's request) by extinguishing something (a flame) or turning something off,,,,,,,,,,,,,,,,,,,babunuang,,,FALSE
796,bunu₅,intransitive verb,"to be engaged in killing someone, to fight someone",pauli dadi babunuang de itu de kayuang dalama,It could turn into violent discord there,,,,,,,,,,,,,,,,,,,,FALSE
797,bunga,,,,,,,,,,,,,,,,,,,,"petsawi babunga, kolouno bunga",,,,FALSE
799,bungang,noun,roof ridge,,,,,,,,,,,,,,,,,,house,,,,FALSE
800,bunging,noun,sandbar which rises above the water,,,,,,,,,,,,,,,,geography,,pasi,,,,FALSE
801,buok,noun,head hair,,,,,,,,,,,,,,,,body,,,,"buok didi: \df kind of hairstyle, a brush cut (only a few centimeters of hair standing upright), buok puti \df gray-haired \af  babuok \ps  vi \df to have hair (on one's head, e.g. of an infant) \df to have produced cornsilk, characteristic stage of the growth of corn \crm  bulu bulu",,FALSE
802,buong₁,verb,to throw away,Sadangkang tabotangi uru ke pasi jagai mubantung mena mukemi: mena mubuong.,,topi habua ni bahaláng aku tala kubuong,"This hat, if it was me, I would have thrown it",,,,,,,,,,,,,,,buong akang,,,FALSE
803,buong₂,verb,"to throw something away for someone, to dispose of something",,,,,,,,,,,,,,,,,,,babuong,,,FALSE
804,buong₃,intransitive verb,"to jump from a height, esp. into water",,,,,,,,,,,,,,,,,,,babuongi,,,FALSE
805,buong₄,intransitive verb,to bake sago bread,,,,,,,,,,,,,,,,sago,,,,,,FALSE
805,buong₅,intransitive verb,to bake sago bread,,,,,,,,,,,,,,,,culinary,,,,,,FALSE
806,bura₁,noun,"bubble, foam",,,,,,,,,,,,,,,,,,,,,,FALSE
807,bura₂,verb,to spit on something (for medical purposes),alengo pa umar mubura adiku poruta,A moment ago Mr. Umar treated my younger,,,,,,,,,,,,,,,,,burai,,,FALSE
808,bura₃,verb,to spit on something (specific) to relieve a pain,,,,,,,,,,,,,,,,,,,babura,,,FALSE
809,bura₄,intransitive verb,to bubble up,,,,,,,,,,,,,,,,,,,,,,FALSE
810,burit,noun,"rump, buttocks",,,,,,,,,,,,,,,,body,,,,burit posuka \df anus \sf  body,,FALSE
811,buro-buro,noun,"kind of pandanus, the screw pine",,,,,,,,,,,,,Pandanus,,,plant,,,,"buro-buro baduri \df kind of thorny seaside pandanus, \sn Pandanus tectorius \sf  plant",,FALSE
812,buru₁,noun,"laborer, roustabout",,,,,,,,,,,,,,,,,,,baburu,,,FALSE
813,buru₂,intransitive verb,to work as a laborer or roustabout,,,,,,,,,,,,,,,,,,,,,,FALSE
814,burudel,noun,kind of pound cake,,,,,,,,,,,,,,,,food,,,,,,FALSE
815,buruk,intransitive verb,rotten,,,,,,,,,,,,,,,,,,"jat, nyawa buruk",,,,FALSE
816,burung₁,noun,"bird, in certain collocations",,,,,,,,,,,,,,,,bird,,,,"burung rekre/k \crm  rere/k, burung rica \df kind of bird \sf  bird, burung taung \df kind of bird, hornbill, fam. Bucerotidae \sf  bird \crm  kalo, burung tukang \df kind of bird, woodpecker, fam. Picidae \sf  bird",,FALSE
817,burung₂,,,,,,,,,,,,,,,,,,,,,burungi,,,FALSE
818,burung₃,transitive verb,to consume something (food) by putting into one's mouth a quantity of food rather too large,,,,,,,,,,,,,,,,,,burung,,,,FALSE
819,burung₄,,,,,,,,,,,,,,,,,,,,baburung,,,,FALSE
820,buso,noun,bangle,,,,,,,,,,,,,,,,,,"buso-buso, gala/ng",,,,FALSE
821,buso-buso,noun,"a mollusc, a cone shell",,,,,,,,,,,,,Conus consors,,,,,"buso, bobot buso buso",,,,FALSE
822,busuk₁,transitive verb,"to clean a fish, i.e., remove scales and bones, as a preliminary stage in preparing",,,,,,,,,,,,,,,,culinary,,poruti,busuki,,,FALSE
823,busuk₂,verb,to prepare fish in such a way for someone,,,,,,,,,,,,,,,,,,,busuki akang,,,FALSE
824,busuk₃,verb,"to prepare fish at someone's request, to prepare fish at someone's request",busuk akang aku lao lompa,Prepare some lompa fish for me,,,,,,,,,,,,,,,,,"busuk akang, babusuk",,,FALSE
825,busuk₄,intransitive verb,to engage in preparing fish,babusuk edat,to prepare fish for seviche,,,,,,,,,,,,,,,,,pabusukang,,,FALSE
826,busuk₅,noun,kind of sieve used in the early stages of sifting sago meal <sifter> to remove fibers.,,,,,,,,,,,,,,,,,,"pamusukang, lalasang, kusuk",,,,FALSE
827,busur₁,,,,,,,,,,,,,,,,,,,,,busuri,,,FALSE
828,busur₂,transitive verb,to crash into someone or something,,,,,,,,,,,,,,,,,,,busur akang,,,FALSE
829,busur₃,verb,to crash or shove into something or someone,,,,,,,,,,,,,,,,,,,babusurang,,,FALSE
830,busur₄,intransitive verb,"to run into someone, to reach for the same platter of food at the same time",,,,,,,,,,,,,,,,,,,nabusur,,,FALSE
831,busur₅,intransitive verb,"to have bumped, to have crashed",,,,,,,,,,,,,,,,,,,,,,FALSE
832,buta,intransitive verb,"blind, vision-impaired",,,,,,,,,,,,,,,,,,"mambuta, ular buta",,,,FALSE
833,buta-buta,noun,"kind of seaside tree with highly toxic sap, which can cause blisters and lesions",,,,,,,,,,,,,Excoecaria agallocha,,,plant,,,,,,FALSE
834,butik,noun,"skin rash, skin disease, small pox",,,,,,,,,,,,,,,archaic,health,,,,,,FALSE
835,butu,noun,penis,,,,,,,,,,,,,,,,body,,peler,,,,FALSE
836,butu cina,noun,kind of fish,,,,,,,,,,,,,,,,fish,,,,,,FALSE
837,buáng,noun,"kind of of fruit, langsat",,,,,,,,,,,,,Lansium domesticum,,,plant,,,,bua/ng duku \df kind of langsat fruit \sf  plant,,FALSE
838,ca:,exclamation,Imagine!  Wow!,Ca: buk ini mubei aku.,Wow!  You've given me this book.,ca: itu basáng ompu mucatu jadi bo: rijiki,Imagine if the Lord granted that it be for our,,,,,,,,,,,,,,,,,,FALSE
839,ca,noun,"a culinary method for fish or vegetables, frying with soy sauce",,,,,,,,,,,,,,,,culinary,,,,,,FALSE
840,cabang,noun,branch of a tree,,,,,,,,,,,,,,,,,,"da:ng, jangkar",,,,FALSE
841,ca:-ca:,exclamation,"What!, exclamation of disapproval or disagreement",,,,,,,,,,,,,,,,,,,,,,FALSE
842,cacaberak,noun,kind of horned toad,,,,,,,,,,,,,Megophrys monticola,,,animal,,"cacak, berak",,,,FALSE
843,cacak,noun,"house lizard, gecko",,,,,,,,,,,,,Hemidactylus frenatus,,,animal,,cacaberak,,,,FALSE
844,cacawi,noun,"kind of vegetable, Chinese cabbage",,,,,,,,,,,,,Brassica rapa Pekinensis,,,plant,,,,,,FALSE
845,cacawilu,noun,"kind of fish, a halfbeak, possibly the garfish",,,,,,,,,,,,,Hyporhamphus ardelio,,,fish,,,,,,FALSE
846,cacebar₁,noun,mud,,,,,,,,,,,,,,,,,,,bacacebar,,,FALSE
847,cacebar₂,intransitive verb,muddy,,,,,,,,,,,,,,,,,,,,,,FALSE
848,caga₁,,,,,,,,,,,,,,,,,,,,raut caga,caga-caga,,,FALSE
849,caga₂,adverb,"in a panic, hurriedly under pressure",,,,,,,,,,,,,,,,,,,,,,FALSE
850,cai₁,verb,to look for lice in someone's hair,,,,,,,,,,,,,,,,,,,bacai,,,FALSE
851,cai₂,intransitive verb,to engage in looking for lice,,,,,,,,,,,,,,,,,,,bacaiang,,,FALSE
852,cai₃,intransitive verb,to look for lice in e. one's hair,,,,,,,,,,,,,,,,,,,bacabacaiang,,,FALSE
853,cai₄,intransitive verb,to look for lice in someone's hair consecutively,,,,,,,,,,,,,,,,,,,pacai-cai,,,FALSE
854,cai₅,verb,"to look for something, to search for something",,,,,,,,,,,,,,,,,,,,,,FALSE
855,cai-cai,noun,"kind of insect of the family Phasmidae, the stick insect or twig insect",,,,,,,,,,,,,Datames,,,insect,,,,,,FALSE
856,cakabanga,noun,"kind of evil spirit which punishes a person for inadvertently treading on its dwelling,",,,,,,,,,,,,,,,,spiritual,,,,,,FALSE
857,cakal₁,verb,"to grasp firmly, to hold, to catch, to grasp the meaning of something, to understand something",cakal kupu-kupu,catch butterflies,cakal bicarana,grasp her statement,,,,,,,,,,,,,,,cakali,,,FALSE
858,cakal₂,verb,"to put something into someone's grasp, to press something into someone's hand",alengo langker mucakali aku doit dua ribu,A few minutes ago he pressed 2000 rupiah,,,,,,,,,,,,,,,,,cakal akang,,,FALSE
859,cakal₃,verb,to grab or grasp someone or something at someone's request (e.g. to catch someone's runaway chicken or,,,,,,,,,,,,,,,,,,,cakali akang,,,FALSE
860,cakal₄,verb,to cause someone to grasp something by asking someone else to help,aku kucakali akang si Umar doi,I made sure that Umar was given money.,aku kucakali akang doit de si Alkani bo: si Umar,I arranged for Alkani to put money,,,,,,,,,,,,,,,bacakal,,,FALSE
861,cakal₅,intransitive verb,"to grasp someone's hands (e.g. to give a boost to another), to engage in catching or trapping miscreants, animals or truants, to usually hold some position or something",pasi ka mai bo: bacakal nonók,They came here to catch macaques.,,,,,,,,,,,,,,,,,,"bacakal paguna:ng \df to hold a job, to be employed \af  bacakalang \ps  vi \df to hold together firmly \il  meja itu mupaku marosong-marosong ka ia bacakalang  Nail that table well so it will hold together., bacakalang tangang \df to shake hands \af  bacabacakalang \ps  vi \df to grasp someone's hands \af pacakal akang \ps  v \df to bring together two pieces so that they meet in close contact (e.g. to lever a door so it fits in tightly with its frame) \df to join together close relatives (e.g. cousins) in marriage in order to strengthen family ties and to secure inheritance within the clan \il  Pasi yogo mupacakal akang aku nang sapupuku  They want to arrange for me to marry my cousin. \af  cacakala \ps  n \df handles, grip \crm  pamula:ng \crm  campak",,FALSE
862,cakalang,,,,,,,,,,,,,,,,,,,,wowo,,,,FALSE
863,caku:,noun,kind of bird,,,,,,,,,,,,,,,,bird,,,,,,FALSE
864,calana,noun,trousers,,,,,,,,,,,,,,,,,,,,"calana bobodiku \df pants or shorts with a drawstring, calana pandak \df shorts, calana tinggi \df long trousers, pants \sf  clothing",,FALSE
865,calepo₁,,,,,,,,,,,,,,,,,,,,,calepo akang,,,FALSE
866,calepo₂,verb,to seat someone (e.g. an infant) on the ground,,,,,,,,,,,,,,,,,,,bacalepo,,,FALSE
867,calepo₃,intransitive verb,to sit on the bare floor or ground without any covering,,,,,,,,,,,,,,,,,,"duduk, penyak",,,,FALSE
868,calumeme,noun,"kind of millipede, class Diplopoda",,,,,,,,,,,,,,,,insect,,"alilipang, alimamayang",,,,FALSE
869,camara,noun,false hair-piece,,,,,,,,,,,,,,,,,,,,,,FALSE
870,camara mo,noun,disturbance of the water surface where two currents meet,,,,,,,,,,,,,,,,,,,,,,FALSE
871,camat,noun,district head,,,,,,,,,,,,,,,,society,,,,,,FALSE
872,camba lait,,,,,,,,,,,,,,,,,,,,ngguming,,,,FALSE
873,cambaekat,noun,"kind of fish, a halfbeak, perhaps the black-barred garfish",,,,,,,,,,,,,Hemiramphus far,,,fish,,,,,,FALSE
874,cambuk,noun,"crest or erect feathers characteristic of certain birds, antennae or feelers (of certain insects), barbels (of certain fish)",,,,,,,,,,,,,,,,,,,,,,FALSE
875,campak,noun,handle of the canoe paddle,,,,,,,,,,,,,,,,,,,,,,FALSE
876,campaka kubur,noun,"kind of tree with showy flowers, the frangipangi",,,,,,,,,,,,,Plumeria,,,plant,,,,,,FALSE
877,camparíng,noun,"kind of small, black bird with a melodious morning song",,,,,,,,,,,,,,,,bird,,,,,,FALSE
878,campur₁,verb,to mix something,campur baku nang paisu,mix sago flour with water,,,,,,,,,,,,,,,,,campuri,,,FALSE
879,campur₂,verb,"to mix something for someone, to interfere in something",campuri aku te hadiki,Mix me up a little tea,cece mucampuri halingku,Don't interfere in my affairs,,,,,,,,,,,,,,,campur akang,,,FALSE
880,campur₃,verb,to mix something at someone's request,,,,,,,,,,,,,,,,,,,campuri akang,,,FALSE
881,campur₄,verb,to mix something for someone at someone's request,,,,,,,,,,,,,,,,,,,bacampur,,,FALSE
882,campur₅,intransitive verb,"to be engaged in mixing, to process sago by mixing water and scraped sago pith and forcing it through a filter",tolu-tolu tu tala ka sana bacampur tala barenti,All three of them go there after they've,,,,,,,,,,,,,,,,,bacampurang,,,FALSE
883,campur₆,intransitive verb,"to mix with someone, to become involved with someone",bararti ola-ola ini tala bacampurang ini nang fofoki alengo itu,That means the stewed,,,,,,,,,,,,,,,,,pacampur akang,,,FALSE
884,campur₇,verb,to mix to such an extent that the contents cannot be separated or distinguished,,,,,,,,,,,,,,,,,,,pacampu-campur akang,,,FALSE
885,campur₈,verb,to thoroughly mix up and confuse a large number of things <haphazard>,ini pasi ipacampu-campur akang bena yogo basusung,"They mix them up haphazardly,",,,,,,,,,,,,,,,,,pacampurang,,,FALSE
886,campur₉,noun,"the place for mixing, e.g. a trough for cement, the mix or mixture",,,,,,,,,,,,,,,casual,,,,,,,FALSE
887,camuni₁,,,,,,,,,,,,,,,,,,,,,camuni akang,,,FALSE
888,camuni₂,verb,"to hide, conceal, or secrete something",,,,,,,,,,,,,,,,,,,bacamuni,,,FALSE
889,camuni₃,intransitive verb,to hide someone,manusia tama de itu ka bawa bacamuni de itu,People enter there in the west (and) hide,,,,,,,,,,,,,,,,,bacamuniang,,,FALSE
890,camuni₄,intransitive verb,to hide (of several persons),tampa bacamuniang,"hiding place, i.e. a place where persons hide themselves",,,,,,,,,,,,,,,,,,,,FALSE
891,cana,,,,,,,,,,,,,,,,,,,,inycana,,,,FALSE
892,canga₁,noun,"performance of an adat dance, usually a war dance, esp. to obtain contributions for a",,,,,,,,,,,,,,,,,,,bacanga,,,FALSE
893,canga₂,intransitive verb,to engage in such an activity,,,,,,,,,,,,,,,,,,,,,,FALSE
894,canggar₁,intransitive verb,erect (of the penis),,,,,,,,,,,,,,,,,,,canggar akang,,,FALSE
895,canggar₂,verb,to manipulate the penis until it is erect (for someone else),,,,,,,,,,,,,,,,,,,pacanggari,,,FALSE
896,canggar₃,verb,to stimulate or excite someone sexually with suggestive talk or action,kau babicara kura-kurang ajar kau mupacanggari kami,You have been telling dirty,,,,,,,,,,,,,,,,,,,,FALSE
897,capa-capa,,,,,,,,,,,,,,,,,,,,bacapa-capa,,,,FALSE
898,capaka,noun,"kind of tree with showy flowers of the magnolia family, the champac or champaka",,,,,,,,,,,,,Michelia,,,plant,,,,,,FALSE
899,capatu,noun,shoe,,,,,,,,,,,,,,,,clothing,,,,,,FALSE
900,cap-cáp₁,ideophone,the sound of smacking and chomping,,,,,,,,,,,,,,,,,,,bacap-cáp,,,FALSE
901,cap-cáp₂,intransitive verb,"to chomp, to smack lips, to snack, esp. to eat while walking",,,,,,,,,,,,,,,,,,,,,,FALSE
902,capeo,noun,hat,,,,,,,,,,,,,,,,clothing,,,,,,FALSE
903,capilóng,noun,"kind of tree, probably a TM term",,,,,,,,,,,,,,,,plant,,olong,,,,FALSE
904,capát₁,adverb,fast,gunanya itu taasapi buáng supaya ia capát masak,"The purpose of it, of our smoking",,,,,,,,,,,,,,,,,cacapát,,,FALSE
905,capát₂,adverb,"immediately, very quickly",batikang de kapala kampung itu su: cacapát ka ba:,Tell the village head to order (them),,,,,,,,,,,,,,,,,pacapáti,,,FALSE
906,capát₃,verb,"to accelerate the speed of something, to encourage someone to be faster",paguna:ngimu itu mupacapati hadiki,Speed up your work a little.,,,,,,,,,,,,,,,,,,,,FALSE
907,cara,noun,"manner, way",carana,"its manner, the way",,,,,,,,,,,,,,,,,,"cara deminya/ \df how to, the way to (do something) \il  pasi musauk cara deminyá How do they scoop them out? \il  daulu mangaji cara deminyá In the old days what was the manner of studying the Quran?",,FALSE
908,carama,noun,"lecture, usually on religious topics",,,,,,,,,,,,,,,,,,,,,,FALSE
909,carangenge,noun,"petulance, a tendency to whine and pout",,,,,,,,,,,,,,,,,,,,,,FALSE
910,caranya,preposition,in the manner,,,,,,,,,,,,,,,,,Indonesian,,,,,FALSE
911,carita₁,noun,story,,,,,,,,,,,,,,,,,,,carita akang,,,FALSE
912,carita₂,verb,to narrate something,,,,,,,,,,,,,,,,,,,bacarita,,,FALSE
913,carita₃,intransitive verb,"to tell a story, to chat, converse or gossip",ibaca moyo tu duduk bena bacarita,They do not recite the Quran,they simply sit down,,,,,,,,,,,,,,,,,,,FALSE
914,cati₁,intransitive verb,"to show off, to be overbearingly proud, to be smug and pampered",,,,,,,,,,,,,,,,,,,cati akang,,,FALSE
915,cati₂,verb,to pamper someone,,,,,,,,,,,,,,,,,,,bacati,,,FALSE
916,cati₃,intransitive verb,to engage in pampering,,,,,,,,,,,,,,,,,,,,,,FALSE
917,catu,transitive verb,to grant a prayer or wish,Basáng ompu mucatu dadi bo: rijikí.,"If the Lord grant (it), it will become bounteous.",,,,,,,,,,,,,,,,,,,,FALSE
918,catut₁,,,,,,,,,,,,,,,,,,,,,bacatut,,,FALSE
919,catut₂,intransitive verb,to seek a profit in commercial transactions,,,,,,,,,,,,,,,,,,,,,,FALSE
920,caya,noun,"daytime, noontime",tala caya,It's daytime!,,,,,,,,,,,,,,,,,,"cayana \df the next day, the morrow, caya ka ba: \df the next day \crm   tidu caya-caya \crm  damping caya \af  bacaya \ps  vi \df to stay up talking till dawn",,FALSE
921,ce,,,,,,,,,,,,,,,,,,,,ce',,,,FALSE
922,cece₁,vetitive,"don't, never mind, disregard",Cece mulonggar te mamis.,Don't drink sweet tea.,cece dua pulu belék basisa ke ada,"Never mind twenty cans, there can be even more!",,,,,,,,,,,,,,,,"cece mo \df lest, in the untoward event that \il  tabotang puang manusia banyak sabáp cece mo idoá:kang kita  Keep the community foremost in your mind lest someone curse us.",,FALSE
923,cece₂,noun,great-grandchild,,,,,,,,,,,,,,,,kinship,,totu,,,,FALSE
924,cege,noun,,,,,,,,,,,,,,,,,,,,,,,FALSE
925,cimbat,noun,"kind of bird, perhaps the blue-crowned hanging parrot",,,,,,,,,,,,,Loriculus galgulus,,,bird,,,,,,FALSE
926,cina,noun,"China, Chinese",,,,,,,,,,,,,,,,place name,,,,,,FALSE
927,cinta₁,noun,"love, affection",,,,,,,,,,,,,,,,,,,,,,FALSE
928,cinta₂,verb,to love someone,,,,,,,,,,,,,,,,,,sayang,bacinta,,,FALSE
929,cinta₃,intransitive verb,"to court, to be in a love relationship",,,,,,,,,,,,,,,,,,,bacibacinta:ng,,,FALSE
930,cinta₄,intransitive verb,to love someone,,,,,,,,,,,,,,,,,,,,,,FALSE
931,cinga-cinga,noun,kind of plant,,,,,,,,,,,,,Wedelia biflora,,,plant,,,,,,FALSE
932,cinycing,noun,ring,,,,,,,,,,,,,,,,,,,,,,FALSE
933,cinycíng,noun,"kind of insect, dragonfly, order Odonata",,,,,,,,,,,,,,,,insect,,,,,,FALSE
934,cipo,noun,"robe, covering all but the face and hands, worn by women performing the Islamic",,,,,,,,,,,,,,,,clothing,,,,,,FALSE
935,cir₁,ideophone,"the sound or sensation of buzzing, ringing and other resonations",,,,,,,,,,,,,,,,,,,bacír,,,FALSE
936,cir₂,intransitive verb,to experience ringing (in the ears),,,,,,,,,,,,,,,,,,,,,,FALSE
937,circír₁,noun,kind of insect,,,,,,,,,,,,,,,,insect,,,,,,FALSE
938,circír₂,noun,kind of plant,,,,,,,,,,,,,,,,plant,,,,,,FALSE
939,citcít₁,,,,,,,,,,,,,,,,,,,,,bacitcít,,,FALSE
940,citcít₂,intransitive verb,"to be spotted, checkered or variegated",,,,,,,,,,,,,,,,,,cicak,,,,FALSE
941,cobo₁,verb,"to pinch off a bit (of food, tobacco, etc.), to take food and pop it into one's mouth",,,,,,,,,,,,,,,,,,,co-coboi,,,FALSE
942,cobo₂,verb,"to repeatedly snap up something to eat (e.g., eating from a plate of snacks, peanuts, etc.)",,,,,,,,,,,,,,,,,,,,,,FALSE
943,cocok,intransitive verb,"appropriate, fitting",paguna:ng itu cocok moyo,That job was not appropriate (for me).,,,,,,,,,,,,,,,,,,,,FALSE
944,cocokoi,noun,"kind of bird, the maleo",,,,,,,,,,,,,Macrocephalon maleo,,,bird,,,,"cocokoi tumana \df kind of mite, order Acari \sf  insect",,FALSE
945,cocoromi,intransitive verb,"distorted (of the mouth), twisted (of the lips)",,,,,,,,,,,,,,,,,,,,,,FALSE
946,cocók,noun,"kind of bird, a small gray heron",,,,,,,,,,,,,Ardeidae,,,bird,,"soi, sueko",,,,FALSE
947,coe₁,noun,"kind of culinary preparation, steaming",roti coe,a steamed bun,,,,,,,,,,,,,,,,,coe-coe,,,FALSE
948,coe₂,noun,"kind of cooking utensil, a steamer",,,,,,,,,,,,,,,,utensil,,,,,,FALSE
948,coe₃,noun,"kind of cooking utensil, a steamer",,,,,,,,,,,,,,,,culinary,,,,,,FALSE
949,cofo,noun,the relationship between two persons who marry into the same family <in-law>,,,,,,,,,,,,,,,,kinship,,,,,,FALSE
950,cogor₁,,,,,,,,,,,,,,,,,,,,,cogori,,,FALSE
951,cogor₂,intransitive verb,to urinate in a standing position,,,,,,,,,,,,,,,,,,,,,,FALSE
952,cogor₃,transitive verb,to urinate on someone,,,,,,,,,,,,,,,,,,,bacagorang,,,FALSE
953,cogor₄,intransitive verb,"to be in a standing position (of several persons), e.g. to rest in a standing posture, to be erect (of a stand of trees or plants)",,,,,,,,,,,,,,,,,,,cogor-cogor,,,FALSE
954,cogor₅,intransitive verb,"very straight (posture), vertical, ramrod",,,,,,,,,,,,,,,,,,,,,,FALSE
955,coho₁,verb,to treat something by dripping medicine onto it,Ia macoho matana ia.,He's dripping medicine into his eye.,,,,,,,,,,,,,,health,Malay,,bacoho,,,FALSE
956,coho₂,intransitive verb,to treat the hair by smearing coconut flesh into it,,,,,,,,,,,,,,,,,,inyjang,,,,FALSE
957,cokang,noun,"a military rank in the Japanese army of the occupation, commander",,,,,,,,,,,,,,,archaic,,,,,,,FALSE
958,cokur,noun,"kind of medicinal rhizome, the lesser galangal",,,,,,,,,,,,,Kaempferia galanga,,,plant,,,,,,FALSE
959,cole,noun,"camisole, women's undergarment",,,,,,,,,,,,,,,,,,,,,,FALSE
960,colóp₁,verb,to dip something,,,,,,,,,,,,,,,,,,,colópi,,,FALSE
961,colóp₂,verb,to dip something for s.o,mucolópi aku baku habua,Dip a piece of sago bread for me,,,,,,,,,,,,,,,,,colóp akang,,,FALSE
962,colóp₃,verb,to dip something (into a liquid) at someone's request,,,,,,,,,,,,,,,,,,,colópi akang,,,FALSE
963,colóp₄,verb,to dip something (specific) at someone's request,ia mucolópi akang capeo de paisu dalama barang bagaji,She dipped the hat in water,,,,,,,,,,,,,,,,,bacolóp,,,FALSE
964,colóp₅,intransitive verb,"to be dipped, to be immersed",kuidap angat po aku bacalóp,I felt hot so I took a dip,,,,,,,,,,,,,,,,,pacolóp akang,,,FALSE
965,colóp₆,verb,to soak something for a rather long time,,,,,,,,,,,,,,,,,,,,,,FALSE
966,cring,ideophone,sound of a plate falling and shattering,,,,,,,,,,,,,,,,,,,,,,FALSE
967,cris-cris buf,ideophone,sound of a durian falling,,,,,,,,,,,,,,,,,,,,,,FALSE
968,cu,,,,,,,,,,,,,,,,,,,,cucu,,,,FALSE
969,cucu₁,noun,grandchild,,,,,,,,,,,,,,,,,,,pacucuang,,,FALSE
970,cucu₂,noun,"a familial set, grandparents and grandchildren",,,,,,,,,,,,,,,,kinship,,,sapacucuang,,,FALSE
971,cucu₃,noun,related within that familial set (which may include great-aunts and great-uncles as,,,,,,,,,,,,,,,,,,,,,,FALSE
972,cuit₁,noun,kind of small yellow and black bird with a melodious morning song,,,,,,,,,,,,,,,,bird,,,,,,FALSE
973,cuit₂,,,,,,,,,,,,,,,,,,,,limo,,,,FALSE
974,cuka,noun,"palm sap, esp. as vinegar or palm wine",,,,,,,,,,,,,,,,,,,,,,FALSE
975,cukmár,verb,to finish something off,,,,,,,,,,,,,,,coarse,,,,,,,FALSE
976,culas,intransitive verb,insincere,,,,,,,,,,,,,,,,,,,,,,FALSE
977,culik₁,verb,"to skewer something, to point at something or someone",muculik awatar ka tapabua sate,You skewer sago grubs so we can make satay,kana: muculik aku,Why are you pointing at me?,,,,,,,,,,,,,,,culiki,,,FALSE
978,culik₂,verb,to point out someone or something or skewer something for someone,pesa muculiki aku si Umar de mana ia?,Please point out Umar to me. Where is he?,,,,,,,,,,,,,,,,,culik akang,,,FALSE
979,culik₃,verb,to point at or point out someone or skewer something at someone's request,culik akang langker Umar di mana,Point out for him where Umar is.,,,,,,,,,,,,,,,,,baculik,,,FALSE
980,culik₄,intransitive verb,"to be engaged in pointing out, to work at skewering",cece kau baculik de ini paposong,Don't go about pointing at things: here it is a taboo,pasi baculik sate de pasar,They skewer (regularly work at skewering) satay at the,,,,,,,,,,,,,,,bacubaculikang,,,FALSE
981,culik₅,intransitive verb,"to point at someone, to accuse someone",,,,,,,,,,,,,,,,,,,panyculik akang,,,FALSE
982,culik₆,verb,"to cause something to be skewered at someone's request, to appoint or elect someone",,,,,,,,,,,,,,,,,,,,,,FALSE
983,cunting,noun,"anal muscles, esp. when distended <anus>",,,,,,,,,,,,,,,,,,,,cunting naulur \df hemorrhoid \sf  body \crm  burit posuka,,FALSE
984,cung₁,verb,"to sniff something, to kiss something",,,,,,,,,,,,,,,,,,,cungi:,,,FALSE
985,cung₂,verb,to sniff at something,pesa kau mucungi: makanang itu tala jat ka bolung,Please sniff that food. Is it spoiled,,,,,,,,,,,,,,,,,bacungiang,,,FALSE
986,cung₃,intransitive verb,"to kiss someone, to nuzzle someone",,,,,,,,,,,,,,,,,,,pacung akang,,,FALSE
987,cung₄,verb,"to sniff out something, to search for something by smelling (e.g. look for durian)",,,,,,,,,,,,,,,,,,,,,,FALSE
988,cupil,noun,a stage in the growth of a coconut; the fruit is quite small,,,,,,,,,,,,,,,,,,,,,,FALSE
989,curi₁,verb,to steal,Ia tala ma curi pondoku bena ma umbuk halál.,"He stole my shirt, then asked for my",,,,,,,,,,,,,,,,,curi:,,,FALSE
990,curi₂,verb,to steal something for someone,Curi: aku baku habua.,Steal me a piece of sago bread.,,,,,,,,,,,,,,,,,curi akang,,,FALSE
991,curi₃,verb,to steal on someone's behalf,Danycanaka ia musu: ia curi akang nggaoti tolu biji.,His brother told him to steal three coconuts.,,,,,,,,,,,,,,,,,bacuri,,,FALSE
992,curi₄,intransitive verb,to engage in thieving and pilfering,Ia bapaguna:ng mo dugana bacuri manuk torus.,"He doesn't work, he just steals",,,,,,,,,,,,,,,,,bacuriang,,,FALSE
993,curi₅,intransitive verb,to steal from someone,,,,,,,,,,,,,,,,,,,pacuri-curi akang,,,FALSE
994,curi₆,verb,"to steal someone's things on successive occasions (e.g. to steal a shirt, then some days later",,,,,,,,,,,,,,,,,,,manycuri,,,FALSE
995,curi₇,intransitive verb,to engage in thefts and robberies,,,,,,,,,,,,,,,,,,,,,,FALSE
996,curít₁,noun,kind of hard finger-shaped cookie of sago,,,,,,,,,,,,,,,,sago,,,,,,FALSE
996,curít₂,noun,kind of hard finger-shaped cookie of sago,,,,,,,,,,,,,,,,food,,,,,,FALSE
997,cuti₁,noun,"holiday, vacation",,,,,,,,,,,,,,,,,,,,,,FALSE
998,cuti₂,,,,,,,,,,,,,,,,,,,,iyu cuti,,,,FALSE
999,da:,locative,"the direction of the land, landside",aku ka daya maramas ka da: nang angat,I went inland to process sago there in all that,,,,,,,,,,,,,,,,"daya, inda:",,,,FALSE
1000,da,,,,,,,,,,,,,,,,,,,,,,da...mo \ps  part \df definitely not \il  Ke aku da sopang mone But I didn't go out at all.,,FALSE
1001,dabu-dabu,noun,"kind of spicy, sour sauce to accompany roasted fish or boiled vegetables",,,,,,,,,,,,,,,,culinary,,,,"dabu-dabu acar \df kind of sour salad of raw vegetables, esp. cucumber, shallots, and French beans \sf  food, dabu-dabu beo \df kind of condiment of ground chiles, salt and lime juice \sf  culinary, dabu-dabu bonyci \df kind of sauce made of ground peanuts and spices \sf  culinary, dabu-dabu garu \df kind of condiment of dry-fried grated coconut sauted with spices and coconut cream \sf  culinary, dabu-dabu kasawari \df kind of compote of eggplant, mawe fruit and other ingredients \sf  food, dabu-dabu komos \df kind of condiment made of coconut, pepper and a souring agent \sf  culinary, dabu-dabu lano \df kind of condiment made with crispy dregs of oil and fish with chiles \sf  culinary, dabu-dabu manta \df kind of condiment of sliced chiles and lime juice \sf  culinary, dabu-dabu sambal \df a condiment of grated coconut ground with chiles and other spices \sf  culinary, dabu-dabu seri \df kind of side-dish made with chopped eggplant, coconut cream, tomato and other spices \sf  food",,FALSE
1002,dada,noun,the flat interior surface of hands or feet <palm> <sole>,,,,,,,,,,,,,,,,body,,,,"tangang dadana \df palm (of the hand) \sf  body, tiol dadana \df sole (of the foot) \sf  body \af  badada-dada \ps  vi \df heaping full, filled to the rim (of containers, e.g., plates, etc.) \il  nggaeka sinanga sapinggang badada-dada a heaping plate of fried bananas",,FALSE
1003,dadang₁,verb,"to roast or smoke something (esp. fish) wrapped in leaves for a long time, to wrap something in leaves for roasting",,,,,,,,,,,,,,,,,,,dadangi,,,FALSE
1004,dadang₂,verb,to roast something for a long time for someone,Dadangi aku lao haiku,Roast me a fish,,,,,,,,,,,,,,,,,dadang akang,,,FALSE
1005,dadang₃,verb,to roast something at someone's request,,,,,,,,,,,,,,,,,,,badadang,,,FALSE
1006,dadang₄,intransitive verb,to cook by roasting as a task,,,,,,,,,,,,,,,,,,,,,,FALSE
1007,dadang₅,,to make something (beverage or food) last for a long time,si kani mudadang kofina ia sigodo,Kani made his coffee last and last,,,,,,,,,,,,,,,,,badadang,,,FALSE
1008,dadang₆,intransitive verb,to sip at liquids at infrequent intervals thus making the beverage last a long time,,,,,,,,,,,,,,,,,,,,,,FALSE
1009,dadap,noun,"kind of tree, probably the Indian coral tree",,,,,,,,,,,,,Erythrina variegata,,,plant,,,,,,FALSE
1010,dadi,intransitive verb,"to become, to be completed",batanga alengo itu dadi pocot,Its stem will become thick (fat),tala dadi ka bolung,Has it come to an end yet or not?,,,,,,,,,,,,,,,,"dadi bo: \df it will come to nothing, in vain, vainly \il  cece mo sigodo kamudiang dadi bo: Don't plan to do it afterwards; that will come to nothing. \ps  conj \df hence, thus \il  dadi kita sotu musi ada nang surat  Thus, if we were to pass by (the sentinel), there must be an accompanying letter. \af  padadi \ps  v \df to metamorphose something, to change the shape or characteristics of something \il  Kupadadi diringku alu-alu  I changed myself to a barracuda \af  padadi akang \ps  v \df to change the state of something \il  Padadi akang api ka sinanga nggaeka  Get that fire going and fry those bananas.",,FALSE
1011,dado,noun,aunt,,,,,,,,,,,,,,,,kinship,,bapa nang tua ina nang dado,,,,FALSE
1012,dadu₁,intransitive verb,light pink,,,,,,,,,,,,,,,,,,,padadui,,,FALSE
1013,dadu₂,verb,"to give something a pink color, to increase the pinkness of something",,,,,,,,,,,,,,,,color,,,,,,FALSE
1014,daera,noun,"region, vicinity",,,,,,,,,,,,,,,,,Indonesian,,,,,FALSE
1015,daeraji,noun,"male headgear, similar to a turban",,,,,,,,,,,,,,,archaic,,,,,,,FALSE
1016,daga₁,intransitive verb,to be thirsty,,,,,,,,,,,,,,,,,,,,,,FALSE
1017,daga₂,noun,thirst,,,,,,,,,,,,,,,,,,,,,,FALSE
1018,dagang₁,,,,,,,,,,,,,,,,,,,,,dagangi,,,FALSE
1019,dagang₂,verb,to offer something for sale <sell>,,,,,,,,,,,,,,,,,,,dagang akang,,,FALSE
1020,dagang₃,verb,to peddle something at someone's request,,,,,,,,,,,,,,,,,,,badagang,,,FALSE
1021,dagang₄,intransitive verb,to engage in peddling or commercial activity,,,,,,,,,,,,,,,,,,,,,,FALSE
1022,daging₁,noun,"meat, flesh",,,,,,,,,,,,,,,,,,,sadaging,,,FALSE
1023,daging₂,intransitive verb,"to be of the same family, to be related",,,,,,,,,,,,,,,,kinship,,,,,,FALSE
1024,dai,noun,forehead,,,,,,,,,,,,,,,,body,,,,,,FALSE
1025,dakap₁,transitive verb,to embrace something,,,,,,,,,,,,,,,,,,,badakap,,,FALSE
1026,dakap₂,intransitive verb,to engage in hugging,,,,,,,,,,,,,,,,,,,,badakap nyawa \df to fold one's arms around o'.s chest \af  badakapang \ps  vi \df to hug someone \af  badabadakapang \ps  vi \df to be in mutual embraces for some time or intensively,,FALSE
1027,dake₁,,,,,,,,,,,,,,,,,,,,,dake akang,,,FALSE
1028,dake₂,transitive verb,to part (fighting parties),,,,,,,,,,,,,,,,,,,badake,,,FALSE
1029,dake₃,intransitive verb,to separate belligerent persons,,,,,,,,,,,,,,,,,,,,,,FALSE
1030,daki₁,noun,body grime,,,,,,,,,,,,,,,,,,,badaki,,,FALSE
1031,daki₂,verb,"to be grimey, to be covered with body grime",,,,,,,,,,,,,,,,,,,,,,FALSE
1032,dalam,noun,"interior <in> <inside>, confines <within>, during (a certain period of time)",kayuang dalama,in the forest,puasa dalama itu musi bakaya ga,During the month of Ramadan we must process sago toone,,,,,,,,,,,,,,"dalamai, indalang",,,,FALSE
1033,dalamai,verb,"to fill something up, to fill with something",,,,,,,,,,,,,,,,,,dalam,,,,FALSE
1034,dalang,,,,,,,,,,,,,,,,,,,,dalam,,,,FALSE
1036,dalikang,noun,hearth,,,,,,,,,,,,,,,,house,,mandapat,,,,FALSE
1037,dalima,noun,"kind of tree bearing edible fruit, the pomegranate",,,,,,,,,,,,,Punica granatum L.,,,plant,,,,,,FALSE
1038,dalise,noun,"kind of fish, a snapper, the red emperor",,,,,,,,,,,,,Lutjanus sebae,,,,,,,dalise tolap \df kind of fish \sf  fish,,FALSE
1039,dam,noun,checkers,,,,,,,,,,,,,,,,game,,,,,,FALSE
1040,dampar₁,,,,,,,,,,,,,,,,,,,,,dampari,,,FALSE
1041,dampar₂,verb,to lie face down on something,,,,,,,,,,,,,,,,,,,dampar akang,,,FALSE
1042,dampar₃,verb,"to cause something to overturn, to lay someone face down",,,,,,,,,,,,,,,,,,,badampar,,,FALSE
1043,dampar₄,intransitive verb,"to lie face down, to lie prone",,,,,,,,,,,,,,,,,,,badampar-dampar,,,FALSE
1044,dampar₅,intransitive verb,to sleep face down (of several people),,,,,,,,,,,,,,,,,,,nadampar,,,FALSE
1045,dampar₆,intransitive verb,"to be cast ashore, esp. of boats",,,,,,,,,,,,,,,,,,,,,,FALSE
1046,damping,intransitive verb,"near, approximately, almost, about",tukayana tala damping saratus ribu,Its price is almost one hundred thousand,,,,,,,,,,,,,,,,,,"damping caya \df pre-dawn, just before daybreak \af  dampingi \ps  v \df to approach \af  damping akang \ps  v \df to move something close \af  badampingang \ps  vi \df to be in close proximity to someone \il  rumana pasi tu badampingang Their houses are near someone \af  badabadampingang \ps  vi \df to be closely arranged, to be in proximity to someone (of a large number) \af  damping-damping \ps  vi \df rather nearby",,FALSE
1047,dan₁,,,,,,,,,,,,,,,,,,,Indonesian,,,,,FALSE
1048,dan₂,conjunction,and,,,,,,,,,,,,,,,,,,nang,,,,FALSE
1049,dana₁,intransitive verb,tame,,,,,,,,,,,,,,,,,,,padanai,,,FALSE
1050,dana₂,verb,"to tame something, to train some animal (e.g. a parrot)",,,,,,,,,,,,,,,,,,,,,,FALSE
1051,dandansa,noun,kind of dance in which movements are called <quadrille>,,,,,,,,,,,,,,,archaic,,,,,,,FALSE
1052,dandang₁,noun,kind of rice pot,,,,,,,,,,,,,,,,utensil,,,,,,FALSE
1052,dandang₂,noun,kind of rice pot,,,,,,,,,,,,,,,,culinary,,,,,,FALSE
1053,da:ng,noun,"branch, bough",,,,,,,,,,,,,,,,,,,,,,FALSE
1054,dang,particle,"again, more, in addition, else, furthermore",Ari malang ompu ruma mukemi: dang.,Last night the rat pissed on him again.,itu kira-kira tolu ari dang,That's probably three more days.,karugiang dang,That's a further financial loss.,Apé dang.,What else?,,,,,,,,,,,,,,FALSE
1055,danga₁,verb,to hear something,kudanga kamí yogo tama bakaya ini,I hear that you are planning to get started on sago,,,,,,,,,,,,,,,,,danga akang,,,FALSE
1056,danga₂,verb,to listen to something or someone on another's behalf,,,,,,,,,,,,,,,,,,,dangai akang,,,FALSE
1057,danga₃,verb,"to listen to someone, to obey someone",,,,,,,,,,,,,,,,,,,badangai akang,,,FALSE
1058,danga₄,intransitive verb,to be engaged in listening to something,,,,,,,,,,,,,,,,,,,badangaiyang,,,FALSE
1059,danga₅,intransitive verb,to belistened to carefully for some time,carama alengo ini badangaiyang ke moyo,That lecture just now was not even clear,,,,,,,,,,,,,,,,,,,,FALSE
1060,dangan₁,,,,,,,,,,,,,,,,,,,,,dangani,,,FALSE
1061,dangan₂,verb,"to accompany someone, to be with someone",,,,,,,,,,,,,,,,,,,dangani akang,,,FALSE
1062,dangan₃,verb,to be with someone at another's request,,,,,,,,,,,,,,,,,,,badanganang,,,FALSE
1063,dangan₄,intransitive verb,"to accompany, to go as a friend of someone",,,,,,,,,,,,,,,,,,,padanganang,,,FALSE
1064,dangan₅,noun,"companion, follower, someone asked to accompany another, often temporarily",,,,,,,,,,,,,,,,,,dangang,,,,FALSE
1065,dangan₆,,,,,,,,,,,,,,,,,,,,dangang,,,,FALSE
1066,dangang,pronoun,I,Dangang muumbuk ampung,I beg forgiveness,,,,,,,,,,,,first singular,respectful,,,kami dangang,,,,FALSE
1067,danycanak,noun,older sibling,,,,,,,,,,,,,,,,,,,,"danycanak bini-bini \df elder sister, danycanak laki-laki \df elder brother \crm  bapa \crm  ina \sf  kinship",,FALSE
1068,dapa,verb,"to obtain, to get, to experience or undergo something (usually unpleasant)",Kudapa papait capatu.,I got a gift of shoes.,si taslim mudapa tampar de guruna,Taslim got slapped by his teacher.,,,,,,,,,,,,,,,,"dapa hajat \df to experience menstruation, to have one's menstrual period \crm  pauli \crm  dapat",,FALSE
1069,dapat₁,,,,,,,,,,,,,,,,,,,,,badapatang,,,FALSE
1070,dapat₂,intransitive verb,"to meet, to encounter",Adangi de surat laina bena kita badapatang,"Wait, in another letter we will meet (again).",,,,,,,,,,,,,,,,"dapa, pandapatang",,,,FALSE
1071,daras₁,intransitive verb,"swift (of water flow, the pace of walking, a punch, etc.), loud (of voices and bird calls)",,,,,,,,,,,,,,,,,,,padarasi,,,FALSE
1072,daras₂,verb,to increase the volume (e.g. of a radio) or the speed (e.g. of a punch) <speed up>,,,,,,,,,,,,,,,,,,,,,,FALSE
1073,dari,preposition,from,,,,,,,,,,,,,,,,,,de,,,,FALSE
1074,daripada,,,,,,,,,,,,,,,,,,,,dari,,,,FALSE
1075,dasar,noun,"base, cement floor",capata dasara,soles of shoes,,,,,,,,,,,,,,,,,,,,FALSE
1076,datar₁,intransitive verb,to be flat of (topography),,,,,,,,,,,,,,,,,,,,,,FALSE
1077,datar₂,noun,"a flat place, a plain or plateau",,,,,,,,,,,,,,,,,,,,,,FALSE
1078,datuk,noun,a palace rank and title,,,,,,,,,,,,,,,,society,,,,"datuk alolong \df high-ranking representative of the Sultan of Bacan, datuk sapanggala \df the minister governing the territory (city) around the palace of Bacan \crm kadatong \sf  society",,FALSE
1079,datu₁,noun,an official of the sultanate,,,,,,,,,,,,,,,,,,,,,,FALSE
1080,datu₂,,,,,,,,,,,,,,,,,,,,ngguming,,,,FALSE
1081,daulu₁,particle,"previous, earlier times",daulu kamí mangaji cara deminyá,In the old days how did you study Quranic,,,,,,,,,,,,,,,,,,,,FALSE
1082,daulu₂,adverb,"ahead, first",kita tapabua mesela daulu,We make the cement foundation first.,,,,,,,,,,,,,,,,,dadauluna,,,FALSE
1083,daulu₃,intransitive verb,old (of inanimate objects),benteng dadauluna,old fort,,,,,,,,,,,,,,,,,,,,FALSE
1084,daung₁,noun,leaf,,,,,,,,,,,,,,,,,,,badaung,,,FALSE
1085,daung₂,intransitive verb,leaved,,,,,,,,,,,,,,,,,,,,,,FALSE
1086,daung baru₁,noun,"kind of fish, diamond fish",,,,,,,,,,,,,Monodactylus argenteus,,,fish,,,,,,FALSE
1087,daung baru₂,noun,kind of tree,,,,,,,,,,,,,,,,plant,,,,,,FALSE
1088,daung gatal ambon,noun,kind of toxic-leafed plant,,,,,,,,,,,,,,,,plant,,,,,,FALSE
1089,daung tabal,noun,"kind of plant, perhaps the floss flower",,,,,,,,,,,,,Ageratum conyzoides,,,plant,,,,,,FALSE
1090,daung tumana,noun,"kind of insect, aphid, suborder Homoptera",,,,,,,,,,,,,,,,,,,,,,FALSE
1091,daung tumbu daung,noun,"kind of seaside cactus, prickly pear",,,,,,,,,,,,,Opuntia vulgaris,,,plant,,,,,,FALSE
1092,daya,locative,landward direction,ka daya,landward,,,,,,,,,,,,,,,,,,,,FALSE
1093,daya upaya,noun,capability,,,,,,,,,,,,,,,,,,,,,,FALSE
1094,dayango,noun,kind of insect emitting an unpleasant odor,,,,,,,,,,,,,,,,insect,,,,,,FALSE
1095,de,preposition,"of, from, at, on, in",kamí tuka de siá,Who did you buy it from?,duga-dugana kami umbuk ambulung de abdíl nang wahit,We will simply request,de ahat,on Sunday,itu de gambar alengo itu,That was it in the picture we just saw.,de manado,at Manado,,,,often used to mark human goals,,,,,,"de ini \df here \crm  di, de itu \df there, de mana \df where, de nyamo \df for example \df from",,FALSE
1096,debe,,,,,,,,,,,,,,,,,,,,babaca debe,,,,FALSE
1097,dede,noun,"a palace title indicating royal descent, an affectionate term of address and reference for the sultan's sons <prince>",,,,,,,,,,,,,,,,,,kacili,,,,FALSE
1098,dedego,,,,,,,,,,,,,,,,,,,,dego-dego,,,,FALSE
1099,dego-dego,noun,"kind of bench or sleeping platform, usually made of bamboo",,,,,,,,,,,,,,,,house,,"bale, katidurang",,,,FALSE
1100,dekat,intransitive verb,"nearby, proximate",,,,,,,,,,,,,,,,,Malay,,,,,FALSE
1101,dekea,intransitive verb,elder (of one's aunts and uncles),,,,,,,,,,,,,,,,,,"bapa dekea, ina dekea",,,,FALSE
1102,deker,noun,a cover placed over a gutter or ditch,,,,,,,,,,,,,,,,,,,,,,FALSE
1103,deket,intransitive verb,small,nusa deket,"a small island near nusa ra:, Big Island",andeket,youth,,,,,,,,,,,archaic,,,,,,,FALSE
1104,deminyá,pronoun,how,jadi deminyá nang kintalmu inycana tu,So how is it with your lot over there?,,,,,,,,,,,,,,,,,,"cara deminya/ \df how to, method to, deminya/ mo \df example \crm  de nyamo",,FALSE
1105,denda,noun,"legal fine, court penalty",,,,,,,,,,,,,,,,,,,,,,FALSE
1106,dendeng,noun,"dried, preserved meat <jerky>, usually venison",,,,,,,,,,,,,,,,,,,,,,FALSE
1107,depeng,,,,,,,,,,,,,,,,,,,,ndaeping,,,,FALSE
1108,des,conjunction,"so, therefore",,,,,,,,,,,,,,,,,,,,,,FALSE
1109,desa,,,,,,,,,,,,,,,,,,,,kapala desa,,,,FALSE
1110,desel₁,noun,boat-building adze,,,,,,,,,,,,,,,,,,,,,,FALSE
1111,desel₂,verb,"to hew or smooth something (wood) with an adze, to dress something (wood)",kita tadesel barenti mena iskaf,After we have dressed (the wood) then they can plane it.,,,,,,,,,,,,,,tool,,,,,,FALSE
1112,di:,,,,,,,,,,,,,,,,,,,,didi:,,,,FALSE
1113,di,preposition,at,di luar,outside,di mana,where,,,,,,,,,,,,,,de,,,,FALSE
1114,di antaranya,conjunction,including,musu di antaranya amerika,"enemies, including America",,,,,,,,,,,,,,,,,,,,FALSE
1115,diakang,,,,,,,,,,,,,,,,,,,,didi: akang,,,,FALSE
1117,diang₁,intransitive verb,to be quiet,,,,,,,,,,,,,,,,,,,badiang-diang,,,FALSE
1118,diang₂,intransitive verb,to be absolutely quiet <silent>,basaláng bolung baca duduk badiang-diang,"If you haven't begun to recite, just sit",,,,,,,,,,,,,,,,,babadiang,,,FALSE
1119,diang₃,intransitive verb,"to be discreet, to be stealthy",,,,,,,,,,,,,,,,,,,padiangi,,,FALSE
1120,diang₄,verb,to coax or persuade someone to be quiet,,,,,,,,,,,,,,,,,,,padiang akang,,,FALSE
1121,diang₅,verb,"to make something quiet, e.g. to reduce the volume of a radio",,,,,,,,,,,,,,,,,,,,,,FALSE
1122,dibo-dibo₁,noun,"wholesaler, someone who buys a whole crop or catch and controls the market",,,,,,,,,,,,,,,,,,,badibo-dibo,,,FALSE
1123,dibo-dibo₂,intransitive verb,to engage in such commercial activities,,,,,,,,,,,,,,,,,,,,,,FALSE
1124,dodak₁,noun,chest (of the body),,,,,,,,,,,,,,,,,,,,,,FALSE
1125,dodak₂,noun,"front, ahead, forthcoming, previous, earlier in a series",nusa ra: dodaka,in the front of Nusa Ra:,saptí de dodak,next Saturday,alap-alap di dodak,The guests (summoned) earlier,,,,,,,,,,,,manda/,badobadodakang,,,FALSE
1126,dodak₃,intransitive verb,"to be facing someone <face>, to be opposite someone (e.g. on the same street)",,,,,,,,,,,,,,,,,,,,,,FALSE
1127,dodato mo,intransitive verb,to have a fear that something would or would not occur or be acceptable,ku dodato mo kamu: mumakang mo,I feared lest you would not eat (it),,,,,,,,,,,,,,,,,,,,FALSE
1128,dodoku,noun,bridge,,,,,,,,,,,,,,,,,,panitiang,,,,FALSE
1129,dodol,noun,kind of durian sweetmeat,,,,,,,,,,,,,,,,food,,,,"dodol koko \df kind of cassava sweetmeat, similar to taffy",,FALSE
1130,dodomi,noun,placenta,,,,,,,,,,,,,,,,,,,,"dodomi sagale gale \df be of one blood line, be united by blood \sf  body",,FALSE
1131,dofola,noun,"kind of insect, the bedbug",,,,,,,,,,,,,Cimicidae,,,insect,,,,,,FALSE
1132,dohor,noun,the time for the Islamic prayer ritual at noontime,,,,,,,,,,,,,,,,spiritual,,,,,,FALSE
1133,doit,noun,money,,,,,,,,,,,,,,,,,,,,"doit salawat \df money contributed to the mosque <contribution> during the recital of the laudation of the Prophet on certain Islamic holy days \crm  salawat, doit tataura \df coin (i.e. money for scattering) \crm  taur",,FALSE
1134,dok,noun,dock,,,,,,,,,,,,,,,,,,,,,,FALSE
1135,doko₁,intransitive verb,greedy,,,,,,,,,,,,,,,,,,,badoko,,,FALSE
1136,doko₂,intransitive verb,"to be covetous, to gaze longingly (but not express one's desire)",,,,,,,,,,,,,,,,,,,,,,FALSE
1137,dola₁,intransitive verb,"to block someone's path of escape by predicting the direction, to cut someone off <cut off>",,,,,,,,,,,,,,,,,,,dola akang,,,FALSE
1138,dola₂,verb,to block someone at someone's request,,,,,,,,,,,,,,,,,,,badola,,,FALSE
1139,dola₃,intransitive verb,"to engage in blocking, to buy goods for resale by arriving at the market early, to corner the market in such",badola manyjangang,to corner a deer,,,,,,,,,,,,,,,,,,,,FALSE
1140,dolong₁,intransitive verb,deep,,,,,,,,,,,,,,,,,,lumpa-lumpat dolong,padolongi,,,FALSE
1141,dolong₂,verb,to deepen something (e.g. a well or a foundation),,,,,,,,,,,,,,,,,,,,,,FALSE
1142,dolosi,noun,kind of small multicoloredfish,,,,,,,,,,,,,,,,fish,,,,"dolosi papang \df kind of fish, the southern fusilier, \sn Caesio xanthurus \sf  fish, dolosi iba \df kind of fish, the black-tipped fusilier, \sn Caesio chrysozonus \sf  fish, dolosi magiau \df kind of small pink fish \sf  fish",,FALSE
1143,domplet,noun,"wallet, change purse",,,,,,,,,,,,,,,,,,,,,,FALSE
1144,donga-donga,noun,ankle bone (which protrudes),,,,,,,,,,,,,,,,body,,,,,,FALSE
1145,dongkrat₁,,,,,,,,,,,,,,,,,,,Indonesian,,,,,FALSE
1146,dongkrat₂,verb,to lever something up (e.g. a boat),,,,,,,,,,,,,,,,,,,,,,FALSE
1147,donyci₁,intransitive verb,"whining, fussy (of children)",,,,,,,,,,,,,,,,,,,badonyci,,,FALSE
1148,donyci₂,intransitive verb,to be characterized by whining <whine>,,,,,,,,,,,,,,,,,,,,,,FALSE
1149,dop,noun,infant's pacifier,,,,,,,,,,,,,,,,,,pep,,,,FALSE
1150,dosa,,,,,,,,,,,,,,,,,,,,bardosa,,,,FALSE
1151,dosi-dosi,noun,"box, esp. cardboard box",,,,,,,,,,,,,,,,,,,,,,FALSE
1152,doti₁,noun,black magic,,,,,,,,,,,,,,,,,,,,,,FALSE
1153,doti₂,verb,to attack and negatively affect someone with black magic,nyawaku mantak po kudoti ia ni ke,I feel offended so I'll use some black magic on him,,,,,,,,,,,,,,,,,badoti,,,FALSE
1154,doti₃,intransitive verb,to practice black magic and to use spells and poisons,,,,,,,,,,,,,,,,,Malay,guna-guna,,,,FALSE
1155,doá₁,,,,,,,,,,,,,,,,,,,,,doákang,,,FALSE
1156,doá₂,verb,to curse someone,cece mo idoákang kita,Let it not happen that they curse us.,,,,,,,,,,,,,,,,,badoá,,,FALSE
1157,doá₃,intransitive verb,to curse,,,,,,,,,,,,,,,,,,,badoákang,,,FALSE
1158,doá₄,intransitive verb,to be engaged in cursing someone <curse>,,,,,,,,,,,,,,,,,,sasi,,,,FALSE
1159,du,exclamation,"oh, an expression of disappointment or disapproval",,,,,,,,,,,,,,,,,,,,,,FALSE
1160,dua₁,numeral,two,dua pulu,twenty,,,,,,,,,,,,,,,,,badua-dua,,,FALSE
1161,dua₂,verb,"to be in a set of two, to form a pair",pasi balampo badua-dua,They walked off in pairs.,,,,,,,,,,,,,,,,"apadua, sapadua, kadua",,,,FALSE
1162,dualapang,numeral,eight,,,,,,,,,,,,,,,,,,,,,,FALSE
1163,dudugana,,,,,,,,,,,,,,,,,,,,duga,,,,FALSE
1164,duduk₁,intransitive verb,"to sit, to reside (at some place), to occupy",ia itu duduk mo de amasing kota ke di mandawóng,He doesn't live in Amasing Kota,,,,,,,,,,,,,,,,,duduki,,,FALSE
1165,duduk₂,verb,to sit on someone or something,Ia itu mududuki taina manuk,He sat on chicken droppings,,,,,,,,,,,,,,,,,duduk akang,,,FALSE
1166,duduk₃,verb,"to assist someone to sit at someone's request, to put something in place",,,,,,,,,,,,,,,,,,,badudukang,,,FALSE
1167,duduk₄,intransitive verb,to sit around in large numbers (e.g. at a meeting),,,,,,,,,,,,,,,,,,,badubadudukang,,,FALSE
1168,duduk₅,intransitive verb,to sit on someone (of many persons in play or in a crowded vehicle),,,,,,,,,,,,,,,,,,,paduduk akang,,,FALSE
1169,duduk₆,verb,"to use something as a seat (i.e. something not usually for sitting on, e.g. a table), to let something stand, to put something in a stable position (e.g. a container of water so the dregs, to put something in its appropriate place",paduduk akang paisu itu ga aming,Put the water on to the hearth (so it will boil),,,,,,,,,,,,,,,,,pandudukang,,,FALSE
1170,duduk₇,noun,"sitting place, esp. the elaborate public benches often found on corners in Labuha",,,,,,,,,,,,,,,,,,,kadudukang,,,FALSE
1171,duduk₈,noun,"a place to sit, a seat, situation, social setting, a place",kadudukangku nagawar-gawar,My seat wobbles,kadudukang ini jat,This situation (e.g. in a known sorcerer's company) is unfavorable,dupa-dupa kadudukanga,"a place for incense, a censer",inda: tu haiwan kadudukanga,Inland in the forest it's animal territory (i.e. too many,,,,,,,,,,,,,,FALSE
1172,duga,verb,"to assume, to guess, to suppose",,,,,,,,,,,,,,,,,,sangka,,,,FALSE
1173,dugana₁,conjunction,"only to the extent, however, in so far as","dugana kamí tama itu, ingat-ingat paguna:ng ari saptu","However, as you start that,",,,,,,,,,,,,,,,,,,,,FALSE
1174,dugana₂,particle,only and insufficient,Doitku dugana hadiki,There's only a small amount of my money (left),,,,,,,,,,,,,,,,,duga-duga,,,FALSE
1175,dugana₃,particle,only,durian duga-duga ke habua po yogo iumbuk dang,There was just one durian yet he still,,,,,,,,,,,,,,,,,duga-dugana,,,FALSE
1176,dugana₄,particle,only,pondo duga-dugana habua mena narebus dang,"There was only one shirt, then it ripped",,,,,,,,,,,,,,,,,dudugana,,,FALSE
1177,dugana₅,particle,only,,,,,,,,,,,,,,,,,,,,,,FALSE
1178,duka₁,noun,sorrow,,,,,,,,,,,,,,,,,,,baduka,,,FALSE
1179,duka₂,intransitive verb,to be in mourning,,,,,,,,,,,,,,,,,,,,,,FALSE
1180,duku,,,,,,,,,,,,,,,,,,,,langsat duku,,,,FALSE
1181,dumik₁,intransitive verb,completed,papang inycana itu tala dumik,The boards over there are finished.,,,,,,,,,,,,,,,,,dumik akang,,,FALSE
1182,dumik₂,verb,to complete something at another's request,musi ka da: ga dumik akang jojaga itu puong,You must go inland too to finish that hut first.,,,,,,,,,,,,,,,,,padumiki,,,FALSE
1183,dumik₃,verb,to finish off something,Kau tala mupadumiki lao de kas.,You have finished off the fish in the cupboard.,,,,,,,,,,,,,,,,,padumik akang,,,FALSE
1184,dumik₄,verb,to complete something thoroughly,adaing padumik akang paguna:ng tu,Later we will complete that task.,,,,,,,,,,,,,,,,,dumi-dumik,,,FALSE
1185,dumik₅,intransitive verb,all,,,,,,,,,,,,,,,,,,,,,,FALSE
1186,dumik₆,adverb,completely,,,,,,,,,,,,,,,,,,,,,,FALSE
1187,dumpul,noun,boat caulking,,,,,,,,,,,,,,,,boat,,,,,,FALSE
1188,duniá,noun,"world, the transitory world, the place of the mundane",,,,,,,,,,,,,,,,,,"bobato dunia/, ahera/t",,,,FALSE
1189,dungkul₁,,,,,,,,,,,,,,,,,,,,,dungkul akang,,,FALSE
1190,dungkul₂,transitive verb,to cause something (esp. another's foot) to ram something,,,,,,,,,,,,,,,,,,,nadungkul,,,FALSE
1191,dungkul₃,intransitive verb,stubbed (of the toe),,,,,,,,,,,,,,,,,,,,,,FALSE
1192,duong,,,,,,,,,,,,,,,,,,,,lao,,,,FALSE
1193,dupa,noun,tapers of fragrant wood used as incense,,,,,,,,,,,,,,,,,,,,,,FALSE
1194,duri₁,noun,thorn,,,,,,,,,,,,,,,,,,ambulung duri puti,baduri,,,FALSE
1195,duri₂,intransitive verb,"to be covered with thorns, prickly, thorny",buro-buro baduri,a kind of pandanus with many thorns,,,,,,,,,,,,,,,,"bayang baduri, aur baduri",baduri-duri,,,FALSE
1196,duri₃,intransitive verb,"to be covered with thorns or spines, prickly",,,,,,,,,,,,,,,,,,,,,,FALSE
1197,duri babi,noun,"kind of black, long-spined sea urchin",,,,,,,,,,,,,Diadema setosum,,,sea creature,,tayong,,,,FALSE
1198,duriang,noun,"kind of fruit, the durian, [Durio zibethinus",,,,,,,,,,,,,,,,plant,,,,"duriang cacak \df kind of small durian, duriang bunga rampe \df kind of small durian, duriang pairuk \df kind of dark, round, large durian, duriang mawe \df kind of small durian, duriang panglu/ \df kind of durian with easily visible sutures, duriang biji mati \df kind of durian with small flat seeds, duriang atombo/m \df kind of very large somewhat oval-shaped durian, duriang gora \df kind of durian shaped like a water apple, duriang roket \df kind of elongated durian, duriang mata-mata lompa \df a very early stage in the ripening process of a durian, duriang pusu \df kind of tear-shaped durian, duriang pala \df kind of round durian, duriang mantega \df kind of durian with very yellow contents, duriang payung \df kind of durian, duriang bapalumbang \df a late stage in the ripening stage of a durian, watery,odorless, tasteless but edible, duriang ambulung \df kind of durian found near sago, duriang tewa-tewa \df kind of durian",,FALSE
1199,e:,particle,"er, uh",pasawat e: kapal udara,"plane, I mean, airplane",,,,,,,,,,,,hesitation word,,,,,,e: ole i: \df oh yes (I almost forgot),,FALSE
1200,edat,noun,"kind of culinary preparation of raw fish, citrus fruit juice and spices, kind of seviche",,,,,,,,,,,,,,,,food,,kolot,,,,FALSE
1201,egang,intransitive verb,to be odd (of one's gait),,,,,,,,,,,,,,,,,,,,,,FALSE
1202,eling₁,verb,"to recall someone, to remember someone fondly",,,,,,,,,,,,,,,,,,,eling-eling,,,FALSE
1203,eling₂,verb,to continuously recollect someone,kueling-eling kau torus,I always remember you,,,,,,,,,,,,,,,,,,,,FALSE
1204,embing,verb,to hold something in the lap,,,,,,,,,,,,,,,,,,,,,,FALSE
1205,embusang,noun,"bellows, the pump used at a forge",,,,,,,,,,,,,,,,,,,,,,FALSE
1206,endar₁,verb,"to be mirthful and excited, to be gleeful and happy",Aku endar kudapa papait capatu itu.,I was delighted to get that gift of shoes.,,,,,,,,,,,,,,,,,baendar-endar,,,FALSE
1207,endar₂,intransitive verb,to be excessively gleeful and happy,,,,,,,,,,,,,,,,,,kaendar,,,,FALSE
1208,engi,noun,"the people, the peasantry, the subjects of a certain ruler",,,,,,,,,,,,,,,archaic,society,,,,,,FALSE
1209,engku₁,pronoun,you,,,,,,,,,,,,,,term of address for teachers,,,,,,,,FALSE
1210,engku₂,noun,"teacher, esp. as an identifying sobriquet",muhamat engku,Muhammad the teacher (as opposed to someone else named Muhammad),,,,,,,,,,,,,,,,,,,,FALSE
1211,e₁,exclamation,"hey, say!",e pesa kamí danga itu itu bahasanta,"Hey, just try listening to that",that's our language!,,,,,,,,,,,,,,,,,,,FALSE
1212,e₂,particle,"huh?, am I right?",kudanga habár kamí yogo pabua ruma e,"I heard that you are going to build a house,",o jadi lima udang tagala e,"Oh so it takes five months, does it?",,,,,,,,,,a question marker,,,,i:,,,,FALSE
1213,esde,noun,elementary school,,,,,,,,,,,,,,,,,,,,,,FALSE
1214,esing₁,numeral classifier,"bunch or hand of bananas, a counter for bananas",,,,,,,,,,,,,,,,,,,baesing,,,FALSE
1215,esing₂,intransitive verb,to engage in separating hands of bananas from the stalk,,,,,,,,,,,,,,,,,,,,,,FALSE
1216,eso₁,,,,,,,,,,,,,,,,,,,,,baeso,,,FALSE
1217,eso₂,intransitive verb,"to pull oneself (in a seated position) along the floor, to slide one's rump across a level",,,,,,,,,,,,,,,,,,,,,,FALSE
1218,esá,noun,the time for the Islamic prayer ritual in the evening,,,,,,,,,,,,,,,,spiritual,,,,,,FALSE
1219,eti₁,verb,to understand or know something,kueti mo,I don't understand.,kamí eti pabua bedeng,Do you two know (how) to make a planting bed?,,,,,,,,,,,,,,,eti akang,,,FALSE
1220,eti₂,verb,to know about something,Taeti akang mo,We don't know (anything) about it.,aku kueti akang moyo keadaan sabapina,I do not understand about the reasons for the,,,,,,,,,,,,,,,,,,FALSE
1221,faduli₁,verb,to pay attention to something (when such attention is inappropriate),,,,,,,,,,,,,,,,,,,bafaduli,,,FALSE
1222,faduli₂,intransitive verb,to pry into other's business,,,,,,,,,,,,,,,,,,,,,,FALSE
1223,faham,intransitive verb,to understand,,,,,,,,,,,,,,,,,,,,,,FALSE
1224,fajar,noun,the morning star,,,,,,,,,,,,,,,,natural phenomenon,,,,,,FALSE
1225,fam,noun,"descent, family-line, family name",nyamana pusung fam pusung,His name was Pusung,the family name was Pusung.,,,,,,,,,,,,,,,,,,,FALSE
1226,fandíng₁,verb,to have need of someone or something,hadiki dang aku fandíng kau,In a little while I will have need of you (your presence),,,,,,,,,,,,,,,,,,,,FALSE
1227,fandíng₂,particle,"need to, have to",aku fandíng kau tulis surat ini,I need you to write this letter.,,,,,,,,,,,,,,,,,,,,FALSE
1228,fantal₁,verb,"to untie something (a knot), to unlace",fatal capatu,unlace shoes,,,,,,,,,,,,,,,,,fantal akang,,,FALSE
1229,fantal₂,verb,to unfasten something at someone's request,,,,,,,,,,,,,,,,,,,nafantal,,,FALSE
1230,fantal₃,intransitive verb,"opened, split apart",,,,,,,,,,,,,,,,,,,,,,FALSE
1231,fara,noun,"freckle, birthmark",,,,,,,,,,,,,,,,body,,,,,,FALSE
1232,farak₁,verb,to spread something apart (e.g. to level a heap of sand),,,,,,,,,,,,,,,,,,,bafara-farakang,,,FALSE
1233,farak₂,intransitive verb,"to arrange in separate classes, to be arranged in different categories",aku ini tala botang mala-malaingang bafara-farakang ini,,kayu ini yogo kupake yang,,,,,,,,,,,,archaic,,,,,,,FALSE
1234,faroro₁,intransitive verb,shriveled or shrunken with age,,,,,,,,,,,,,,,,,,,bafaroro,,,FALSE
1235,faroro₂,intransitive verb,to shrink or shrivel (of one's skin and body appendages) because of exposure to cold,,,,,,,,,,,,,,,,,,,,,,FALSE
1236,farák₁,noun,"fare, the price of passage",,,,,,,,,,,,,,,,,,,,,,FALSE
1237,farák₂,intransitive verb,"to show the signs of a recent illness, to be drawn and wan",,,,,,,,,,,,,,,,,,,,,,FALSE
1238,fastiu,,,,,,,,,,,,,,,,,,,,pastiu,,,,FALSE
1239,fato₁,transitive verb,"to put something in order, to arrange objects, to lay out (foods, etc.), to set something (on the table)",Nis tala mufato macang-macang momami de meja.,Nis has set out all kinds of cakes on,,,,,,,,,,,,,,,,,bafato,,,FALSE
1240,fato₂,intransitive verb,"to get in line, to be arranged",,,,,,,,,,,,,,,,,,,,,,FALSE
1241,fefut,,,,,,,,,,,,,,,,,,,,bakafefut,,,,FALSE
1242,felem,noun,"film (for a camera), cinematic showing, movie",,,,,,,,,,,,,,,,,,,,,,FALSE
1243,felpeng,noun,"various kind of pens, including felt tip, ballpoint and fountain pens",,,,,,,,,,,,,,,,,,,,,,FALSE
1244,fentol,,,,,,,,,,,,,,,,,,,,gigi fentol,,,,FALSE
1245,fete-fete,noun,various kind of plants,,,,,,,,,,,,,"Bromelia humilis, Crinum asiaticum",,,plant,,,,,,FALSE
1246,fia₁,,,,,,,,,,,,,,,,,,,,,nafia,,,FALSE
1247,fia₂,intransitive verb,wide open,,,,,,,,,,,,,,,,,,,,,,FALSE
1248,fikir₁,verb,to think about something,,,,,,,,,,,,,,,,,,,fikir akang,,,FALSE
1249,fikir₂,intransitive verb,"to consider something, to bear something in mind",kufikir akang anaku ni bolung ada pondo,I am considering that my child does not yet,,,,,,,,,,,,,,,,,bafikir,,,FALSE
1250,fikir₃,intransitive verb,"to think, to be reflective",tala ompu lahtala mubei supaya kita tadapa bafikir,God Most High has granted it that,,,,,,,,,,,,,,,,,fikirang,,,FALSE
1251,fikir₄,noun,thought,,,,,,,,,,,,,,,,,,,,,,FALSE
1252,filinggir₁,noun,kite (for flying),,,,,,,,,,,,,,,,,,,bafilinggir,,,FALSE
1253,filinggir₂,intransitive verb,to engage in kite flying,,,,,,,,,,,,,,,,,,,,,,FALSE
1254,fini₁,,,,,,,,,,,,,,,,,,,Malay,,,,,FALSE
1255,fini₂,noun,"seed, esp. for planting",,,,,,,,,,,,,,,,,,bibit,,,,FALSE
1256,fingkal,verb,"to fight someone, to strike or hit someone",,,,,,,,,,,,,,,,,,,,,,FALSE
1257,fis,noun,bicycle,,,,,,,,,,,,,,,archaic,,,,,,,FALSE
1258,fisa,noun,cloth made from bark,,,,,,,,,,,,,,,archaic,,,,,,,FALSE
1259,fitaná₁,noun,"untruth, slander, gossip",,,,,,,,,,,,,,,,,,,,,,FALSE
1260,fitaná₂,verb,"to spread lies, slander or calumny about someone",ia mufitaná si nis,She has spread lies about Nis,,,,,,,,,,,,,,,,,fitaná akang,,,FALSE
1261,fitaná₃,verb,to spread lies about someone,,,,,,,,,,,,,,,,,,,bafitaná,,,FALSE
1262,fitaná₄,intransitive verb,"to lie, to calumniate",,,,,,,,,,,,,,,,,,,,,,FALSE
1263,fofat,verb,to strike someone,,,,,,,,,,,,,,,,,,,,,,FALSE
1264,fofoki,noun,eggplant,,,,,,,,,,,,,Solanum melongena,,,plant,,,,"fofoki ndule \df kind of food consisting of roasted and peeled eggplant, cubed and mixed with coconut cream, ground peanuts and herbs, fofoki tangkoring \df kind of eggplant, the African eggplant, \sn Solanum macrocarpon \sf  plant",,FALSE
1265,fofoyakang,,,,,,,,,,,,,,,,,,,,foya,,,,FALSE
1266,fol,intransitive verb,full,,,,,,,,,,,,,,,casual,,,,,,,FALSE
1267,foloi₁,noun,"extra, excess",kumbuk foloina,I am asking for the excess.,itu foloina barisi,That's way too much extra.,,,,,,,,,,,,,,,,,,FALSE
1268,foloi₂,adverb,"extra, over and above what is required, in addition",Kau mubei doit de ia itu foloi.,You've given money to him over and above what is necessary.,,,,,,,,,,,,,,,,,pafoloi akang,,,FALSE
1269,foloi₃,verb,to give something in excess,pasi muumbuk duriang tu tapafoloi akang hadiki,They asked that we please give an extra amount of durian.,,,,,,,,,,,,,,,,,,,,FALSE
1270,fonai₁,,,,,,,,,,,,,,,,,,,,,bafonai,,,FALSE
1271,fonai₂,intransitive verb,"to fish, esp. for tuna, with a nyjong fonai",,,,,,,,,,,,,,,,,,nyjong fonai,,,,FALSE
1272,fonderen,noun,foundation,,,,,,,,,,,,,,,,,,mesel,,,,FALSE
1273,for,,,,,,,,,,,,,,,,,,,,fur,,,,FALSE
1274,forfél,intransitive verb,"worried, unhappy",,,,,,,,,,,,,,,,,,,,,,FALSE
1275,forno,noun,"oven, esp. for baking bagea cakes",,,,,,,,,,,,,,,,culinary,,,,,,FALSE
1276,forong₁,noun,cookie-cutter,,,,,,,,,,,,,,,,utensil,,,,,,FALSE
1276,forong₂,noun,cookie-cutter,,,,,,,,,,,,,,,,culinary,,,,,,FALSE
1277,forsa,adverb,with great intensity or strength <intensely>,balampo forsa,to walk at high speed,,,,,,,,,,,,,,,,,,,,FALSE
1278,foti₁,verb,"to collect here and there, to rummage",,,,,,,,,,,,,,,,,,,foti-foti,,,FALSE
1279,foti₂,verb,to collect and forage intensively or in large numbers,dadi nampisiang ni pauli kita ka da: tafoti-foti,So tomorrow we can go inland and,,,,,,,,,,,,,,,,,bafoti-foti,,,FALSE
1280,foti₃,intransitive verb,"to engage in collecting or foraging <forage>, to pick (fruit) selectively",,,,,,,,,,,,,,,,,,,,,,FALSE
1281,foya₁,verb,"to lie to someone, to deceive someone",,,,,,,,,,,,,,,,,,,fofoya:kang,,,FALSE
1282,foya₂,verb,to deceive someone at someone's request,,,,,,,,,,,,,,,,,,,bafoya,,,FALSE
1283,foya₃,intransitive verb,to engage in prevarication,,,,,,,,,,,,,,,,,,,foya-foya,,,FALSE
1284,foya₄,intransitive verb,"deceptive, deceitful, false",,,,,,,,,,,,,,,,,,,,,,FALSE
1285,fuku-fuku,noun,"conch shell, esp. used as a trumpet, fam. Strombidae",,,,,,,,,,,,,,,archaic,,,,,,,FALSE
1286,fur₁,preposition,"for, to",pa wahit mubei kos ini ini fur aku,Mr Wahit gave this very T-shirt to me.,,,,,,,,,,,,,,,,,,,,FALSE
1287,fur₂,conjunction,"to, in order to",ma tuka nggaeka ini fur ma jual inycana de babang,He bought these bananas to sell,,,,,,,,,,,,,,,,"bo:, para, untuk",,,,FALSE
1288,fur₃,noun,kind of cloth used for pockets and lining,,,,,,,,,,,,,,,,,,,,,,FALSE
1289,furu,,,,,,,,,,,,,,,,,,,,"furu/k, nonda furu",,,,FALSE
1290,furík₁,adverb,early,,,,,,,,,,,,,,,,,,,furík-furík,,,FALSE
1291,furík₂,adverb,very early,,,,,,,,,,,,,,,,,,,,,,FALSE
1292,futa,verb,"to twist something (fiber) into rope, to deceive someone, to trick someone",ari ni barang ifuta kapé,Today maybe he'll deceive us or what.,,,,,,,,,,,,,,,Malay,,,,,FALSE
1293,fuya,noun,colored thin paper used for making kites and wrapping cakes,,,,,,,,,,,,,,,,,,,,,,FALSE
1294,ga,particle,"even, as well, just, anyway, though",Dang kusangka lao batu ga.,I thought it was a reef fish as well.,Muala ga de ini.,Just take it from here.,barisi mo ke tongo diki ada ga,"Not a large quantity but there is a small portion,",,,,,,,,,,,,,,,,FALSE
1295,ga aming,particle,already,Ala itu ga aming.,"Take that one, already",,,,,,,,,,,,a sentence final particle indicating finality or emphasis,,,,,,,,FALSE
1296,gaca,noun,"kind of fish, the hussar or sea-perch",,,,,,,,,,,,,Lutjanus amabilis,,,fish,,,,,,FALSE
1297,gagal₁,intransitive verb,"to fail, to lose, to be unsuccessful",,,,,,,,,,,,,,,,,,,gagal akang,,,FALSE
1298,gagal₂,verb,to cause something to fail,,,,,,,,,,,,,,,,,,,,,,FALSE
1299,gagang,noun,"the grip or handle of a utensil, the protrusion or curve of a utensil from which it is",,,,,,,,,,,,,,,,,,,,,,FALSE
1300,gagartáng,intransitive verb,"to feel compelled to touch, pinch or squeeze someone attractive (e.g. a well-groomed child,",,,,,,,,,,,,,,,,,,,,,,FALSE
1301,gagaráp,noun,"joke, practical joke",,,,,,,,,,,,,,,,,,,,,,FALSE
1302,gagawang,intransitive verb,startled,Aku gagawang lindur alengone,I was startled by the tremor a few moments agone,,,,,,,,,,,,,,,,,,"gagawang dang \df suddenly \il  Gagawang dang ia sotu.  Suddenly he apppeared in front of us. \il  ompu ruma mukoat mukoat gagawang dang kofo itu binasa tala  The rats gnaw and gnaw and, before you know it, the net is completely ruined., gagawang udara \ps  n \df air-raid \af  gagawangi \ps  v \df to startle someone \af  gagawang akang \ps  v \df to startle someone at someone else's request",,FALSE
1303,gagilamu,noun,"kind of tree, similar to [Gnetum  , used for medicine and powders",,,,,,,,,,,,,,,,plant,,,,,,FALSE
1304,gagu,intransitive verb,to stutter,,,,,,,,,,,,,,,,,,,,,,FALSE
1305,gaguar₁,transitive verb,to awaken someone by shaking violently and shouting,,,,,,,,,,,,,,,,,,,gaguar akang,,,FALSE
1306,gaguar₂,verb,to awaken someone at someone's request,,,,,,,,,,,,,,,,,,gurak,,,,FALSE
1307,gaja,noun,"elephant, fam. Elephantidae, a term used in plant nomenclature to indicate large size",popare gaja,kind of bitter gourd,,,,,,,,,,,,,,,,,,,,FALSE
1308,gaji₁,noun,animal fat,,,,,,,,,,,,,,,,,,,bagaji,,,FALSE
1309,gaji₂,intransitive verb,to be dirty,,,,,,,,,,,,,,,,,,,,,,FALSE
1310,gaji₃,noun,salary,,,,,,,,,,,,,,,,,,,,,,FALSE
1311,gaki₁,noun,"a chunk, esp. a lengthwise quarter of stems, trunks or beams",,,,,,,,,,,,,,,,,,,gaki:,,,FALSE
1312,gaki₂,verb,"to cut something (esp. wood) lengthwise into four portions, to quarter something",,,,,,,,,,,,,,,,,,,gaki akang,,,FALSE
1313,gaki₃,verb,to quarter something at another's request,,,,,,,,,,,,,,,,,,,nagaki,,,FALSE
1314,gaki₄,intransitive verb,"to be cut in lengthwise quarters, to be quartered",,,,,,,,,,,,,,,,,,,hagaki,,,FALSE
1315,gaki₅,noun,"a quarter portion cut lengthwise, esp. of large fish",,,,,,,,,,,,,,,,,,,,,,FALSE
1316,gala₁,noun,"kind of flat drum or tambourine, kind of music played with such an instrument",,,,,,,,,,,,,,,,,,,bagala,,,FALSE
1317,gala₂,intransitive verb,to play such an instrument,,,,,,,,,,,,,,,,,,bota-bota gala ke mo,,,,FALSE
1318,galala monge,,,,,,,,,,,,,,,,,,,,nggaeka,,,,FALSE
1319,galampa,noun,"an open gallery which extends from the house over the river, porch",,,,,,,,,,,,,,,,house,,,,,,FALSE
1320,galampeang₁,intransitive verb,"smoked (in a grill), esp. of fish",,,,,,,,,,,,,,,,,,,,,,FALSE
1321,galampeang₂,noun,smoked fish,,,,,,,,,,,,,,,,culinary,,,,,,FALSE
1322,galang-galang,noun,intestinal worms,,,,,,,,,,,,,,,,,,ngalang-galang,,,,FALSE
1323,galasak,noun,rack of plaited bamboo to sun and salt fish,,,,,,,,,,,,,,,,,,,,galasak manyompo \df a plaited rack on which offerings for spirits are placed <altar> \crm  anycak \sf  utensil \sf  spiritual,,FALSE
1324,gale-gale,noun,intestine,,,,,,,,,,,,,,,,body,,dodomi sagale-gale,sagale gale,,,FALSE
1325,galema,noun,"kind of ray, order Hypotremata",,,,,,,,,,,,,,,,,,,,,,FALSE
1326,ganggu₁,verb,to annoy or tease someone,,,,,,,,,,,,,,,,,,,baganggu,,,FALSE
1327,ganggu₂,intransitive verb,to engage in annoying behavior,,,,,,,,,,,,,,,,,,,,,,FALSE
1328,ganyco₁,noun,gaff,,,,,,,,,,,,,,,,tool,,,,,,FALSE
1328,ganyco₂,noun,gaff,,,,,,,,,,,,,,,,fishing,,,,,,FALSE
1329,garagaji,,,,,,,,,,,,,,,,,,,,gargaji,,,,FALSE
1331,gareja,noun,church,,,,,,,,,,,,,,,,,,,,,,FALSE
1332,gargaji₁,noun,saw,,,,,,,,,,,,,,,,tool,,,,,,FALSE
1333,gargaji₂,verb,to saw something,,,,,,,,,,,,,,,,,,,,,,FALSE
1334,gari-garis,,,,,,,,,,,,,,,,,,,,garis-garis,,,,FALSE
1335,garis-garis,noun,matches,,,,,,,,,,,,,,,,,,,,,,FALSE
1336,garnát,,,,,,,,,,,,,,,,,,,,grana/t,,,,FALSE
1338,garpu₁,noun,"fork, rake, harrow, pitchfork",,,,,,,,,,,,,,,,utensil,,,,,,FALSE
1338,garpu₂,noun,"fork, rake, harrow, pitchfork",,,,,,,,,,,,,,,,tool,,,,,,FALSE
1339,garu,verb,"to scratch, to stir (sago porridge, etc.)",,,,,,,,,,,,,,,,,,,,garu rica \df kind of culinary preparation in which fish is cooked in a sauce of chile peppers \crm  lampa/ng garu \af  bagagaru \ps  vi \df to scratch and peck (of fowl) \af  garu-garu \ps  n \df rake \sf  tool,,FALSE
1340,garubung,noun,shield,,,,,,,,,,,,,,,,,,,,,,FALSE
1341,garák,intransitive verb,"to experience a sudden surge of desire, to feel an emotion of desire or lust for",bini-bini haiku ni nyawaku garák ke mo,How could I not have feelings of desire for,,,,,,,,,,,,,,,,,,,,FALSE
1342,gasi₁,noun,salt,,,,,,,,,,,,,,,,,,,bagasi,,,FALSE
1343,gasi₂,intransitive verb,to be salted,,,,,,,,,,,,,,,,food,,,,,,FALSE
1344,gasili,noun,"kind of fish, the Pike conger, <eel>",,,,,,,,,,,,,Muraenesox cinereus,,,fish,,,,,,FALSE
1345,gaspár,intransitive verb,to be prone to break whatever is handled <accident-prone>,,,,,,,,,,,,,,,,,,,,,,FALSE
1346,gata₁,noun,"blood, sap",,,,,,,,,,,,,,,,body,,,bagata,,,FALSE
1347,gata₂,intransitive verb,"bloody, exuding blood or sap",,,,,,,,,,,,,,,,,,,,,,FALSE
1348,gatal₁,intransitive verb,to itch,,,,,,,,,,,,,,,,,,daung gatal ambon,bagatal,,,FALSE
1349,gatal₂,intransitive verb,to experience itchiness,,,,,,,,,,,,,,,,,,,,,,FALSE
1350,gau,noun,a paper cigarette wrapper,,,,,,,,,,,,,,,,,,,,,,FALSE
1351,gayang₁,noun,"kind of tree bearing edible fruit, the Otaheite chestnut",,,,,,,,,,,,,Inocarpus edulis,,,plant,,,,,,FALSE
1352,gayang₂,noun,"protruding rump of certain primates, esp. the endemic macaque of Bacan",,,,,,,,,,,,,,,,,,,,,,FALSE
1353,gawar₁,verb,"to move something from side to side, to oscillate something, to shake something",Kugawar tiang itu.,I wiggled the stake from side to side.,,,,,,,,,,,,,,,,,gawari,,,FALSE
1354,gawar₂,verb,to cause something to move from side to side repeatedly,Mugawari tangamu.,Wave your hand from side to side.,,,,,,,,,,,,,,,,,gawar akang,,,FALSE
1355,gawar₃,verb,to cause something to move back and forth at someone's request,Mugawar akang bue-bue.,Rock the cradle.,,,,,,,,,,,,,,,,,bagawar,,,FALSE
1356,gawar₄,intransitive verb,"to move from side to side, to move and sway rhythmically (as in a dance), to rustle (of leaves), to oscillate (of sound waves), to vibrate",,,,,,,,,,,,,,,,,,,pagawar akang,,,FALSE
1357,gawar₅,verb,to shake something vigorously to achieve something (e.g. to shake a tree to make fruit fall),,,,,,,,,,,,,,,,,,,nagawar,,,FALSE
1358,gawar₆,intransitive verb,"to be shaken, to unexplainedly shudder and shake",,,,,,,,,,,,,,,,,,,,,,FALSE
1359,gawat,,,,,,,,,,,,,,,,,,,,nawang gawat,,,,FALSE
1360,gegerang,intransitive verb,"to suffer hysteria, to shout and express great emotion because of a sudden wound or",,,,,,,,,,,,,,,,,,,,,,FALSE
1361,gele₁,intransitive verb,"to feel ticklish, to feel nauseous and unable to consume any more, e.g. because of drinking or eating",,,,,,,,,,,,,,,,,,,,,,FALSE
1362,gele₂,verb,to tickle someone,,,,,,,,,,,,,,,,,,,gele akang,,,FALSE
1363,gele₃,verb,to tickle someone at someone's request,,,,,,,,,,,,,,,,,,nyawa gele,,,,FALSE
1364,gero,noun,"thatch added to increase the capacity of a boat, a temporary strake",,,,,,,,,,,,,,,,boat,,,,,,FALSE
1365,gerot₁,verb,"to gnaw something (of rats), to chew or gnaw something (e.g. very hard sago bread)",ompu ruma mugerot capatuku po narebus-rebus,A rat gnawed at my shoes,now,,,,,,,,,,,,,,,,bagerot,,,FALSE
1366,gerot₂,intransitive verb,to engage in gnawing,,,,,,,,,,,,,,,,,,,bagerot-gerot,,,FALSE
1367,gerot₃,intransitive verb,to intensively or repeatedly gnaw,ari malang ompu ruma bagerot-gerot de lonteng,Last night the rats were gnawing,,,,,,,,,,,,,,,,,nagerot,,,FALSE
1368,gerot₄,intransitive verb,"to be shredded, torn or damaged by gnawing",,,,,,,,,,,,,,,,,,,nagerot-gerot,,,FALSE
1369,gerot₅,intransitive verb,to be severely damaged by gnawing or tearing (as if by gnawing),,,,,,,,,,,,,,,,,,,,,,FALSE
1370,geti,,,,,,,,,,,,,,,,,,,,pinang geti,,,,FALSE
1371,gigi,noun,tooth,,,,,,,,,,,,,,,,body,,,,"gigi fentol \df buck teeth <tooth> \sf  body, gigi karanga \df stump of a broken off tooth, gigi jat \df diseased or rotten teeth, gigi nogi \df toothless, missing several teeth \sf  health, gigi mangongot \df toothache \sf  health \af  bagigi \ps  vi \df to be toothed or fanged, to have teeth",,FALSE
1372,giginogi,noun,"kind of fish, the beaked leatherjacket",,,,,,,,,,,,,Oxymonacanthus longirostris,,,fish,,,,,,FALSE
1373,gigit₁,verb,to bite something,,,,,,,,,,,,,,,,,,porut magigit,gigiti,,,FALSE
1374,gigit₂,verb,to bite something for someone,,,,,,,,,,,,,,,,,,,gigit akang,,,FALSE
1375,gigit₃,verb,to bite something at someone's request,,,,,,,,,,,,,,,,,,,bagigitang,,,FALSE
1376,gigit₄,intransitive verb,to bite someone,,,,,,,,,,,,,,,,,,,bagibagigitang,,,FALSE
1377,gigit₅,intransitive verb,to bite someone (of several people),,,,,,,,,,,,,,,,,,,,,,FALSE
1378,gila₁,intransitive verb,to be crazy,,,,,,,,,,,,,,,,,,urumbo/,bagila,,,FALSE
1379,gila₂,intransitive verb,"to behave obsessively, e.g. sexual attraction, gambling obsession",bagila longgar,to drink obsessively,,,,,,,,,,,,,,,,,bagila-gila,,,FALSE
1380,gila₃,intransitive verb,"to undertake some impossible or inappropriate task, to behave in a ridiculous manner","cece bagila-gila, paotang",Don't act crazy,it's just too heavy (to lift by someone),,,,,,,,,,,,,,,,,,,FALSE
1381,ginogi,,,,,,,,,,,,,,,,,,,,giginogi,,,,FALSE
1382,giop₁,noun,kind of net used for deep-sea fishing,,,,,,,,,,,,,,,,,,,bagiop,,,FALSE
1383,giop₂,intransitive verb,to fish with such a net,,,,,,,,,,,,,,,,,,op,,,,FALSE
1384,giwang,noun,ear-studs,,,,,,,,,,,,,,,,,,nganting-nganting,,,,FALSE
1385,glas,noun,drinking glass,,,,,,,,,,,,,,,,utensil,,,,,,FALSE
1386,godios,noun,kind of medicinal rhizome similar to ginger,,,,,,,,,,,,,Alpinia malaccensis,,,plant,,,,,,FALSE
1387,gofosonyinga,noun,"kind of plant, possibly the floss-flower",,,,,,,,,,,,,Ageratum conyzoides,,,plant,,,,,,FALSE
1388,gogodo,noun,kind of fritter made with bits of banana in a flour batter,,,,,,,,,,,,,,,,food,,,,,,FALSE
1389,gogolobo,noun,"kind of fish, a halfbeak, similar to the three-by-two garfish",,,,,,,,,,,,,Hemiramphus robustus,,,fish,,,,,,FALSE
1390,gogololo,noun,"bolster, Dutch wife <pillow>",,,,,,,,,,,,,,,,,,,,,,FALSE
1391,goha,noun,cave,,,,,,,,,,,,,,,,geography,,,,,,FALSE
1392,gole,,,,,,,,,,,,,,,,,,,,wowo,,,,FALSE
1393,golumpung₁,ideophone,"sound of an explosion, boom",tala tadanga golumpung,We heard explosions.,,,,,,,,,,,,,,,,,bagolumpung,,,FALSE
1394,golumpung₂,intransitive verb,"to make an exploding sound, to melt and collapse (due to extreme heat)",itu tatagang bagolumpung,That is the coral melting (in the heat of the fire).,,,,,,,,,,,,,,,,,,,,FALSE
1395,golumpíng,noun,cassava flour,,,,,,,,,,,,,,,,food,,,,,,FALSE
1396,gomo,noun,"kind of breadnut, useful for its edible seeds",,,,,,,,,,,,,Artocarpus altilis <breadfruit>,,,plant,,bakar,,,,FALSE
1397,gomutu paha₁,,,,,,,,,,,,,,,,,,,Malay,,,,,FALSE
1398,gomutu paha₂,noun,kind of twine from arenga palm fiber,,,,,,,,,,,,,,,,,,kao/ng,,,,FALSE
1399,goni,noun,"burlap, jute cloth",,,,,,,,,,,,,,,,,,,,,,FALSE
1400,gong,noun,gong,,,,,,,,,,,,,,,,,,,,,,FALSE
1401,gora,,,,,,,,,,,,,,,,,,,,"duriang gora, lao gora",,,,FALSE
1403,goriadi,noun,"kind of tree bearing edible fruit, the Malay apple",,,,,,,,,,,,,Eugenia malaccensis,,,plant,,,,,,FALSE
1404,goring,,,,,,,,,,,,,,,,,,,,pisang goreng,,,,FALSE
1405,goro₁,noun,strips of rubber,,,,,,,,,,,,,,,,,,,,goro gala/ng \df rubber band \df elastic (sewn into clothes),,FALSE
1406,goro₂,,,,,,,,,,,,,,,,,,,,,bagoro,,,FALSE
1407,goro₃,intransitive verb,"to be slimy, to exude a sticky substance (of certain kind of coral)",,,,,,,,,,,,,,,,,,,,,,FALSE
1408,gosale,noun,kind of tree,,,,,,,,,,,,,,,,plant,,,,,,FALSE
1409,gosehe,noun,kind of tree,,,,,,,,,,,,,,,,plant,,,,,,FALSE
1410,goso₁,,,,,,,,,,,,,,,,,,,Malay,,,,,FALSE
1411,goso₂,transitive verb,"to rub, esp. with a tool",,,,,,,,,,,,,,,,,,rondas,,,,FALSE
1412,goyaba,noun,"kind of tree, the guava",,,,,,,,,,,,,Psidium guajava,,,plant,,,,,,FALSE
1413,granát,noun,grenade,,,,,,,,,,,,,,,,,,,,,,FALSE
1414,gudanga,noun,"kind of vegetable dish, featuring dry coconut flakes and boiled vegetables and herbs",,,,,,,,,,,,,,,,,,,,,,FALSE
1415,guer₁,transitive verb,to remove something (one's shirt or trousers) <undress>,,,,,,,,,,,,,,,,,,,gueri,,,FALSE
1416,guer₂,verb,to take off something (someone's article of clothing),,,,,,,,,,,,,,,,,,,guer akang,,,FALSE
1417,guer₃,transitive verb,to take off someone's shirt (etc.) at another's request,,,,,,,,,,,,,,,,,,,baguerang,,,FALSE
1418,guer₄,intransitive verb,to undress someone,,,,,,,,,,,,,,,,,,,baguer-guerang,,,FALSE
1419,guer₅,intransitive verb,to assist someone in undressing (of large numbers),,,,,,,,,,,,,,,,,,sasa guer,,,,FALSE
1420,gugí,,,,,,,,,,,,,,,,,,,,jou,,,,FALSE
1421,gula,noun,sugar,,,,,,,,,,,,,,,,food,,,,gula sela \df palm sugar \sf  food,,FALSE
1422,gule-gule,noun,porridge (of plain rice and water),,,,,,,,,,,,,,,,,,,,gule-gule amporing \df split pea porridge \sf  food,,FALSE
1423,gumi,noun,"earth, world",,,,,,,,,,,,,,,,,,tola gumi,,,,FALSE
1424,guna₁,noun,"use, purpose",itu guna apé kau muasapi buáng itu,What is the purpose of your smoking those,,,,,,,,,,,,,,,,,baguna,,,FALSE
1425,guna₂,intransitive verb,"to make, do or build",Baguna ape:?,What are you doing?,jadi kamí basaláng maksut yogo baguna ruma itu majanga pabua kalero,"So you, if your intention is to build a house, then it's a good idea to construct a banked fire (to produce calcium oxide).",,,,,,,,,,,,,,,paguna:ng,,,FALSE
1426,guna₃,noun,"job, profession",tampa paguna:ng,place of work,,,,,,,,,,,,,,,,,bapaguna:ng,,,FALSE
1427,guna₄,intransitive verb,to work,Aku bapaguna:ng bakaya indaya.,I'm working processing sago pith over there.,,,,,,,,,,,,,,,,,,,,FALSE
1428,guna-guna,noun,"magical spells, esp. those used to obtain sexual advantage, love charms",tala imakang guna-gunana ia,He has been affected (has internalized) by her spells (and,,,,,,,,,,,,,,,Malay,doti,,,,FALSE
1429,gunting₁,noun,scissors,,,,,,,,,,,,,,,,tool,,balang gunting,,,,FALSE
1430,gunting₂,verb,to cut something with scissors,,,,,,,,,,,,,,,,,,,guntingi,,,FALSE
1431,gunting₃,verb,to cut something for someone with a scissors,guntingi buoku hadiki,Please cut my hair,,,,,,,,,,,,,,,,,guntingi akang,,,FALSE
1432,gunting₄,verb,to cut something with a scissors at someone's request,guntingi akang adiku buoka,Cut my little sister's hair.,,,,,,,,,,,,,,,,,bagunting,,,FALSE
1433,gunting₅,intransitive verb,"to have had a haricut, to regularly give haircuts, to barber",,,,,,,,,,,,,,,,,,,,,,FALSE
1434,guntur,noun,thunder,,,,,,,,,,,,,,,,natural phenomenon,,,,"guntu gigina \df kind of dark black stone, associated with thunder \af  baguntur \ps  vi \df to thunder",,FALSE
1435,gurak₁,transitive verb,to awaken someone by calling and touching,,,,,,,,,,,,,,,,,,,guraki,,,FALSE
1436,gurak₂,verb,to awaken someone for s.o,,,,,,,,,,,,,,,,,,,bagurakang,,,FALSE
1437,gurak₃,intransitive verb,to engage in awakening others,,,,,,,,,,,,,,,,,,,bagubagurakang,,,FALSE
1438,gurak₄,intransitive verb,"to awaken someone, esp. of large numbers of people, usually in consecutive order","nampisiang ni kapala puasa, bagubagurakang",Tomorrow is the first day of the fasting,,,,,,,,,,,,,,,,gaguwar,,,,FALSE
1439,guru₁,noun,"teacher, Quranic instructor",,,,,,,,,,,,,,,,,,"engku, ompu guru",baguru,,,FALSE
1440,guru₂,intransitive verb,"to have a teacher, to study with a teacher",ia baguru de aku basilap,He is learning from me [how] to perform martial arts.,,,,,,,,,,,,,,,,,,,,FALSE
1441,gurui,intransitive verb,"fertile, esp. of plants",,,,,,,,,,,,,,,,,,,,,,FALSE
1442,ha:,exclamation,"hey, exclamation used to startle someone",,,,,,,,,,,,,,,,,,,,,,FALSE
1443,ha-,numeral,one,hapanggal,a chunk,,,,,,,,,,,,,,,,sa-,,,,FALSE
1444,habua₁,numeral,one,mena japang pabua surat habua sopang de ini ka bawa,Then the Japanese put together,habua sabayá,How much for one?,,,,,,,,,,,,,,,,,,FALSE
1445,habua₂,pronoun,something,"kutanyai, kau habua puang",I'll ask you something first.,,,,,,,,,,,,,,,,sabua,,,,FALSE
1446,habár₁,noun,"news, information",kudanga habár kamí yogo pabua ruma e,I heard the news that you are planning to,,,,,,,,,,,,,,,,,habár akang,,,FALSE
1447,habár₂,verb,"to spread information, to pass on news",,,,,,,,,,,,,,,,,,,bahabár,,,FALSE
1448,habár₃,intransitive verb,to engage in passing on information,,,,,,,,,,,,,,,,,,,,,,FALSE
1449,hadiki₁,pronoun,"a little, some",itu muli barenti ka mai aku mamakang hadiki,"So it was that after I'd returned, I came",,,,,,,,,,,,,,,,sadiki,,,,FALSE
1450,hadiki₂,particle,"please, a particle to soften a command or query, okay?, if I may",rangkut akang kayu tibasa ka mai hadiki,"Bring over some firewood, would you?",aku yogo kutanyai kau habua hadiki,"I'd like to ask you something, if I may.",,,,,,,,,,,,,,,,"hadiki dang \df a little more \df in a short period of time (but not immediately), soon",,FALSE
1451,haga₁,intransitive verb,to stare vacantly at something,,,,,,,,,,,,,,,,,,iyu haga,bahaga-haga,,,FALSE
1452,haga₂,intransitive verb,"to stare aimlessly for a long time, to be in a daze, to daydream",,,,,,,,,,,,,,,,,,,pahaga-haga,,,FALSE
1453,haga₃,verb,"to make a fool of someone, to trick someone",,,,,,,,,,,,,,,,,,,,,,FALSE
1454,hagaki,,,,,,,,,,,,,,,,,,,,gaki,,,,FALSE
1455,haiku₁,pronoun,"a certain person, a certain party, someone (perhaps known but not specified or",a itu ka sana haiku ini mubei aku doit,"Oh about that, well I went there and a certain",,,,,,,,,,,,an unspecified human referent,,,,,,,,FALSE
1456,haiku₂,particle,some (person),guru haiku,"some teacher, a certain teacher",,,,,,,,,,,,,,,,iku,,,,FALSE
1457,hairáng,intransitive verb,to be surprised,Kuhairáng kau ini iskola ke tala mone,I'm surprised. You're not even in school any,,,,,,,,,,,,,,,,,,,,FALSE
1458,haiwán,noun,"any animate, nonhuman creature, i.e., animal, bird, insect, etc.",,,,,,,,,,,,,,,,,,,,"haiwan painggap \df any flying creature, incl. birds, bats, insects.",,FALSE
1459,hajat,noun,"menses, one's menstrual period",dapa hajat,have one's period,,,,,,,,,,,,,,,,balik,,,,FALSE
1460,haji,noun,one who has made the hajj,,,,,,,,,,,,,,,,spiritual,,"udang haji, hariraya haji",,,,FALSE
1461,hakali,particle,once,,,,,,,,,,,,,,,,,,kali,,,,FALSE
1462,hakau,,,,,,,,,,,,,,,,,,,,kayu,,,,FALSE
1463,hakim,noun,judge,,,,,,,,,,,,,,,,,,,,"hakim sara \df Islamic judge, esp. as one officiating at weddings",,FALSE
1464,hakubit,pronoun,a little,,,,,,,,,,,,,,,,,,kubit,,,,FALSE
1465,hakuntil,pronoun,a little,,,,,,,,,,,,,,,,,,,,,,FALSE
1466,hal,noun,"issue, legal case",halingku,my affairs,,,,,,,,,,,,,,,,,,"halina urang \df someone else's business or affairs, hal jat \df a misdeed, a reprehensible situation \af  bahal jat \ps  vi \df to fornicate, to engage in sexual union outside of marriage",,FALSE
1467,halaga:ng,noun,scraped coconut,,,,,,,,,,,,,,,,,,,,,,FALSE
1468,halam,,,,,,,,,,,,,,,,,,,,alam,,,,FALSE
1470,halang,verb,to obstruct or block someone or something,,,,,,,,,,,,,,,,,,alangang,,,,FALSE
1471,halangang,,,,,,,,,,,,,,,,,,,,alangang,,,,FALSE
1472,halál₁,intransitive verb,allowed by Islamic law,,,,,,,,,,,,,,,,,,,,,,FALSE
1473,halál₂,noun,"clearance, forgiveness from someone we have stolen from",,,,,,,,,,,,,,,,,,"hara/m, makru, umbuk hala/l",,,,FALSE
1474,halál bin halál,noun,an Islamic gathering during which participants can formally forgive each other's,,,,,,,,,,,,,,,,,,,,,,FALSE
1475,hambaka,noun,"regular activity, habitual endeavor",Andeket haiku ini hambakana dugana baumang-umang janda torus.,This kid's,,,,,,,,,,,,,,,,,,,,FALSE
1476,hamís',noun,Thursday,,,,,,,,,,,,,,,,,,,,,,FALSE
1477,hamís,noun,a man's personal name,,,,,,,,,,,,,,,,,,,,,,FALSE
1478,handuk,noun,towel,,,,,,,,,,,,,,,,,,,,,,FALSE
1479,hantang,verb,to strike or attack someone,,,,,,,,,,,,,,,,,,,,hantang tatawa-tatawa \df to break out in uproarious laughter \af  bahantangang \ps  vi \df to engage in a fight,,FALSE
1480,hangi,noun,"coaster, saucer",,,,,,,,,,,,,,,,,,,,,,FALSE
1481,hanya₁,particle,only,kayu kalero hanya tolu macang,For a banked fire (to produce calcium oxide) there are,,,,,,,,,,,,,,,,,hanya-hanya,,,FALSE
1482,hanya₂,particle,"merely, just",,,,,,,,,,,,,,,,,,,,,,FALSE
1483,hapadua,,,,,,,,,,,,,,,,,,,,sapadua,,,,FALSE
1485,hapiaka,pronoun,"the other side, the area across the river",,,,,,,,,,,,,,,,,,piak,,,,FALSE
1486,harap₁,verb,to hope for something,Harap ampung de kami dangang.,We hope for forgiveness for ourselves.,,,,,,,,,,,,,,,,,harap akang,,,FALSE
1487,harap₂,verb,to expect something,,,,,,,,,,,,,,,,,,,baharap,,,FALSE
1488,harap₃,intransitive verb,"to be expectant, to be hopeful, to be reliant",baharap lao mata-mata ni dadi moyo,Relying on fresh fish like this simply does not done,,,,,,,,,,,,,,,,,,,,FALSE
1489,hari,,,,,,,,,,,,,,,,,,,,ari,,,,FALSE
1490,haria₁,,,,,,,,,,,,,,,,,,,Malay,,,,,FALSE
1491,haria₂,verb,"to slacken or loosen something (of boat riggings, fish lines)",,,,,,,,,,,,,,,,,,ora,,,,FALSE
1492,hari-hari,adverb,every day,,,,,,,,,,,,,,,,,,ari,,,,FALSE
1493,hariraya,noun,Islamic holiday marking the end of fasting month,,,,,,,,,,,,,,,,spiritual,,sawa/l,,hariraya haji \df the Islamic holiday marking the pilgrims' sacrifice in Mecca \sf  spiritual \crm  ari,,FALSE
1494,harus,particle,must,,,,,,,,,,,,,,,,,,musi,,"harusa \df fittingly, obligatorily",,FALSE
1495,harám₁,intransitive verb,forbidden by Islamic law,,,,,,,,,,,,,,,,,,,,,,FALSE
1496,harám₂,particle,"(not) a little, (not) the least bit, damned",harám habua ke kubei mo,Not even one damned piece will I give you!,,,,,,,,,,,,an intensifier used to emphasize a negative,colloquial,,,"hala/l, makru, anak hara/m jada",,,,FALSE
1497,hasa,intransitive verb,to sail close to shore,,,,,,,,,,,,,,,,sailing,,,,,,FALSE
1498,hasiat,noun,"function or characteristic use, esp. of herbs and medicines",,,,,,,,,,,,,,,,,,,,,,FALSE
1499,hasida,noun,kind of steamed cake with several spices,,,,,,,,,,,,,,,,,,,,,,FALSE
1500,hasil₁,noun,"product, yield",sakayu itu hasila sabayá,The yield of one tree is about how much?,,,,,,,,,,,,,,,,,hasil akang,,,FALSE
1501,hasil₂,verb,to produce or yield something,tahasil akang apé yang musi taparlí,Let us produce something which we necessarily require.,,,,,,,,,,,,,,,,,,,,FALSE
1502,hatanga,pronoun,half,,,,,,,,,,,,,,,,,,"mamananga, tanga malang, sapadua",,,,FALSE
1503,hatíp₁,noun,"mosque functionary who reads the sermon,",,,,,,,,,,,,,,,,,,,hunya,,,FALSE
1504,hatíp₂,verb,to groom someone,,,,,,,,,,,,,,,,,,,hunyai,,,FALSE
1505,hatíp₃,verb,"to groom someone, to assist someone in applying make-up",,,,,,,,,,,,,,,,,,,bahunya,,,FALSE
1506,hatíp₄,intransitive verb,"to primp, to apply make-up to someone, to groom someone",,,,,,,,,,,,,,,,,,,,,,FALSE
1507,huríf₁,noun,"letter (of the alphabet), graph or written symbol",,,,,,,,,,,,,,,,,,,bahuríf,,,FALSE
1508,huríf₂,intransitive verb,to be characterized by or covered with certain letters,bahuríf arap,with Arabic letters,,,,,,,,,,,,,,,,,,,,FALSE
1509,husus,intransitive verb,"special, exclusive",,,,,,,,,,,,,,,,,,,,,,FALSE
1510,hutba,noun,sermon (in a mosque),,,,,,,,,,,,,,,,spiritual,,,,,,FALSE
1511,i-,affix,,lao di kas itu tala ipadumiki,Someone finished off the fish in the food cupboard.,,,,,,,,,,,,a verbal marker which indicates that the action was performed by an unknown or unspecified third person or persons,,,,,,,,FALSE
1512,i:,particle,"Is that so?, Correct?",tukaya rodak ini ke bahala/ng tabatak barisi i:,"The price will go down anyway if we bring in plenty, right?",ardani mutanya aku i: sarumanta haiku de mana ni,"Ardani asked me, right, where that friend of ours was.",,,,,,,,,,question marker,,,,,,,,FALSE
1513,ia,pronoun,"he, she, it, him, her, it",ia musi barusik ga maumang ongkosa,He will have to get moving too to seek (payment for) its expenses.,daulu musi tanang ia,We first have to plant it.,,,,,,,,,,third person singular,,,,"na, a",,,,FALSE
1514,iaitu,conjunction,namely that is,,,,,,,,,,,,,,,,,,,,,,FALSE
1515,ianta,locative,"above, in the direction of the cape, left when facing the sea in Amasing",imbawa jadi ianta babalik,The bottom (part) became the upper (part). It was inverted.,,,,,,,,,,,,,,,,,,ianta de ata \df from the direction of the cape \crm  in \crm  ata,,FALSE
1516,ias₁,,,,,,,,,,,,,,,,,,,,,ias akang,,,FALSE
1517,ias₂,transitive verb,to bend something over,Ia muias akang saya sigodo natempik.,He bent the flower until it broke.,,,,,,,,,,,,,,,,,naias,,,FALSE
1518,ias₃,intransitive verb,"to be bent over, usually of plants",,,,,,,,,,,,,,,,,,,,,,FALSE
1519,iba,noun,"kind of bamboo, tribe Bambuseae",,,,,,,,,,,,,,,,plant,,,,iba nasijaha \df kind of bamboo \crm  aur \sf plant,,FALSE
1520,ibi,noun,coconut cream mixed with sugar or salt,,,,,,,,,,,,,,,,,,,,"ibi duriang \df a concoction of coconut cream with pieces of durian fruit, ibi gula \df a beverage of coconut cream and sugar \sf food \crm  seri",,FALSE
1521,ibili/s,noun,"the devil, satan",,,,,,,,,,,,,,,,,,,,,,FALSE
1522,idap₁,intransitive verb,"to feel, to have a sensation or emotion",Kuidap mantak.,I feel sick.,Dangang muidap natarik nang ompu,"I feel interested in you, sir",,,,,,,,,,,,,,,idapi,,,FALSE
1523,idap₂,verb,"to taste something, to get a taste of something, to experience something",Aku yogo kuidapi baha-baha.,I'd like to taste coconut sago bread.,Tala kuidapi tidu de bui.,I have experienced sleeping in a jail.,,,,,,,,,,,,,,kinyami,baidap,,,FALSE
1524,idap₃,intransitive verb,"to experience premonitions, to have a sense of what will happen",,,,,,,,,,,,,,,,,,,pangidapang,,,FALSE
1525,idap₄,noun,"the place of sensation, a particularly sensitive part of the body, for example the fingertips",,,,,,,,,,,,,,,,,,,bapaidapang,,,FALSE
1526,idap₅,intransitive verb,"to have certain premonitions, to be clairvoyant",,,,,,,,,,,,,,,,,,,,,,FALSE
1527,idung,noun,nose,,,,,,,,,,,,,,,,body,,,,"idung batanga \df nasal ridge, idung pokona \df the base of the nostrils, idung posuka \df nostril \sf body",,FALSE
1528,ijo₁,intransitive verb,green,,,,,,,,,,,,,,,,,,,paijoi,,,FALSE
1529,ijo₂,verb,"to make something green, to increase the greenness of something",,,,,,,,,,,,,,,,color,,,,,,FALSE
1530,ijuk,noun,fiber of the arenga palm,,,,,,,,,,,,,,,,,,ono,,,,FALSE
1531,ikat,verb,to tie something,,,,,,,,,,,,,,,,,,,,"ikat bulu-bulu sodut \df to tie a slip-knot, ikat mati \df to tie a fast, difficult knot, ikat poko \df to affix a hex sign to some fruit tree \af ikati \ps v \df to tie something for someone \il ikati aku duriang dua biji itu hadiki  Please tie two durian up for me \af ikat akang \ps v \df to tie something at someone's request \af baikat \ps vi \df to be engaged in tying, to tie as a task \af baikatang \ps vi \df to tie someone up \af paikatang \ps n \df fastening, esp. the rattan lashing attaching the struts to the outrigger pontoon \il paikatanga ia marosong  His fastening is quite strong",,FALSE
1532,-iku,pronoun,my,sandaliku,my sandals,,,,,,,,,,,,first person singular genitive marker,,,,"-ku, -ngku",,,,FALSE
1533,iku,numeral classifier,head (of cattle),sapi tolu iku,three head of cattle,,,,,,,,,,,,"numerical classifier for animals and, casually, humans",,,,,,"haiku \df a, an \il  orang song haiku  an elder \il ular haiku a snake \crm  haiku \crm  ikur",,FALSE
1534,ikur₁,noun,tail,,,,,,,,,,,,,,,,,,,baikur,,,FALSE
1535,ikur₂,intransitive verb,to possess a tail,,,,,,,,,,,,,,,,,,iku,,,,FALSE
1536,ilau,locative,"seaside, the direction of the sea",kamu: ka lau pabua ape/ ilau itu,All of you went towards the seaside. What did you do there?,,,,,,,,,,,,,,,,,,ilau de lau \df from the seaside direction \crm  lau,,FALSE
1537,ilik,noun,"kind of coral-reef fish with a painful sting in its fin spines, the gold-spotted spinefoot",,,,,,,,,,,,,Siganus chrysospilos,,,fish,,,,,,FALSE
1538,ima/m,noun,"Islamic prayer-leader, imam",,,,,,,,,,,,,,,,,,ompu,,,,FALSE
1539,imba:,locative,"beneath, below, in the direction opposite of the cape, right when facing the sea in Amasing",balangma:ng ompu basisip bausi imba:,After a while the rats get in from below.,,,,,,,,,,,,,,,,,,imba: de ba: \df from the direction opposite of the cape \crm  bawa,,FALSE
1540,imbai,exclamation,Lo!  Here it is!,Imbai tabakone,Here's a cigarette.,lao satanga nyjong imbai,"Half a boat full of fish, there it was (for all to see)!",,,,,,,,,,,,,,,,imbai m: \df here he is,,FALSE
1541,imbawa,,,,,,,,,,,,,,,,,,,,"imba:, in",,,,FALSE
1542,impus,noun,infusion,,,,,,,,,,,,,,,,,,,,,,FALSE
1543,in,locative,at,,,,,,,,,,,,,,,,,,"de, ianta, indalang, inycana, imbawa",,,,FALSE
1544,-ina,pronoun,"his, her, its",sandalina,her sandals,bukina,his book,,,,,,,,,,third person singular genitive marker,,,,"-a, ia, -na",,,,FALSE
1545,ina₁,numeral classifier,,kayu da:ng ina tolu,three branches,mbong ina dua,two flowers,,,,,,,,,,"a numerical classifier, esp. of plants",,,,,,,,FALSE
1546,ina₂,noun,mother,inana,his mother,,,,,,,,,,,,,,kinship,,jari-jari inana,,,,FALSE
1547,inda:,locative,"landside, the direction away from the sea",po kuingat lapetak inda:,Then I remembered the swidden there (inland),,,,,,,,,,,,,,,,,,inda: de da: \df from the direction of the interior \crm  da: \crm  daya,,FALSE
1548,indalang,locative,inside,,,,,,,,,,,,,,,,,,in,,,,FALSE
1549,indaya,,,,,,,,,,,,,,,,,,,,inda:,,,,FALSE
1550,ini₁,pronoun,this,kami musi pabua ini,We have to do this.,,,,,,,,,,,,,,,,,,,,FALSE
1551,ini₂,particle,this,de abdu/l ini anang kayu ka,In this Abdul's [land] are there six trees?,anang ari ini kita  manabang,For these six days [I mentioned] we were chopping down trees.,,,,,,,,,,a deictic marking something nearby or previously mentioned,,,,,,"ini ini \df precisely this, this very, ini ni \df precisely this \il maumang de udang ini ni seeking [money] in this very month, de ini \df here \crm  ni",,FALSE
1552,insala,,,,,,,,,,,,,,,,,,,,insallah,,,,FALSE
1553,insallah,exclamation,God-willing,,,,,,,,,,,,,,,,,,,,,,FALSE
1554,-inta,pronoun,our,maksutinta,our intention,paguna:nginta,our jobs,,,,,,,,,,first person plural inclusive genitive marker,,,,"kita, -nta",,,,FALSE
1555,ingang,intransitive verb,"light, lightweight",,,,,,,,,,,,,,,,,,paingani,,,,FALSE
1556,ingar₁,noun,"disturbance, uproar",,,,,,,,,,,,,,,,,,,ingar akang,,,FALSE
1557,ingar₂,verb,"to make noise, to make a disturbance",,,,,,,,,,,,,,,,,,,baingar,,,FALSE
1558,ingar₃,intransitive verb,to be noisy,cece kamu/ baingar,Don't you make a lot of noise!,,,,,,,,,,,,,,,,,paingari,,,FALSE
1559,ingar₄,verb,"to make a ruckus about something, to raise the alarm about something, to make an issue of something",tala babadiang ga ka bawa mo cece paingari,"Just go discreetly there, right, don't make a fuss about it.",,,,,,,,,,,,,,,,,,,,FALSE
1560,ingat₁,verb,to remember,,,,,,,,,,,,,,,,,,,ingati,,,FALSE
1561,ingat₂,verb,to remind someone,Kuingati kau aku kulonggar te mamis moyone,I remind you that I don't drink sweet tea.,,,,,,,,,,,,,,,,,ingat akang,,,FALSE
1562,ingat₃,verb,"to bear something in mind, to remember something",Aku kuingat akang ia.,I remember him.,,,,,,,,,,,,,,,,,ingat-ingat,,,FALSE
1563,ingat₄,verb,"to continually recall, to remember frequently iltaingat-ingat paguna:nginta de masigit dalama We always remember our work inside the mosque.",,,,,,,,,,,,,,,,,,,inga-ingat,,,FALSE
1564,ingat₅,verb,to always keep something in mind,cece kamu/ inga-ingat ce' puasa tala rapat ni,Don't you keep thinking: Hey! Fasting month is already close.,,,,,,,,,,,,,,,,,inga-ingati,,,FALSE
1565,ingat₆,verb,to repeatedly remind someone,manusia tua-tua tala muinga-ingati kita,Our elders reminded us again and again.,,,,,,,,,,,,,,,,,baingat,,,FALSE
1566,ingat₇,intransitive verb,"to bear in mind, to keep remembering",Sapi baingat medena torus ke ia barangkat.,Safi keeps thinking of his girlfriend although she's already gone.,,,,,,,,,,,,,,,,,ingatang,,,FALSE
1567,ingat₈,noun,"memory, thoughts, worries",Ingatangku de kau.,My thoughts are of you.,ingatangmu/ tala mo tala,Your worries are really over.,,,,,,,,,,,,,,,,,,FALSE
1568,ingat₉,exclamation,Remember!,,,,,,,,,,,,,,,,,,,,,,FALSE
1569,inggap₁,,,,,,,,,,,,,,,,,,,,,painggap,,,FALSE
1570,inggap₂,intransitive verb,to fly,,,,,,,,,,,,,,,,,,,painggapi,,,FALSE
1571,inggap₃,verb,to cause or allow something to fly,painggapi burung tu ga aming balama:ng mati,It's high time to let that bird fly away,otherwise it will eventually die.,,,,,,,,,,,,,,,,painggap akang,,,FALSE
1572,inggap₄,verb,to cause or allow something to fly at someone's request,,,,,,,,,,,,,,,,,,,painggap-inggap,,,FALSE
1573,inggap₅,intransitive verb,to fly in large numbers,,,,,,,,,,,,,,,,,,lao inggap,,,,FALSE
1574,ingka,,,,,,,,,,,,,,,,,,,,ka,,,,FALSE
1576,ingur₁,noun,"nasal mucus,",,,,,,,,,,,,,,,,,,,baingur,,,FALSE
1577,ingur₂,intransitive verb,to have a runny nose,,,,,,,,,,,,,,,,health,,,,,,FALSE
1578,inycana,locative,there,inycana de masigit sia/-sia/ ga,Who all is there at the mosque?,,,,,,,,,,,,,,,,"in, sana",,,,FALSE
1579,inyjang₁,,,,,,,,,,,,,,,,,,,,,inyjangi,,,FALSE
1580,inyjang₂,verb,to drip (medicine) into something (one's eye),,,,,,,,,,,,,,,,,,,bainyjang,,,FALSE
1581,inyjang₃,intransitive verb,to treat one's eye with medicinal drops,,,,,,,,,,,,,,,,,,,painyjang,,,FALSE
1582,inyjang₄,noun,eye-drops,,,,,,,,,,,,,,,,,,,,,,FALSE
1583,ipa,noun,"sister-in-law, brother-in-law",ipana,his sister-in-law,ipaku,my brother-in-law,,,,,,,,,,,,kinship,,,,,,FALSE
1584,ipar₁,,,,,,,,,,,,,,,,,,,,,baipar,,,FALSE
1585,ipar₂,intransitive verb,"to have as a brother-in-law or sister-in-law, to be in-laws with someone, to be someone's brother-in-law or sister-in-law",aku baipar wahit,I have Wahit for a brother-in-law.,,,,,,,,,,,,,,,,ipa,,,,FALSE
1586,ipaya,noun,his or her sister-in-law or brother-in-law,ipaya,his sister-in-law,ipaya ia,his sister-in-law,,,,,,,,,,,,,,ipa,,,,FALSE
1587,ipil,noun,"kind of tree, the ironwood",,,,,,,,,,,,,Eusideroxylon zwageri,,,plant,,kayu besi,,,,FALSE
1588,irang,intransitive verb,very black (of one's skin),,,,,,,,,,,,,,,,,,nggoa,,,,FALSE
1589,irup₁,verb,"to suck up, to sip up, to draw in gasps",Ia yogo ma irup te.,He wants to sip tea.,,,,,,,,,,,,,,,,,bairup,,,FALSE
1590,irup₂,intransitive verb,to smoke tobacco,,,,,,,,,,,,,,,,,,,,,,FALSE
1591,irus,noun,coconut shell ladle,,,,,,,,,,,,,,,,utensil,,,,,,FALSE
1592,isa-isa,noun,"kind of bamboo drying rack, kind of fence",,,,,,,,,,,,,,,archaic,,,,,,,FALSE
1593,isap₁,verb,to suck something,,,,,,,,,,,,,,,,,,,isapi,,,FALSE
1594,isap₂,verb,to cause someone to suck,kuisapi andeket itu nang dopina,I helped the child suck on her pacifier.,,,,,,,,,,,,,,,,,isap akang,,,FALSE
1595,isap₃,verb,to cause someone to suck on something,isap akang dop tu ka sana,Get (him) to suck on that pacifier over there.,,,,,,,,,,,,,,,,,baisap,,,FALSE
1596,isap₄,intransitive verb,to be engaged in sucking,,,,,,,,,,,,,,,,,,,baisap-isapang,,,FALSE
1597,isap₅,intransitive verb,to assist someone in sucking,,,,,,,,,,,,,,,,,,,isa-isap,,,FALSE
1598,isap₆,verb,to suck something repeatedly,isa-isap susu,frequently suck (nipples of) the breast,,,,,,,,,,,,,,,,,,,,FALSE
1599,isi₁,noun,"contents, aril (of durian)",,,,,,,,,,,,,,,,,,ontok,baisi,,,FALSE
1600,isi₂,intransitive verb,"to have contents, to be characterized by certain contents",,,,,,,,,,,,,,,,,,,,,,FALSE
1601,iskaf,,,,,,,,,,,,,,,,,,,,skaf,,,,FALSE
1603,iskop₁,noun,shovel,,,,,,,,,,,,,,,,tool,,,,,,FALSE
1604,iskop₂,verb,to shovel something,,,,,,,,,,,,,,,,,,,,,,FALSE
1605,isla/m,noun,the Muslim religion,manusia isla/m,a Muslim,,,,,,,,,,,,,,,,,,,,FALSE
1606,isne/ng,,,,,,,,,,,,,,,,,,,,sane/n,,,,FALSE
1607,ispera,noun,"bamboo cannon treated with kerosene to make a booming noise, kind of cannon",,,,,,,,,,,,,,,,,,,,,,FALSE
1608,isprei,noun,"sheet, coverlet, bedspread",,,,,,,,,,,,,,,,,,,,,,FALSE
1609,istageng,noun,kind of sash worn by women around the waist,,,,,,,,,,,,,,,,clothing,,,,,,FALSE
1610,istenga,noun,half,,,,,,,,,,,,,,,,,,"sapadua, satenga",,,,FALSE
1611,isterek₁,exclamation,"great! good, terrific",,,,,,,,,,,,,,,,,,,,,,FALSE
1612,isterek₂,intransitive verb,"good, attractive",,,,,,,,,,,,,,,,,,,,,,FALSE
1613,isterek₃,adverb,"extremely, very",nang masak itu ia mamis isterek,"Ripened that way, they are really sweet.",,,,,,,,,,,,,slang,,,,,,,FALSE
1614,istia/r₁,verb,"to make preparations, to be prepared (for a fight, etc.), to ascertain something (as a preliminary step)",istia/r cece mo haiwa/n duduk indalang batodu,Make sure no animal is inside taking shelter.,,,,,,,,,,,,,,,,,,,,FALSE
1615,istia/r₂,noun,"preparations, efforts",jadi itu memang istia/rmu memang kana,"Thus, it is certain, your efforts were right on target.",,,,,,,,,,,,,,,,,,,,FALSE
1616,istila,noun,"term, code-word",,,,,,,,,,,,,,,,,,ande-ande,,,,FALSE
1617,isti/r,noun,handle-bars of a bicycle,,,,,,,,,,,,,,,,,,,,,,FALSE
1618,istre/p₁,noun,stripe,,,,,,,,,,,,,,,,,,,baistre/p,,,FALSE
1619,istre/p₂,intransitive verb,striped,,,,,,,,,,,,,,,,,,,,,,FALSE
1620,istro/p,noun,"syrup, colored sugar solution",,,,,,,,,,,,,,,,,,,,,,FALSE
1621,itu₁,pronoun,"that, it",po iminyjang mo e itu,"Besides that, they didn't even borrow that.",itu biasanya ambulung soang,That is usually the soang sago palm.,japang munyama:kang itu,The Japanese named it.,,,,,,,,,,,,,,,,FALSE
1622,itu₂,particle,"that, the",basala/ng kau sampe de sawang itu,If you arrive at that beach,muuasapi bua/ngimu itu,You smoke those langsat fruits of yours.,,,,,,,,,,a deictic marking something not very distant or something previously mentioned,,,,,,"itu itu \df precisely that, that very \il duriang itu itu those very durians, itu tu \df precisely that, that very \il waktu itu tu de mana pasi Right at that very moment where were they? \il lao itu tu that very fish, de itu \df there, yonder \crm  tu",,FALSE
1623,iyu,noun,"kind of fish, shark, order Lamniformes",,,,,,,,,,,,,,,,sea creature,,,,"iyu baikur \df kind of shark with a remarkably long caudal fin, the zebra shark, \sn Stegostoma fasciatum \sf sea creature, iyu bintang \df kind of spotted shark \sf sea creature, iyu buta \df kind of small shark found on reef flats, the epaulette shark or blind shark, \sn Hemiscyllium ocellatum \sf sea creature, iyu campak \df kind of large shark with a head shaped like a canoe paddle, the hammerhead shark, \sn Sphyrna lewini \sf sea creature, iyu cuti \df kind of shark, the black-tip shark, \sn Clarcharhinus spallanzani \sf sea creature, iyu haga \df kind of small, pointed-nosed shark, the little blue shark, \sn Scoliodon palasorrah \sf sea creature, iyu paser \df kind of large and ferocious shark, the white shark, \sn Carcharodon carcharias \sf sea creature, iyu tanggiri \df kind of large shark with coloring similar to the Spanish mackerel, the tiger shark, \sn Galeocerdo cuvieri \sf sea creature \df various kind of of other fish, similar to or associated with sharks, iyu gargaji \df kind of fish, the sawfish, \sn Pristis zijsron \sf sea creature, iyu tumana \df kind of fish, the suckerfish, \sn Remora remora \sf fish \crm  lao",,FALSE
1624,jada,,,,,,,,,,,,,,,,,,,,anak hara/m jada,,,,FALSE
1625,jadi₁,conjunction,"hence, therefore, so",jadi kamí batak lao mo,"So, you did not pull in any fish.",,,,,,,,,,,,,,,,,,,,FALSE
1626,jadi₂,intransitive verb,"to become, to be complete, to become realized, to eventualize, to work out",tala mujadi galip tu,It has become commonplace.,kira-kira didi: akang itu pauli saari itu torus pauli jadi,I suppose it's possible to build it,bahaláng jadi aku pauli kutuka,"If it works out, I can buy it.",,,,,,,,,,,,"dadi, manyjadi",,,,FALSE
1627,jaga₁,verb,to guard or tend something,jaga duriang,guard durian trees in fruiting season,,,,,,,,,,,,,,,,"jaga buri, jaga saturu/:, panyjaga, panyjaga:ng",jagai,,,FALSE
1628,jaga₂,verb,"to watch out for someone, to be on the alert for something",,,,,,,,,,,,,,,,,,,,,,FALSE
1629,jaga₃,particle,"frequently, usually, often",kamí jagai jual itu habua sabayá  tu,How much do you usually sell one of them for?,,,,,,,,,,,,,,,,,bajagai,,,FALSE
1630,jaga₄,intransitive verb,"to be waiting and watching over something specified, to tend some crop",kami dua nang jafar bajagai duriang sodo badibo-dibo,"The two of us, me and Jaffar,",,,,,,,,,,,,,,,,,bajajaga:ng,,,FALSE
1631,jaga₅,verb,to be on watch for someone,,,,,,,,,,,,,,,,,,,,,,FALSE
1632,jaga buri,noun,"kind of insect, a planthopper",,,,,,,,,,,,,Pulastya discolorata,,,insect,,,,,,FALSE
1633,jaga saturu:,noun,"kind of shrub, candlestick cassia",,,,,,,,,,,,,Cassia alata,,,plant,,"kupang kupang, saturu:",,,,FALSE
1634,jago,intransitive verb,"strong (of physical prowess), well-rounded, capable of many tasks",,,,,,,,,,,,,,,,,,,,,,FALSE
1635,jait₁,verb,to sew something,,,,,,,,,,,,,,,,,,,jaiti,,,FALSE
1636,jait₂,verb,to sew something for someone,,,,,,,,,,,,,,,,,,,jait akang,,,FALSE
1637,jait₃,verb,to sew something on someone's behalf,Jait akang otap sabinti.,Sew a piece of thatch for me.,,,,,,,,,,,,,,,,,bajait,,,FALSE
1638,jait₄,intransitive verb,to be engaged in sewing,,,,,,,,,,,,,,,,,,,pajait akang,,,FALSE
1639,jait₅,verb,to join two things by sewing,,,,,,,,,,,,,,,,,,,,,,FALSE
1640,jajabei₁,verb,"to strike, to eat",,,,,,,,,,,,,,,coarse,,,,,,,FALSE
1641,jajabei₂,intransitive verb,"to undertake something hurriedly, to do something fast",Jajabei balumpat ka mai.,Run over there quickly.,,,,,,,,,,,,,,,,,,,,FALSE
1642,jajahan,noun,"colonial possession, colony",,,,,,,,,,,,,,,,,Indonesian,,,,,FALSE
1643,jajál,intransitive verb,"nasty, prone to bully others",,,,,,,,,,,,,,,,,,,,,,FALSE
1644,jaji,intransitive verb,to live,,,,,,,,,,,,,,,archaic,,,jadi,,,,FALSE
1645,jakát,noun,obligatory contributions made by Muslims on certain days,,,,,,,,,,,,,,,,,,,,"jakat mal \df a contribution in a will, a benefice, jakat pitara/ \df the annual tithe \df gift, souvenir \sc  Colloquial \il alima tala mudapa jakatina ia Halimah has received her presents.",,FALSE
1646,jalang₁,noun,"road, path, way, methods",jalang-jalang pabua ruma,the way to build a house,,,,,,,,,,,,,,,,,jalang-jalang,,,FALSE
1647,jalang₂,intransitive verb,"restless, seldom at home, prone to go out of the home and roam, wild",,,,,,,,,,,,,,,,,,,,,,FALSE
1648,jaling₁,noun,twine or lashing intertwined in something,,,,,,,,,,,,,,,,,,,,,,FALSE
1649,jaling₂,verb,to intertwine something,Ia mujaling ngguming capatuna ia.,He intertwined his shoe lacing.,,,,,,,,,,,,,,,,,jalingi,,,FALSE
1650,jaling₃,verb,"to twine something for someone, to lace or braid something for someone",mujalingi aku goro galáng,She braided some rubber bands for me,,,,,,,,,,,,,,,,,jaling akang,,,FALSE
1651,jaling₄,verb,to intertwine something at someone's request,,,,,,,,,,,,,,,,,,,bajaling,,,FALSE
1652,jaling₅,intransitive verb,to be engaged in some lacing or braiding task,,,,,,,,,,,,,,,,,,,bajabajalingang,,,FALSE
1653,jaling₆,intransitive verb,to do braiding or lacing for someone (e.g. of two women who braid someone's hair),,,,,,,,,,,,,,,,,,,pajaling akang,,,FALSE
1654,jaling₇,verb,to braid or intertwine something in a very complex or intense way,,,,,,,,,,,,,,,,,,,,,,FALSE
1655,jam₁,noun,"clock, watch, hour, o'clock,",jamingku tala lengit,My watch has disappeared,tagala sapa jam,How many hours (long) is it?,jam sabayá,What time is it?,,,,,,,,,,,,palu,bajam-jam,,,FALSE
1656,jam₂,intransitive verb,to last for hours,itu tama sigodo bajam-jam,That was a case of entering (air raid shelters) for hours and,,,,,,,,,,,,,,,,,,,,FALSE
1657,jama,noun,"tomorrow, only in certain collocations",,,,,,,,,,,,,,,,,,,,"jama kalamari \df tomorrow night, jama lusa \df tomorrow or the next day \df some unspecified future time <later>",,FALSE
1658,jaman,noun,era,,,,,,,,,,,,,,,,,,,,,,FALSE
1659,jamán,noun,facial features <face>,,,,,,,,,,,,,,,,,,,,"jama/n jat \df ugly, jama/n majang \df pretty",,FALSE
1660,jambata,noun,outhouse built on posts over a riverbank,,,,,,,,,,,,,,,,,,,,,,FALSE
1661,jame-jame,,,,,,,,,,,,,,,,,,,,kasbi/ jame-jame,,,,FALSE
1662,janda,noun,"divorcee, widow",,,,,,,,,,,,,,,,society,,balo,,,,FALSE
1663,janela,noun,window,,,,,,,,,,,,,,,,house,,,,,,FALSE
1664,janto,,,,,,,,,,,,,,,,,,,,jantung,,,,FALSE
1665,jantung,noun,heart,jantumu,your heart,,,,,,,,,,,,,,body,,ati pusu,,,,FALSE
1666,jangkar,noun,"a small dry branch extending from the trunk of a tree, in some cases a waterspout",,,,,,,,,,,,,,,,,,pajangkar,,,,FALSE
1667,jao,,,,,,,,,,,,,,,,,,,,jau,,,,FALSE
1668,japang,noun,"Japan, Japanese",,,,,,,,,,,,,,,,,,,,,,FALSE
1669,jape-jape,,,,,,,,,,,,,,,,,,,,bajape-jape,,,,FALSE
1670,jarak,noun,distance,,,,,,,,,,,,,,,,,,,,,,FALSE
1671,jari-jari,noun,"finger, toe",,,,,,,,,,,,,,,,body,,,,"jari-jari cinycing \df ring finger \sf  body, jari-jari inana \df thumb \sf  body, jari-jari kalingking \df little finger \sf  body, jari-jari mamananga \df middle finger \sf  body, jari-jari manis \df ring finger \sf  body, jari-jari sahadat \df index finger \sf  body, jari-jari tenga \df middle finger \sf  body",,FALSE
1672,jarung₁,noun,needle,jarung masín,a needle for a sewing machine,,,,,,,,,,,,,,,,,,,,FALSE
1673,jarung₂,,,,,,,,,,,,,,,,,,,,,bajarung,,,FALSE
1674,jarung₃,verb,"to sprout, esp. of grains, i.e. to reach a stage of growth in which a blade has formed",,,,,,,,,,,,,,,,,,tumbu,,,,FALSE
1675,jat₁,intransitive verb,"rotten (of fruits or teeth), to be in disrepair or inappropriate, wicked, bad",ia rodak jat,It falls already rotten.,gigi jat,rotten teeth and infected gums,napodas jat,to crumble in the wrong way,maksut jat,wicked intention,,,,,,,,,,hal jat,pajat akang,,,FALSE
1676,jat₂,verb,to calumniate or slander someone,,,,,,,,,,,,,,,,,,,,,,FALSE
1677,jau,intransitive verb,far,jau barikang itu,Is it far where you went fishing?,,,,,,,,,,,,,,,,,,jauna \df distance \il  jauna sapa mil The distance is how,,FALSE
1678,jeni-jeni,noun,water blister,,,,,,,,,,,,,,,,health,,,,,,FALSE
1679,jengkut,noun,"chin, beard of the chin, goatee",,,,,,,,,,,,,,,,body,,barba,,,,FALSE
1680,jerit,noun,"a grave with supernatural associations, a burial place treated as a shrine",,,,,,,,,,,,,,,,,,kubur,,,,FALSE
1681,jilat₁,verb,to lick,,,,,,,,,,,,,,,,,,panyjanyjilat,jilati,,,FALSE
1682,jilat₂,verb,to lick something for someone (e.g. to test the flavor),,,,,,,,,,,,,,,,,,,jilati akang,,,FALSE
1683,jilat₃,verb,to lick something at someone's request,,,,,,,,,,,,,,,,,,,bajilat,,,FALSE
1684,jilat₄,intransitive verb,to engage in licking for some time,,,,,,,,,,,,,,,,,,,bajibajilatang,,,FALSE
1685,jilat₅,intransitive verb,to lick something belonging to someone (e.g. children licking someone's ice cream cones),,,,,,,,,,,,,,,,,,,,,,FALSE
1686,jin,noun,"kind of invisible spirit, often associated with rivers",,,,,,,,,,,,,,,,,,,,jin balumbar \df rainbow \crm  balumbar \crm kimbat,,FALSE
1687,jinak₁,intransitive verb,to be very soundly asleep,,,,,,,,,,,,,,,,,,,jinak akang,,,FALSE
1688,jinak₂,verb,to put someone soundly asleep,,,,,,,,,,,,,,,,,,,bajinakang,,,FALSE
1689,jinak₃,intransitive verb,to be soundly asleep (of several persons),,,,,,,,,,,,,,,,,,,pajinaki,,,FALSE
1690,jinak₄,verb,to put someone soundly asleep with various methods,,,,,,,,,,,,,,,,,,,,,,FALSE
1691,jingkal₁,noun,handspan,sajingkal istenga,one and a half handspans,,,,,,,,,,,,,,,,,bajingkal,,,FALSE
1692,jingkal₂,intransitive verb,to measure by handspan,,,,,,,,,,,,,,,,,,,,,,FALSE
1693,jo,exclamation,yes,,,,,,,,,,,,,,,respectful,,,"lem, ole",,,,FALSE
1694,johar,noun,kind of tree,,,,,,,,,,,,,,,,plant,,,,,,FALSE
1695,jojaga,noun,"hut, simple shed in a field",jojagangku bolung dumik,My garden shed isn't finished yet.,,,,,,,,,,,,,,,,,,,,FALSE
1696,jojobo₁,noun,"cooking, cuisine, a (cooked) food, a dish",jojobomu ni nyamang,Your cooking is tasty,jojobo itu kurang gasi,This dish has too little salt.,,,,,,,,,,,,culinary,,,bajojobo,,,FALSE
1697,jojobo₂,intransitive verb,to cook,,,,,,,,,,,,,,,,culinary,,masak,,,,FALSE
1698,jomput₁,,,,,,,,,,,,,,,,,,,,,jomputi,,,FALSE
1699,jomput₂,verb,to pick something up with the fingertips and extend it to someone  <pick up> <offer>,,,,,,,,,,,,,,,,,,,jomput akang,,,FALSE
1700,jomput₃,verb,to pick something up with the fingertips for someone <pick up>,,,,,,,,,,,,,,,,,,,sajomput,,,FALSE
1701,jomput₄,noun,"a bit, the quantity held by the fingertips",,,,,,,,,,,,,,,,,,,,,,FALSE
1702,jomur₁,verb,to dry something in the sun,jomur ia barang sapulu ari,Dry it for about ten days.,,,,,,,,,,,,,,,,,jomuri,,,FALSE
1703,jomur₂,verb,"to dry something (specified), to dry something for someone",,,,,,,,,,,,,,,,,,,jomur akang,,,FALSE
1704,jomur₃,verb,to dry something at someone's request,,,,,,,,,,,,,,,,,,,bajomur,,,FALSE
1705,jomur₄,intransitive verb,to be engaged in drying clothes,,,,,,,,,,,,,,,,,,,panyjomurang,,,FALSE
1706,jomur₅,noun,"place for drying clothes, clothes line",,,,,,,,,,,,,,,,,,,,,,FALSE
1707,jopu-jopu,noun,"water sprayer made of a bamboo tube with a plunger, used to moisten dry and dusty",,,,,,,,,,,,,,,,,,,,,,FALSE
1708,joro,,,,,,,,,,,,,,,,,,,,limo,,,,FALSE
1710,jou,noun,"ruler in north Maluku, usually the sultan of Bacan unless otherwise specified",jou tarnate tala iba:,They'd already taken the sultan of Ternate away (to Australia).,,,,,,,,,,,,,,society,,,,"jou gugu \df sultan's representative, jou wakila \df sultan's representative \sf  society",,FALSE
1711,ju,conjunction,"therefore, thus",Aku ngolu ju tidu.,I'm tired so I'm going to sleep.,,,,,,,,,,,,,,,,,,,,FALSE
1712,jual₁,verb,to sell something,baku jual,sago bread made for sale,,,,,,,,,,,,,,,,,juali,,,FALSE
1713,jual₂,verb,"to sell someone something, to sell something",Pasi mujuali aku lapetak.,They sold me a garden,,,,,,,,,,,,,,,,,jual akang,,,FALSE
1714,jual₃,verb,to sell something at someone's request,,,,,,,,,,,,,,,,,,,bajual,,,FALSE
1715,jual₄,intransitive verb,"to sell (for a living), to trade in some commodity",kita parcuma máop bajual lao mata-mata ni,It is useless for us to go fishing and sell fresh fish.,,,,,,,,,,,,,,,,,panyjualang,,,FALSE
1716,jual₅,noun,"something already purchased, purchases",,,,,,,,,,,,,,,,,,,jualang,,,FALSE
1717,jual₆,noun,"merchandise, one's trade items or wares",,,,,,,,,,,,,,,,,,,,,,FALSE
1718,juar,,,,,,,,,,,,,,,,,,,,pajajuar,,,,FALSE
1719,juba,noun,kind of long flowing robe favored by men who made the hajj and formerly worn by,,,,,,,,,,,,,,,,,,,,,,FALSE
1720,jubi,,,,,,,,,,,,,,,,,,,,katang,,,,FALSE
1721,judi₁,noun,gambling,,,,,,,,,,,,,,,,,,,bajudi,,,FALSE
1722,judi₂,intransitive verb,"to gamble, to wager",,,,,,,,,,,,,,,,,,,,,,FALSE
1723,juga,conjunction,also,supaya ia juga ma eti,so he too can know...,,,,,,,,,,,,,,,,,,,,FALSE
1724,julhija,noun,the twelfth month of the Islamic calendar,,,,,,,,,,,,,,,,,,udang haji,,,,FALSE
1725,juling,,,,,,,,,,,,,,,,,,,,mata juling,,,,FALSE
1726,julkaida,noun,the eleventh month of the Islamic calendar,,,,,,,,,,,,,,,,,,,,,,FALSE
1727,juluk₁,verb,to knock down (of fruit),ia mujuluk limo,He's knocking down limes,,,,,,,,,,,,,,,,,juluki,,,FALSE
1728,juluk₂,verb,to knock something down for someone,,,,,,,,,,,,,,,,,,,juluk akang,,,FALSE
1729,juluk₃,verb,to knock something down at someone's request,,,,,,,,,,,,,,,,,,,bajuluk,,,FALSE
1730,juluk₄,intransitive verb,to engage in collecting fruit by knocking it down,,,,,,,,,,,,,,,,,,,jajuluk,,,FALSE
1731,juluk₅,noun,kind of pole for knocking down fruit,,,,,,,,,,,,,,,,tool,,,,,,FALSE
1732,jumaat₁,noun,"Islamic congregation, the sufficient number of Muslim men needed to conduct Friday",,,,,,,,,,,,,,,,,,jemaah,,,,FALSE
1733,jumaat₂,,,,,,,,,,,,,,,,,,,,juma:t,,,,FALSE
1734,jumadil ahir,noun,the sixth month of the Islamic calendar,,,,,,,,,,,,,,,,,,,,,,FALSE
1735,jumadil awal,noun,the fifth month of the Islamic calendar,,,,,,,,,,,,,,,,,,,,,,FALSE
1736,juma:t,noun,Friday,,,,,,,,,,,,,,,,,,,,,,FALSE
1737,jumutufa,noun,"kind of water plant, the water hyacinth",,,,,,,,,,,,,Eichhornia crassipes,,,plant,,,,,,FALSE
1738,juragang,noun,"steersman, skipper of a boat, a term of address and reference",juragang suding,steersman Suding,,,,,,,,,,,,,,sailing,,,,,,FALSE
1739,jurame₁,,,,,,,,,,,,,,,,,,,Malay,,,,,FALSE
1740,jurame₂,noun,"the overgrown site of a former garden, scrub, overgrowth, secondary forest",,,,,,,,,,,,,,,,,,monde,,,,FALSE
1741,juru,noun,"someone skilled, specialist",,,,,,,,,,,,,,,,,,,,"juru basa \df language interpreter, juru tulis \df scribe, writer \crm hati/p juru tulis",,FALSE
1742,juta,numeral,million,,,,,,,,,,,,,,,,,,,,,,FALSE
1743,ka-,affix,,kadua,second,,,,,,,,,,,,cardinal number marker,,,,,,,,FALSE
1744,ka ba:₁,particle,definitively,Makang ka ba:.,Eat it all up.,De ini ka ba: mone,"Here, it's not at all like that.",torus tarabi itu tarabi ka ba:,"Then we burn it, we burn it thoroughly",,,,,,,,,,,,"ba:, bawa",,,,FALSE
1745,ka ba:₂,particle,"the next downward or, in a series, the following",caya ka ba:,the next day,,,,,,,,,,,,,,,,,,,,FALSE
1746,ka bawa,,,,,,,,,,,,,,,,,,,,"ka ba:, imba:",,,,FALSE
1747,ka mai₁,locative,"hither, towards the speaker",tama ka mai,Come on inside (Enter hither).,ba: ka mai api hadiki,Please bring a light over here to me.,,,,,,,,,,,,,,,,,,FALSE
1748,ka mai₂,particle,"approaching, imminent, impending",puasa ka mai,approaching month of Ramadan,,,,,,,,,,,,,,,,,,,,FALSE
1749,kabal₁,intransitive verb,invulnerable,,,,,,,,,,,,,,,,,,,pakabali,,,FALSE
1750,kabal₂,verb,to give someone invulnerability,tala kuumbuk de sousou inycana po ipakabali aku,I asked the shaman there to provide,,,,,,,,,,,,,,,,,,,,FALSE
1751,kabar,,,,,,,,,,,,,,,,,,,,haba/r,,,,FALSE
1753,kabe,verb,"to seek someone's weakness in a martial arts contest, to probe someone for weakness",,,,,,,,,,,,,,,,,,,,,,FALSE
1754,kaberkatan,noun,"divine grace, God's blessing",,,,,,,,,,,,,,,,,,baraka/t,,,,FALSE
1755,kabi-kabi,noun,kind of plant,,,,,,,,,,,,,,,,plant,,,,,,FALSE
1756,kabila,noun,"kind of fish found in coral reef lagoons, the blue-spotted box-fish",,,,,,,,,,,,,Ostracion tuberculatus,,,fish,,,,,,FALSE
1757,kabiri₁,intransitive verb,castrated (of animals),,,,,,,,,,,,,,,,,,kambing kabiri,,,,FALSE
1758,kabiri₂,verb,to castrate something,Abdíl tala mukabiri kambinga,Abdul castrated his goat,,,,,,,,,,,,,,,,,kabiri akang,,,FALSE
1759,kabiri₃,verb,to castrate something at someone's request,,,,,,,,,,,,,,,,,,,bakabiri,,,FALSE
1760,kabiri₄,intransitive verb,to geld as a task,,,,,,,,,,,,,,,,,,,,,,FALSE
1761,kabulurang,intransitive verb,to be feverish due to insufficient food,,,,,,,,,,,,,,,,health,,,,,,FALSE
1762,kabutulang,noun,coincidence,,,,,,,,,,,,,,,,,,,,,,FALSE
1763,kaca,noun,"glass, esp. window panes",,,,,,,,,,,,,,,,,,,,,,FALSE
1764,kacak,intransitive verb,"industrious, hard-working",,,,,,,,,,,,,,,,,,,,,,FALSE
1765,kacamatan,noun,"district, a modern Indonesian governmental unit",,,,,,,,,,,,,,,,,,,,,,FALSE
1766,kacang,noun,legume,,,,,,,,,,,,,,,,plant,,,,"kacang panyjang \df kind of legume, cowpea, yard-long bean, \sn Vigna unguiculata \sf  plant, kacang sabil \df kind of legume, lima bean, \sn Phaseolus lunatus \sf  plant, kacang babulu \df kind of legume, \sn Mucuna pruriens \sf  plant \crm  amporing \crm  biraro \crm  kadale",,FALSE
1767,kacíl,,"vi, small",,,,,,,,,,,,,,,,,Malay,dikit,,,,FALSE
1768,kacili,noun,"prince, a title for a son of the sultan",,,,,,,,,,,,,,,,,,boki,,,,FALSE
1769,kacumbung,noun,kind of medicinal plant,,,,,,,,,,,,,Datura metel,,,plant,,,,,,FALSE
1770,kadatong,noun,"palace, esp. the residence of the Sultan of Bacan",,,,,,,,,,,,,,,,,,datuk,,,,FALSE
1771,kado:,noun,kind of marsupial,,,,,,,,,,,,,,,,animal,,,,"kado: painggap \df kind of arboreal animal, perhaps a marsupial, gray with a black stripe on the face; it is a favored ingredient in bottles of palm alcohol \df perhaps a kind of flying squirrel of flying opossums \sf  animal, kado: rumana \df an epiphytic growth in trees <epiphyte>, esp. bird's nest ferns, \sn Asplenium nidus \sf  plant",,FALSE
1772,kaendar₁,,,,,,,,,,,,,,,,,,,,,kaendar akang,,,FALSE
1773,kaendar₂,verb,"to greet someone with great enthusiasm, to demonstrate one's happiness on someone (e.g. gleefully hug or laugh)",ikaendar akang pa wahit,He was so happy he hugged and joked with Mr. Wahid.,,,,,,,,,,,,,,,,,bakaendar akang,,,FALSE
1774,kaendar₃,intransitive verb,"to greet someone after a long separation, to have a reunion with someone",,,,,,,,,,,,,,,,,,,kakaendarang,,,FALSE
1775,kaendar₄,noun,"mirthfulness, extreme happiness",,,,,,,,,,,,,,,,,,,bakakaendarang,,,FALSE
1776,kaendar₅,intransitive verb,to be in a state of extreme happiness for some time,,,,,,,,,,,,,,,,,,endar,,,,FALSE
1777,kaendong,noun,"kind of terrestial snail, class Gastropoda",,,,,,,,,,,,,,,,,,,,,,FALSE
1778,kafefut,,,,,,,,,,,,,,,,,,,,bakafefut,,,,FALSE
1779,kailupa,noun,"kind of tree, the silk cotton or kapok tree",,,,,,,,,,,,,Ceiba pentandra,,,plant,,,,,,FALSE
1780,kaing pintu,noun,drapery for the doorway,,,,,,,,,,,,,,,,,,,,,,FALSE
1781,kairi,locative,left (side),,,,,,,,,,,,,,,,,,,,,,FALSE
1782,kais₁,verb,to sweep something,,,,,,,,,,,,,,,,,,,kaisi,,,FALSE
1783,kais₂,verb,to sweep something for someone,,,,,,,,,,,,,,,,,,,kais akang,,,FALSE
1784,kais₃,verb,to sweep something at someone's request,,,,,,,,,,,,,,,,,,,bakais,,,FALSE
1785,kais₄,intransitive verb,to be engaged in sweeping,,,,,,,,,,,,,,,,,,,kakais,,,FALSE
1786,kais₅,noun,broom,,,,,,,,,,,,,,,,utensil,,,,,,FALSE
1787,kajanga,exclamation,Pity!  It's too bad.,kajanga kau mantak pesa mo kubobar kau.,"It's too bad you're sick, otherwise I'd beat",kajanga poruku bayasa jat,More's the pity that I'm having stomach troubles.,,,,,,,,,,,,,,,,,,FALSE
1788,kaka,noun,"elder sibling, as term of address and reference and in sobriquets",ka wahit,Brother Wahit,,,,,,,,,,,,,,kinship,,"danycanak, ka",,,,FALSE
1789,kakalapa,noun,kind of tree,,,,,,,,,,,,,Xylocarpus moluccensis,,,plant,,,,,,FALSE
1790,kakalentik,noun,"kind of fish, sea trout, probably the footballer trout",,,,,,,,,,,,,Plectropoma maculatum,,,fish,,,,,,FALSE
1791,kakanabe,noun,"kind of fish, a moray or eel, the black-blotched reef-eel",,,,,,,,,,,,,Gymnothorax favagineus,,,fish,,,,,,FALSE
1792,kakapis,noun,"kind of mollusc, the golden lip oyster",,,,,,,,,,,,,Pinctada maxima,,,,,,,,,FALSE
1793,kakapurung,noun,"jellyfish, class Scyphozoa",,,,,,,,,,,,,,,,sea creature,,kapurung,,,,FALSE
1794,kakar₁,,,,,,,,,,,,,,,,,,,,,kakar akang,,,FALSE
1795,kakar₂,verb,to cause something to swell up (by absorbing water),,,,,,,,,,,,,,,,,,,bakakar,,,FALSE
1796,kakar₃,intransitive verb,"to engage in soaking, esp. sago bread to make cakes",,,,,,,,,,,,,,,,,,,nakakar,,,FALSE
1797,kakar₄,intransitive verb,swollen (from absorbing water),Torus baku nakakar.,Then the sago bread swelled up.,,,,,,,,,,,,,,,,,,,,FALSE
1798,kakarai₁,noun,magic used to bring rain,,,,,,,,,,,,,,,,,,,bakakarai,,,FALSE
1799,kakarai₂,intransitive verb,to practice rain-making,,,,,,,,,,,,,,,,,,,,,,FALSE
1800,kakarongang₁,noun,kind of melancholic song,,,,,,,,,,,,,,,,,,,bakakarongang,,,FALSE
1801,kakarongang₂,intransitive verb,to sing such songs,,,,,,,,,,,,,,,,,,togal,,,,FALSE
1802,kakat₁,intransitive verb,"thick (of sauces, etc.), viscous",,,,,,,,,,,,,,,,,,,pakakati,,,FALSE
1803,kakat₂,verb,to thicken something,,,,,,,,,,,,,,,,,,,,,,FALSE
1804,kakatua,noun,various kind of parrots and cockatoos,,,,,,,,,,,,,Psittacidae,,,bird,,lao kakatua,,"kakatua ijo \df kind of blue and green parrot, fam. Psittacidae \sf  bird \crm  ubo, kakatua puti \df the sulphur-crested cockatoo, \sn Cacatua galerita \sf  bird \crm  laka-laka, kakatua sela \df kind of red parrot, fam. Psittacidae \sf  bird \crm  kaleha",,FALSE
1805,kakedu₁,noun,"dent, depression",,,,,,,,,,,,,,,,,,,bakakedu,,,FALSE
1806,kakedu₂,intransitive verb,"dented, bent, warped",,,,,,,,,,,,,,,,,,,,,,FALSE
1807,kakepit₁,noun,"utensil for squeezing, tongs, pincers, etc., claws (of a crab)",,,,,,,,,,,,,,,,utensil,,kepit,,,,FALSE
1808,kakepit₂,noun,"kind of insect, earwig, order Dermaptera",,,,,,,,,,,,,Forficula,,,insect,,kepit,,,,FALSE
1809,kakoa,noun,"kind of plant similar to pandanus, kind of utensil made of kakoa used to transfer sago flour to the sago molds",,,,,,,,,,,,,,,,plant,,,,,,FALSE
1810,kakumis,,,,,,,,,,,,,,,,,,,,aur,,,,FALSE
1811,kalabasa,noun,"kind of tree, the calabash, container made of calabash fruit, utensil",,,,,,,,,,,,,,,,plant,,boano/,,,,FALSE
1812,kaladede,noun,kind of fungus growing in overlapping clusters on logs and dead branches,,,,,,,,,,,,,Panellus stipticus,,,,,kulat,,,,FALSE
1813,kaladi,noun,"kind of edible aroid, taro",,,,,,,,,,,,,Colocasia esculenta,,,plant,,,,kaladi kayuang \df various \af  kalóp akang \ps  vt \df to dent something \af  nakalóp \ps  vi \df dented,,FALSE
1814,kalóp₁,,,,,,,,,,,,,,,,,,,,,kalóp akang,,,FALSE
1815,kalóp₂,verb,to dent something,,,,,,,,,,,,,,,,,,,nakalóp,,,FALSE
1816,kalóp₃,intransitive verb,dented,,,,,,,,,,,,,,,,,,,,,,FALSE
1817,kalopak,noun,footholds notched into a (coconut) trunk,,,,,,,,,,,,,,,,,,,,,,FALSE
1818,kaluang₁,,,,,,,,,,,,,,,,,,,,,kaluangi,,,FALSE
1819,kaluang₂,verb,to fight someone,Kau mukaluangi ia.,You fought him.,,,,,,,,,,,,,,,,,bakaluang,,,FALSE
1820,kaluang₃,intransitive verb,to engage in fighting,,,,,,,,,,,,,,,,,,,,,,FALSE
1821,kaluarga,noun,"relatives, extended family",,,,,,,,,,,,,,,,kinship,,,,,,FALSE
1822,kamala ndingang,noun,kind of shrub,,,,,,,,,,,,,Sesbania,,,plant,,,,,,FALSE
1823,kamala nyjinga,,,,,,,,,,,,,,,,,,,,kamala nydinga,,,,FALSE
1824,kamalenga,noun,"kind of plant, yielding a large fruit used for a vegetable",,,,,,,,,,,,,,,,plant,,,,,,FALSE
1825,kamanakang,noun,"nephew, niece",,,,,,,,,,,,,,,,kinship,,anak,,,,FALSE
1826,kambang capatu,noun,kind of flowering shrub,,,,,,,,,,,,,Hibiscus,,,plant,,,,,,FALSE
1827,kambar₁,,,,,,,,,,,,,,,,,,,,,bakambar,,,FALSE
1828,kambar₂,intransitive verb,"to belong to a set of twins, to be twins",pasi dua sanak itu bakambar,Those two sisters are twins,,,,,,,,,,,,,,,,,pakambari,,,FALSE
1829,kambar₃,verb,to join together two things of similar size or shape,durian dua biji itu sama ra: kau mupakambari hadiki,Those two durians are the same size,you should tie them together.,,,,,,,,,,,,,,,,pakambar akang,,,FALSE
1830,kambar₄,verb,to join two like things at someone's request,,,,,,,,,,,,,,,,,,,,,,FALSE
1831,kambeti,noun,"rope fastened to both ankles to facilitate climbing areca palms, telephone poles, etc.",,,,,,,,,,,,,,,,,,,,,,FALSE
1832,kambing,noun,goat,,,,,,,,,,,,,Capra,,,,,,,"kambing banggala \df kind of large goat, kambing pote \df kind of goat with a pleasing bleat, kambing nilon \df a goat suffering from a kind of fatal disease, kambing kabiri \df a castrated goat",,FALSE
1833,kambor₁,transitive verb,"to grasp something with the talons (of a hawk, etc.), to claw something or someone",,,,,,,,,,,,,,,,,,,kakambor,,,FALSE
1834,kambor₂,noun,talon,,,,,,,,,,,,,,,,,,,,,,FALSE
1835,kami,pronoun,"we, us",,,,,,,,,,,,,,"first person plural, exclusive",,,,"mami, kami dangang",,,,FALSE
1836,kami dangang,pronoun,"first person plural, exclusive, we, us",,,,,,,,,,,,,,,respectful,,,,,,,FALSE
1837,kamplang₁,noun,sago flour mixed with fish and made into crispy chips,,,,,,,,,,,,,,,,sago,,karupuk,,,,FALSE
1837,kamplang₂,noun,sago flour mixed with fish and made into crispy chips,,,,,,,,,,,,,,,,food,,karupuk,,,,FALSE
1838,kampong,noun,"village, hamlet",kamponta,our village,,,,,,,,,,,,,,,,lipu,,,,FALSE
1839,kampung,,,,,,,,,,,,,,,,,,,,kampong,,,,FALSE
1840,kamí,pronoun,"you, you all",,,,,,,,,,,,,,second person plural,,,,mu,,,,FALSE
1841,kamudi₁,noun,rudder,,,,,,,,,,,,,,,,boat,,,bakamudi,,,FALSE
1842,kamudi₂,intransitive verb,"to act as the helmsman, to steer the boat",,,,,,,,,,,,,,,,,,,,,,FALSE
1843,kamudiang₁,adverb,"last, latest",Kau kapo kamudiang.,You arrived last.,,,,,,,,,,,,,,,,,,,,FALSE
1844,kamudiang₂,,,,,,,,,,,,,,,,,,,Malay,,,,,FALSE
1845,kamudiang₃,conjunction,then,,,,,,,,,,,,,,,,,Malay,bubuena,,,,FALSE
1846,kamu-kamu₁,,,,,,,,,,,,,,,,,,,Malay,,,,,FALSE
1847,kamu-kamu₂,noun,"fog, mist",,,,,,,,,,,,,,,,natural phenomenon,Malay,maya/s,,,,FALSE
1848,kan,,,,,,,,,,,,,,,,,,,,kang,,,,FALSE
1849,kana₁,intransitive verb,"correct, appropriate, precise",istiarmu memang kana,Your efforts are absolutely appropriate.,,,,,,,,,,,,,,,,,kana-kana,,,FALSE
1850,kana₂,adverb,"truly, really",,,,,,,,,,,,,,,,,,,kanai,,,FALSE
1851,kana₃,verb,"to come up against, to be affected by something, to be on target",ingkanai seduna...,whoever has been affected by this joke...,bangkurungku kanai padas po babiji,My back got too much sun then broke out in a,,,,,,,,,,,,,,,,,,FALSE
1852,kaná,pronoun,why,kaná po pasi mubotaing pupuk itu,Why then did they apply the fertilizer?,,,,,,,,,,,,,,,,,,,,FALSE
1853,kanál,,,,,,,,,,,,,,,,,,,,takana/l,,,,FALSE
1854,kanang,locative,right (side),,,,,,,,,,,,,,,,,,,,,,FALSE
1855,kananga,noun,"kind of tree, the ylang-ylang",,,,,,,,,,,,,Cananga odorata,,,plant,,,,,,FALSE
1856,kanapsá,noun,"kind of box or container, esp. for the areca nut implements",,,,,,,,,,,,,,,,,,,,,,FALSE
1857,kandang,noun,shed for livestock,bawi kandanga,pig sty,,,,,,,,,,,,,,,,,,,,FALSE
1858,kandi-kandi,noun,"a length of twine, etc. permanently cinched around the waist, into which trousers or",,,,,,,,,,,,,,,,clothing,,,,,,FALSE
1859,kani:,particle,"surely, certainly","basaláng ala de tanggal, kani: ahát tu","If it's based on the calendar date, surely it's",itu ia tagal biar tagal ke kani: rusak moyo,"As for that, if it's a long time, let it be a long",,,,,,,,,,,,,,,,,,FALSE
1860,kania,particle,perhaps,,,,,,,,,,,,,,,,,,,,,,FALSE
1861,kaniker,noun,marbles,,,,,,,,,,,,,,,,,,,,,,FALSE
1862,kanini,particle,"shortly, soon, in a moment",,,,,,,,,,,,,,,,,,,,,,FALSE
1863,kano-kano,noun,kind of grass,,,,,,,,,,,,,Ischaemum,,,plant,,,,,,FALSE
1864,kanóp,noun,"button, switch, knob (of a machine)",,,,,,,,,,,,,,,,,,,,,,FALSE
1865,kantal,,,,,,,,,,,,,,,,,,,,seri kantalina,,,,FALSE
1866,kantáng,noun,potato,,,,,,,,,,,,,Solanum tuberosum,,,plant,,,,,,FALSE
1867,kantór,noun,office,,,,,,,,,,,,,,,,,,,,kanto/r pos \df post office,,FALSE
1868,kang,particle,Isn't it so?  Right?,,,,,,,,,,,,,,question marker,,,,,,,,FALSE
1869,kangelang,intransitive verb,"tired, exhausted",tajagai tanamanta itu kangelang,"If we guard our crops, we'll be tired.",,,,,,,,,,,,,,,,,,,,FALSE
1870,kangkong,noun,"kind of vegetable, a flowering convulvus, swamp cabbage or ong choy",,,,,,,,,,,,,Ipomoea,,,plant,,,,kangkong kurus \df a narrow-leaved variety of swamp cabbage \sf  plant,,FALSE
1871,ka₁,preposition,"to, towards",ka lau,seaward,,,,,,,,,,,,,,,,,,"ka ba: \df to Ternate, ka lau \df to Ambon \df approaching \il  ka kalamari  getting on towards afternoon \df in order to, with respect to",,FALSE
1872,kanyang,intransitive verb,satiated,,,,,,,,,,,,,,,,,,,,,,FALSE
1873,kanycáng,intransitive verb,very fast,,,,,,,,,,,,,,,,,,,,,,FALSE
1874,kanycing₁,noun,"button, fitting (e.g. of two beams, etc.)",,,,,,,,,,,,,,,,,,ruma kanycing,,,,FALSE
1875,kanycing₂,verb,"to button something, to close up a fitting, to lash together",,,,,,,,,,,,,,,,,,,kanycingi,,,FALSE
1876,kanycing₃,verb,to button or interfit something for someone,ia mukanycingi puda pondona barang ia kumatar sigodo talawár mo bangung,He,,,,,,,,,,,,,,,,,kanycing akang,,,FALSE
1877,kanycing₄,verb,to button up or fit together something at someone's request,,,,,,,,,,,,,,,,,,,bakanycing,,,FALSE
1878,kanycing₅,intransitive verb,to engage in buttoning or fitting things,,,,,,,,,,,,,,,,,,,pakanycing akang,,,FALSE
1879,kanycing₆,verb,"to conclude the task of interfitting something, esp. house frames",,,,,,,,,,,,,,,,,,,nakanycing,,,FALSE
1880,kanycing₇,intransitive verb,"to be stuck or jammed, to sink into an epileptic fit, to fall into a trance",,,,,,,,,,,,,,,,health,,,,,,FALSE
1881,kanyjar,verb,to hold something fast,,,,,,,,,,,,,,,casual,,,,,,,FALSE
1882,kanyji₁,noun,starch (for ironing),,,,,,,,,,,,,,,,,,,bakanyji,,,FALSE
1883,kanyji₂,intransitive verb,to make or apply starch,,,,,,,,,,,,,,,,,,,,,,FALSE
1884,ka₂,particle,Is that so?,de abdul ini anang kayu ka,"At Abdul's there are six trees, right?",itu tala pauli tajual ka bolung,Can we already sell them or not?,lao itu de batu ka de pase,Is that fish (found) in the rocks or on the sandy bottom?,,,,,,,,"question marker, disjunctive marker",,,,,,...ka...ka \df either...or \il  mumakang pasi ka mumakang kau ka Either it devours them or it devours you.,,FALSE
1885,ka₃,noun,term of address for an elder sibling or someone older than the speaker,ka wahit,Brother Wahid,,,,,,,,,,,,,,kinship,,kaka,,,,FALSE
1886,kapa-kapas,noun,"kind of fish, a grunt or grunter, the small-spotted javelin-fish",,,,,,,,,,,,,Pomadasys opercularis,,,fish,,,,"kapa-kapas paser \df kind of fish, a mojarra, the silverbelly or silver biddy, \sn Gerres ovatus \sf  fish",,FALSE
1887,kapal,noun,ship,,,,,,,,,,,,,,,,boat,,,,kapal udara \ps  n \df airplane,,FALSE
1888,kapala,noun,head,,,,,,,,,,,,,,,,body,,,,"kapala batu \df stubborn \df the principle part or feature, kapala puasa \df the first day of Ramadan",,FALSE
1889,kapala kampong,noun,village head <headman>,,,,,,,,,,,,,,,,society,,,,,,FALSE
1890,kapala madang,noun,"kind of fish, the dolphin-fish, or mahimahi",,,,,,,,,,,,,Coryphaena hippurus,,,fish,,,,,,FALSE
1891,kapala togor,noun,"kind of fish, the banded trumpeter",,,,,,,,,,,,,Eutherapon theraps,,,fish,,,,,,FALSE
1892,kapáng puji,intransitive verb,"to revel in adulation, to enjoy sycophancy",,,,,,,,,,,,,,,,,,,,,,FALSE
1893,kaparu,,,,,,,,,,,,,,,,,,,,"kasbi/ kaparu, paru",,,,FALSE
1894,kapayang,noun,"kind of tree bearing edible fruit, the papaya",,,,,,,,,,,,,Carica papaya,,,plant,,,,"kapayang bulat \df kind of papaya bearing round fruit \sf  plant, kapayang digol \df kind of papaya bearing long fruit \sf  plant",,FALSE
1895,kapé,particle,"or what, huh, then what",tala majang kapé,"That's ok, right?",,,,,,,,,,,,sentence final question marker to invite further discourse or agreement,,,,,,,,FALSE
1896,kapilár,noun,kind of ant,,,,,,,,,,,,,Pheidologiton,,,insect,,somut,,,,FALSE
1897,kapita laut,noun,naval commander,,,,,,,,,,,,,,,archaic,,,,,,,FALSE
1898,kapo,intransitive verb,"to arrive, to come",Kapo de mana?,Where have you come from?,,,,,,,,,,,,,,,,"kapot, kapota",,,,FALSE
1899,kapot₁,,,,,,,,,,,,,,,,,,,,,kapoti,,,FALSE
1900,kapot₂,verb,"to arrive at some place, to reach some object",kukapoti mo,I did not reach it,,,,,,,,,,,,,archaic,,,,kapot akang,,,FALSE
1901,kapot₃,verb,"to bring, to cause to arrive",Ia mukapot akang apaku ka mai.,He brought my things here.,,,,,,,,,,,,,,,,,kapotangi,,,FALSE
1902,kapot₄,verb,"to visit or go to someone or something, to arrive at (a place) for some purpose",Kukapotangi ia sapatang itu.,I went to him that night.,,,,,,,,,,,,,,,,,bakapotang,,,FALSE
1903,kapot₅,intransitive verb,"to meet, to come across someone",,,,,,,,,,,,,,,,,,,,,,FALSE
1904,kapota₁,particle,"next, in a series of measured temporal units",udang kapota,next month,,,,,,,,,,,,,,,,,,,,FALSE
1905,kapota₂,noun,"arriving, arrival (only in certain phrases)",de mana kapota,Where have you just come from? (From where is the arriving?),,,,,,,,,,,,,,,,,,,,FALSE
1906,kapur,noun,whitewash,,,,,,,,,,,,,,,,,,,,,,FALSE
1907,kapurung₁,noun,sago porridge,,,,,,,,,,,,,,,,sago,,kakapurung,,,,FALSE
1907,kapurung₂,noun,sago porridge,,,,,,,,,,,,,,,,food,,kakapurung,,,,FALSE
1908,kar,noun,playing cards,,,,,,,,,,,,,,,,game,,,,,,FALSE
1909,karabés,noun,"sideburns, whiskers",,,,,,,,,,,,,,,,body,,,,,,FALSE
1910,karambau,noun,kind of tree bearing edible fruit with prickly leaves,,,,,,,,,,,,,Dillenia indica,,,plant,,,,,,FALSE
1911,karambung₁,,,,,,,,,,,,,,,,,,,,,bakarambung,,,FALSE
1912,karambung₂,intransitive verb,"to rant, to struggle to get free",,,,,,,,,,,,,,,,,,,,,,FALSE
1913,karang₁,noun,"reef, coral,",,,,,,,,,,,,,,,,geography,,rep,,"karang bido \df kind of coral, the Staghorn coral, \sn Acropora, karang bido alusa \df kind of coral, the Fire coral, \sn Millepora, karang pinggang \df kind of coral, the Carnation coral, \sn Pectinia lactuca",,FALSE
1914,karang₂,verb,to compose something,guru haiku nyamana pusung ia mukarang lagu habua,There was a teacher named,,,,,,,,,,,,,,,,,,,,FALSE
1915,karanyjang,noun,kind of basket of plaited rattan,,,,,,,,,,,,,,,,utensil,,,,,,FALSE
1916,kararangga,noun,kind of aggressive red ant,,,,,,,,,,,,,Formicidae,,,insect,,somut,,,,FALSE
1917,karena,,,,,,,,,,,,,,,,,,,,karna,,,,FALSE
1918,karet,noun,"the rubber tree, para rubber",,,,,,,,,,,,,Hevea brasiliensis,,,,,kasbi/ karet,,,,FALSE
1919,karna,conjunction,because,,,,,,,,,,,,,,,,,,saba/p,,,,FALSE
1920,karoka₁,noun,"fallen, dry coconut fronds, torch of coconut fronds",,,,,,,,,,,,,,,,,,,,,,FALSE
1921,karoka₂,noun,"house, a term used in court language to refer to one's (lowly) house",,,,,,,,,,,,,,,,,,,,,,FALSE
1922,karombo₁,noun,a rough container of sago leaf sheath used to carry sago pith,,,,,,,,,,,,,,,,utensil,,,,,,FALSE
1922,karombo₂,noun,a rough container of sago leaf sheath used to carry sago pith,,,,,,,,,,,,,,,,sago,,,,,,FALSE
1923,karopot,noun,"octopus, {Octopus",,,,,,,,,,,,,,,,sea creature,,,,,,FALSE
1924,kartás,noun,paper,,,,,,,,,,,,,,,,,,,,,,FALSE
1925,karuaya,noun,"kind of tree, the banyan",,,,,,,,,,,,,Ficus,,,plant,,,,"karuaya manyulur \df kind of tree, thesacred fig \sn Ficus religiosa \crm  manyulur \sf  plant",,FALSE
1926,karukus₁,pronoun,"she, her",,,,,,,,,,,,,,respectful third person singular term of reference for older women,,,,,,,,FALSE
1927,karukus₂,noun,"female elder, older woman, female adult",,,,,,,,,,,,,,,,,,langker,,,,FALSE
1928,karumping,noun,dried saliva at the corner of one's mouth upon awaking,,,,,,,,,,,,,,,,,,,,,,FALSE
1929,karung,noun,gunnysack,tapis karung,a filter made of gunny or burlap,,,,,,,,,,,,,,,,,,,,FALSE
1930,karupuk,noun,fish or shrimp chips,,,,,,,,,,,,,,,,food,,kamplang,,,,FALSE
1931,karut₁,transitive verb,"to embroider, to stitch (by hand), to join two pieces of cloth together",,,,,,,,,,,,,,,,,,,karuti,,,FALSE
1932,karut₂,verb,to stitch something for someone,karuti pondoku hadiki barang tala natatas,Please stitch up my shirt,it's torn,,,,,,,,,,,,,,,,karut akang,,,FALSE
1933,karut₃,verb,to stitch something at someone's request,,,,,,,,,,,,,,,,,,,bakarut,,,FALSE
1934,karut₄,intransitive verb,to do the stitching and mending,,,,,,,,,,,,,,,,,,,kakarut,,,FALSE
1935,karut₅,noun,"a stitch, esp. a medical one",,,,,,,,,,,,,,,,,,,,,,FALSE
1936,karuwaya,,,,,,,,,,,,,,,,,,,,karuaya,,,,FALSE
1937,kas,noun,"cupboard, armoire",,,,,,,,,,,,,,,,,,,,"kas baku \df an elevated, covered box in which to keep sago bread and dried fish \crm  lamari",,FALSE
1938,kasal,intransitive verb,"good, appropriate, fitting, pretty",,,,,,,,,,,,,,,,,,majang,,,,FALSE
1939,kasampatang,noun,opportunity,,,,,,,,,,,,,,,,,,,,,,FALSE
1940,kasawari,noun,"kind of bird, the cassowary",,,,,,,,,,,,,Casuarius,,,bird,,kasuari,,,,FALSE
1941,kasbí,noun,cassava,,,,,,,,,,,,,Manihot esculenta,,,,,,,,,FALSE
1942,kati,noun,a measure of weight,,,,,,,,,,,,,,,archaic,,,,,,,FALSE
1943,katiak,noun,armpit,,,,,,,,,,,,,,,,body,,,,,,FALSE
1944,katidurang,,,,,,,,,,,,,,,,,,,,tidur,,,,FALSE
1947,katót,noun,"dog flea, order Siphonaptera",,,,,,,,,,,,,,,,insect,,,,,,FALSE
1948,kau,pronoun,you,yogo kutanyai kau hadiki,"I'd like to ask you something, if I may.",,,,,,,,,,,,second person singular term of address,,,,mu,,,,FALSE
1949,kaya₁,intransitive verb,"wealthy, rich",,,,,,,,,,,,,,,,,,,pakayai,,,FALSE
1950,kaya₂,verb,"to enrich someone, to bestow wealth on someone",Pa Lut yang pakayai ia,It was Mr. Lut who made her rich.,,,,,,,,,,,,,,,,,,,,FALSE
1951,kayu,noun,"tree, wood",,,,,,,,,,,,,,,,plant,,,,"kayu babalaona \df a stick of firewood likely to last through the night, kayu rabi \df firewood, kayu tibasa \df splints of firewood \ps  num con \gc  numerical classifier for trees and palms \il  ambulung hakayu one sago palm \il  de abdíl ini anang kayu ka Are there six trees at Abdul's? \crm  kayuang",,FALSE
1952,kayu besi,noun,"kind of tree, the ironwood",,,,,,,,,,,,,Eusideroxylon zwageri,,,plant,Malay,ipil,,,,FALSE
1953,kayu lawang,noun,kind of wood used to give a red tint to boiled water,,,,,,,,,,,,,,,,,,,,,,FALSE
1954,kayu manis,noun,"kind of spice, cinnamon",,,,,,,,,,,,,Cinnamomum zeylanicum,,,culinary,,,,,,FALSE
1955,kayu somut,noun,kind of shrub,,,,,,,,,,,,,Desmodium,,,plant,,,,,,FALSE
1956,kayuang,noun,forest,,,,,,,,,,,,,,,,,,kayu,,"kayuang tomang \df virgin forest, deep forest, kayuang basar \df deep forest \df a term used in plant and animal nomenclature \il  penyju kayuang kind of land tortoise (not a sea tortoise)",,FALSE
1957,kawal,verb,"to guard someone, to protect someone",,,,,,,,,,,,,,,,,,,,,,FALSE
1958,kawali,noun,wok,,,,,,,,,,,,,,,,utensil,,,,,,FALSE
1959,kawang,noun,a school of fish,,,,,,,,,,,,,,,,,,,,,,FALSE
1960,kawasa,noun,"power, authority",,,,,,,,,,,,,,,,,,dikuasai,,,,FALSE
1961,kawat,noun,wire,,,,,,,,,,,,,,,,,,,,,,FALSE
1962,kawe-kawe,noun,"collar-bone, clavicle, the lower part of a fish's gills, bones below the operculum, probably the",,,,,,,,,,,,,,,,body,,,,,,FALSE
1963,kawil,noun,hook,,,,,,,,,,,,,,,,,,,,,,FALSE
1964,kawing₁,intransitive verb,"to wed, to get married <marry>",,,,,,,,,,,,,,,,,,,kawing akang,,,FALSE
1965,kawing₂,verb,"to arrange someone's marriage, to marry someone off",Langker yogo mukawing akang anaka udang kapota ni,He wants to marry off his child,,,,,,,,,,,,,,,,orang kawing,,,,FALSE
1966,kawit₁,verb,to hook on something,,,,,,,,,,,,,,,,,,,kakawit,,,FALSE
1967,kawit₂,noun,"dragging hook, gaff",,,,,,,,,,,,,,,,fishing,,ganyco,,,,FALSE
1968,kaóng,noun,kind of twine or fishing line made of arenga palm fiber,,,,,,,,,,,,,,,archaic,,,,,,,FALSE
1969,ke,conjunction,"even,, however, but, neither",meskena kamí bei ka sana nang ka mai ke tala ingatangmu tala mo tala,Even though,pasi babahasa nang guru ke ieti mo,They spoke with the Quranic teacher but they did,aku ke ngana,me neither!,,,,,,,,,,,,,,"ke...ke... \df on the one hand... on the other hand... <both> \il  lao basar-basar ke tama alu-alus ke tama On the one hand very large fish get in, on the other hand, so do very small ones.",,FALSE
1970,keadaan,noun,condition,,,,,,,,,,,,,,,,,Indonesian,,,,,FALSE
1971,kebersihan,noun,cleanliness,,,,,,,,,,,,,,,,,Indonesian,"bersi, beresi:",,,,FALSE
1972,kehutanan,noun,forestry,,,,,,,,,,,,,,,,,Indonesian,,,,,FALSE
1973,keker,noun,"telescope, binoculars",,,,,,,,,,,,,,,,,,,,,,FALSE
1974,kekuatan,noun,strength,,,,,,,,,,,,,,,,,Indonesian,,,,,FALSE
1975,kelang,noun,provision,,,,,,,,,,,,,,,,,,,,,,FALSE
1976,kelep,transitive verb,to squeeze in a one-arm hold,,,,,,,,,,,,,,,,,,,,,,FALSE
1977,kelor₁,noun,"kind of tree, the horseradish tree",,,,,,,,,,,,,Moringa pterygosperma,,,plant,,,,,,FALSE
1977,kelor₂,noun,codeword for money,,,,,,,,,,,,,,,codeword,,,,,,,FALSE
1978,kelér,noun,color,,,,,,,,,,,,,,,,,,,,,,FALSE
1979,kembang,numeral classifier,"piece, plank, counter for wood",,,,,,,,,,,,,,,,,,,,,,FALSE
1980,kembat,noun,kind of tree,,,,,,,,,,,,,,,,plant,,,,,,FALSE
1981,kemi₁,noun,urine,,,,,,,,,,,,,,,,body,,,kemi:,,,FALSE
1982,kemi₂,transitive verb,to urinate on something,alengo ompu ruma mukemi: aku,Earlier a rat pissed on me.,,,,,,,,,,,,,,,,,bakemi,,,FALSE
1983,kemi₃,intransitive verb,to urinate,,,,,,,,,,,,,,,,,,,kemi-kemi,,,FALSE
1984,kemi₄,verb,to urinate repeatedly or in large numbers,ada manusia sigodo takemi-kemi de lombo-lombo dalama,There were persons among,,,,,,,,,,,,,,,,,pakemiang,,,FALSE
1985,kemi₅,noun,"the place where urinating occurred, e.g. clothes soiled by a child's urine",,,,,,,,,,,,,,,,,,,,,,FALSE
1986,kempis,intransitive verb,"flat (tire, etc.)",,,,,,,,,,,,,,,,,,,,,,FALSE
1987,kemungkingan,noun,possibility,,,,,,,,,,,,,,,,,Indonesian,,,,,FALSE
1988,kening,noun,eyebrow,,,,,,,,,,,,,,,,body,,,,,,FALSE
1989,kening tulis,noun,"a dark cosmetic powder used around the eyes to darken the eyelids and eybrows,",,,,,,,,,,,,,,,,,,,,,,FALSE
1990,kenyataan₁,,,,,,,,,,,,,,,,,,,Indonesian,,,,,FALSE
1991,kenyataan₂,noun,fact,,,,,,,,,,,,,,,,,Indonesian,,,,,FALSE
1992,kepit₁,verb,to squeeze between,,,,,,,,,,,,,,,,,,,kepit akang,,,FALSE
1993,kepit₂,verb,to squeeze something into place at the request of another,,,,,,,,,,,,,,,,,,,nakepit,,,FALSE
1994,kepit₃,intransitive verb,"to be squeezed between, to be caught between",,,,,,,,,,,,,,,,,,,kepit-kepit,,,FALSE
1995,kepit₄,noun,strips of bamboo used to hold thatch in place,,,,,,,,,,,,,,,,house,,kakepit,,,,FALSE
1996,kera-kera,noun,dressing or bandage wrapped around the recently circumcized penis,,,,,,,,,,,,,,,,,,,,,,FALSE
1997,kerang,noun,"turtle-shell, a commercial product",,,,,,,,,,,,,,,,,,,,,,FALSE
1998,kering₁,intransitive verb,dry,pondo keringa,the dry shirt,,,,,,,,,,,,,,,,,keri-kering,,,FALSE
1999,kering₂,intransitive verb,absolutely dry,,,,,,,,,,,,,,,,,,,pakeringi,,,FALSE
2000,kering₃,verb,to dry something (by wringing it or sunning it),,,,,,,,,,,,,,,,,,,,,,FALSE
2001,ketahuan,noun,knowledge,,,,,,,,,,,,,,,,,Indonesian,,,,,FALSE
2002,keu,particle,"to refuse to, not want to",Aku keu balampo nang ia.,I don't want to walk with him.,,,,,,,,,,,,,,,,,,,,FALSE
2003,kiamat,noun,"judgement day, the end of the world",,,,,,,,,,,,,,,,,,,,,,FALSE
2004,kibar₁,,,,,,,,,,,,,,,,,,,,,bakibar,,,FALSE
2005,kibar₂,intransitive verb,"to flutter or wave (of flags, etc.)",,,,,,,,,,,,,,,,,,,,,,FALSE
2006,kiblat,noun,the direction of Mecca which should be faced when one performs the Islamic prayer,,,,,,,,,,,,,,,,,,,,,,FALSE
2007,kijap₁,,,,,,,,,,,,,,,,,,,,,kijapi,,,FALSE
2008,kijap₂,verb,to blink something (the eyes) at someone as an indication of disbelief,ia mukijapi aku mata isu: cece parcaya si Puda bicarana,"She blinked her eyes at me,",,,,,,,,,,,,,,,,mata pakijap,,,,FALSE
2009,kikis,verb,"to scrape something, to scrape (coconut) with a nyanyito",,,,,,,,,,,,,,,,,,paru,,,,FALSE
2010,kilala₁,verb,"to recognize someone, to be acquainted with something",,,,,,,,,,,,,,,,,,,bakilala:ng,,,FALSE
2011,kilala₂,intransitive verb,to be acquainted with someone,aku bakilala:ng nang kau,I am acquainted with you,,,,,,,,,,,,,,,,,pakilalai,,,FALSE
2012,kilala₃,verb,"to introduce someone to someone else, to facilitate an acquaintanceship",,,,,,,,,,,,,,,,,,,,,,FALSE
2013,kilik₁,verb,to carry something wedged below the armpit against one's flank,,,,,,,,,,,,,,,,,,,kilik akang,,,FALSE
2014,kilik₂,verb,to carry something under the armpit at someone's request or in a careful way,,,,,,,,,,,,,,,,,,,bakilik,,,FALSE
2015,kilik₃,intransitive verb,"to engage in such carrying, e.g. carry a child",,,,,,,,,,,,,,,,,,,bakibakilikang,,,FALSE
2016,kilik₄,intransitive verb,to clasp someone's arms by extending the arms around the other's back,,,,,,,,,,,,,,,,,,,,,,FALSE
2017,kilo,noun,"kilogram, kilometer",,,,,,,,,,,,,,,,,,,,,,FALSE
2018,kimbat,noun,rainbow,,,,,,,,,,,,,,,archaic,,,jin balumbar,,,,FALSE
2019,kimón,,,,,,,,,,,,,,,,,,,,pondo kimo/n,,,,FALSE
2020,kindang,transitive verb,"to remove the husk from a dry coconut, to husk a coconut",,,,,,,,,,,,,,,,,,,,,,FALSE
2021,kintal,noun,"yard, house lot",,,,,,,,,,,,,,,,,,,,,,FALSE
2022,kinyami,verb,"to taste the flavor of something, to savor",,,,,,,,,,,,,,,,,,"idap, payasa akang",,,,FALSE
2023,kiput₁,verb,to close something (body parts) tightly,kiput sungut,close the mouth,,,,,,,,,,,,,,,,,babakiputang,,,FALSE
2024,kiput₂,intransitive verb,to have closed over (of several wounds),,,,,,,,,,,,,,,,,,,nakiput,,,FALSE
2025,kiput₃,intransitive verb,to have closed together (of a gash or wound),,,,,,,,,,,,,,,,,,,,,,FALSE
2026,kira-kira,adverb,"approximately, perhaps, I suppose, in my estimate",kira-kira mitu,approximately something like that,kira-kira dua pulu lima senti,about twenty-five centimeters,kira-kira tabasopang doit sabayá tala pauli tatuka rumamu tu,About how much money,kira-kira tapabua kalero habua tolu repa,In my opinion we should make lime-ovens,,,,,,,,,,barang,,,,FALSE
2027,kirap₁,verb,to fan something,,,,,,,,,,,,,,,,,,,kakirap,,,FALSE
2028,kirap₂,noun,kind of fan (usually of sago bark),,,,,,,,,,,,,,,,,,,,,,FALSE
2029,kiris,noun,kind of dagger,,,,,,,,,,,,,,,,,,,,,,FALSE
2030,kiríng,,,,,,,,,,,,,,,,,,,,lao kiri/ng,,,,FALSE
2031,kiskisul,noun,curtain,,,,,,,,,,,,,,,,,,,,,,FALSE
2032,kita,pronoun,"we, us",,,,,,,,,,,,,,"first person plural, inclusive",,,,nta,,,,FALSE
2033,klar,,,,,,,,,,,,,,,,,,,,kala/r,,,,FALSE
2034,koang,noun,a piece of cloth,,,,,,,,,,,,,,,,,,,,,,FALSE
2035,koat,verb,"to nibble, esp. of animals",,,,,,,,,,,,,,,,,,,,,,FALSE
2036,kobo:₁,,,,,,,,,,,,,,,,,,,,,bakobo:,,,FALSE
2037,kobo:₂,intransitive verb,to crawl on all fours,,,,,,,,,,,,,,,,,,,,,,FALSE
2038,koco,transitive verb,to shuffle (cards),,,,,,,,,,,,,,,,,,,,,,FALSE
2039,koco-koco,noun,"kind of fish with a venomous sting, the short-spined waspfish, which agitates the sand repeatedly as it partially buries itself on",,,,,,,,,,,,,Apistops caloundra,,,fish,,,,,,FALSE
2040,kodak₁,noun,"camera, photograph",,,,,,,,,,,,,,,,,,,,,,FALSE
2041,kodak₂,transitive verb,to photograph someone,,,,,,,,,,,,,,,,,,,,,,FALSE
2042,kodang-kodang₁,noun,scab (of a wound),,,,,,,,,,,,,,,,body,,,bakodang-kodang,,,FALSE
2042,kodang-kodang₂,noun,scab (of a wound),,,,,,,,,,,,,,,,health,,,bakodang-kodang,,,FALSE
2043,kodang-kodang₃,intransitive verb,"to be covered with scabs, to have reached the stage when a scab forms (of wounds)",,,,,,,,,,,,,,,,,,,,,,FALSE
2044,kodok,noun,"frog, toad, order Anura",,,,,,,,,,,,,,,,animal,Malay,nggora-nggora,,,,FALSE
2045,kofi,noun,"kind of tree, coffee,, a sweetened beverage made with roasted coffee berries, sweet coffee",,,,,,,,,,,,,Coffea,,,,,,,kofi susu \df coffee with milk,,FALSE
2046,kofiang,noun,"the rimless cap worn in prayer, fez",,,,,,,,,,,,,,,,,,,,kofiang haji \df kind of white skullcap worn by men who have made the hajj \sf  clothing,,FALSE
2047,kofo₁,noun,kind of fine-meshed fish net,,,,,,,,,,,,,,,,,,,bakofo,,,FALSE
2048,kofo₂,intransitive verb,to fish with such a net,,,,,,,,,,,,,,,,,,,,,,FALSE
2049,kohi₁,intransitive verb,to be slow (at one's work),kohina de motor ni,The tardiness of this boat!,,,,,,,,,,,,,,,,,,,,FALSE
2050,kohi₂,adverb,slowly,,,,,,,,,,,,,,,,,,,,,,FALSE
2051,koit₁,transitive verb,"to poke someone with the fingertips, to flick someone slightly",,,,,,,,,,,,,,,,,,,koiti,,,FALSE
2052,koit₂,verb,to nudge someone with the fingertips (to get his or her attention) for someone,,,,,,,,,,,,,,,,,,,koit akang,,,FALSE
2053,koit₃,verb,to nudge someone at someone's request,,,,,,,,,,,,,,,,,,,bakoit,,,FALSE
2054,koit₄,intransitive verb,"to engage in nudging and flicking, to tend to nudge",,,,,,,,,,,,,,,,,,,bakobakoitang,,,FALSE
2055,koit₅,intransitive verb,to nudge someone with the fingertips,,,,,,,,,,,,,,,,,,,nakoit,,,FALSE
2056,koit₆,intransitive verb,"touched, brushed",,,,,,,,,,,,,,,,,,,,,,FALSE
2057,kojut₁,,,,,,,,,,,,,,,,,,,,,kojuti,,,FALSE
2058,kojut₂,transitive verb,to startle someone,,,,,,,,,,,,,,,,,,,kojuti akang,,,FALSE
2059,kojut₃,verb,to startle someone at someone's request,,,,,,,,,,,,,,,,,,,kojut akang,,,FALSE
2060,kojut₄,verb,to startle or enervate someone at someone's request,,,,,,,,,,,,,,,,,,,pakojuti,,,FALSE
2061,kojut₅,verb,to repeatedly or intensively startle someone,,,,,,,,,,,,,,,,,,,nakojut,,,FALSE
2062,kojut₆,intransitive verb,"startled, surprised",,,,,,,,,,,,,,,,,,,,,,FALSE
2063,kokara,noun,"kind of legume, lima bean",,,,,,,,,,,,,Phaseolus lunatus,,,plant,,amporing,,,,FALSE
2064,koke₁,transitive verb,to rap someone or something with a backwards fling of the knuckles,,,,,,,,,,,,,,,,,,toki,koke akang,,,FALSE
2065,koke₂,verb,to rap someone at someone's request,,,,,,,,,,,,,,,,,,,bakoke,,,FALSE
2066,koke₃,intransitive verb,to engage in rapping for some time,,,,,,,,,,,,,,,,,,,bakobakokeang,,,FALSE
2067,koke₄,intransitive verb,to rap someone on the head,,,,,,,,,,,,,,,,,,,,,,FALSE
2068,koko₁,noun,"cacao tree or fruit, cassava scraped and then dried in the sun (as cacao is)",,,,,,,,,,,,,Theobroma cacao,,,plant,,dodol koko,,,,FALSE
2068,koko₂,noun,"cacao tree or fruit, cassava scraped and then dried in the sun (as cacao is)",,,,,,,,,,,,,Theobroma cacao,,,food,,dodol koko,,,,FALSE
2069,kokobu₁,transitive verb,"to gather (stumps, etc.) and to burn (a swidden field) a second time",,,,,,,,,,,,,,,,,,,bakokobu,,,FALSE
2070,kokobu₂,intransitive verb,to be engaged in secondary burning,bakokobu barenti mena tatanang cengke,"After burning the second time, then we plant",,,,,,,,,,,,,,,,,,,,FALSE
2071,kokomani,noun,sago flour roasted in sago leaves,,,,,,,,,,,,,,,,sago,,,,,,FALSE
2072,kokorai,noun,"kind of small fish, the trumpeter or grunter",,,,,,,,,,,,,Pelates quadrilineatus,,,,,,,,,FALSE
2073,kokoté,noun,kind of children's game with a grid drawn on a flat surface,,,,,,,,,,,,,,,,game,,,,,,FALSE
2074,kokotók₁,ideophone,"the sound made by a hen after she has laid eggs, the chicken's cluck",,,,,,,,,,,,,,,,,,,bakokotók,,,FALSE
2075,kokotók₂,intransitive verb,"to make such sounds, to cluck",,,,,,,,,,,,,,,,,,,,,,FALSE
2076,kol,noun,"kind of vegetable, kind of cabbage",,,,,,,,,,,,,Brassica,,,plant,,,,"kol kapala \df kind of vegetable, cabbage, \sn Brassica oleracea Capitata gp. \sf  plant",,FALSE
2077,kolambu,noun,mosquito net,,,,,,,,,,,,,,,,,,,,,,FALSE
2078,kolambéng,noun,kind of small cake or cookie made with sago or wheat flour and eggs,,,,,,,,,,,,,,,,food,,,,,,FALSE
2079,kolano,noun,king,,,,,,,,,,,,,,,,society,,jou,,,,FALSE
2080,kolili,verb,to encircle,,,,,,,,,,,,,,,,,,,,,,FALSE
2081,koloko,verb,to plant something in a nursery,takoloko petsai itu lebe daulu,We plant those leaf mustard greens first of all,,,,,,,,,,,,,,,,,,,,FALSE
2082,kolombou,noun,kind of oil taper made with a bottle or flask,,,,,,,,,,,,,,,,,,,,,,FALSE
2083,kolompong₁,intransitive verb,"hollow, of a stage in the growth of a coconut; the fruit is full-sized but without flesh",,,,,,,,,,,,,,,,,,,,,,FALSE
2084,kolompong₂,noun,float for fishing nets,,,,,,,,,,,,,,,,fishing,,,,,,FALSE
2085,kolot₁,verb,to eat something raw,Takolot nggaeka.,We ate raw bananas.,,,,,,,,,,,,,,,,,bakolot,,,FALSE
2086,kolot₂,intransitive verb,"to be engaged in eating raw food (e.g. fish, vegetables)",,,,,,,,,,,,,,,,,,,kolot-kolot,,,FALSE
2087,kolot₃,noun,a side-dish of raw vegetables <salad>,,,,,,,,,,,,,,,,food,,"mangolot, edat",,,,FALSE
2088,kolouno,noun,"kind of small fish, the hardyhead or silverside",,,,,,,,,,,,,Pranesus ogilbyi,,,fish,,,,"kolouno bunga \df kind of small fish used for bait \sf  fish, kolouno paneti \df kind of fish used for bait \sf  fish",,FALSE
2089,komalo,noun,a filling of rice flour and coconut cream cooked to a custard consistency used in,,,,,,,,,,,,,,,,,,ular komalona,,,,FALSE
2090,komandán,noun,"military officer, commander",,,,,,,,,,,,,,,,,,,,,,FALSE
2091,kombili,noun,"kind of edible root, the greater yam",,,,,,,,,,,,,Dioscorea alata,,,plant,,,,,,FALSE
2092,komos,verb,to scrape and squeeze something with the fingertips,,,,,,,,,,,,,,,,,,,,komos ler \df to strangle by pressing the fingertips into the windpipe \crm  kurup \crm  dabu-dabu komos,,FALSE
2093,kompania ra:,noun,"the palace guard, personal bodyguards of the sultan",,,,,,,,,,,,,,,,,,,,,,FALSE
2094,kompi,noun,"military company, a body of troops",,,,,,,,,,,,,,,,,,,,,,FALSE
2095,kondor₁,intransitive verb,"slack (of ropes, etc.)",,,,,,,,,,,,,,,,,,,kondor akang,,,FALSE
2096,kondor₂,transitive verb,to slacken something,,,,,,,,,,,,,,,,,,,,,,FALSE
2097,konto-konto,noun,"tailbone, coccyx",,,,,,,,,,,,,,,,body,,,,,,FALSE
2098,kongkong,verb,to immobilize someone (an opponent) in a martial arts contest by pinning the opponent's,,,,,,,,,,,,,,,,,,,,,,FALSE
2099,ko₁,noun,kind of black bird,,,,,,,,,,,,,,,,bird,,,,,,FALSE
2100,ko₂,noun,term of address for one's elder brother or a male of similar age,,,,,,,,,,,,,,,,,Malay,,,,,FALSE
2101,ko₃,ideophone,"caw, sound of certain birds",,,,,,,,,,,,,,,,,,,,,,FALSE
2102,kopi,noun,porcelain cup,,,,,,,,,,,,,,,,,,,,,,FALSE
2103,kopo-kopo,noun,"butterfly, moth, order Lepidoptera",,,,,,,,,,,,,,,,,,kupu-kupu,,,,FALSE
2104,kor,,,,,,,,,,,,,,,,,,,,kore,,,,FALSE
2105,korang₁,verb,to rip off a large piece of cooked fish,,,,,,,,,,,,,,,,,,,bakorang,,,FALSE
2106,korang₂,intransitive verb,to usually take a large quantity at once,salim ni bakorang laona,Salim always takes a large portion of fish.,,,,,,,,,,,,,,,,,,,,FALSE
2107,korat,noun,"kind of tuna, the little tuna or bonito",,,,,,,,,,,,,Euthynnus alletteratus affinis,,,fish,,,,,,FALSE
2108,korbo:₁,noun,"water-buffalo, someone stupid, a fool",,,,,,,,,,,,,Bubalus bubalis,,,,,,,,,FALSE
2108,korbo:₂,noun,"someone stupid, a fool",,,,,,,,,,,,,,,,,,,,,,FALSE
2109,kore,verb,"to dig something, to touch someone, to poke someone (slightly)",ompu ruma ma kore imba:,The rats will dig from below.,,,,,,,,,,,,,,,,,,,,FALSE
2110,koroniong,noun,"kind of cephalopod, the chambered Nautilus",,,,,,,,,,,,,Nautilus pompilius,,,sea creature,,,,,,FALSE
2111,koru₁,,,,,,,,,,,,,,,,,,,,,koru akang,,,FALSE
2112,koru₂,verb,"to cloud something, to make (water) turbid (by stirring it, etc.)",,,,,,,,,,,,,,,,,,,bakoru,,,FALSE
2113,koru₃,intransitive verb,"clouded, turbid (of water)",,,,,,,,,,,,,,,,,,,,,,FALSE
2114,korán,,,,,,,,,,,,,,,,,,,,kura/n,,,,FALSE
2115,kos,noun,T-shirt,,,,,,,,,,,,,,,,,,,,"kos kaki \df stocking, sock, kos padamara \df mantle of a pressurized lamp",,FALSE
2116,koso,transitive verb,"to rub something (flour, etc.) against a cheesecloth",,,,,,,,,,,,,,,,culinary,,,,,,FALSE
2117,kosong,intransitive verb,"empty, non-existent, none",Nyjong imbawa kosong.,There are no boats there.,,,,,,,,,,,,,,,,,,,,FALSE
2118,kota,noun,fortification,amasing kota,the northeastern side of Labuha town,,,,,,,,,,,,,archaic,,,,,,,FALSE
2119,kotang,noun,"undershirt, camisole",,,,,,,,,,,,,,,,,,,,,,FALSE
2120,kote-kote₁,noun,kind of plant,,,,,,,,,,,,,Bridelia,,,plant,,,,,,FALSE
2121,kote-kote₂,,,,,,,,,,,,,,,,,,,,kokote/,,,,FALSE
2122,kotel,intransitive verb,stunted (of something's or someone's growth),,,,,,,,,,,,,,,,,,,,,,FALSE
2123,kotong,noun,"kind of fish, the grouper or groper",,,,,,,,,,,,,Epinephelus lanceolatus,,,fish,,,,,,FALSE
2124,koya-koya,adverb,"fast, quickly",,,,,,,,,,,,,,,,,,,,,,FALSE
2125,kowor,noun,kind of cup or mug made of bamboo usually used to drink palm wine,,,,,,,,,,,,,,,archaic,,,,,,,FALSE
2126,-ku,pronoun,my,,,,,,,,,,,,,,first person singular genitive marker,,,,"-iku, -ngku",,,,FALSE
2127,ku-,pronoun,,dangang kulia,I see,aku kudanga habár,I heard some news.,,,,,,,,,,marker of first person singular for transitive verbs,,,,,,,,FALSE
2128,kua₁,noun,"sauce, gravy",,,,,,,,,,,,,,,,,,,bakua,,,FALSE
2129,kua₂,intransitive verb,to be served with a sauce,,,,,,,,,,,,,,,,,,,bakua-kua,,,FALSE
2130,kua₃,intransitive verb,to be served with much sauce,cece pabua lampang bakua-kua,Don't make the vegetable with so much liquid (sauce).,,,,,,,,,,,,,,,,,,,,FALSE
2131,kuasa,noun,"power, authority",,,,,,,,,,,,,,,,,,,,,,FALSE
2132,kubak,noun,a mortar-like device to pound betel,,,,,,,,,,,,,,,,,,,,,,FALSE
2133,kubur₁,noun,grave,,,,,,,,,,,,,,,,,,,kuburi,,,FALSE
2134,kubur₂,verb,to bury someone,,,,,,,,,,,,,,,,,,,kubur akang,,,FALSE
2135,kubur₃,verb,to bury someone at someone's request ..bakubur,,,,,,,,,,,,,,,,,,,,,,FALSE
2136,kubur₄,intransitive verb,"to engage in grave-digging, to be buried",,,,,,,,,,,,,,,,,,,,,,FALSE
2137,kudis₁,noun,scabies,,,,,,,,,,,,,,,,health,,,bakudis,,,FALSE
2138,kudis₂,intransitive verb,to suffer from scabies and similar skin diseases,,,,,,,,,,,,,,,,,,,bakudis-kudis,,,FALSE
2139,kudis₃,intransitive verb,to suffer from a severe case of skin disease,,,,,,,,,,,,,,,,,,,,,,FALSE
2140,kudu-kudu,noun,burning faggot,,,,,,,,,,,,,,,,,,,,,,FALSE
2141,kudung,noun,"shawl, scarf worn by women, the veil, worn by some Muslim women, which exposes only the face",,,,,,,,,,,,,,,,,,cipo,,,,FALSE
2142,kui mangko,noun,kind of steamed cupcake,,,,,,,,,,,,,,,,food,,,,,,FALSE
2143,kuisi,noun,"kind of fish, kind of bream",,,,,,,,,,,,,Nemipterus upeneoides,,,,,,,,,FALSE
2144,kuku,,,,,,,,,,,,,,,,,,,,molo-molo kuku,,,,FALSE
2147,kukuhi,intransitive verb,to collect bit by bit and then sell,,,,,,,,,,,,,,,,,,,,,,FALSE
2148,kukuhua₁,ideophone,sound of rooster crowing,,,,,,,,,,,,,,,,,,,bakukuhua,,,FALSE
2149,kukuhua₂,intransitive verb,to crow,,,,,,,,,,,,,,,,,,,,,,FALSE
2150,kukuhua₃,,,,,,,,,,,,,,,,,,,,,bakukuhua,,,FALSE
2151,kukuhua₄,intransitive verb,to float on one's back,,,,,,,,,,,,,,,,,,,,,,FALSE
2152,kukurai,,,,,,,,,,,,,,,,,,,,lao,,,,FALSE
2153,kulat,noun,"fungus, mushroom, fam. Agaricaceae",,,,,,,,,,,,,,,,,,,,"kulat batang \df kind of fungus growing on dead branches, kulat bintang \df kind of ridge fungus, kulat ambulung \df kind of mushroom \sn Volvaria, kulat guntur \df kind of mushroom, kulat bongkona \df kind of mushroom, straw mushroom, \sn Volvariella volvacea, kulat payung \df kind of mushroom, the white mushroom, \sn Agaricus bisporus, kulat nggaeka \df kind of mushroom, \sn Volvaria \crm  kaladede \crm  talingang tikus",,FALSE
2154,kuli,,,,,,,,,,,,,,,,,,,,"kulit, lao kuli paser",,,,FALSE
2155,kuliling₁,verb,"to go around something, to encircle something <circumambulate>",,,,,,,,,,,,,,,,,,,kulilingi,,,FALSE
2156,kuliling₂,verb,to go around something for someone,alengo aku kulilingi lipo ni baumang nggaeka,Just now I went round the whole village,,,,,,,,,,,,,,,,,bakuliling,,,FALSE
2157,kuliling₃,intransitive verb,to engage in moving in circles,,,,,,,,,,,,,,,,,,,pakulilingi,,,FALSE
2158,kuliling₄,verb,to completely encircle something (for a specific purpose),,,,,,,,,,,,,,,,,,,,,,FALSE
2159,kulinycir₁,,,,,,,,,,,,,,,,,,,,,kulinycir akang,,,FALSE
2160,kulinycir₂,verb,to cause to slide quickly,,,,,,,,,,,,,,,,,,,nakulinycir,,,FALSE
2161,kulinycir₃,intransitive verb,"slippery, to have slipped",,,,,,,,,,,,,,,,,,,,,,FALSE
2162,kulit,noun,"skin, cover, exterior wrapping, bark (of tree)",kulimu,your skin,buk kulita,book cover,,,,,,,,,,,,,,,,,,FALSE
2163,kulung,,,,,,,,,,,,,,,,,,,,tabang kulung,,,,FALSE
2164,kulung-kaling,noun,ankle,,,,,,,,,,,,,,,,,,,,,,FALSE
2165,kumang₁,noun,"kind of small louse, germ",,,,,,,,,,,,,,,,insect,,,,,,FALSE
2165,kumang₂,noun,"kind of small louse, germ",,,,,,,,,,,,,,,,health,,,,,,FALSE
2166,kumatar,intransitive verb,"to be ill, to be sick, to shiver from malarial attacks",pasi kumatar sigodo bagarak,They're so sick they're shivering.,,,,,,,,,,,,,,health,,,,,,FALSE
2167,kumbar,noun,"sago midribs or petiole, esp. when dried",,,,,,,,,,,,,,,,sago,,,,,,FALSE
2168,kumis kucing,noun,various kind of plants,,,,,,,,,,,,,Orthosiphon spicatus,,,plant,,,,,,FALSE
2169,kumkím,noun,various kind of pigeons and doves <bird,,,,,,,,,,,,,Columbidae,,,bird,,,,"kumku/m nggoa \df kind of pigeon <bird>, fam. Columbidae \sf  bird, kumku/m puti \df kind of pigeon, \sn Ducula   <bird> \sf  bird, kumku/m ratu \df kind of pigeon, \sn Ducula   <bird> \sf  bird",,FALSE
2170,kunda,noun,kind of tree,,,,,,,,,,,,,,,,plant,,,,,,FALSE
2171,kundal,noun,kind of vegetable dish made of unripe bananas and coconut cream,,,,,,,,,,,,,,,,food,,,,,,FALSE
2172,kuning,,,,,,,,,,,,,,,,,,,,akar kuning,,,,FALSE
2173,kuntil,verb,to pinch someone or something,,,,,,,,,,,,,,,,,,sakuntil,,,,FALSE
2174,kunu,particle,"purportedly, it is said <quoth>, supposedly (of something reported but probably not true)",Kunu tala taurung.,He says he's hungry.,hasila ra: kita ini ni batikang kunu kalero itu hasil dikit,Its yield is great,but we here,,,,,,,,,quotative particle,,,,kata,,,,FALSE
2175,kung-kung,ideophone,"the sound made by a dog, the bark of a dog",,,,,,,,,,,,,,,,,,mano/ng,,,,FALSE
2176,kunyci₁,noun,key,,,,,,,,,,,,,,,,,,,kunyci akang,,,FALSE
2177,kunyci₂,verb,to lock something,,,,,,,,,,,,,,,,,,,,,,FALSE
2178,kunyit₁,intransitive verb,yellow,,,,,,,,,,,,,,,,,,,pakunyiti,,,FALSE
2179,kunyit₂,verb,"to yellow something, to increase the yellowness of something (e.g. paint being mixed)",,,,,,,,,,,,,,,,color,,kunyit,,,,FALSE
2180,kunyit₃,noun,"kind of rhizome (used as a spice), turmeric",,,,,,,,,,,,,Curcuma longa,,,plant,,kunyit,,,,FALSE
2181,kupang,noun,"coin, money",,,,,,,,,,,,,,,archaic,,,tikus kupang,,,,FALSE
2182,kupang-kupang,noun,"kind of woody plant, the candlestick cassia",,,,,,,,,,,,,Cassia alata,,,plant,,jaga sataru,,,,FALSE
2183,kupu-kupu,noun,"butterfly, order Lepidoptera",,,,,,,,,,,,,,,,insect,,kopo-kopo,,,,FALSE
2184,kurang₁,intransitive verb,"to fall short, to be insufficient",,,,,,,,,,,,,,,,,,,,,,FALSE
2185,kurang₂,adverb,less than,,,,,,,,,,,,,,,,,,,kurang akang,,,FALSE
2186,kurang₃,verb,to reduce something at someone's request,,,,,,,,,,,,,,,,,,,bakurang,,,FALSE
2187,kurang₄,intransitive verb,to become diminished,,,,,,,,,,,,,,,,,,,pakurangi,,,FALSE
2188,kurang₅,verb,"to diminish something, to reduce or lessen something",ipakurangi de laina barisi de laina,He diminishes in one area but in another area there is,,,,,,,,,,,,,,,,,kurang-kurang,,,FALSE
2189,kurang₆,particle,at least,,,,,,,,,,,,,,,,,,,kakurangang,,,FALSE
2190,kurang₇,noun,"shortage, shortfall",,,,,,,,,,,,,,,,,,,,,,FALSE
2191,kurang ajar₁,exclamation,Damn you!,,,,,,,,,,,,,,,,,,,,,,FALSE
2192,kurang ajar₂,intransitive verb,extremely rude,,,,,,,,,,,,,,,derogatory,,,,kura-kurang ajar,,,FALSE
2193,kurang ajar₃,intransitive verb,"immodest, off-color (of one's speech)",,,,,,,,,,,,,,,,,,,bakurang ajar,,,FALSE
2194,kurang ajar₄,intransitive verb,to behave improperly or immodestly,,,,,,,,,,,,,,,,,,,,,,FALSE
2195,kuranyci,noun,kind of tree,,,,,,,,,,,,,,,,plant,,,,,,FALSE
2196,kurap,noun,"kind of skin disease, ringworm, fungal disease caused by members of division",,,,,,,,,,,,,,,,health,,,,,,FALSE
2197,kurarap₁,,,,,,,,,,,,,,,,,,,,,bakurarap,,,FALSE
2198,kurarap₂,intransitive verb,to creep on one's belly,,,,,,,,,,,,,,,,,,,,,,FALSE
2199,kurcaci,noun,"kind of small spirit, gnome",,,,,,,,,,,,,,,,spiritual,,,,,,FALSE
2200,kuring-kuring,,,,,,,,,,,,,,,,,,,,lao kuring-kuring,,,,FALSE
2201,kuriwang,noun,sago bark,,,,,,,,,,,,,,,,sago,,,,,,FALSE
2202,kurung₁,verb,"to enclose, to imprison",Ia mukurung anasene de ruma.,He made his child stay at home.,,,,,,,,,,,,,,,,,bakurung,,,FALSE
2203,kurung₂,intransitive verb,"to stay at home, to be house bound",,,,,,,,,,,,,,,,,,,,bakurung umpang \df to enclose and catch bait-fish with nets \sf  fishing,,FALSE
2204,kurup₁,verb,to strangle someone with both hands,,,,,,,,,,,,,,,,,,"komos ler, sangal",kurup akang,,,FALSE
2205,kurup₂,verb,to strangle someone at another's request,,,,,,,,,,,,,,,,,,,bakurapang,,,FALSE
2206,kurup₃,intransitive verb,to strangle someone,,,,,,,,,,,,,,,,,,,,,,FALSE
2207,kurus,intransitive verb,thin,,,,,,,,,,,,,,,,,,,,,,FALSE
2208,kurán,noun,the Quran,,,,,,,,,,,,,,,,spiritual,,,,kuran dalama \df (in) a Quranic reading or recitation,,FALSE
2209,kusuk,transitive verb,"to pulverize something by pressing the heel of the palm against it, esp. sago flour through a, to rub vigorously by pressing down with the heel of the palm",kusuk pakeang,to rub laundry to remove stains,,,,,,,,,,,,,,,,,,kusuk mata \df to rub one's eyes (esp. with the heel of the palm) \af  kusuki \ps  v \df to rub or pulverize (by rubbing) something for someone \af  kusuki akang \ps  v \df to rub or pulverize something at someone's request \af  kusuk akang \ps  v \df to rub or pulverize something at someone's request \af  bakusuk \ps  vi \df to engage in rubbing \il  bakusuk baku to filter sago flour by forcing coarse flour through a sieve \crm  pambusukang,,FALSE
2210,kutil,noun,"freckle, birthmark, esp. of protruding fleshy growths, such as moles",,,,,,,,,,,,,,,,body,,,,,,FALSE
2211,kutuk,,,,,,,,,,,,,,,,,,,,bakutuk,,,,FALSE
2212,kuyap₁,intransitive verb,wrinkled (of clothes),,,,,,,,,,,,,,,,,,,nakuyap-kuyap,,,FALSE
2213,kuyap₂,intransitive verb,"wrinkled up, full of wrinkles, matted (of hair)",Buoka ia nakuyap-kuyap.,His hair is matted.,,,,,,,,,,,,,,,,,,,,FALSE
2214,kwas₁,noun,paintbrush,,,,,,,,,,,,,,,,,,,bakwas,,,FALSE
2215,kwas₂,intransitive verb,"to apply whitewash, to paint",,,,,,,,,,,,,,,,,,,,,,FALSE
2216,la,vetitive,don't,La kau muala,Don't take it,,,,,,,,,,,,,,,,cece,,,,FALSE
2217,la:,particle,so then,Muala pondoku la: kusasa.,Get my shirt so I can wash it.,,,,,,,,,,,,,,,,,,,,FALSE
2218,labung,noun,squash,,,,,,,,,,,,,Cucurbita,,,plant,,,,"labung mbulat \df pumpkin or winter squash, \sn Cucurbita moschata \sf  plant, labung tinggi \df kind of long squash \sf  plant",,FALSE
2219,labu₁,noun,"certain kind of squash and chayote, Cucurbitaceae",,,,,,,,,,,,,,,,plant,,,,"labu siang \df chayote, \sn Sechium edule \sf  plant",,FALSE
2220,labu₂,,,,,,,,,,,,,,,,,,,,,labu akang,,,FALSE
2221,labu₃,transitive verb,to anchor something,Mulabu akang nyjong itu inycana.,Anchor the boat there.,,,,,,,,,,,,,,,,,balabu,,,FALSE
2222,labu₄,intransitive verb,to be anchored,,,,,,,,,,,,,,,,,,,labuang,,,FALSE
2223,labu₅,noun,anchorage,,,,,,,,,,,,,,,,,,,,,,FALSE
2224,labur₁,transitive verb,to smear,,,,,,,,,,,,,,,,,,,laburi,,,FALSE
2225,labur₂,transitive verb,"to smear (oil, etc.) on to something",,,,,,,,,,,,,,,,,,,,,,FALSE
2226,lacup₁,verb,to pass by,manusia ka daya balapetak ilarang pauli mo lacup,Persons going inland to work at their,,,,,,,,,,,,,,,,,,,,FALSE
2227,lacup₂,particle,already past (of events),Oras jamangku skola daulu tala lacup.,My schooling days are past.,,,,,,,,,,,,,,,,,,lacup dari itu \df after that \af  lacupi \ps  vt \df to pass by something \il  kau mulacupi tanyjong mangga Go past Mangga Cape.,,FALSE
2228,lado,noun,"kind of small moray the starry reef-eel,, some kind of sea snakes, suborders Serpentes and Ophidi",,,,,,,,,,,,,Echidna nebulosa,,,sea creature,,,,,,FALSE
2229,ladu,noun,"various kind of roots and tubers, similar to taro, edible aroids or corm",,,,,,,,,,,,,,,,plant,,,,"ladu makang anak \df kind of edible aroid, new cocoyam, \sn Xanthosoma violaceum \sf  plant, ladu sela \df kind of aroid with reddish roots \sf  plant",,FALSE
2230,ladusere,noun,younger step-sister or step-brother,,,,,,,,,,,,,,,codeword,,,watok,,,,FALSE
2231,laga₁,,,,,,,,,,,,,,,,,,,,,lagai,,,FALSE
2232,laga₂,verb,to coil (e.g. a string on a spool),,,,,,,,,,,,,,,,,,,laga akang,,,FALSE
2233,laga₃,verb,to cause something or someone to go in circles,mulaga akang ia,Make him go in circles (so he won't catch you).,,,,,,,,,,,,,,,,,lalaga:kang,,,FALSE
2234,laga₄,verb,"to twist around, to deceive",Sido mulalaga:kang si ahmat,Sido deceived Ahmat.,,,,,,,,,,,,,,,,,laga-laga akang,,,FALSE
2235,laga₅,verb,to twist something around,,,,,,,,,,,,,,,,,,,balaga,,,FALSE
2236,laga₆,intransitive verb,"to spin, to go around, to circle, to circulate",surat-surat de kapal udara balaga de kampung dalama,Leaflets from the planes,,,,,,,,,,,,,,,,mata balaga,balaga-laga,,,FALSE
2237,laga₇,intransitive verb,to go in circles,,,,,,,,,,,,,,,,,,,balaga-laga akang,,,FALSE
2238,laga₈,intransitive verb,to be in the practice of deceiving someone,,,,,,,,,,,,,,,,,,mata balaga,,,,FALSE
2239,laga-laga,noun,kind of tree bearing edible fruit,,,,,,,,,,,,,,,,plant,,,,,,FALSE
2240,lagu,noun,song,,,,,,,,,,,,,,,,,,,,,,FALSE
2241,lahtala,,,,,,,,,,,,,,,,,,,,ompu lahtala,,,,FALSE
2242,lai₁,verb,to scoop up fish with a triangular net fixed across two crossed poles forming an x-,,,,,,,,,,,,,,,,fishing,,,lai akang,,,FALSE
2243,lai₂,verb,to scoop in such a way at someone's request,,,,,,,,,,,,,,,,fishing,,,balai,,,FALSE
2244,lai₃,intransitive verb,to be engaged in netting,,,,,,,,,,,,,,,,fishing,,,lai-lai,,,FALSE
2245,lai₄,noun,kind of triangular net affixed to an x-shaped frame,,,,,,,,,,,,,,,,fishing,,,,,,FALSE
2246,laila:,exclamation,"Heavens!, exclamation of disbelief",,,,,,,,,,,,,,,,,,,,,,FALSE
2247,laina₁,pronoun,the other one,,,,,,,,,,,,,,,,,,,lalaina,,,FALSE
2248,laina₂,pronoun,the others,yo anu de lalaina tala mo,"Well, are the whatchamacallits at the others' place still not",,,,,,,,,,,,,,,,malaing,,,,FALSE
2249,laka,noun,"kind of tree, alexandrian laurel",,,,,,,,,,,,,Calophyllum inophyllum,,,plant,,,,,,FALSE
2250,laka-laka₁,noun,kind of flower,,,,,,,,,,,,,,,,plant,,,,,,FALSE
2251,laka-laka₂,noun,"kind of bird, the white cockatoo",,,,,,,,,,,,,,,,,,,,"laka-laka ujang \df kind of bird, perhaps a swallow, fam. Hirundinidae \crm  laulaka ujang",,FALSE
2252,lakaré,noun,a twist of cloth coiled on one's head for resting burdens on,,,,,,,,,,,,,,,,,,,,,,FALSE
2253,lakat₁,verb,to strike,,,,,,,,,,,,,,,,,,,,"lakat babicara \df to strike up a conversation, lakat bacarita \df to strike up a conversation <discuss> \af  balakatang \ps  vi \df to hit someone",,FALSE
2254,lakat₂,,,,,,,,,,,,,,,,,,,,,lakati,,,FALSE
2255,lakat₃,verb,to stick something to some place,lakati gambar kata de dinding,Stick (tape) a picture up on the wall.,,,,,,,,,,,,,,,,,lakat akang,,,FALSE
2256,lakat₄,transitive verb,to stick something at someone's request,,,,,,,,,,,,,,,,,,,balakat akang,,,FALSE
2257,lakat₅,intransitive verb,to engage in putting things together with adhesives,aku balakat akang buk,I was busy glueing a book.,,,,,,,,,,,,,,,,malakat,,,,FALSE
2258,laki₁,noun,husband,lakina urang,someone else's husband,,,,,,,,,,,,,,,,,balaki,,,FALSE
2259,laki₂,intransitive verb,"to be married (of women), to have a husband",,,,,,,,,,,,,,,,kinship,,,laki-laki,,,FALSE
2260,laki₃,noun,"male, man, a term in plant nomenclature",masarang laki-laki,kind of palm,,,,,,,,,,,,,,,,,,,,FALSE
2261,laki₄,noun,kind of tree,,,,,,,,,,,,,Barringtonia asiatica,,,plant,,,,,,FALSE
2262,laksa,noun,"kind of translucent noodle, similar to vermicelli",,,,,,,,,,,,,,,,,,,,,,FALSE
2263,lakukang,transitive verb,"to do something, to perpetrate something",,,,,,,,,,,,,,,,,,,,,,FALSE
2264,laku₁,adverb,very,paotang laku,excessively heavy,,,,,,,,,,,,,,,,,,,,FALSE
2265,laku₂,verb,"to sell well, to do a brisk trade",,,,,,,,,,,,,,,,,,,,,,FALSE
2266,lalagakang,,,,,,,,,,,,,,,,,,,,laga,,,,FALSE
2267,lalagar,noun,the lower horizontal structural members which support the planking of a bed,,,,,,,,,,,,,,,,,,pigis,,,,FALSE
2268,lalaina,,,,,,,,,,,,,,,,,,,,laina,,,,FALSE
2270,lalampa,noun,kind of round savory cake of rice and fish wrapped in banana leaf and roasted,,,,,,,,,,,,,,,,food,,,,,,FALSE
2271,lalas₁,verb,to caress,,,,,,,,,,,,,,,,,,,lalasi,,,FALSE
2272,lalas₂,verb,to caress someone or something,Ia mulalasi buoka.,She caressed his hair.,,,,,,,,,,,,,,,,,babalalas akang,,,FALSE
2273,lalas₃,intransitive verb,to caress someone,Song babalalas akang song.,One caressed the other.,,,,,,,,,,,,,,,,,,,,FALSE
2274,lalasang,noun,kind of large device to sift sand or gravel <sieve>,,,,,,,,,,,,,,,,utensil,,,,lalasang kawat \df kind of sifter with a screen mesh bottom \df a wire sifter or sieve for sago flour \crm  pamusukang \sf  utensil \af  balalasang \ps  vi \df to be engaged in sifting something,,FALSE
2275,lalat,noun,"fly, order Diptera",,,,,,,,,,,,,,,,insect,,,,"lalat ijo \df kind of fly, the blue bottle fly, perhaps of the genus Calliphora \sf  insect, lalat nggoa \df kind of black fly \sf  insect, lalat sela \df kind of red fly \sf  insect",,FALSE
2276,lalondang,noun,sugarcane,,,,,,,,,,,,,Saccharum officinarum,,,plant,,,,"lalondang luring \df kind of sugarcane favored by the luring bird \sf  plant, lalondang bangke \df kind of large sugarcane \sf  plant",,FALSE
2277,lalí,noun,"lice crusher, esp. of bamboo (for personal grooming)",,,,,,,,,,,,,,,,utensil,,,,,,FALSE
2278,lalóp,noun,"kind of ray, the stingray",,,,,,,,,,,,,Urolophus testaceus,,,fish,,,,"lalo/p bintang \df kind of ray, the blue-spotted fantail ray, \sn Taeniura lymna \sf  fish, lalo/p cacebar \df kind of ray, the long-tailed ray, \sn Himantura uarnak \sf  fish, lalo/p manuk \df kind of ray, the spotted eagle-ray, \sn Aetobatus narinari \sf  fish",,FALSE
2279,lamak₁,intransitive verb,"delicious, oily and nutty",,,,,,,,,,,,,,,,,,,palamaki,,,FALSE
2280,lamak₂,verb,to add oil to something,,,,,,,,,,,,,,,,,,,,,,FALSE
2281,lamari,noun,"cupboard, armoire",,,,,,,,,,,,,,,,,,kas,,,,FALSE
2282,lamas₁,intransitive verb,"to be on the verge of drowning, to be beyond one's ken or strength, to be overwhelmed, to be vastly outsized, e.g. when trying on clothing far too large",,,,,,,,,,,,,,,,,,,lamas akang,,,FALSE
2283,lamas₂,verb,to drown or sink something or someone,,,,,,,,,,,,,,,,,,,,,,FALSE
2284,lamaurat₁,intransitive verb,to be nearly starved to death <hungry>,,,,,,,,,,,,,,,,,,,palamaurati,,,FALSE
2285,lamaurat₂,verb,"to cause someone to be hungry, to keep food from someone",,,,,,,,,,,,,,,,,,,,,,FALSE
2286,lambak,noun,"ravine, chasm",,,,,,,,,,,,,,,,geography,,oru-oru,,,,FALSE
2287,lambar₁,numeral classifier,"sheet, counter for paper, books, etc.",Kuala bukimu salambar?,How about if I take one of your books?,,,,,,,,,,,,,,,,,balambar-lambar,,,FALSE
2288,lambar₂,intransitive verb,to be arranged in numerous sheets,,,,,,,,,,,,,,,,,,,,,,FALSE
2289,lambat₁,intransitive verb,"slow-moving, tardy, late",,,,,,,,,,,,,,,,,,,lambati,,,FALSE
2290,lambat₂,verb,to delay someone,Kau mulambati aku bapaguna:ng.,You're delaying me from my work.,,,,,,,,,,,,,,,,,palambati,,,FALSE
2291,lambat₃,verb,"to reduce the speed of something, to slow something down",,,,,,,,,,,,,,,,,,,,,,FALSE
2292,lambe₁,intransitive verb,"to wave, to beckon",,,,,,,,,,,,,,,,,,,lambe akang,,,FALSE
2293,lambe₂,verb,to beckon someone at another's request,,,,,,,,,,,,,,,,,,,,,,FALSE
2294,lampa,intransitive verb,straight,,,,,,,,,,,,,,,archaic,,,,,,,FALSE
2295,lampa:ng,noun,"vegetable, esp. cooked dishes of boiled foods that contain vegetables, i.e. noodles,",,,,,,,,,,,,,,,,food,,,,lampa:ng garu \df kind of culinary preparation in which sliced vegetables are sauteed with very little oil and some spices \crm  garu,,FALSE
2296,lamét,noun,"kind of flat cake of cassava and palm sugar, wrapped in banana leaf",,,,,,,,,,,,,,,,food,,,,,,FALSE
2297,landasan,noun,"basis, airfield, landing trip",,,,,,,,,,,,,,,,,Indonesian,,,,,FALSE
2298,lande,intransitive verb,shallow,,,,,,,,,,,,,,,,,,,,,,FALSE
2299,lano,noun,"residue, renderings from making coconut oil",,,,,,,,,,,,,,,,culinary,,lanyjar,,,,FALSE
2300,lano-lano,noun,marrow,,,,,,,,,,,,,,,,body,,,,,,FALSE
2301,lanos₁,intransitive verb,withered (due to heat),,,,,,,,,,,,,,,,,,,palanosi,,,FALSE
2302,lanos₂,verb,to cause something to wither by heating it,,,,,,,,,,,,,,,,,,,,,,FALSE
2303,lantoro,noun,kind of tree,,,,,,,,,,,,,Leucaena glauca,,,plant,,,,,,FALSE
2304,langgamang,noun,"sensation preceding a fever attack, chills indicating the onset of illness",,,,,,,,,,,,,,,,health,,,,,,FALSE
2305,langgar₁,verb,to pass by,,,,,,,,,,,,,,,,,,,langgari,,,FALSE
2306,langgar₂,verb,to pass by something,Alengo kulanggari pasar sunyi manusia mone,"Just now I passed by the market, it was",,,,,,,,,,,,,,,,,,,,FALSE
2307,langgar₃,noun,an Islamic prayer house,,,,,,,,,,,,,,,,spiritual,,masigi/t,,,,FALSE
2308,langi-langit,noun,palate,,,,,,,,,,,,,,,,,,,,,,FALSE
2309,langit,noun,sky,,,,,,,,,,,,,,,,natural phenomenon,,,,,,FALSE
2310,langkap,verb,"fully equipped, fully furnished, complete",,,,,,,,,,,,,,,,,,,,,,FALSE
2311,langker₁,pronoun,"he, him",deminyá basaláng kita tolu nang langker babose hakali barikang,How about if he and,,,,,,,,,,,,respectful third person singular term of reference for older men,,,,,,,,FALSE
2312,langker₂,noun,"male elder, older man, male adult",si jafar mubei langker itu dodol,Jafar gave the man some durian cake.,,,,,,,,,,,,,,,,karukus,,,,FALSE
2313,langkuas,noun,"kind of ginger, used as a spice, the greater galangal",,,,,,,,,,,,,Languas galanga,,,plant,,,,,,FALSE
2314,langsung,adverb,"straightaway, without deviation or interuption, straight",tapasang kaca nang langsung seng hakali,We put in the glass and straightaway the zinc,kau muli langsung de ruma,Are you going straight home?,,,,,,,,,,,,,,bobuena,,,,FALSE
2315,lanycat-lanycat,noun,kind of tree,,,,,,,,,,,,,,,,plant,,,,,,FALSE
2316,lanyjar₁,noun,"dregs after frying fish, residue of scorched fragments",,,,,,,,,,,,,,,,culinary,,lano,,,,FALSE
2317,lanyjar₂,verb,"to loosen (of kite strings), to slacken (ropes)",,,,,,,,,,,,,,,,,,,lanyjari,,,FALSE
2318,lanyjar₃,verb,to slacken something for someone,,,,,,,,,,,,,,,,,,,,,,FALSE
2319,lanyjar₄,verb,to slacken something at someone's request,,,,,,,,,,,,,,,,,,,balanyjarang,,,FALSE
2320,lanyjar₅,intransitive verb,to be criss-crossed and tangled in a kite fight,filinggir dua balanyjarang ianta,Two kites are crossed there in a kite fight,,,,,,,,,,,,,,,,,palanyjari,,,FALSE
2321,lanyjar₆,verb,to slacken something (kite lines) in order to compete with another kite,,,,,,,,,,,,,,,,,,,lanyjar-lanyjar,,,FALSE
2322,lanyjar₇,intransitive verb,"loose (of strings), slack, easy-going",lanyjar-lanyjar hadiki mo kau,Don't you ever loosen up a little?,,,,,,,,,,,,,,,,"kalanyjarang, haria",,,,FALSE
2323,lao,noun,fish,lao ndule,roasted fish,,,,,,,,,,,,,,fish,,,,"lao ajarang \df kind of fish, the sea-horse, possibly the low-crowned sea-horse, \sn Hippocampus planifrons, fam. Syngnathidae \sf  fish, lao bandang \df kind of fish \sf  fish, lao bandera \df kind of fish, the feather-fin bullfish or the pennant coralfish, \sn Heniochus acuminatus \sf  fish, lao batu \df various kind of fish found in coral reef environments \sf  fish, lao bini \df kind of fish, possibly the sand bass \sn Psammoperca waigiensis \sf  fish, lao boki \df kind of brilliantly colored fish, the Venus tusk-fish or the blue parrot, \sn Choerodon venustus \sf  fish, lao boki ijo \df kind of fish, possibly the blue tusk-fish, {Choerodon albigena \sf  fish, lao boki baistrep \df kind of striped fish, \sn Choerodon \sf  fish, lao boki sela \df kind of fish, \sf  fish, lao busukang \df kind of very small fish, similar to ma:s, lao duriang \df kind of fish, the porcupine fish, \sn Diodon hystrix \sf  fish, lao gora \df kind of red fish with large eyes, lao idung lamak \df kind of fish, a threadfin, probably the colonial salmon, \sn Eleutheronema tetradactylum \sf  fish, lao ikur angus \df kind of fish, a herring, \sn Harengula \sf  fish, lao inggap \df kind of fish, the flying fish, \sn Cypsilurus \sf  fish, lao jawa-jawa \df kind of fish, the painted sweetlips or morowong, \sn Spilotichthys pictus \sf  fish, lao kakatua \df kind of fish, the tuskfish, \sn Choerodon \sf  fish, lao kakatua biru \df kind of fish, the purple tusk-fish or grass parrot, \sn Choerodon cephalotes \sf  fish, lao kakatua ijo \df kind of fish, the black-spot tusk-fish, \sn Choerodon schoenleinii \sf  fish, lao kiri/ng \df kind of food consisting of fish boiled in salt and a souring agent (mawe), lao kuli paser \df kind of fish, the ring-tailed surgeon-fish, \sn Acanthurus xanthopterus \sf  fish, lao kuring-kuring \df kind of white and black fish, lao mamakanga \df the time when fish feed <feeding times>, lao mati \df a time when fish are easily caught \sf  fishing, lao mbora \df kind of fish, a scad, perhaps the horse mackerel, \sn Trachurus declivis or another \sn Trachurus sp.] \sf  fish, lao nduyung \df dugong, sea cow, \sn Dugong dugong \sf  sea creature, lao  nggura-nggurat \df kind of light colored fish, lao noru \df kind of fish, lao papi: \df kind of black, thick-skinned fish with a small mouth, lao papua \df kind of fish, the peacock damsel-fish or sapphire demoiselle, \sn Pomacentrus pavo \sf  fish, lao puka \df kind of fish, possibly the red morwong, \sn Cheilodactylus fuscus \sf  fish, lao puti \df kind of fish, the iodine bream or the collared sea-bream, \sn Gymnocranius bitorquatus \sf  fish, lao raci \df kind of fish, the black-banded kingfish, \sn Seriolina nigrofasciata \sf  fish, lao roya \df kind of fish, similar to the garfish, lao ruma-ruma \df kind of fish similar to  mackerel, lao susumbilang \df kind of catfish, order Siluriformes, lao tajang \df kind of fish, a rabbitfish, possibly the golden-lined spinefoot, \sn Siganus guttatus \sf  fish, lao tampalong \df kind of fish, the two-banded Anemone fish, \sn Amphiprion akindynos \sf  fish, lao tatar \df kind of fish, the hairtail, \sn Trichurus savala \sf  fish, lao tatar batulang \df kind of fish, the wolf herring or knife-fish, \sn Chirocentrus dorab \sf  fish, lao tatar sabel \df kind of fish \sf  fish, lao tutuk \df kind of food made of dried fish pounded into small pieces or fragments \crm  aliofa \crm  alu alu \crm  anasage \crm  ane/i \crm  awakang \crm  balanak \crm  balukus \crm  bambano/t \crm  bibisang \crm  bigo \crm  bukuraci \crm  butu cina \crm  cacawilu \crm  cambaekat \crm  dalise \crm  daun baru \crm  dolosi \crm  gaca \crm  ginogi \crm  gogo lobo \crm  ilik \crm  iyu \crm  kabila \crm  kakalentik \crm  kapa-kapas \crm  kapala madang \crm  kapala togor \crm  koco-koco \crm  kokorai \crm  kolouno \crm  korat \crm  kotong \crm  kuisi \crm  lalo/p \crm  lolot \crm  lompa \crm  lompa-lompa \crm  lopi \crm  lopu \crm  lumpa-lumpat \crm  malaing \crm  mame/s \crm  maosik \crm  ma:s \crm  mata buku \crm  mata mambar \crm  mbaurat \crm  modalo karang \crm  mofil \crm  momar \crm  nanggoap \crm  ndaeping \crm  nggupi \crm  nonda \crm  nguti-nguti \crm  ondal \crm  pampang \crm  pangga \crm  papi/ \crm  pogot \crm  pulang-pulang \crm  puyu-puyu \crm  raja bau \crm  rantasi \crm  ruma-ruma \crm  sagalu/: \crm  salamanetu \crm  saradina \crm  sidar \crm  sikuda \crm  siloang \crm  singarok \crm  siwi \crm  soga \crm  sogili \crm  sorihi \crm  sulang \crm  sumbilang \crm  suo \crm  suru \crm  tampar puki \crm  tanggiri \crm  tatambola \crm  titiora \crm  toang \crm  tolap \crm  tolouro \crm  tontong \crm  totuko \crm  turumpe/t \crm  uhi \crm  utur \crm  wang",,FALSE
2324,lap,verb,to slap someone,,,,,,,,,,,,,,,casual,,,,,,,FALSE
2325,lapangan,,,,,,,,,,,,,,,,,,,,lapangang,,,,FALSE
2327,lapas₁,intransitive verb,to be released,,,,,,,,,,,,,,,,,,,lapas akang,,,FALSE
2328,lapas₂,verb,to release something,,,,,,,,,,,,,,,,,,,nalapas,,,FALSE
2329,lapas₃,intransitive verb,to be accidentally released or removed,Sandaliku nalapas.,My sandals came off.,,,,,,,,,,,,,,,,,,,,FALSE
2330,lapetak,noun,"garden at some distance from one's house, swidden",,,,,,,,,,,,,,,,,,,,"lapetak jurame \df swidden in secondary forest, lapetak kayuang \df swidden in primary forest \af  balapetak \ps  vi \df to cultivate the land, to work in one's garden",,FALSE
2331,lapisan,noun,layer,,,,,,,,,,,,,,,,,,,,,,FALSE
2332,lap-lap,noun,"dishtowel, napkin",,,,,,,,,,,,,,,,,,,,,,FALSE
2333,lapor₁,intransitive verb,"to report someone, to present someone to fulfill a certain requirement","basaláng talapor mo, tapabua tu kira-kira deminyá itu","If we do not report, how do you",,,,,,,,,,,,,,,,,,,,FALSE
2334,lapor₂,verb,to report something,,,,,,,,,,,,,,,,,,,,,,FALSE
2335,lapát,noun,,,,,,,,,,,,,,,,,,,,,,,FALSE
2336,lawang,,,,,,,,,,,,,,,,,,,,kayu lawang,,,,FALSE
2337,lawér,intransitive verb,"to walk aimlessly, to travel around to no specific purpose, to wander",,,,,,,,,,,,,,,,,,,,,,FALSE
2338,laíf,intransitive verb,"confused, forgetful, flighty, drunk",,,,,,,,,,,,,,,codeword,,,,,,,FALSE
2339,lebe,,,,,,,,,,,,,,,,,,,,lebi,,,,FALSE
2340,lebi,noun,more,tatapi tala pake senso sabap senso lebi capát,But we already use chainsaws because,,,,,,,,,,,,,,,,,,"lebi daulu \df first of all (in a sequence), lebi majang \df it would be better \il  lebi majang balampo ka taala suligi You had better go off and maybe get a sharpened stake. \crm  lemajang, lebi sisa \df even more, all the more so \il  sero ia tama lebi sisa As for a stationary fish trap, they (fish) go in in even greater numbers.",,FALSE
2341,lecak,noun,"earth, soil, sand, esp. granules that get into one's house, sand mixed with dirt on the streets, land, esp. as property, real estate",tatanyai itu lecak puang siá lecaka ini,We ask first about the land,whose land is this?,,,,,,,,,,,,,,,,,lecak bata \df clay \crm  katang,,FALSE
2342,lefo₁,noun,"an abbreviated, learner's version of the Quran",,,,,,,,,,,,,,,,spiritual,,,,,,FALSE
2343,lefo₂,intransitive verb,to write,,,,,,,,,,,,,,,,,,,lefoi,,,FALSE
2344,lefo₃,transitive verb,to write something for someone,,,,,,,,,,,,,,,,,,,balefo,,,FALSE
2345,lefo₄,intransitive verb,to engage in writing,,,,,,,,,,,,,,,,,,,palefoang,,,FALSE
2346,lefo₅,noun,"writing instruments, something written, a text",,,,,,,,,,,,,,,,,,,,,,FALSE
2347,leger,noun,curb,,,,,,,,,,,,,,,,,,,,,,FALSE
2348,lele₁,,,,,,,,,,,,,,,,,,,,,lele akang,,,FALSE
2349,lele₂,transitive verb,to bend something into a curve (e.g. to make an arch),,,,,,,,,,,,,,,,,,,nalele,,,FALSE
2350,lele₃,intransitive verb,"to be bent in a curve (e.g., to arch because of heavy weights on each side, to sag",,,,,,,,,,,,,,,,,,,,,,FALSE
2351,lelempe₁,noun,kind of pancake of sago flour,,,,,,,,,,,,,,,,sago,,,,,,FALSE
2351,lelempe₂,noun,kind of pancake of sago flour,,,,,,,,,,,,,,,,food,,,,,,FALSE
2352,leleáng₁,noun,"one who joins in cooperative work, someone who helps at a ritual meal <server> <helper>",,,,,,,,,,,,,,,,,,,baleleáng,,,FALSE
2353,leleáng₂,intransitive verb,"to help at a ritual meal, to participate in a community or family task",,,,,,,,,,,,,,,,,,,,,,FALSE
2354,lem,exclamation,yes,,,,,,,,,,,,,,,polite,,,jo,,,,FALSE
2355,lemajang,particle,it would be better,Lemajang kau babose ka da:.,You'd better paddle back to shore.,lemajang pabua kalero,It's better to build a bonfire.,,,,,,,,,,,,,,majang,,,,FALSE
2356,lema-lema,noun,kind of ropes (used for sails),,,,,,,,,,,,,,,,boat,,,,"lema-lema bini-bini \df the lower rigging of sails \sf  boat, lema-lema laki-laki \df the upper rigging of sails \sf  boat",,FALSE
2357,lembong₁,,,,,,,,,,,,,,,,,,,,,lembong akang,,,FALSE
2358,lembong₂,transitive verb,"to cause something to drift in the wind (by cutting a kite's line, by tossing sheets of paper in the air, etc.)",,,,,,,,,,,,,,,,,,,balembong,,,FALSE
2359,lembong₃,intransitive verb,"to waft in the wind, to be borne on an updraft",,,,,,,,,,,,,,,,,,,,,,FALSE
2360,lena₁,verb,"to woo someone, to go with someone",Kulena ia.,I'm courting her.,,,,,,,,,,,,,,,,,balena,,,FALSE
2361,lena₂,intransitive verb,"to be courting, to be flirtatious",,,,,,,,,,,,,,,,,,,,,,FALSE
2362,lendang,,,,,,,,,,,,,,,,,,,,bido lendang,,,,FALSE
2363,lengit₁,intransitive verb,to disappear,,,,,,,,,,,,,,,,,,,lengit akang,,,FALSE
2364,lengit₂,transitive verb,to cause something or someone to disappear,Musu yang hadiki mulengit akang musu yang barisi.,A handful of enemies cause a,,,,,,,,,,,,,,,,,balengit,,,FALSE
2365,lengit₃,intransitive verb,"to make someone scarce, to disappear from the scene, to vanish",Puda muala pondona nang tala balengit,Puda took his shirt and disappeared,,,,,,,,,,,,,,,,rigap,lengi-lengit,,,FALSE
2366,lengit₄,intransitive verb,to appear and to disappear,manusia lengi-lengit,disappearing folk,,,,,,,,,,,,,,,,,,,,FALSE
2367,lengit₅,noun,"twilight, nearly dark, uncertain vision",,,,,,,,,,,,,,,,,,,,,,FALSE
2368,leo₁,,,,,,,,,,,,,,,,,,,,,baleo-leo,,,FALSE
2369,leo₂,intransitive verb,"to be covered with water, to be flooded (of a surface)",,,,,,,,,,,,,,,,,,,,,,FALSE
2370,lepa,noun,the plaited sago leaf exterior and interior of a sago-meal container,,,,,,,,,,,,,,,,,,"babat, tali oi",,,,FALSE
2371,lepa-lepa,noun,kind of small dug-out,,,,,,,,,,,,,,,,boat,,nyjong,,,,FALSE
2372,leper₁,noun,"spoon, shovel or spade, bailing tool made of bamboo",,,,,,,,,,,,,,,,utensil,,,,,,FALSE
2372,leper₂,noun,"spoon, shovel or spade, bailing tool made of bamboo",,,,,,,,,,,,,,,,tool,,,,,,FALSE
2373,lepik₁,verb,to place something under something,Botangi ia de itu mulepik puang.,"Before you put it there, put something under it.",,,,,,,,,,,,,,,,,lepik akang,,,FALSE
2374,lepik₂,verb,"to place something (a mat, saucer, etc.) under something at someone's request",,,,,,,,,,,,,,,,,,,balepik,,,FALSE
2375,lepik₃,intransitive verb,to have breakfast,,,,,,,,,,,,,,,,,,,palepikang,,,FALSE
2376,lepik₄,noun,"breakfast, as it is laid out on the table",,,,,,,,,,,,,,,,,,,lepi-lepik,,,FALSE
2377,lepik₅,noun,"something placed under another object (e.g., placemat, wedge under a table leg, etc.), a stand for pots, trivet, anvil",,,,,,,,,,,,,,,,,,,,,,FALSE
2378,ler,noun,neck,,,,,,,,,,,,,,,,body,,,,"ler pokona \df the length of the neck, incl. the nape and base of the neck \sf  body",,FALSE
2379,lesa₁,noun,food (for the sultan),,,,,,,,,,,,,,,,,,,balesa,,,FALSE
2380,lesa₂,intransitive verb,"to eat, a term used to invite court officials and nobles",,,,,,,,,,,,,,,court,,,,,,,FALSE
2381,les₁,noun,"contribution, share (in an expense), dues",,,,,,,,,,,,,,,,,,,,,,FALSE
2382,les₂,noun,the frame of a door,,,,,,,,,,,,,,,,house,,,,,,FALSE
2383,leta,intransitive verb,to have a hare-lip,,,,,,,,,,,,,,,,body,,,,,,FALSE
2384,lewang,noun,"a stationary, erect blade used to husk coconuts <husker>",,,,,,,,,,,,,,,,tool,,,,,,FALSE
2385,lia₁,intransitive verb,"to have vision, to be able to see, to perceive, to have a viewpoint",kulia sodo kamí botangi silóng ka ba: itu,"In my view, you should put a shed up",,,,,,,,,,,,,,,,,,,,FALSE
2386,lia₂,verb,to see something,sarumanta haiku de mana ni alengo asar kita lia mo,"So, where is that friend of ours? At",,,,,,,,,,,,,,,,,liai,,,FALSE
2387,lia₃,verb,to look at something for someone,,,,,,,,,,,,,,,,,,,lia akang,,,FALSE
2388,lia₄,verb,to look after something at someone's request,,,,,,,,,,,,,,,,,,,balia,,,FALSE
2389,lia₅,intransitive verb,"to engage in viewing and gazing, to copy from someone's test",,,,,,,,,,,,,,,,,,,balia-lia:ng,,,FALSE
2390,lia₆,intransitive verb,"to see someone, to be close enough to see someone (of distances, e.g. between houses)",,,,,,,,,,,,,,,,,,tauli,lia-lia,,,FALSE
2391,lia₇,verb,"to look repeatedly or for some time at something, to gaze",talia-lia ka bawa mini lao-lao de karang-karang,"We looked steadily downwards, like",,,,,,,,,,,,,,,,,,,,FALSE
2392,liar,intransitive verb,"wild, undomesticated",,,,,,,,,,,,,,,,,,,,,,FALSE
2393,licing,intransitive verb,"wiped clean, without a crumb left, smooth, without thorns or protrusions",,,,,,,,,,,,,,,,,,"ambulung licing, lumba-lumba licing",,,,FALSE
2394,lida,noun,tongue,,,,,,,,,,,,,,,,body,,,,"lida nalipat \df to speak incorrectly, to experience a slip of the tongue \crm  peto lidana",,FALSE
2395,lida bebe,noun,"kind of marsh plant, kind of fern",,,,,,,,,,,,,"Monochoria vaginalis, Crypsinus stenophyllus",,,plant,,,,,,FALSE
2396,lida buaya,noun,"kind of plant, the aloe",,,,,,,,,,,,,Aloe vera,,,plant,,,,,,FALSE
2397,lidi,noun,dry midrib of a palm frond or leaf,,,,,,,,,,,,,,,,,,,,,,FALSE
2398,lika-lika₁,noun,"kind oftrap in which the prey stumbles into a shallow pit where a snare for its leg has, kind of baited snare which is jerked by the hunter when the prey, usually a bird, comes to",,,,,,,,,,,,,,,,,,,nalika-lika,,,FALSE
2399,lika-lika₂,intransitive verb,"to have erred, stumbled or faltered",,,,,,,,,,,,,,,,,,tamboang,,,,FALSE
2400,lilap₁,noun,lightning,,,,,,,,,,,,,,,,,,,balilap,,,FALSE
2401,lilap₂,intransitive verb,to be characterized by a flash of lightning,,,,,,,,,,,,,,,,,,,balilap-lilap,,,FALSE
2402,lilap₃,intransitive verb,to be characterized by continuous flashes of lightning,,,,,,,,,,,,,,,,natural phenomenon,,,,,,FALSE
2403,lilis₁,,,,,,,,,,,,,,,,,,,,,lilisi,,,FALSE
2404,lilis₂,verb,to slice around the edge of coconut flesh,,,,,,,,,,,,,,,,,,,lilis akang,,,FALSE
2405,lilis₃,verb,to slice around something for someone else,,,,,,,,,,,,,,,,,,,,,,FALSE
2406,lilit₁,,,,,,,,,,,,,,,,,,,,,liliti,,,FALSE
2407,lilit₂,verb,"to wrap around something, to encircle something",Muliliti kapalaku nang salia hadiki.,Please wrap some cloth around my head.,,,,,,,,,,,,,,,,,lilit akang,,,FALSE
2408,lilit₃,verb,to coil something at someone's request,,,,,,,,,,,,,,,,,,,balilit,,,FALSE
2409,lilit₄,intransitive verb,"to be coiled around, e.g. a snake on a branch",,,,,,,,,,,,,,,,,,,palili-lilit,,,FALSE
2410,lilit₅,intransitive verb,to go in circles,,,,,,,,,,,,,,,,,,,,,,FALSE
2411,lima,numeral,five,,,,,,,,,,,,,,,,,,,,lima pulu \df fifty,,FALSE
2412,limo,noun,various kind of citrus fruit,,,,,,,,,,,,,Rutaceae,,,plant,,,,"limo amas \df kind of sweet citrus, possibly \sn Citrus aurantiaca \sf  plant, limo cuit \df kind of small citrus, sweet orange, \sn Citrus sinensis \sf  plant, limo joro puru \df kind of citrus with a bumpy skin, \sn Citrus hystrix \sf  plant, limo kapal \df kind of large citrus,  pomelo, \sn Citrus maxima \sf  plant, limo nipis \df kind of citrus, lime, \sn Citrus aurantiifolia \sf  plant, limo panycungut \df kind of citrus with a bumpy skin \sf  plant, limo pucat \df kind of citrus with a bumpy skin \sf  plant, limo soar \df kind of citrus with fragrant leaves \sf  plant",,FALSE
2413,limpa,noun,spleen,,,,,,,,,,,,,,,,body,,,,,,FALSE
2414,limpung₁,,,,,,,,,,,,,,,,,,,,,balimpung,,,FALSE
2415,limpung₂,intransitive verb,"to collect in large numbers, to form a crowd",Pasi balimpung de babide.,They formed a crowd at the shrine.,,,,,,,,,,,,,,,,,palimpungang,,,FALSE
2416,limpung₃,noun,"grand meeting place, meeting hall",,,,,,,,,,,,,,,,,,,,,,FALSE
2417,lindung,noun,late afternoon,,,,,,,,,,,,,,,,,,,,,,FALSE
2418,lindur,noun,"earthquake, tremor, after-shock",,,,,,,,,,,,,,,,natural phenomenon,,,,,,FALSE
2419,lintang₁,,,,,,,,,,,,,,,,,,,,,lintangi,,,FALSE
2420,lintang₂,transitive verb,"to cause something to cross, to put something on an angle against something",muala kumbar bena lintangi ka sana,Take some sago midribs and put them on an angle,,,,,,,,,,,,,,,,,lintang akang,,,FALSE
2421,lintang₃,transitive verb,to put something on an angle or across something (at someone's request),,,,,,,,,,,,,,,,,,,linta-lintang,,,FALSE
2422,lintang₄,noun,"mid-section, mid-course, in the middle",,,,,,,,,,,,,,,,,,,,,,FALSE
2423,lingga-lingga,noun,kind of tree,,,,,,,,,,,,,,,,plant,,,,,,FALSE
2424,linggang₁,,,,,,,,,,,,,,,,,,,,,linggangi,,,FALSE
2425,linggang₂,verb,to tilt something,,,,,,,,,,,,,,,,,,,linggangi akang,,,FALSE
2426,linggang₃,verb,to tilt something at someone's request,,,,,,,,,,,,,,,,,,,linggang akang,,,FALSE
2427,linggang₄,verb,to tilt something,,,,,,,,,,,,,,,,,,,,"linggang akang nyjong \df to tip a small boat left then right forcefully in order to remove water \af  balinggang \ps  vi \df to tilt and tip, to be unstable (e.g. a boat in water) \crm balibalinggarang",,FALSE
2428,linggua,noun,kind of tree which yields house and furniture timber,,,,,,,,,,,,,,,,plant,,,,,,FALSE
2429,lingkar₁,numeral classifier,"coil, strand, counter of ropes, chains, necklaces, etc.",,,,,,,,,,,,,,,,,,,,,,FALSE
2430,lingkar₂,transitive verb,"to coil up (rope, etc.)",,,,,,,,,,,,,,,,,,,,,,FALSE
2431,linyca,noun,"kind of medium-sized black louse which infests the hair, possibly a stage in the growth",,,,,,,,,,,,,,,,insect,,,,,,FALSE
2432,lipa-lipat,noun,the fold of the knee or elbow (i.e. the back of those joints),,,,,,,,,,,,,,,,body,,,,,,FALSE
2433,lipas,noun,"kind of insect, the cockroach, suborder Blattaria",,,,,,,,,,,,,,,,insect,,,,,,FALSE
2434,lipat₁,verb,"to fold, to beat someone up",,,,,,,,,,,,,,,,,,,lipati,,,FALSE
2435,lipat₂,verb,to fold something for someone,,,,,,,,,,,,,,,,,,,lipat akang,,,FALSE
2436,lipat₃,verb,to fold something at someone's request,,,,,,,,,,,,,,,,,,,balipat,,,FALSE
2437,lipat₄,intransitive verb,"to engage in folding something, to sit with legs folded, haunches resting on the heels <squat>",balipat pondo,to fold shirts ( as a chore),,,,,,,,,,,,,,,,,nalipat,,,FALSE
2438,lipat₅,intransitive verb,to be unintentionally folded,,,,,,,,,,,,,,,,,,,nalipat-lipat,,,FALSE
2439,lipat₆,verb,"to be folded back many times, to be all folded and creased, to have fallen backwards repeatedly",ibobar sigodo nalipat-lipat de itu,"He beat them until they crumbled, folded over, right",,,,,,,,,,,,,,,,,,,,FALSE
2440,lipu,noun,"village, town (main village)",anaseni ba: ba: baku de lipu ka,"Some youth took it to carry sago to (Amasing) town, I guess.",,,,,,,,,,,,,,,,,,lipu puna \df authentic Bacanese \crm  kampong,,FALSE
2441,lir₁,noun,"sap exuded from certain plants, incl. sago, after they have been notched or slashed",,,,,,,,,,,,,,,,,,,balír,,,FALSE
2442,lir₂,intransitive verb,to exude sap or any viscous liquid,karang bido ni balír mo e,Staghorn coral does not exude liquids (when burned to,,,,,,,,,,,,,,,,,,,,FALSE
2443,litas,intransitive verb,shaved bald (of heads),,,,,,,,,,,,,,,,,,,,,,FALSE
2444,liu₁,,,,,,,,,,,,,,,,,,,,,baliu,,,FALSE
2445,liu₂,intransitive verb,"to have an irresistible desire for certain foods, to crave (of pregnant women)",,,,,,,,,,,,,,,,,,,baliu akang,,,FALSE
2446,liu₃,intransitive verb,to crave something specific,,,,,,,,,,,,,,,,,,,,,,FALSE
2447,liur,noun,"spittle, phlegm",,,,,,,,,,,,,,,,body,,,,,,FALSE
2448,liwar₁,intransitive verb,wide,lombo-lombona cengke alengo takore liwara sameter,Those pits for planting clove,,,,,,,,,,,,,,,,,paliwari,,,FALSE
2449,liwar₂,verb,to widen something,paliwari kas,to widen an armoire,,,,,,,,,,,,,,,,,,,,FALSE
2450,liwat₁,verb,to cook (rice),,,,,,,,,,,,,,,,,,,,,,FALSE
2451,liwat₂,intransitive verb,cooked,pamasik liwat,cooked rice,,,,,,,,,,,,,,,,,liwati,,,FALSE
2452,liwat₃,verb,to cook (rice) for someone,,,,,,,,,,,,,,,,,,,liwat akang,,,FALSE
2453,liwat₄,verb,to cook (rice) at another's request,,,,,,,,,,,,,,,,,,,liwati akang,,,FALSE
2454,liwat₅,verb,to cook (rice) for someone at another's request,,,,,,,,,,,,,,,,culinary,,,baliwat,,,FALSE
2455,liwat₆,intransitive verb,to be engaged in cooking rice,,,,,,,,,,,,,,,,,,masak,,,,FALSE
2456,loa₁,intransitive verb,"to be bent out of shape, to be straight (when it should be curved), e.g. of fish hooks",,,,,,,,,,,,,,,,,,,loai,,,FALSE
2457,loa₂,verb,to straighten something a bit for someone,,,,,,,,,,,,,,,,,,,loai akang,,,FALSE
2458,loa₃,verb,to straighten something at someone's request,,,,,,,,,,,,,,,,,,,loa akang,,,FALSE
2459,loa₄,verb,to straighten something at someone's request,,,,,,,,,,,,,,,,,,,paloai,,,FALSE
2460,loa₅,verb,to straighten something carefully,,,,,,,,,,,,,,,,,,,paloai akang,,,FALSE
2461,loa₆,verb,to straighten something carefully at someone's request,,,,,,,,,,,,,,,,,,,paloa akang,,,FALSE
2462,loa₇,verb,"to straighten something completely, to bend something straight",ia tala mupaloa akang kawil bo: jarong,He straightened out that hook into a (cobbler's),,,,,,,,,,,,,,,,benga,,,,FALSE
2463,loa-loa,adverb,"plain, without fixings, i.e. sugarless (of tea), without reservation, without terms, unqualifiedly",makang loa-loa,eat but without fish,longgar loa-loa,drink tea without cakes,Taumbuk loa-loa mitu mone,We don't ask for it without terms like that.,,,,,,,,,,,,,,,,FALSE
2464,loang,noun,"kind of tree, the Flamboyant or Flame tree",,,,,,,,,,,,,Delonix regia,,,plant,,,,loang papua \df kind of tree \sf  plant,,FALSE
2465,lobak,noun,"turnip, turnip greens",,,,,,,,,,,,,Brassica campestris,,,,,,,,,FALSE
2466,lobang,noun,shavings and curls left from planing wood,,,,,,,,,,,,,,,,,,,,,,FALSE
2467,lobi₁,intransitive verb,"to be overcast, to be cloudy",,,,,,,,,,,,,,,,,,,lobi-lobi,,,FALSE
2468,lobi₂,noun,shade,,,,,,,,,,,,,,,,,,,balobi-lobi,,,FALSE
2469,lobi₃,intransitive verb,to seek shade (e.g. beneath a tree),,,,,,,,,,,,,,,,,,,,,,FALSE
2470,lobong₁,verb,"to bury something, to hide something underground, to plant something (seeds, etc.)",,,,,,,,,,,,,,,,,,,lobong akang,,,FALSE
2471,lobong₂,verb,to bury or plant something at someone's request,,,,,,,,,,,,,,,,,,,balobong,,,FALSE
2472,lobong₃,intransitive verb,to be engaged in burying or planting,,,,,,,,,,,,,,,,,,,nalobong,,,FALSE
2473,lobong₄,intransitive verb,"enmired, stuck in mud",,,,,,,,,,,,,,,,,,,,,,FALSE
2474,loco₁,verb,"to push out (e.g. cake from a mold), to masturbate",,,,,,,,,,,,,,,,,,,baloco,,,FALSE
2475,loco₂,intransitive verb,to be engaged in masturbating,,,,,,,,,,,,,,,,,,,balolocoang,,,FALSE
2476,loco₃,intransitive verb,to engage in mutual genital stimulation,,,,,,,,,,,,,,,,,,,,,,FALSE
2477,lode,noun,kind of vegetable dish. featuring unripe jackfruit and a light coconut cream sauce,,,,,,,,,,,,,,,,,,,,,,FALSE
2478,lofra,,,,,,,,,,,,,,,,,,,,lopra,,,,FALSE
2479,loga-loga,noun,kind of oil taper,,,,,,,,,,,,,,,,,,,,,,FALSE
2480,logang,noun,thunderous rumble,,,,,,,,,,,,,,,,natural phenomenon,,,,,,FALSE
2481,logas,intransitive verb,"burned to a crisp, destroyed by fire",,,,,,,,,,,,,,,,,,,,,,FALSE
2482,logos,noun,bin for storing unhusked rice,,,,,,,,,,,,,,,,utensil,,,,,,FALSE
2483,lohi₁,verb,"to penetrate someone in sexual intercourse, to have sex with someone",,,,,,,,,,,,,,,,,,,lohi akang,,,FALSE
2484,lohi₂,verb,to penetrate someone in coitus at someone's request,,,,,,,,,,,,,,,,,,,balohi,,,FALSE
2485,lohi₃,intransitive verb,to engage in sexual intercourse,,,,,,,,,,,,,,,,,,,,,,FALSE
2486,lolahi₁,noun,curse,Lolahi mukanai kau.,May a curse befall you!,,,,,,,,,,,,,,,,,lolahi akang,,,FALSE
2487,lolahi₂,verb,"to curse someone, to revile someone",manusia kita kapo mo ilolahi akang kita,"People, if we don't show up, will just revile",,,,,,,,,,,,,,,,,,,,FALSE
2488,loleo,noun,"bay, cove",,,,,,,,,,,,,,,,,,,,,,FALSE
2489,lolot,noun,kind of fish,,,,,,,,,,,,,,,,fish,,,,,,FALSE
2490,lolóng,verb,"to hold in both arms, esp. a child",,,,,,,,,,,,,,,,,,,,,,FALSE
2491,lomba₁,,,,,,,,,,,,,,,,,,,,,balomba-lomba,,,FALSE
2492,lomba₂,intransitive verb,to engage in a competition <compete>,,,,,,,,,,,,,,,,,,,babalomba,,,FALSE
2493,lomba₃,intransitive verb,to be part of a contest in which persons compete,,,,,,,,,,,,,,,,,,,balobalomba:ng,,,FALSE
2494,lomba₄,intransitive verb,to compete against someone (of many persons),,,,,,,,,,,,,,,,,,,,,,FALSE
2495,lombang,noun,"kind of palm, fam. Palmaceae",,,,,,,,,,,,,,,,,,,,,,FALSE
2496,lombo-lombo,noun,"hole on a horizontal surface, pit, foxhole, bomb shelter",lombo-lombona cengke,the pit for planting clove seedlings,,,,,,,,,,,,,,,,lopra,,,,FALSE
2497,lombut₁,intransitive verb,soft,,,,,,,,,,,,,,,,,,,palombuti,,,FALSE
2498,lombut₂,verb,"to soften something, to mash something (e.g. bananas)",,,,,,,,,,,,,,,,,,,,,,FALSE
2499,lompa-lompa,noun,"kind of fish, the king snapper or rosy job-fish",,,,,,,,,,,,,Aprion microlepis,,,fish,,,,,,FALSE
2500,lompa₁,noun,"kind of fish, anchovy",,,,,,,,,,,,,Engraulis australis,,,fish,,,,,,FALSE
2501,lompa₂,,,,,,,,,,,,,,,,,,,,duriang mata-mata lompa,,,,FALSE
2502,londur,intransitive verb,to walk with an erratic sway (usually due to a congenital defect),,,,,,,,,,,,,,,,,,,,,,FALSE
2503,lontar₁,verb,to throw something,,,,,,,,,,,,,,,archaic,,,,,,,FALSE
2504,lontar₂,noun,"kind of palm, the palmyra palm, kind of trapezoid-shaped sail made of palm leaves",,,,,,,,,,,,,Borassus flabellifer,,archaic,,,barawango,,,,FALSE
2505,lonteng,noun,"ceiling, attic",,,,,,,,,,,,,,,,house,,,,,,FALSE
2506,longgar₁,verb,to drink something,,,,,,,,,,,,,,,,,,,longgari,,,FALSE
2507,longgar₂,verb,"to assist someone to drink, to serve someone a beverage, to drink something",pasi mulonggari anaseni te,They served the fellows tea,Longgari te barenti...,"After they've drunk the tea,...",,,,,,,,,,,,,,,longgar akang,,,FALSE
2508,longgar₃,verb,to serve beverages at someone's request,,,,,,,,,,,,,,,,,,,longgari akang,,,FALSE
2509,longgar₄,verb,to serve someone a beverage at another's request,kau mulonggari akang ia kofi,Serve her coffee (for me),,,,,,,,,,,,,,,,,balonggar,,,FALSE
2510,longgar₅,intransitive verb,to join in a ceremonial meal (featuring beverages) as part of the wedding ritual,,,,,,,,,,,,,,,,,,,palonggar,,,FALSE
2511,longgar₆,noun,chronic drinker,,,,,,,,,,,,,,,,,,,palonggarang,,,FALSE
2512,longgar₇,noun,one's customary (every day) glass or cup,,,,,,,,,,,,,,,,,,,,,,FALSE
2513,longgar₈,verb,loose-fitting,,,,,,,,,,,,,,,,,,lungga,,,,FALSE
2514,longkat₁,,,,,,,,,,,,,,,,,,,,,longkat akang,,,FALSE
2515,longkat₂,verb,to chip off the edge of something,"Ir, kana: kau mulongkat akang dinding itu?","Ir, why did you chip the edge off of that",,,,,,,,,,,,,,,,,nalongkat,,,FALSE
2516,longkat₃,intransitive verb,"to be chipped, to inadvertently expectorate",,,,,,,,,,,,,,,,,,,,,,FALSE
2517,longlóng,,,,,,,,,,,,,,,,,,,,saya longlo/ng,,,,FALSE
2518,long₁,noun,lung,,,,,,,,,,,,,,,casual,,,tama long,,,,FALSE
2519,long₂,,,,,,,,,,,,,,,,,,,,,balóng,,,FALSE
2520,long₃,intransitive verb,to eat,,,,,,,,,,,,,,,respectful,,,,palongang,,,FALSE
2521,long₄,noun,"eating utensils, crockery",,,,,,,,,,,,,,,,,,,,,,FALSE
2522,lonycar,noun,"side yard, space between houses",,,,,,,,,,,,,,,,,,,,,,FALSE
2523,lopa-lopa,noun,tobacco pouch,,,,,,,,,,,,,,,,,,,,,,FALSE
2524,lopi,noun,"kind of ray, the Devil ray",,,,,,,,,,,,,Manta alfredi,,,fish,,,,,,FALSE
2525,lopis,noun,kind of sweetmeat made with glutinous rice boiled in a banana leaf wrapper and served,,,,,,,,,,,,,,,,,,,,,,FALSE
2526,lopra,noun,"air raid shelter, foxhole",,,,,,,,,,,,,,,archaic,,,lombo-lombo,,,,FALSE
2527,lopu,noun,"kind of fish, stonefish",,,,,,,,,,,,,Scorpaenopsis cirrhosa,,,,,,,"lopu baloya \df kind of fish, probably the Guam scorpionfish, \sn Scorpaenodes guamensis \sf  fish, lopu karukus \df kind of fish, the dwarf lionfish \sn Dendrochirus zebra \sf  fish",,FALSE
2528,lor,intransitive verb,"to dissolve in water (e.g. sago flour, a medicinal potion, etc.)",,,,,,,,,,,,,,,,,,,,,,FALSE
2529,lori,noun,various kind of snipes,,,,,,,,,,,,,"Scolopacidae, Charadriidae",,,bird,,,,"lori pongo \df the long-billed curlew, similar to the eastern curlew, \sn Numenius madagascariensis <bird> \sf  bird, lori sawang \df the whimbrel, \sn Numenius phaeopus <bird> \sf  bird",,FALSE
2530,los₁,verb,"to loosen something (rope, etc.)",,,,,,,,,,,,,,,,,,,,,,FALSE
2531,los₂,intransitive verb,to be loose (of ropes),,,,,,,,,,,,,,,,,,,,,,FALSE
2532,losiang,noun,"arthritis, rheumatism",,,,,,,,,,,,,,,,health,,marusak,,,,FALSE
2533,losu-losung,noun,whirlpool,,,,,,,,,,,,,,,,natural phenomenon,,,,,,FALSE
2534,losung,noun,pestle,,,,,,,,,,,,,,,,utensil,,losu-losung,,losung anaka \df mortar \sf  utensil,,FALSE
2535,lotok,noun,bedroom,,,,,,,,,,,,,,,,,,,,"lotok puji \df the room in which are kept the royal paraphernalia (e.g. crown, sword and uniforms), where the sultan performed certain private rituals \sc  Arch \sf  house",,FALSE
2536,lotu₁,intransitive verb,"to shatter, to explode",Bubuena lindur po bukit lotu.,"Right after the earthquake, the mountain exploded.",,,,,,,,,,,,,,,,,lotu-lotu,,,FALSE
2537,lotu₂,verb,kind of pop gun made of bamboo,,,,,,,,,,,,,,,,,,,balotu,,,FALSE
2538,lotu₃,intransitive verb,to eat,,,,,,,,,,,,,,,coarse,,,aur lotu lotu,,,,FALSE
2539,loya₁,noun,sail,,,,,,,,,,,,,,,,boat,,mbarawak loya,baloya,,,FALSE
2540,loya₂,intransitive verb,"to be equipped with a sail, to go sailing, to depart, to embark on a trip",,,,,,,,,,,,,,,,sailing,,lopu baloya,,,,FALSE
2541,loyang,noun,tray,,,,,,,,,,,,,,,,,,,,,,FALSE
2542,lower,noun,diaper,,,,,,,,,,,,,,,,,,,,,,FALSE
2543,luang₁,intransitive verb,"to go away, to flee",manusia samaskali luang de kayuang,Everyone fled to the jungle,,,,,,,,,,,,,,,,,luang-luang,,,FALSE
2544,luang₂,intransitive verb,to flee repeatedly,,,,,,,,,,,,,,,,,,,luang akang,,,FALSE
2545,luang₃,verb,"to flee with something, to elope with someone",ia tala muluang akang anaka urang,He has eloped with someone's daughter.,,,,,,,,,,,,,,,,,baluang akang,,,FALSE
2546,luang₄,intransitive verb,to elope,pasi dua baluang akang de hakim,The two of them eloped and sought refuge at the,,,,,,,,,,,,,,,,,,,,FALSE
2547,luar,noun,"exterior, outside",,,,,,,,,,,,,,,,,,,,,,FALSE
2548,luas,intransitive verb,spacious,,,,,,,,,,,,,,,,,,,,,,FALSE
2549,lubok₁,verb,to tread on something,alengo kani mulubok paku kajanga mo bodito,A few minutes ago Kani stepped on a,,,,,,,,,,,,,,,,,lubok akang,,,FALSE
2550,lubok₂,verb,to step on something at someone's request,,,,,,,,,,,,,,,,,,,balubok,,,FALSE
2551,lubok₃,intransitive verb,to be in the process of treading,,,,,,,,,,,,,,,,,,,,balubok lecak \df a wedding ritual in which the bride and groom step on the earth for the first time as a couple,,FALSE
2552,lucur₁,adverb,very fast,,,,,,,,,,,,,,,,,,,nalucur,,,FALSE
2553,lucur₂,intransitive verb,to have slipped and fallen down,,,,,,,,,,,,,,,,,,,,,,FALSE
2554,luda₁,noun,"spittle, saliva",,,,,,,,,,,,,,,,body,,,ludai,,,FALSE
2555,luda₂,verb,"to spit on something or someone, to treat a pain by spitting on the affected area",ludai tangangku hadiki mangkali manusia mupabua,"Please spit on my (sore) arm,",,,,,,,,,,,,,,spiritual,,,ludai akang,,,FALSE
2556,luda₃,verb,to treat some affected body area by spitting on it at someone's request,,,,,,,,,,,,,,,,spiritual,,,baluda,,,FALSE
2557,luda₄,intransitive verb,to spit,,,,,,,,,,,,,,,,,,,baludana,,,FALSE
2558,luda₅,noun,"a habit of spitting, the act of spitting",,,,,,,,,,,,,,,,,,,baluda-baluda,,,FALSE
2559,luda₆,intransitive verb,to repeatedly spit,,,,,,,,,,,,,,,,,,,balubaluda:ng,,,FALSE
2560,luda₇,intransitive verb,to engage in spitting at someone (e.g. children playing),,,,,,,,,,,,,,,,,,,,,,FALSE
2561,luka₁,noun,wound,,,,,,,,,,,,,,,,,,,lukai,,,FALSE
2562,luka₂,verb,"to offend someone, to wound or hurt someone's feelings",pasi mubei maaf mo sabap tala mulukai nyawana pasi,They did not forgive him,,,,,,,,,,,,,,,,,,,,FALSE
2563,luli₁,noun,"a concoction drunk to counter the effects of a hex sign; this spiritual and physical antidote must be administered by the person who made the hex sign, a topical antidote made by collecting the foam tossed up by waves on the seashore; this is applied to the area of the body affected by the hex",,,,,,,,,,,,,,,,,,,luli akang,,,FALSE
2564,luli₂,verb,to deflect the negative effects of a hex sign by pouring a concoction on those items protected by the the hex sign,,,,,,,,,,,,,,,,spiritual,,uru,,,,FALSE
2565,lulung₁,verb,to roll up something flat and broad (e.g. a mat),,,,,,,,,,,,,,,,,,,lulungi,,,FALSE
2566,lulung₂,verb,to roll something up for someone,,,,,,,,,,,,,,,,,,,lulung akang,,,FALSE
2567,lulung₃,verb,to roll something up at another's request,,,,,,,,,,,,,,,,,,,balulung,,,FALSE
2568,lulung₄,intransitive verb,to be engaged in rolling up something (e.g. rope),,,,,,,,,,,,,,,,,,,,,,FALSE
2569,lumba-lumba,noun,dolphin or porpoise,,,,,,,,,,,,,Delphinidae,,,sea creature,,,,"lumba-lumba licing \df kind of dolphin \sf  sea creature, lumba-lumba batitik \df kind of spotted dolphin \sf  sea creature, lumba-lumba papat \df kind of large dolphin \sf  sea creature",,FALSE
2570,lumbang,,,,,,,,,,,,,,,,,,,,durian bapalumbang,,,,FALSE
2572,lumbar₁,verb,to bathe someone,Ia mulumbari adina ia.,He bathed his younger sibling.,,,,,,,,,,,,,,,,,balumbar,,,FALSE
2573,lumbar₂,intransitive verb,to bathe,,,,,,,,,,,,,,,,,,,,"balumbar pitu sumur \df a ritual bath undertaken at seven different wells as part of a pledge made when ill or as part of a wedding preparation, balumbar sapar \df an annual ritual (formerly held during Sapar month) during which participants bathe together in a river after writing prayers on leaves tied together and then floated on the water surface \af  balulumbarang \ps  vi \df to bathe in large numbers, often with mutual splashing, for example during the Sapar ritual \af  palumbarang \ps  n \df bathing place, bawi palumbaranga \df pig wallow",,FALSE
2574,lumbut-lumbut,noun,"moss, class Musci, and lichen",,,,,,,,,,,,,,,,plant,,lumu-lumut,,,,FALSE
2575,lumis,intransitive verb,"to eat sour food, to prefer sour food",Uria cece lumis laku.,"Uriah, don't eat so much sour food.",,,,,,,,,,,,,,,,,,,,FALSE
2576,lumpa-lumpat,noun,"kind of insect, perhaps themud-hopper",,,,,,,,,,,,,,,,insect,,,,lumpa-lumpat dolong \df kind of insect \sf  insect,,FALSE
2577,lumpat₁,,,,,,,,,,,,,,,,,,,,,lumpati,,,FALSE
2578,lumpat₂,verb,to jump across something,Ia mulumpati paisu.,He leaped across the ditch.,,,,,,,,,,,,,,,,,lumpat akang,,,FALSE
2579,lumpat₃,verb,"to run off with something, to bear away something in a hurry, to snatch or grab something",Nyanyá ma lumpat akang laone,The cat ran off with the fish.,yo bapanggil papá ka lau ka papá mulumpat akang salia ni e,So call father or have,,,,,,,,,,,,,,,balumpat,,,FALSE
2580,lumpat₄,intransitive verb,to run,itu torus manusia balumpat de lombo-lombo,Then it was that people straightaway ran,,,,,,,,,,,,,,,,,balumpa-lumpat,,,FALSE
2581,lumpat₅,intransitive verb,to run for some distance,,,,,,,,,,,,,,,,,,,malumpat,,,FALSE
2582,lumpat₆,intransitive verb,to run,,,,,,,,,,,,,,,,,,malumpat,,,,FALSE
2583,lumu-lumut,noun,moss,,,,,,,,,,,,,,,,,,,,,,FALSE
2584,ma,pronoun,"he, she, it",,,,,,,,,,,,,,a marker with third person pronoun to specify the agent,,,,mu-,,,,FALSE
2585,maaf₁,noun,forgiveness,kuumbuk maaf de kau,I ask forgiveness of you,,,,,,,,,,,,,,,,,maafi,,,FALSE
2586,maaf₂,verb,to forgive someone,,,,,,,,,,,,,,,,,,,bamaaf-maafang,,,FALSE
2587,maaf₃,intransitive verb,to forgive someone,,,,,,,,,,,,,,,,,,,bamabamaafang,,,FALSE
2588,maaf₄,intransitive verb,to forgive someone ( of several people),,,,,,,,,,,,,,,,,,,,,,FALSE
2589,maangkup,intransitive verb,to eat,,,,,,,,,,,,,,,slang,,,makang,,,,FALSE
2590,maaya,intransitive verb,"to give the commands to someone in certain dances, to call dances",,,,,,,,,,,,,,,,,,,,,,FALSE
2591,mabanek,,,,,,,,,,,,,,,,,,,,ngaaeka,,,,FALSE
2592,maba:ngat,intransitive verb,"to get heated up, i.e., to get worrisome, to look like trouble",,,,,,,,,,,,,,,,,,angat,,,,FALSE
2593,macang,noun,variety,kayu kalero hanya tolu macang,There are only three kinds of wood suitable for lime,,,,,,,,,,,,,,,,,,,,FALSE
2594,macang-macang₁,intransitive verb,"various, diverse",,,,,,,,,,,,,,,,,,,,,,FALSE
2595,macang-macang₂,pronoun,various things,idoa:kang kita macang-macang,They bring down on us curses about various aspects,,,,,,,,,,,,,,,,"rupa-rupa, bermacam",,,,FALSE
2596,madu₁,noun,"bee, honey",,,,,,,,,,,,,,,,insect,,,,,,FALSE
2596,madu₂,noun,"bee, honey",,,,,,,,,,,,,,,,food,,,,,,FALSE
2597,madu₃,noun,one's co-wife,,,,,,,,,,,,,,,,,,,bamadu,,,FALSE
2598,madu₄,intransitive verb,"to share a husband, to be co-wives <polygamy>",,,,,,,,,,,,,,,,,,,bamadu akang,,,FALSE
2599,madu₅,intransitive verb,"to engage in cheating on one's wife, to engage in extramarital infidelity (of males)",si mat bamadu akang binina ia nang alima,Mat is cheating on his wife by (carrying on,,,,,,,,,,,,,,,,,pamadu akang,,,FALSE
2600,madu₆,verb,"to cheat on someone (one's wife), to take up with another woman to someone's disadvantage",,,,,,,,,,,,,,,,,,,,,,FALSE
2601,maengket,intransitive verb,to go,,,,,,,,,,,,,,,slang,,,balampo,,,,FALSE
2602,magaríp,noun,the time of the Islamic prayer ritual at sunset,magaríp ni kita lia mo,At around sunset we didn't see him either.,,,,,,,,,,,,,,spiritual,,,,,,FALSE
2603,magiau,,,,,,,,,,,,,,,,,,,,dolosi magiau,,,,FALSE
2604,mahakuasa,intransitive verb,almighty,,,,,,,,,,,,,,,,,,,,,,FALSE
2605,maher,intransitive verb,"skilled, expert, knowledgeable",,,,,,,,,,,,,,,,,,,,,,FALSE
2606,mahera,noun,boat base,,,,,,,,,,,,,,,,boat,,,,,,FALSE
2607,mahál₁,intransitive verb,expensive,,,,,,,,,,,,,,,,,,,pamaháli,,,FALSE
2608,mahál₂,verb,"to make something expensive, to raise the price of something",,,,,,,,,,,,,,,,,,,,,,FALSE
2609,mai,,,,,,,,,,,,,,,,,,,,ka mai,,,,FALSE
2610,maimosa,noun,"kind of plant,  perhaps the mimosa",,,,,,,,,,,,,Mimosa invisa,,,plant,,,,,,FALSE
2611,mainatu₁,noun,"laundryman, laundress",,,,,,,,,,,,,,,,,,,bamainatu,,,FALSE
2612,mainatu₂,intransitive verb,to work as a launderer,,,,,,,,,,,,,,,,,,,,,,FALSE
2613,majang₁,intransitive verb,"ok, settled, fine, good, appropriate",tala majang kapé,It's settled or what?,majang ga ka kita tadapa kaluasang fur kita ka daya,"It's good too, I suppose, if we obtain space for ourselves landward.",,,,,,,,,,,,,,,bamajanjang,,,FALSE
2614,majang₂,intransitive verb,"to reestablish good relationships, to get back on good terms",,,,,,,,,,,,,,,,,,,pamajangi,,,FALSE
2615,majang₃,verb,"to improve, upgrade or better something (e.g. revamp a building project, improve a dictionary, etc.)",,,,,,,,,,,,,,,,,,,majang-majang,,,FALSE
2616,majang₄,intransitive verb,healthy,,,,,,,,,,,,,,,,health,,,,,,FALSE
2617,majang₅,adverb,"carefully, well",Musi taasapi majang-majang.,We must smoke it well.,,,,,,,,,,,,,,,,lemajang,,,,FALSE
2618,maju,intransitive verb,"to be advanced, to move forward",dunia tala maju tala bukang pake tamoang dang,The world has become advanced already,axes are not used anymore.,,,,,,,,,,,,,,,,,,,FALSE
2619,makan₁,,,,,,,,,,,,,,,,,,,,,makanang,,,FALSE
2620,makan₂,noun,food,makananga,its food,lampa:ng kangkong itu saja makanang mami waktu itu,"Swamp cabbage, that was our only food at that time.",,,,,,,,,,,,food,,,bamakanang,,,FALSE
2621,makan₃,intransitive verb,"to have a certain food, to be characterized by a certain diet or food item",kita ini bamakanang apé,We here regularly eat what?,,,,,,,,,,,,,,,,,pamakanang,,,FALSE
2622,makan₄,noun,one's customary plate (used at every meal),,,,,,,,,,,,,,,,,,,,"pamakanang dalama \df dining place, at the table, during a meal \crm  tambi \crm  makang",,FALSE
2623,makang,verb,to eat something,sapa minggu dang tala dapa makang itu buáng itu,How many weeks more was it that you could eat those langsat fruits there?,,,,,,,,,,,,,,,,,,"makang sau/ng \df to partake in the pre-dawn meal during the fasting month \af  mamakang \ps  vi \df to have a meal, to eat or dine \il  lao mamakanga the times when fish feed \df to nibble at bait \il  basaláng lao mamakang moyo, yogo pabua deminyá If the fish don't bite, how should we do it? \ps  v \df to use up, require or consume some commodity, time or space \il  makang waktu use up time \il riana itu tu balaka mamakang sapa kubit itu The (yard's) size will use up how many cubic meters of lumber? \df to damage something, to harm something (esp. with spells, etc.), to affect something negatively \il  Baláng uru itu, mumakang pasi ka mumakang kau ka.  As for hexes, they either devour those who defy them or they devour those who set them up. \crm  sa/ung \crm  makanang \crm  pamakanang",,FALSE
2624,makarau,noun,eclipse,udang makarau,lunar eclipse,,,,,,,,,,,,,,natural phenomenon,,,,,,FALSE
2625,makota,noun,"crown, royal headgear, esp. of the crown of the Sultan of Bacan, an arrangement of",,,,,,,,,,,,,,,,,,,,,,FALSE
2626,makru,verb,"allowed by Islamic law but best avoided (e.g., certain foods may be eaten but",,,,,,,,,,,,,,,,,,"hala/l, hara/m",,,,FALSE
2627,maksut,noun,"intention, purpose",maksut jat,bad intention,maksut notai maksut supaya capát kering,The purpose of ringing (a tree) is so that it,,,,,,,,,,,,,,,,,,FALSE
2628,maksutnya,noun,"meaning, that is",,,,,,,,,,,,,,,,,,,,,,FALSE
2629,makuta,,,,,,,,,,,,,,,,,,,,makota,,,,FALSE
2630,malaekat,noun,angel,,,,,,,,,,,,,,,,,,almanangkir,,,,FALSE
2631,malaing₁,intransitive verb,"different, odd, remarkable",I: gari-garismu habua ini malaing,"Hey, these matches of yours are odd",,,,,,,,,,,,,,,,,malailaing,,,FALSE
2632,malaing₂,intransitive verb,"various, diverse, differing",kita indaya malailaing,We in the interior had diverse and different (experiences).,,,,,,,,,,,,,,,,,malamalaingang,,,FALSE
2633,malaing₃,intransitive verb,to be different from each other,,,,,,,,,,,,,,,,,,lalaina,,,,FALSE
2634,malakat,intransitive verb,"to stick on, to stick together, to adhere",,,,,,,,,,,,,,,,,,lakat,,,,FALSE
2635,malakit,intransitive verb,to always accompany or follow along,,,,,,,,,,,,,,,,,,,,,,FALSE
2636,malambua,noun,kind of tree,,,,,,,,,,,,,,,,plant,,,,"malambua cacebar \df kind of tree \sf  plant, malambua bukit \df kind of tree \sf  plant",,FALSE
2637,malang,,"night, as in the number of nights, eve",pitu malang,seven nights,malang apé,on the eve of what (day),,,,,,,,,,,,,,,,"malang aha/t \df Saturday night, i.e. Sunday eve \crm  aha/t \crm  saptu/ \crm  ari malang",,FALSE
2638,malayu,noun,"Malay language, Indonesian",malayu batikang perlindungan,In Indonesian we say 'perlindungan',,,,,,,,,,,,,,,,,,,,FALSE
2639,malaíng,noun,"kind of fish, the mangrove jack or red bream",,,,,,,,,,,,,Lutjanus argentimaculatus,,,fish,,,,,,FALSE
2640,maleset,intransitive verb,to decline,,,,,,,,,,,,,,,,,,,,,,FALSE
2641,malimbing,noun,various kind of trees bearing edible fruit,,,,,,,,,,,,,Averrhoa,,,plant,,,,"malimbing joronga \df kind of tree bearing edible fruit, carambola, \sn Averrhoa carambola \sf  plant, malimbing iba \df kind of tree bearing edible fruit, \sn Averrhoa bilimbi <camias> \sf  plant",,FALSE
2642,malindop,intransitive verb,to dodge and avoid blows or stabs,,,,,,,,,,,,,,,,,,,,,,FALSE
2643,malopó,intransitive verb,"to blister (from a burn, etc.)",,,,,,,,,,,,,,,,,,,,,,FALSE
2644,malumpat,,,,,,,,,,,,,,,,,,,,lumpat,,,,FALSE
2645,mam,intransitive verb,to eat,,,,,,,,,,,,,,,children's language,,,,,,,FALSE
2646,mamaca,intransitive verb,to shatter the eggshell (said of chicks),,,,,,,,,,,,,,,,,,,,,,FALSE
2647,mamakang,,,,,,,,,,,,,,,,,,,,makang,,,,FALSE
2648,mamalawangang,intransitive verb,"to oppose someone, to contradict someone, to argue with someone",,,,,,,,,,,,,,,,,,lawang,,,,FALSE
2649,mamananga,locative,the middle,Yasir duduk de mamananga.,Yasir's sitting in the middle.,,,,,,,,,,,,,,,,,,mamananga de...nang... \df between \il  Yasir duduk de mamananga de Rus nang Rifai.  Yasir's sitting between Rus and Rifai. \crm  hatanga \crm  tanga malang,,FALSE
2650,mambalou,intransitive verb,to talk in one's sleep,,,,,,,,,,,,,,,,,,,,,,FALSE
2651,mambar,,,,,,,,,,,,,,,,,,,,mata mambar,,,,FALSE
2652,mambolit,noun,pincers-like utensil to serve up sago porridge,,,,,,,,,,,,,,,,utensil,,mbolit,,,,FALSE
2653,mambong,intransitive verb,to blossom,,,,,,,,,,,,,,,,,,,,,,FALSE
2654,mamborosa,noun,bud (unopened),,,,,,,,,,,,,,,,,,,,,,FALSE
2655,mambual,noun,"kind of insect, termite, suborder Isoptera, possibly the wetwood termite",,,,,,,,,,,,,Coptotermes formosanus,,,insect,,,,,,FALSE
2656,mambum,,,,,,,,,,,,,,,,,,,,mambu/ng,,,,FALSE
2657,mambuta,intransitive verb,to sleep,,,,,,,,,,,,,,,coarse,,,buta,,,,FALSE
2658,mambó,noun,kind of tree yielding fruit similar to kanari,,,,,,,,,,,,,,,,plant,,,,,,FALSE
2659,mambíng,noun,"kind of insect, cicada, suborder Homoptera, possibly the large brown cicida",,,,,,,,,,,,,Cryptotympana mimica,,,insect,,,,"mambu/ng amas \df kind of stinkbug, suborder Heteroptera \sf  insect, mambu/ng ambulung \df kind of beetle, order Coleoptera \sf  insect, mambu/ng nggaoti \df scarab beetle,with ornamentation on the head and prothorax, probably the unicorn beetle, \sn Xylotrupes gideon \sf  insect, mambu/ng lecak \df kind of beetle, order Coleoptera \sf  insect",,FALSE
2660,mametiki,intransitive verb,"to repair or construct a thatch roof, to roof, to patch a roof or net",jadi mametiki barenti torus kita tidu de itu ka ba:,"Thus, after we have roofed it, then we",,,,,,,,,,,,,,,,,,,,FALSE
2661,mami,pronoun,our,makanang mami,our food (not yours),lapetak mami ni kira-kira lima pulu hektar,Our garden is about fifty hectares.,,,,,,,,,,first person plural exclusive genitive marker,,,,kami,,,,FALSE
2662,mamis₁,intransitive verb,sweet,nang masak itu ia mamis isterek,"And when it's ripe, it's extraordinarily sweet.",,,,,,,,,,,,,,,,,pamamisi,,,FALSE
2663,mamis₂,verb,"to sweeten something, to rinse out something ( e.g. clothes to which soap still adheres)",,,,,,,,,,,,,,,,,,,bapamamisi,,,FALSE
2664,mamis₃,intransitive verb,to rinse clothing as a task,,,,,,,,,,,,,,,,,,,,,,FALSE
2665,mamolotós,intransitive verb,to eat,,,,,,,,,,,,,,,coarse,,,,,,,FALSE
2666,mamoros,intransitive verb,"mixed, diverse, incremental",,,,,,,,,,,,,,,,,,"moros, poros",,,,FALSE
2667,mamotena,intransitive verb,"to be affected by spirits, to be possessed",,,,,,,,,,,,,,,,,Malay,,,,,FALSE
2668,mampo,intransitive verb,to be capable,,,,,,,,,,,,,,,,,,pauli,,,,FALSE
2669,mamulit,intransitive verb,to suck at bones or fish heads,,,,,,,,,,,,,,,,,,,,,,FALSE
2670,mamá₁,noun,mother,,,,,,,,,,,,,,,,kinship,,,,,,FALSE
2671,mamá₂,exclamation,mother!,aku bukang maing sengsara mamá,"I was in incredible pain, sweet mother!",,,,,,,,,,,,a particle expressing pain or amazement,,,,ina,,,,FALSE
2672,mamés,noun,"kind of fish, the common pony-fish",,,,,,,,,,,,,"Equula equula or, Leiognathus equula",,,fish,,,,,,FALSE
2673,mana,pronoun,where,ka mana,to where,,,,,,,,,,,,,,,,,,"de mana \df where, at which place \df from where, whence",,FALSE
2674,manabang₁,intransitive verb,to chop down trees (as a regular activity),manabang alengo itu tapake tamoang,"That chopping down I just mentioned, well we",,,,,,,,,,,,,,,,,manabangi,,,FALSE
2675,manabang₂,intransitive verb,to chop down many or certain trees,,,,,,,,,,,,,,,,,,tabang,,,,FALSE
2676,manahang,intransitive verb,"to last, to survive, to remain intact",dodol manahang biar sodo sataung,Durian sweets last (without getting spoiled) even up,,,,,,,,,,,,,,,,tahang,,,,FALSE
2677,manakala,conjunction,"when, if",,,,,,,,,,,,,,,,,,apabila,,,,FALSE
2678,mananderu,,,,,,,,,,,,,,,,,,,,nyjong mananderu,,,,FALSE
2679,manandoi₁,verb,"to watch something, to be a spectator at something",manandoi felem,to watch a movie,,,,,,,,,,,,,,,,,manandoi akang,,,FALSE
2680,manandoi₂,verb,"to assist someone to be a spectator (e.g. to take a small child to a dramatic presentation, to",,,,,,,,,,,,,,,,,,,,,,FALSE
2681,manara,noun,"muzzein's tower, lookout, watch-tower",,,,,,,,,,,,,,,,,,,,,,FALSE
2682,manda:,noun,"the prow, the front part of a boat",,,,,,,,,,,,,,,,boat,,,,,,FALSE
2683,mandapat,noun,hearth,,,,,,,,,,,,,,,archaic,,,dalikang,,,,FALSE
2684,mandayá,noun,kind of tree bearing edible fruit,,,,,,,,,,,,,Diospyros discolor,,,plant,,,,,,FALSE
2685,manderés₁,verb,"to repeat, restudy or reread something (e.g. reread the Quran, restudy a lesson)",,,,,,,,,,,,,,,,,,,manderés akang,,,FALSE
2686,manderés₂,verb,to repeat something for someone else (e.g. to direct a rehearsal for someone else),,,,,,,,,,,,,,,,,,,,,,FALSE
2687,mandóng,intransitive verb,overcast,,,,,,,,,,,,,,,,,,lobi,,,,FALSE
2688,mani:,noun,sperm,,,,,,,,,,,,,,,,body,,,,,,FALSE
2689,maniang,verb,"to climb something, to go to a higher position of something",,,,,,,,,,,,,,,,,,tiang,,,,FALSE
2690,mani-mani,noun,beads,,,,,,,,,,,,,,,,,,,,,,FALSE
2691,manimpi₁,verb,"to dream of something, to dream some event",ari malang aku manimpi panycungut muoku si umar,Last night I dreamed a sorcerer,,,,,,,,,,,,,,,,,manimpi akang,,,FALSE
2692,manimpi₂,verb,to dream of something,Aku kumanimpi akang kau rodak de nggaoti.,I dreamed that you fell from a coconut,,,,,,,,,,,,,,,,,,,,FALSE
2693,manindingi,,,,,,,,,,,,,,,,,,,,dinding,,,,FALSE
2694,maningkot,intransitive verb,to stand on tip toes,,,,,,,,,,,,,,,,,,"paraningkot, tingkot",,,,FALSE
2695,maniti,,,,,,,,,,,,,,,,,,,,titi,,,,FALSE
2696,manser,noun,codeword for an outsider with whom one is on friendly terms,,,,,,,,,,,,,,,,,,,,,,FALSE
2697,mansia,,,,,,,,,,,,,,,,,,,,manusia,,,,FALSE
2698,mantak,intransitive verb,"to be ill, to be painful, difficult, painstaking",kapala mantak,headache,taumang doit tu mantak,Trying to earn money is difficult.,,,,,,,,,,,,health,,kumatar,,"mantak puntiana \df to suffer from hysteria (of women who encounter the puntiana) \af  pamantaki \ps  v \df to cause pain to something, to harm something \il  paguna:ng itu pamantaki badang That job just harms the body. \df to inflict pain on someone (in an unseen way, of devils) \il  ibilís yang mupamantaki ia It was the devil who inflicted pain on her \df to hurt someone, to offend someone \il  cece mupamantaki nyawana ia  Don't hurt her feelings.",,FALSE
2699,mantega,noun,"margarine, butter",,,,,,,,,,,,,,,,,,,,,,FALSE
2700,mantri,noun,"health worker, medical technician",,,,,,,,,,,,,,,,,,,,,,FALSE
2701,manuk,noun,chicken,manuk cicak,kind of variegated chicken,,,,,,,,,,,Gallus gallus,,,bird,,,,"manuk tumana \df chicken louse, order Phthiraptera \sf  insect",,FALSE
2702,manuk ala-alang,noun,kind of bird,,,,,,,,,,,,,,,,bird,,,,,,FALSE
2703,manuk kayuang,noun,"kind of bird, probably the mudhen or moorhen",,,,,,,,,,,,,Gallinula chloropus,,,bird,,,,,,FALSE
2704,manuk paga,,,,,,,,,,,,,,,,,,,,manupaga,,,,FALSE
2705,manuk soa,noun,kind of bird,,,,,,,,,,,,,,,,bird,,,,,,FALSE
2706,manu-manuk,noun,the upper part of the facial cheeks,,,,,,,,,,,,,,,,,,parang-parang,,,,FALSE
2707,manunggara,,,,,,,,,,,,,,,,,,,,"salatang manunggara, timur manunggara, tunggara",,,,FALSE
2708,manupaga,noun,"kind of bird, the seagull",,,,,,,,,,,,,Laridae,,,bird,,,,,,FALSE
2709,manurung,noun,kind of plant,,,,,,,,,,,,,,,,plant,,,,"manurung sawang \df kind of seaside plant, \sn Clerodendron inerme \sf  plant",,FALSE
2710,manurut,preposition,according to,manurut urang tua-tua,according to elders,kita tatuka manurut apé yang pasi sabayá tukayana,We buy according to what price,,,,,,,,,,,,,,,,,,FALSE
2711,manusia,noun,"people, person, human, unspecified agents, some person, somebody",manusia baca:ng,the Bacanese,manusia Indonesia,Indonesians,dang karna ada manusia muumbuk,and because there was somebody asking for it,,,,,,,,,,,,,,"manusia alim \df pious members of the community, religious faction \sf  society, manusia banyak \df the public, the community \il  tabotang puang manusia banyak cece mo idoá:kang kita nang kita We bear in mind first of all the community lest they lay a curse, we among ourselves., manusia lengi-lengit \df disappearing folk, supernatural persons with the ability to become visible at will, sprite \sf  spiritual",,FALSE
2712,manusu,intransitive verb,to suckle,,,,,,,,,,,,,,,,,,,,,,FALSE
2713,manóng,intransitive verb,"to bark, to yap",,,,,,,,,,,,,,,,,,"tong, kung-kung",,,,FALSE
2714,mangaji,intransitive verb,"to recite or chant passages of the Quran, to learn how to recite and read the Quran, to study with a Quranic teacher",daulu kamí mangaji cara deminyá,In the old days how did you all learn to recite the,,,,,,,,,,,,,,spiritual,,"pangaji akang, bangaji",,,,FALSE
2715,mangaku,intransitive verb,"to nod one's head in agreement, to agree",aku batikang ole aku tala mangaku de pasi,I said yes,I agreed in their presence.,,,,,,,,,,,,,,,"pangao, aku",,,,FALSE
2716,mangale nana,noun,"one's hidden intention, one's unspoken purpose",mangale nana imau ala doitku,He really wanted to take my money.,,,,,,,,,,,,,,,,ngale,,,,FALSE
2717,mangamuk,intransitive verb,to be very angry to the point of doing or threatening violence,,,,,,,,,,,,,,,,,,,,,,FALSE
2718,mangantuk,intransitive verb,to be sleepy,,,,,,,,,,,,,,,,,,antuk,,,,FALSE
2719,mangarti,intransitive verb,"to understand, to comprehend",,,,,,,,,,,,,,,,,,eti,,,,FALSE
2720,mangga,,,,,,,,,,,,,,,,,,,,tanyjung mangga,,,,FALSE
2721,mangga-mangga,noun,the lower stomach (of chickens),,,,,,,,,,,,,,,,,,,,,,FALSE
2722,manggilamung,intransitive verb,to prise out weeds and shrubs with a lever-like tool,,,,,,,,,,,,,,,,,,nggilamung,,,,FALSE
2723,manggurewat,intransitive verb,"to cluck before laying eggs (of hens), to screech and make shrill noises (of certain birds)",,,,,,,,,,,,,,,,,,bakokoto/k,,,,FALSE
2724,manggustang,noun,"kind of tree bearing edible fruit, the mangosteen",,,,,,,,,,,,,Garcinia mangostana,,,plant,,,,,,FALSE
2725,mangguti,intransitive verb,to moan and groan in pain,,,,,,,,,,,,,,,,,,,,,,FALSE
2726,mangkali,particle,"perhaps, maybe",,,,,,,,,,,,,,,,,,,,,,FALSE
2727,manyompo,,,,,,,,,,,,,,,,,,,,sompo,,,,FALSE
2728,manyulur,intransitive verb,to creep and to spread (of vines),,,,,,,,,,,,,,,,,,karuaya manyulur,,,,FALSE
2729,manyák,intransitive verb,"to weep, to howl (of dogs)",,,,,,,,,,,,,,,,,,,,,,FALSE
2730,manyán,noun,incense,,,,,,,,,,,,,,,,,,dupa,,,,FALSE
2731,maokopi,,,,,,,,,,,,,,,,,,,,okop,,,,FALSE
2732,maosik,noun,"kind of fish, perhaps the giant herring",,,,,,,,,,,,,Elops australis,,,fish,,,,,,FALSE
2733,mara,noun,"Makian, an island of North Maluku",,,,,,,,,,,,,,,,place name,,nganggo mara,,,,FALSE
2734,marabose₁,noun,"kind of traditional dance, the steps of which evoke paddling gestures",,,,,,,,,,,,,,,,,,,,,,FALSE
2735,marabose₂,intransitive verb,"to dance the marabose,",,,,,,,,,,,,,,,,,,"mara, bose",,,,FALSE
2736,maramas,,,,,,,,,,,,,,,,,,,,ramas,,,,FALSE
2737,marasai,intransitive verb,difficult,,,,,,,,,,,,,,,,,,,,,,FALSE
2738,marawás,noun,"kind of large, flat drum, similar to a large tambourine",,,,,,,,,,,,,,,,,,,,,,FALSE
2739,marentes₁,intransitive verb,to open new land,,,,,,,,,,,,,,,,,,,,,,FALSE
2740,marentes₂,verb,to undertake or construct something new,,,,,,,,,,,,,,,,,,,,marentes jalang \df to construct a new road \crm  tolagumi,,FALSE
2741,maretis,,,,,,,,,,,,,,,,,,,,retis,,,,FALSE
2742,maritang,noun,"kind of small, sour rambutan, <fruit> <tree>",,,,,,,,,,,,,Nephelium,,,,,rambutang,,,,FALSE
2743,maropo,,,,,,,,,,,,,,,,,,,,ngguming,,,,FALSE
2744,marosong₁,intransitive verb,strong,,,,,,,,,,,,,,,,,,,pamarosongi,,,FALSE
2745,marosong₂,verb,to strengthen something,,,,,,,,,,,,,,,,,,,,,,FALSE
2746,martelu,noun,hammer,,,,,,,,,,,,,,,,,,,,,,FALSE
2747,marumbung,noun,"kind of large mollusc found in mud banks, the banded bankivia",,,,,,,,,,,,,Bankivia fasciata,,,,,,,,,FALSE
2748,marurang,intransitive verb,to suffer from rheumatism and arthritis,,,,,,,,,,,,,,,,,,,,,,FALSE
2749,maruwahe,intransitive verb,"to act rude, to do whatever one pleases",,,,,,,,,,,,,,,,,,,,,,FALSE
2750,ma:s,noun,kind of fish,,,,,,,,,,,,,,,,fish,,,,,,FALSE
2751,mas tampawang,noun,kind of sweetmeat made of mashed bananas and coconut,,,,,,,,,,,,,,,,food,,,,,,FALSE
2752,masaala,noun,problem,,,,,,,,,,,,,,,,,,,,,,FALSE
2753,masak₁,intransitive verb,"ripe, ripen, cooked",kita bajagai basáng masak sabiji dua,We keep watch just in case one or two (durians),paisu masaka,boiled water,,,,,,,,,,,,culinary,,,masak akang,,,FALSE
2754,masak₂,verb,to cook something,,,,,,,,,,,,,,,,,,,bamasakang,,,FALSE
2755,masak₃,intransitive verb,to become ripe (e.g. bananas kept overnight),,,,,,,,,,,,,,,,,,,pamasaki,,,FALSE
2756,masak₄,verb,"to ripen something by storing it, to finish the cooking of something",,,,,,,,,,,,,,,,,,liwat,babakumasak,,,FALSE
2757,masak₅,intransitive verb,to be only partially ripe (of durian),,,,,,,,,,,,,,,,,,mangka/l,,,,FALSE
2758,masala,noun,"problem, issue",masala pajak,tax problem,,,,,,,,,,,,,,,,,,,,FALSE
2759,masalaing₁,noun,"medicine man, shaman",,,,,,,,,,,,,,,,society,,sou-sou,,,,FALSE
2759,masalaing₂,noun,"medicine man, shaman",,,,,,,,,,,,,,,,spiritual,,sou-sou,,,,FALSE
2760,masang,noun,"kind of tree bearing edible fruit, the kedongdong or otaheite apple",,,,,,,,,,,,,Spondias cytherea,,,plant,,,,,,FALSE
2761,masarakat,noun,"society, community",,,,,,,,,,,,,,,,society,,urang banyak,,,,FALSE
2762,masarang,noun,kind of palm similar to the talipot palm,,,,,,,,,,,,,Corypha umbraculifera,,,plant,,,,masarang laki-laki \df kind of palm \sf  plant,,FALSE
2763,masaya,noun,"village head, appointed by the sultan",,,,,,,,,,,,,,,archaic,,,kapala kampung,,,,FALSE
2764,masgíl,intransitive verb,"to be sad and upset, to be emotionally moved (by sad news)",,,,,,,,,,,,,,,,,,,,,,FALSE
2765,masi,particle,"still, yet",,,,,,,,,,,,,,,,,,,,,,FALSE
2766,masiat,noun,"immorality, licentiousness",,,,,,,,,,,,,,,,,,,,,,FALSE
2767,masigeiye,intransitive verb,firm and resolved in one's purpose or intent,,,,,,,,,,,,,,,,,,,,,,FALSE
2768,masigít,noun,mosque,,,,,,,,,,,,,,,,spiritual,,,,,,FALSE
2769,masing₁,intransitive verb,salty (of liquids),,,,,,,,,,,,,,,,,,paisu masing,,,,FALSE
2770,masing₂,noun,sea water,hidup de lecak tapi mamakang ianta de masing buluta,live on the muddy bottom but,,,,,,,,,,,,,,,,,,,,FALSE
2771,masing-masing,pronoun,each,,,,,,,,,,,,,,,,,,,,,,FALSE
2772,masjít,,,,,,,,,,,,,,,,,,,,masigi/t,,,,FALSE
2775,masín,noun,"machine, any mechanized device",,,,,,,,,,,,,,,,,,,,,,FALSE
2776,mata buku,noun,"kind of fish, the Papuan trevally",,,,,,,,,,,,,Caranx sansun and other trevallies,,,fish,,,,"mata buku pulang \df kind of fish, the Coachwhip trevally, \sn Carangoides oblongus \sf  fish",,FALSE
2777,mata cayana,noun,"the favorite or chosen, esp. of clothing (e.g. the one selected from a range of",,,,,,,,,,,,,,,,,,caya,,,,FALSE
2778,mata mambar,noun,"kind of fish with disproportionately large eyes, the red bullseye",,,,,,,,,,,,,Priacanthus macracanthus,,,fish,,,,,,FALSE
2779,mata panycungut,noun,kind of vine,,,,,,,,,,,,,Abrus precatorius,,,plant,,,,,,FALSE
2780,mata salana,noun,"outsider, stranger",,,,,,,,,,,,,,,,,,pacaminang,,,,FALSE
2781,mata-mata,intransitive verb,"raw, uncooked",lao mata-mata,fresh fish,,,,,,,,,,,,,,,,duriang mata-mata lompar,,,,FALSE
2782,mata₁,noun,eye,,,,,,,,,,,,,,,,body,,,,"mata angata \df evil eye \sf  spiritual, mata balaga \df dizzy, faint, mata bulu-buluna \df eyelash \sf  body, mata buruk \df to be sleepy, although one has already had sufficient sleep, mata juling \df cross-eyed, mata pakijap \df to suffer from repeated and involuntary blinking, mata parumangina \df eyelid \sf  body, mata ranycis \df infection of the eye, conjunctivitis, mata tudunga \df the area below the eye, the bags of the eyes \df the upper eye-lid \sf  health \crm  susu matana \crm  mata salana \crm  mata cayana \af  matai \ps  v \df to keep an eye on something or someone \af  mata-matai \ps  v \df to observe something or someone carefully",,FALSE
2783,mata₂,noun,"blade, edge (of a cutting tool)",,,,,,,,,,,,,,,,,,,,baku matana \df the upper edge of a piece of sago bread,,FALSE
2784,mata₃,noun,source,,,,,,,,,,,,,,,,,,,,,,FALSE
2785,matatá:,noun,the Giant sea anemone,,,,,,,,,,,,,Radianthus,,,sea creature,,,,,,FALSE
2786,mati₁,intransitive verb,"dead, in serious trouble, extinguished (of a fire), off (of a light or electrical appliance)",manusia mati samaskali de lombo-lombo dalama,People died in large numbers inside the foxholes.,apina cece mati,Don't let the fire go out.,kudu-kudu matina,burned out parts of firewood,,,,,,,,,,,,lao mati,mati-mati,,,FALSE
2787,mati₂,noun,"the deceased, a sobriquet before the names of the dead",mati-mati pa umar,"Mr. Umar, the deceased",,,,,,,,,,,,,,,,"aruaha, almarhu/m",bamati-matiang,,,FALSE
2788,mati₃,intransitive verb,to undertake a task with perseverance taken to the extreme,,,,,,,,,,,,,,,,,,,pamati:,,,FALSE
2789,mati₄,verb,"to extinguish something ( a flame) or turn off something ( an electrical device), to kill someone or something",,,,,,,,,,,,,,,coarse,,,,,,,FALSE
2790,matua,noun,parent-in-law,,,,,,,,,,,,,,,,kinship,,minantu,,,,FALSE
2791,mau₁,verb,to desire something,,,,,,,,,,,,,,,,,,yogo,,,,FALSE
2792,mau₂,noun,"a desire or whim, requirement",tempo-tempo mauna paisu,Sometimes it needs (its requirement is) water.,,,,,,,,,,,,,,,,nyausu/:,,,,FALSE
2793,mauat,intransitive verb,to feel nauseous,,,,,,,,,,,,,,,,,,,,,,FALSE
2794,mauk₁,intransitive verb,"to be drunk, dizzy or nauseous",,,,,,,,,,,,,,,,,,,pamauki,,,FALSE
2795,mauk₂,verb,"to cause someone to be intoxicated, to inebriate someone",,,,,,,,,,,,,,,,,,,pamauk akang,,,FALSE
2796,mauk₃,verb,"to cause someone to be intoxicated, to inebriate someone",,,,,,,,,,,,,,,,,,,,,,FALSE
2797,maulo,verb,to call someone (who is out of sight),Maulo si Yasir kamai aku yogo su: ia.,"Call Yasir here, I have something I want him to done",,,,,,,,,,,,,,,,,,,,FALSE
2798,maulít,noun,the Islamic holiday commemorating the birth of the prophet Muhammad,,,,,,,,,,,,,,,,spiritual,,,,,,FALSE
2799,mayana,noun,"kind of plant, Perilla",,,,,,,,,,,,,Perilla frutescens,,,plant,,,,,,FALSE
2800,mayás,noun,fog,,,,,,,,,,,,,,,,natural phenomenon,,,,,,FALSE
2801,mayét,noun,corpse,,,,,,,,,,,,,,,,,,bangke,,,,FALSE
2802,mawali,intransitive verb,"a bit damp or soggy, not crisp (when it should be, e.g., of roasted peanuts)",,,,,,,,,,,,,,,,,,,,,,FALSE
2803,mawe₁,noun,kind of tree yielding a sour fruit used to make sauces,,,,,,,,,,,,,,,,plant,,,mawe akang,,,FALSE
2804,mawe₂,verb,to flavor or sour something by using or adding mawe fruit,,,,,,,,,,,,,,,,,,,,,,FALSE
2805,maóp,intransitive verb,to fish with a net,jadi kita parcuma maóp bajual lao mata-mata ni,So it's useless for us to go net-fishing,,,,,,,,,,,,,,fishing,,op,,,,FALSE
2806,mbalu:,noun,kind of hook with a feather lure,,,,,,,,,,,,,,,,fishing,,,,,,FALSE
2807,mbanék,,,,,,,,,,,,,,,,,,,,nggaeka mbane/k,,,,FALSE
2808,mbaos,noun,"kind of plant, similar to ginger",,,,,,,,,,,,,,,,,,,,,,FALSE
2809,mbarawak,noun,certain kind of large lizards,,,,,,,,,,,,,,,,animal,,,,"mbarawak ular \df kind of lizard, the monitor lizard, \sn Varanus salvator \sf  animal, mbarawak loya \df kind oflizard, the sail-fin lizard, \sn Hydrosaurus amboinensis \sf  animal",,FALSE
2810,mbaroi,noun,"kind of fish, the banded wobbegong",,,,,,,,,,,,,Orectolobus ornatus,,,fish,,,,,,FALSE
2811,mbaurat,noun,"kind of fish, possibly the leaping bonito",,,,,,,,,,,,,Cybiosarda elegans,,,fish,,,,,,FALSE
2812,mbenang,noun,kind of tree,,,,,,,,,,,,,,,,plant,,,,,,FALSE
2813,mbilat-mbilat,adverb,irregularly (of some action which should be on a regular basis),basambeang mbilat-mbilat,to perform Islamic prayers now and then (instead of the,,,,,,,,,,,,,,,,,,,,FALSE
2814,mbiyoang,noun,"kind of echinoderm, the basket starfish",,,,,,,,,,,,,Euryale,,,sea creature,,,,,,FALSE
2815,mbolit₁,verb,to serve up something (sago porridge),,,,,,,,,,,,,,,,,,,mboliti,,,FALSE
2816,mbolit₂,verb,to serve up a sago portion for someone,,,,,,,,,,,,,,,,,,,mbolit akang,,,FALSE
2817,mbolit₃,verb,to serve up sago porridge at someone's request,,,,,,,,,,,,,,,,,,,bambolit,,,FALSE
2818,mbolit₄,intransitive verb,to be engaged in pinching off portions of sago porridge in one's plate,,,,,,,,,,,,,,,,,,,bambolitang,,,FALSE
2819,mbolit₅,intransitive verb,to pinch off sago portions for someone,,,,,,,,,,,,,,,,,,,pambolit akang,,,FALSE
2820,mbolit₆,verb,to stir and mix intensively the sago porridge with the serving utensils because the,,,,,,,,,,,,,,,,,,,pambolitang,,,FALSE
2821,mbolit₇,noun,"the result of one's serving up sago porridge, i.e. a serving prepared in a certain way",,,,,,,,,,,,,,,,,,mambolit,,,,FALSE
2822,mbong₁,noun,"flower (of a fruit tree or vegetable), blossom",,,,,,,,,,,,,,,,,,,bambong,,,FALSE
2823,mbong₂,intransitive verb,"to be in flower, to blossom",,,,,,,,,,,,,,,,,,,,,,FALSE
2824,mbora,,,,,,,,,,,,,,,,,,,,lao mbora,,,,FALSE
2825,mboyang susu,noun,"kind of plant, perhaps the asthuma herb",,,,,,,,,,,,,Euphorbia hirta,,,plant,,,,,,FALSE
2826,mboyang-mboyang,noun,"shrub, small plant, undergrowth",,,,,,,,,,,,,,,,plant,,,,"mboyang-mboyang rong \df kind of fern, perhaps the pepperwort \sn Marsilea quadrifolia \sf  plant",,FALSE
2827,mboyat,noun,driftwood and other flotsam on the shore,,,,,,,,,,,,,,,,,,apar-apar,,,,FALSE
2828,mbuku,noun,"kind of bird, the owl",,,,,,,,,,,,,Strigiformes,,,bird,,,,,,FALSE
2829,mbulat,,,,,,,,,,,,,,,,,,,,"labung mbulat, bulat",,,,FALSE
2830,me,pronoun,"that one, the one",Ia me sarumángiku iskola de esde,He is the one who was my friend in elementary,,,,,,,,,,,,,,,,ma,,"me ini \df the one here \il  Me ini buk. This is the book here. \crm  mini, me itu \df the one there \crm  mitu",,FALSE
2831,me:,ideophone,"the sound made by a goat, the sound of bleating",,,,,,,,,,,,,,,,,,,,,,FALSE
2832,mecik₁,noun,"girlfriend, boyfriend",,,,,,,,,,,,,,,slang,,,,bamecik,,,FALSE
2833,mecik₂,intransitive verb,to have a sweetheart,,,,,,,,,,,,,,,,,,,,,,FALSE
2834,mede₁,noun,"girlfriend, boyfriend",,,,,,,,,,,,,,,slang,,,,bamede,,,FALSE
2835,mede₂,intransitive verb,to have a sweetheart,,,,,,,,,,,,,,,,,,,,,,FALSE
2836,mega,noun,cloud,,,,,,,,,,,,,,,archaic,natural phenomenon,,,,,,FALSE
2837,meja₁,noun,table,,,,,,,,,,,,,,,,,,,bameja,,,FALSE
2838,meja₂,intransitive verb,"to use a table, to send tables or boats full of cakes and sweetmeats to the family of the bride or",,,,,,,,,,,,,,,,,,,,,,FALSE
2839,meki,noun,kind of tall evil spirit,,,,,,,,,,,,,,,,,,,,,,FALSE
2840,memang,particle,"certainly, undoubtedly, surely",a: ini memang mantak,"So, this is surely painstaking",,,,,,,,,,,,,,,,,,,,FALSE
2841,meme₁,,,,,,,,,,,,,,,,,,,,,memei,,,FALSE
2842,meme₂,transitive verb,to make faces at someone,,,,,,,,,,,,,,,,,,,bameme,,,FALSE
2843,meme₃,intransitive verb,to grimace and gesture with the face in order to mock and irritate,,,,,,,,,,,,,,,,,,,,,,FALSE
2844,memerlukan,verb,to need,,,,,,,,,,,,,,,,,Indonesian,,,,,FALSE
2845,memét,noun,kind of bird,,,,,,,,,,,,,,,,bird,,,,,,FALSE
2846,mena,conjunction,"then, following that (in a series of events)",bakokobu barenti mena tatanang cengke,"After the second burning, then we (can) plant",dumik akang jojaga itu puong mena tama bakaya,"Finish the hut first, then start",,,,,,,,,,,,,,bubuena,,,,FALSE
2847,menda,intransitive verb,"tasteless, insipid",,,,,,,,,,,,,,,,,,,,,,FALSE
2848,mendis,intransitive verb,to improperly and flirtatiously go out frequently <roam>,,,,,,,,,,,,,,,,,,,,,,FALSE
2849,mes,noun,"government quarters, housing for officials and civil servants",,,,,,,,,,,,,,,,,,,,,,FALSE
2850,mesel,noun,cement floor,,,,,,,,,,,,,,,,house,,fonderen,,,,FALSE
2851,meskena,conjunction,"although, however",meskena kamí bei ka sana nang ka mai ke tala ingatangmí tala mo tala,Although you,,,,,,,,,,,,,,,,,,,,FALSE
2852,mestér,verb,"to pay attention to someone, to heed someone",Cece mestér pasi.,Don't heed them.,,,,,,,,,,,,,,,,,,,,FALSE
2853,meter,noun,meter,,,,,,,,,,,,,,,,,,,,,,FALSE
2854,met-met,noun,"kind of insect, firefly",,,,,,,,,,,,,Lampyridae,,,insect,,,,,,FALSE
2855,mi,noun,noodle,,,,,,,,,,,,,,,,,,,,,,FALSE
2856,mil,noun,nautical mile,,,,,,,,,,,,,,,,,,,,,,FALSE
2857,mimbar,noun,"pulpit, esp. the podium from which sermons are read in a mosque",,,,,,,,,,,,,,,,,,,,,,FALSE
2858,mimis₁,,,,,,,,,,,,,,,,,,,,,mimisi,,,FALSE
2859,mimis₂,verb,to sell something to someone,,,,,,,,,,,,,,,codeword,,,,mimis akang,,,FALSE
2860,mimis₃,verb,to sell something at someone's request,,,,,,,,,,,,,,,codeword,,,,,,,FALSE
2861,minantu₁,noun,"son-in-law, daughter-in-law",,,,,,,,,,,,,,,,kinship,,,baminantu,,,FALSE
2862,minantu₂,intransitive verb,to have sons-in-law or daughters-in-law,pa ojep baminantu ngan alkani,Mr. Ojep has Alkani as his son-in-law.,,,,,,,,,,,,,,,,matua,,,,FALSE
2863,mini,conjunction,"in this way, like this",,,,,,,,,,,,,,,,,,"mitu, me",,,,FALSE
2864,minggu,noun,week,,,,,,,,,,,,,,,,,,,,,,FALSE
2865,minya tana,noun,kerosene,,,,,,,,,,,,,,,,,,,,,,FALSE
2866,minyak,noun,oil,,,,,,,,,,,,,,,,,,,,minyak papoa \df coconut oil \af  baminyak \ps  vi \df to be oily or greasy,,FALSE
2867,minyjang₁,verb,"to borrow, to ask to borrow something, to request the loan of something",Mubei aku minyjang tatoal.,Let me borrow a knife.,anaseni ni muminyjang bolung po tala iba: tu,These kids haven't even asked to borrow,,,,,,,,,,,,,,,minyjangi,,,FALSE
2868,minyjang₂,verb,to lend someone something,Ia muminyjangi aku pondone,He lent me a shirt.,,,,,,,,,,,,,,,,,minyjangi akang,,,FALSE
2869,minyjang₃,verb,to lend something at someone's request,kuminyjangi akang felpeng bo: ia,I lent a pen to him,,,,,,,,,,,,,,,,,minyjang akang,,,FALSE
2870,minyjang₄,verb,to lend something to someone at another's request,Muminyjang akang ia tatoal.,Lend him a knife.,,,,,,,,,,,,,,,,,baminyjangang,,,FALSE
2871,minyjang₅,intransitive verb,to borrow from someone,,,,,,,,,,,,,,,,,,,bamibaminyjangang,,,FALSE
2872,minyjang₆,intransitive verb,to borrow from someone (of several persons or in consecutive order),,,,,,,,,,,,,,,,,,,paminyjangang,,,FALSE
2873,minyjang₇,noun,"something borrowed, a loan",,,,,,,,,,,,,,,,,,,,,,FALSE
2874,minyola,noun,kind of fried sweetmeat made of grated cassava with a palm sugar filling,,,,,,,,,,,,,,,,,,,,,,FALSE
2875,miraji,noun,the Islamic holiday which commemorates Muhammad's ascent to heaven from the,,,,,,,,,,,,,,,,spiritual,,,,,,FALSE
2876,mirang,noun,the fine hairs on the exterior of certain bamboos,,,,,,,,,,,,,,,,,,,,,,FALSE
2877,miri,noun,"bile, gall, esp. of fish",,,,,,,,,,,,,,,,,,,,,,FALSE
2878,miris₁,intransitive verb,to leak,,,,,,,,,,,,,,,,,,,mirisi,,,FALSE
2879,miris₂,transitive verb,to leak on something,,,,,,,,,,,,,,,,,,,miris akang,,,FALSE
2880,miris₃,verb,to make something leak,,,,,,,,,,,,,,,,,,,pamirisi,,,FALSE
2881,miris₄,verb,to perforate something to make it leak (e.g. so it will drain better),,,,,,,,,,,,,,,,,,,namiris,,,FALSE
2882,miris₅,intransitive verb,to be leaky,,,,,,,,,,,,,,,,,,,,,,FALSE
2883,misilang,particle,"just as if, similar, esp. in citing proverbs",misilang nyjong po tala naposuk,Like a boat with a leak (said of broken things which,,,,,,,,,,,,,,,,,,,,FALSE
2884,mitu₁,conjunction,"in that way, like that",,,,,,,,,,,,,,,,,,,,,,FALSE
2885,mitu₂,particle,"approximately, or so",lima meter mitu,five meters or so,,,,,,,,,,,,,,,,"mini, me",,,,FALSE
2886,mo,negation,"no, not",aku hawater mo,I am not worried,mitu mo,not like that,ia logas mo,It was not burned thoroughly.,,,,,,,,,,,,,,"mo e \df not at all, definitely not \df otherwise, if not \il  tagagang mo semen lime mortar, otherwise, cement \crm  moyo \ps  part \gc  sentence final particle to mark questions, esp. seeking assent \df right?, is it not so \il  taistiár mo We've made our plans, right? \il  jadi kamí batak lao mo So you fellows were out snagging fish, right? \ps  conj \df lest \il  Cece isa-isap susu mo gigi capát binasa.  Don't suck at their breasts lest your teeth go bad fast.",,FALSE
2887,mo:,particle,"as, similar to",modél mo: dodol mitu,something like dodol or such,,,,,,,,,,,,,,,,,,,,FALSE
2888,moak₁,,,,,,,,,,,,,,,,,,,,,namoak,,,FALSE
2889,moak₂,intransitive verb,"to gush forth (e.g., of spurting blood, a gushing spring, etc.)",,,,,,,,,,,,,,,,,,,,,,FALSE
2890,moco,intransitive verb,to be too hard (of certain cakes when baked improperly),,,,,,,,,,,,,,,casual,,Malay,,,,,FALSE
2891,modal,noun,investment capital,,,,,,,,,,,,,,,,,,,,,,FALSE
2892,modalo karang,noun,kind of fish,,,,,,,,,,,,,,,,fish,,papi/,,,,FALSE
2893,moderen,intransitive verb,modern,,,,,,,,,,,,,,,,,,,,,,FALSE
2894,moding,noun,"lower ranking mosque official, below the muzzein",,,,,,,,,,,,,,,,,,ompu,,,,FALSE
2895,modél,preposition,"like, similar to",tapabua modél pasi ianta de ndeit,We did as they (do) over at Ndeit.,modél kumkím,like a pigeon,,,,,,,,,,,,,,,,,,FALSE
2896,mofil,noun,kind of fish,,,,,,,,,,,,,,,,fish,,,,"mofil tatambola \df kind of fish, the golden trevally, \sn Gnathanodon speciosus \crm  mata buku \sf  fish",,FALSE
2897,mok,noun,metallic cup,,,,,,,,,,,,,,,,utensil,,"kopi, bokor, muci",,,,FALSE
2898,mol,noun,loincloth,,,,,,,,,,,,,,,archaic,,,,,,,FALSE
2899,morosong,,,,,,,,,,,,,,,,,,,,marosong,,,,FALSE
2901,morutu,intransitive verb,"to be prone to wear clothing out quickly, hard on clothes <rough>",kau ini morutuna pakeang bobuena ke tuka tala narebus po,You are so hard on clothes!,,,,,,,,,,,,,,,,,,,,FALSE
2902,moróm,noun,coconut leaf sheathe,,,,,,,,,,,,,,,,,,,,,,FALSE
2903,motoa,noun,kind of tree,,,,,,,,,,,,,,,,plant,,,,,,FALSE
2904,motor,noun,"boat, with an internal engine",,,,,,,,,,,,,,,,boat,,,,,,FALSE
2905,motor fis,noun,motorcycle,,,,,,,,,,,,,,,,,,"fis, honda",,,,FALSE
2906,mou,intransitive verb,"speechless, mute, speech-impaired",,,,,,,,,,,,,,,,,,,,,,FALSE
2907,moyo,negation,"not, no, it doesn't exist, it isn't there, there is none.., completely finished, all gone",logas moyo hapiak itu,That part was not burned.,basaláng moyo adaing ala tapis karung,"If not, then just take a gunny-sack filter.",cece batikang barandang moyo,Don't say it will be wet! No!,Moyo ole.,Right. It isn't there.,yo gigi tala moyo,"It's true, as for my teeth, they are all gone.",,,,,,,,mo,,,,FALSE
2908,mpu,pronoun,"sir, a respectful term of address, esp. for one's Quranic teacher",dangang sasaraurang mpu,"Just me, sir.",,,,,,,,,,,,,respectful,,,"ompu, pu",,,,FALSE
2909,-mu:₁,,,,,,,,,,,,,,,,second person plural genitive marker,,,,,,,,FALSE
2910,-mu:₂,pronoun,your,inamu:,your (pl.) mother,,,,,,,,,,,,,,,,kamu/,,,,FALSE
2911,-mu,pronoun,your,inamu,your mother,,,,,,,,,,,,second person singular genitive marker,,,,kamu/,,,,FALSE
2912,mu-,vm,,ia mumakang kasbi,He eats cassava.,pasi mubotaing itu icampur nang kayu toto,They set it up mixed with that wood.,tala pasi mudanga,They had heard.,,,,,,,,"affix marking verbs to indicate second person singular, or third person subjects",,,,,,,,FALSE
2913,muat₁,verb,to load,Kau balampo mumuat kayu.,Go and load some wood.,,,,,,,,,,,,,,,,,muati,,,FALSE
2914,muat₂,transitive verb,to load something for someone,Kau ka da: muati aku kayu.,Go inland and load up some wood for me.,,,,,,,,,,,,,,,,,,,,FALSE
2915,mubajir,noun,"a waste (e.g. of food), useless consumption or expenditure of something (e.g. energy)",,,,,,,,,,,,,,,,,,,,,,FALSE
2916,muci,noun,"very small cup, kind of serving dish with multiple small compartments for various condiments",,,,,,,,,,,,,,,,,,kate-kate muci,,,,FALSE
2917,muhamadán,exclamation,"By the Prophet!, a mild exclamation of surprise",muhamadán reana,"By the Prophet, that's big!",,,,,,,,,,,,,,,,,,,,FALSE
2918,Muhamat,noun,"the prophet, Muhammad",,,,,,,,,,,,,,,,personal name,,,,,,FALSE
2919,muharam,noun,the first month of the Islamic calendar,,,,,,,,,,,,,,,,,,,,,,FALSE
2920,muja-muja,noun,flower petals cut into bits for use in rituals,,,,,,,,,,,,,,,,,,paisu muja-muja,,,,FALSE
2921,muka,noun,"face, countenance",,,,,,,,,,,,,,,,,,rupa,,,,FALSE
2922,mula₁,noun,debt,,,,,,,,,,,,,,,,,,,bamula,,,FALSE
2923,mula₂,intransitive verb,"to be in debt, tp be indebted",,,,,,,,,,,,,,,,,,,,,,FALSE
2924,mula₃,,,pasi bamula de kami sajuta,They are in debt to us for one million (rupiah),,,,,,,,,,,,,,,,pamula:ng,,,,FALSE
2925,mulai₁,particle,starting,,,,,,,,,,,,,,,,,,,,,,FALSE
2926,mulai₂,intransitive verb,"to begin, to start, or start off",tala mulai,It's started,itu manusia bakaya ini mulai dari tabang ambulung,"As for persons processing sago, it",dadi nampisiang mulai kita dua ka da:,So tomorrow shall the two of us start for the,,,,,,,,,,,,,,,,FALSE
2927,muli₁,verb,"to return, esp. to return home, to pass away <die>",kira-kira jam sabayá kamí muli alengo,About what time did you go home then?,,,,,,,,,,,,,polite,,,,muli akang,,,FALSE
2928,muli₂,transitive verb,"to put something into a reverse cycle, esp. for machines",Muli akang fis pedalina.,Reverse the direction of the bicycle pedals.,,,,,,,,,,,,,,,,,bamulina,,,FALSE
2929,muli₃,noun,the change (after making a purchase),,,,,,,,,,,,,,,,,,,,,,FALSE
2930,mulu,,,,,,,,,,,,,,,,,,,,ari bai mulu bai,,,,FALSE
2931,mumu,numeral classifier,counter of fish strung through the gills <string>,,,,,,,,,,,,,,,,,,,,,,FALSE
2932,munsia,,,,,,,,,,,,,,,,,,,,manusia,,,,FALSE
2933,mungkar,noun,one of the angels which interrogate the spirit of the dead,,,,,,,,,,,,,,,,spiritual,,almanangkir,,,,FALSE
2934,mungkir,intransitive verb,"to go back on one's word, to deny",,,,,,,,,,,,,,,,,,,,,,FALSE
2935,munyi₁,,,,,,,,,,,,,,,,,,,,,munyi akang,,,FALSE
2936,munyi₂,verb,to cause something to make noise,Cece munyi akang radio itu aku yogo tidu.,Don't play that radio,I want to sleep.,,,,,,,,,,,,,,,,bamunyi,,,FALSE
2937,munyi₃,intransitive verb,to make noise,,,,,,,,,,,,,,,,,,,bamunyi-munyi,,,FALSE
2938,munyi₄,intransitive verb,"to make repeated noises, to drone incessantly",manakala ada kapal udara tadanga bamunyi-munyi tatatama,When there was a plane we,,,,,,,,,,,,,,,,,munyi-munyiang,,,FALSE
2939,munyi₅,noun,musical instruments,,,,,,,,,,,,,,,,,,,,,,FALSE
2940,mura₁,intransitive verb,"cheap, inexpensive",,,,,,,,,,,,,,,,,,,pamurai,,,FALSE
2941,mura₂,verb,"to reduce the price of something, to discount the price of something",tala ipamurai duriang tu po capát laku,"After reducing the price of the durians, they sold",,,,,,,,,,,,,,,,,,,,FALSE
2942,mus,,,,,,,,,,,,,,,,,,,,musi,,,,FALSE
2943,musi,particle,"must, to be required to, to be reasonably expected to,",jadi musi lapor puang i:,"So, one had to report first, right?",puasa dalama itu musi bakaya ga,"Even during Ramadan, one must process sagone",musi japang mueti,The Japanese must have known.,,,,,,,,,,,,,,,,FALSE
2944,musing,,,,,,,,,,,,,,,,,,,,musung,,,,FALSE
2945,musu₁,noun,enemy,,,,,,,,,,,,,,,,,,,bamusu,,,FALSE
2946,musu₂,intransitive verb,"to fight, esp of cocks",,,,,,,,,,,,,,,,,,,bamubamusuang,,,FALSE
2947,musu₃,intransitive verb,"to be enemies of someone, to engage in mutual belligerence",,,,,,,,,,,,,,,,,,,pamusu akang,,,FALSE
2948,musu₄,verb,"to pit some animal against another, esp. cocks, to make something into an enemy",daulu walanda mupamusu akang tarnate nang tadore,In the past the Dutch pitted,,,,,,,,,,,,,,,,lawang,,,,FALSE
2949,musung,noun,"season, monsoon",musung duriang,durian season,musung ujang,rainy season,,,,,,,,,,,,,,,,,,FALSE
2950,muta₁,noun,vomit,Ilia mo muta baláng mo balampo kata.,He didn't see the vomit,"otherwise, it would",,,,,,,,,,,,,,,,,,,FALSE
2951,muta₂,verb,to vomit,,,,,,,,,,,,,,,,,,,muta:kang,,,FALSE
2952,muta₃,verb,"to vomit something, to spew something out",,,,,,,,,,,,,,,,,,,,,,FALSE
2953,muti₁,noun,morning,,,,,,,,,,,,,,,,,,,muti-muti,,,FALSE
2954,muti₂,noun,early morning,pesa musing padas jagai so: muti-muti nang kalamari,In the dry season one should water,,,,,,,,,,,,,,,,,,,,FALSE
2955,na-,vm,,ibobar sigodo nalipa-lipat de itu,They beat him until he was curled up in a heap there.,,,,,,,,,,,,"verbal prefix indicating accidental, involuntary or inadvertent events",,,,,,,,FALSE
2956,na,,,,,,,,,,,,,,,,,,,,na:,,,,FALSE
2957,-na,pronoun,"his, her, its, their (esp. of things or sensations not jointly possessed)",bayaka uluna,hilt of a machete,nyawana pasi,their (individual) feelings,,,,,,,,,,third person genitive marker,,,,"-a, -ina, -na pasi",,,,FALSE
2958,na:,,"that being the case, so",na: sakarang bicara kita tapake senso,"There, now let's talk about how it is when we use",,,,,,,,,,,,a sentence initial discourse connector,,,,,,,,FALSE
2959,-na pasi,pronoun,their,,,,,,,,,,,,,,,,,,-na,,,,FALSE
2960,nabi,noun,prophet,,,,,,,,,,,,,,,,,,,,nabi heder \df a prophet associated with the sea \crm  siloloa,,FALSE
2961,nadu:,noun,"steep ridges, bluff",,,,,,,,,,,,,,,,geography,,,,,,FALSE
2962,naga,noun,dragon,,,,,,,,,,,,,,,,animal,,,,,,FALSE
2963,nagara,noun,nation,,,,,,,,,,,,,,,,,,,,,,FALSE
2964,nagarí,noun,village,,,,,,,,,,,,,,,,,,,,,,FALSE
2965,nagasari,noun,kind of cake made with komalo filling,,,,,,,,,,,,,,,,,,,,,,FALSE
2966,naik,transitive verb,"to climb something, to harvest clove (by climbing to remove the buds)",naik de cengke,,,,,,,,,,,,,,,,,,,"naik tidu \df to go to bed, to assume a position for sleep (in a bed) \ps  vi \df to go up, to ascend \il  dimana asap naik itu kau muwele de itu Wherever the smoke ascends, you should wave at it there. \df to undertake some elevated task (e.g. to pray in the mosque), naik bangaji \df to study Quranic recital <recite> \crm  napulut naik \af  naiki \ps  vt \df to climb something for someone \il  naiki aku buang satundung Climb up and get me a cluster of langsat fruit. \af  naik akang \ps  vt \df to climb something at someone's request \af  banaik \ps  vi \df to put something high (e.g. pull a boat ashore), to elevate something \af  banai-naikang \ps  vi \df to compete with others in a climbing contest, to climb on someone to reach at some prize or goal \af  nai-naik, nai-naik kata \df a stage in human growth, entering pubescence, becoming an \adolescent \af  kana-kanaikang \ps  n \df a place where ascent is possible, e.g. a path up from a river, stairs leading up from a pier",,FALSE
2967,naka,noun,"kind of tree bearing edible fruit, the jackfruit",,,,,,,,,,,,,Artocarpus heterophyllus,,,plant,,,,"naka walanda \df kind of tree bearing edible fruit, the soursop, \sn Annona muricata \sf  plant \crm  tiwadak",,FALSE
2968,nakir,noun,one of the angels which interrogate the spirit of the dead,,,,,,,,,,,,,,,,spiritual,,almanangkir,,,,FALSE
2969,nakit,noun,"kind of wormlike sea cucumber, class Holothuroidea",,,,,,,,,,,,,,,,sea creature,,,,,,FALSE
2970,namongkar,intransitive verb,"to open up, to expand, esp. of chips when they are fried",,,,,,,,,,,,,,,,,,,,,,FALSE
2971,nampisiang,particle,tomorrow,nampisiang patanga,tomorrow night,,,,,,,,,,,,,,,,,,,,FALSE
2972,nana₁,noun,pus,,,,,,,,,,,,,,,,,,,banana,,,FALSE
2973,nana₂,intransitive verb,"to excrete pus, to suppurate",,,,,,,,,,,,,,,,health,,,,,,FALSE
2973,nana₃,intransitive verb,"to excrete pus, to suppurate",,,,,,,,,,,,,,,,body,,,,,,FALSE
2974,nana₄,,,,,,,,,,,,,,,,,,,,banana,,,,FALSE
2975,nandolang,noun,female youths of marrying age,,,,,,,,,,,,,,,,society,,,,,,FALSE
2976,nandung,intransitive verb,"swift (of boats), fast on the water",,,,,,,,,,,,,,,,,,,,,,FALSE
2977,nanto,noun,kind of tree,,,,,,,,,,,,,,,,plant,,,,,,FALSE
2978,nanás,noun,pineapple,,,,,,,,,,,,,Ananas comosus,,,plant,,,,,,FALSE
2979,nané,noun,"kind of tree bearing edible nuts, kanari or java-almond",,,,,,,,,,,,,Canarium commune,,,plant,,,,,,FALSE
2980,nang,preposition,with,kau nang sia/,Who are you with?,tamakang nang fofoki,We eat it with eggplant.,biar taikat nang apé ke anasene sakarang ni ini,"No matter what we tie it with, kids",,,,,,,,,,,,,,"nang ka sana nang ka mai \df hither and thither, all over, every which where \df for (a certain length of time) \il  barang nang udang  This (lasts) for months \il  nang tagal  for a long time \ps  conj \df and \il  inaku kakana nang adina my mother's elder and younger sisters \df moreover, furthermore \il  nang aku yogo kutanyai kau habua hadiki Furthermore, if you don't mind, I'd like to ask you something.",,FALSE
2981,nanggara:₁,intransitive verb,to scream,Ia nanggara: sigodo talingaku bacír.,She shouted to the point that my ears rang.,,,,,,,,,,,,,,,,,nanggara:i,,,FALSE
2982,nanggara:₂,verb,to scream at someone,,,,,,,,,,,,,,,,,,,nanggara: akang,,,FALSE
2983,nanggara:₃,verb,to shout at someone's request,,,,,,,,,,,,,,,,,,,banangga-nanggara:,,,FALSE
2984,nanggara:₄,intransitive verb,to repeatedly scream at someone,,,,,,,,,,,,,,,,,,"tikolok, maulo",,,,FALSE
2985,nanggias,noun,kind of large canopy tree,,,,,,,,,,,,,,,,plant,,,,,,FALSE
2986,nanggici,intransitive verb,"to chuckle, to smile",,,,,,,,,,,,,,,,,,sumung,,,,FALSE
2987,nanggoap,noun,"kind of fish, the barramundi cod or hump-backed rock-cod",,,,,,,,,,,,,Cromileptes altivelis,,,fish,,,,,,FALSE
2988,naonaondoa,,,,,,,,,,,,,,,,,,,,ondo,,,,FALSE
2991,naro:,intransitive verb,"sunken (of the face, esp. due to loss of teeth)",,,,,,,,,,,,,,,,health,,,,,,FALSE
2992,nasijaha,noun,"kind of cake, a mixture of glutinous rice and rice cooked in bamboo  with coconut cream",,,,,,,,,,,,,,,,food,,iba,,,,FALSE
2993,nasipulo,noun,cooked glutinous rice,,,,,,,,,,,,,,,,,,,,,,FALSE
2994,nasoa,noun,"space between books, planks, etc., gangway",,,,,,,,,,,,,,,,,,,,,,FALSE
2995,nau,noun,term of address for older males of the kamarullah clan <sir>,,,,,,,,,,,,,,,,society,,bapa,,,,FALSE
2996,nawang,noun,"doorway, portal",,,,,,,,,,,,,,,,house,,,,"nawang daunga \df door \sf  house, nawang gawat \df a situation in which the genitalia are inadvertently exposed \sc  Slang \af  nawa-nawang \df doorlike closures, hatches",,FALSE
2997,nda:,particle,"inland, over there",nda: de batang babalek de itu,"Over there, inland at Batang Babalek there.",,,,,,,,,,,,,,,,da:,,,,FALSE
2998,ndaeping,noun,"kind of fish, similar to mackerel",,,,,,,,,,,,,,,,,,,,,,FALSE
2999,ndango,noun,earthenware sago mold,,,,,,,,,,,,,,,,,,,,ndango sanggera \df kind of small sago mold \sf  sago,,FALSE
3000,ndayango,noun,"kind of plant, the sweet flag",,,,,,,,,,,,,Acorus calamus,,,plant,,,,,,FALSE
3001,ndawiwit,noun,kind of gray bird,,,,,,,,,,,,,,,,bird,,,,,,FALSE
3002,ndoa,noun,"souvenir, a gift given upon arrival or given to a traveler on departure",,,,,,,,,,,,,,,,,,,,,,FALSE
3003,ndola,noun,kind of breadfruit,,,,,,,,,,,,,Artocarpus,,,plant,,naka,,,,FALSE
3004,ndolang,noun,kind of tree,,,,,,,,,,,,,,,,plant,,,,,,FALSE
3005,ndor,noun,"kind of crustacean, mantis shrimp, class Crustacea",,,,,,,,,,,,,,,,sea creature,,,,ndor kakepit \df kind of crustacean \sf  sea creature,,FALSE
3006,ndoyang,noun,"kind of bird, a hawk",,,,,,,,,,,,,Accipitridae,,,bird,,,,,,FALSE
3007,ndule,verb,to roast something (fish) by placing directly on burning coals,,,,,,,,,,,,,,,,culinary,,fofoki,,,,FALSE
3008,nduyung,noun,kind of protective charm said to originate from dugong skin; it is  esp. used to protect sleeping children (by laying it next to them or attaching it to a cradle),,,,,,,,,,,,,,,,spiritual,,lao nduyung,,,,FALSE
3009,nene,noun,grandmother,,,,,,,,,,,,,,,,,,,,"nene nang piut \df a family, a descent line \sf  kinship",,FALSE
3010,ni,particle,this,lapetak mami ni ra:,This swidden of ours is large.,,,,,,,,,,,,,,,,ini,,,,FALSE
3011,nika₁,noun,the ritual in which the groom and the bride's father or guardian  formally conclude the wedding,,,,,,,,,,,,,,,,,,,,,,FALSE
3012,nika₂,verb,to wed someone,,,,,,,,,,,,,,,,,,,,,,FALSE
3013,nilon₁,intransitive verb,"to suffer a certain and fatal disease (of goats), characterized by internal tumors and skin eruptions",,,,,,,,,,,,,,,,,,kambing nilon,,,,FALSE
3014,nilon₂,,,,,,,,,,,,,,,,,,,,nilong,,,,FALSE
3015,nilong,noun,nylon fishing-line,,,,,,,,,,,,,,,,fishing,,,,,,FALSE
3016,nipa,noun,"kind of palm, the nipa",,,,,,,,,,,,,Nipa fruticans,,,plant,,,,,,FALSE
3017,nipis,intransitive verb,"thin (of paper, planks, etc.)",,,,,,,,,,,,,,,,,,,,,,FALSE
3018,noa-noa₁,,,,,,,,,,,,,,,,,,,,,banoa-noa,,,FALSE
3019,noa-noa₂,intransitive verb,to ask over and over the same questions (although the answer is already known),,,,,,,,,,,,,,,,,,,,,,FALSE
3020,nogi,,,,,,,,,,,,,,,,,,,,gigi nogi,,,,FALSE
3021,nokat-nokat,intransitive verb,"to be unbathed (at a time when bathing should have already occurred), to be dirty",,,,,,,,,,,,,,,,,,,,,,FALSE
3022,nokeng,noun,kind of satchel carried over the shoulder,,,,,,,,,,,,,,,archaic,,,,,,,FALSE
3023,nomor,noun,number,nilonga nomor sapulu,Its (appropriate) nylon (fishing line) is Number 10,,,,,,,,,,,,,,,,,,nomor satu \df first of all,,FALSE
3024,nonda,noun,"kind of fish, various kind of snappers",,,,,,,,,,,,,,,,fish,,,,"nonda furu \df kind of fish, a snapper, the Moses perch, \sn Lutjanus russelli \sf  fish",,FALSE
3025,nondat,noun,"plank floor, planking of a bed",,,,,,,,,,,,,,,,,,,,,,FALSE
3026,nono,noun,"vulva, female genitalia",,,,,,,,,,,,,,,,body,,,,,,FALSE
3027,nonók,noun,"kind of monkey, the black macaque,, any kind of ape or monkey <primate>",,,,,,,,,,,,,Primate Macaca nigra,,,animal,,,,,,FALSE
3028,nopes,intransitive verb,flat (of the nose),,,,,,,,,,,,,,,,,,,,,,FALSE
3029,nota,noun,written notes,,,,,,,,,,,,,,,,,,,,,,FALSE
3030,notai₁,verb,"to incise something, to notch something, to girdle or ring a tree to kill it",maksut notai supaya capat kering,The purpose of ringing is so that it will become dry,,,,,,,,,,,,,,,,peta,banotai,,,FALSE
3031,notai₂,intransitive verb,"characterized by notches and incisions, to engage in notching or ringing trees to kill them",anang ari ini kita manabang nang banotai,For six days we have been chopping down,,,,,,,,,,,,,,,,,,,,FALSE
3032,-nta,pronoun,our,,,,,,,,,,,,,,first person plural genitive marker,,,,kita,,,,FALSE
3033,nusa,noun,"isle, small island",,,,,,,,,,,,,,,,geography,,,,,,FALSE
3034,nusa deket,noun,an island near Labuha,,,,,,,,,,,,,,,,,,,,,,FALSE
3035,nusa ra:,noun,an island near Labuha,,,,,,,,,,,,,,,,,,,,,,FALSE
3036,nusu,noun,kind of tree,,,,,,,,,,,,,,,,plant,Malay,talise,,,,FALSE
3037,ngaji,,,,,,,,,,,,,,,,,,,,"mangaji, pangaji akang",,,,FALSE
3038,ngale₁,intransitive verb,slow,,,,,,,,,,,,,,,,,,,ngale-ngale,,,FALSE
3039,ngale₂,intransitive verb,rather slow,,,,,,,,,,,,,,,,,,mangele nana,,,,FALSE
3040,ngana,particle,"also, even, even more so, all the more",kami pabua ngana habua kalero ampa repak,We even made a bonfire of four fathoms.,aku ke ngana,Me either! Let alone me!,,,,,,,,,,,,,,,,,,FALSE
3041,nganting-nganting,noun,"earrings, esp. dangling earrings",,,,,,,,,,,,,,,,,,giwang,,,,FALSE
3042,nganga₁,intransitive verb,"to be passive (in the face of teasing or scolding), to be quiet",,,,,,,,,,,,,,,,,,,ngangai,,,FALSE
3043,nganga₂,verb,"to gape at someone, to stare, to gawk",,,,,,,,,,,,,,,,,,,nganga akang,,,FALSE
3044,nganga₃,verb,"to open another's mouth, to force open someone's mouth",,,,,,,,,,,,,,,,,,,banganga,,,FALSE
3045,nganga₄,intransitive verb,"to keep one's mouth open, to gape (of large, deep wounds)",,,,,,,,,,,,,,,,,,,,,,FALSE
3046,nganggeas,noun,kind of tree,,,,,,,,,,,,,Samanea saman,,,plant,,,,,,FALSE
3047,nganggó₁,noun,nape of the neck,,,,,,,,,,,,,,,,body,,,,,,FALSE
3048,nganggó₂,noun,"kind of bird, perhaps the crow",,,,,,,,,,,,,Corvidae,,,bird,,,,nganggo/ mara \df kind of bird \sf  bird,,FALSE
3049,ngao,ideophone,"the sound made by a cat, the meow of a cat",,,,,,,,,,,,,,,,,,nyao,,,,FALSE
3050,ngasang,,,,,,,,,,,,,,,,,,,,sela bura ngasang,,,,FALSE
3051,ngasi,noun,the owner's share in a yield (of a tenant or someone harvesting another's crop,,,,,,,,,,,,,,,,,,,,,,FALSE
3052,ngguce,intransitive verb,"not ripe, green (of fruits)",,,,,,,,,,,,,,,,,,,,,,FALSE
3053,ngguming,noun,"rope, vine",,,,,,,,,,,,,,,,plant,,,,"ngguming japa/ng \df plastic twine, ngguming bori \df kind of vine \crm  bori \sf  plant, ngguming maropo \df kind of vine \sf  plant, ngguming balatete \df kind of vine bearing light blue flowers which spreads on sandy ground \sf  plant, ngguming camba lait \df kind of vine \sf  plant, ngguming papua \df kind of vine \sf  plant, ngguming sasakul \df kind of vine \sf  plant, ngguming mortol \df kind of vine \sf  plant, ngguming popia \df kind of vine \sf  plant, ngguming ompo ruma makananga \df kind of vine bearing red fruit \sf  plant, ngguming gatala \df kind of vine with toxic leaves \sf  plant",,FALSE
3054,nggupi,noun,"kind of fish, a snapper, perhaps the Maori sea-perch",,,,,,,,,,,,,Lutjanus rivulatus,,,fish,,,,,,FALSE
3055,ngguti₁,,,,,,,,,,,,,,,,,,,,,ngguti:,,,FALSE
3056,ngguti₂,verb,"to frighten someone by groaning (of a ghost, a friend playing a prank)",,,,,,,,,,,,,,,,,,,mangguti,,,FALSE
3057,ngguti₃,intransitive verb,to groan,,,,,,,,,,,,,,,,,,,,,,FALSE
3058,ngguti-ngguti,noun,"kind of fish, the milkfish",,,,,,,,,,,,,Chanos chanos,,,fish,,,,,,FALSE
3059,ngisang-ngisang,noun,"food, esp. a special dish or a certain cake",,,,,,,,,,,,,,,,food,,,,,,FALSE
3060,-ngku,pronoun,my,anungku,mine,,,,,,,,,,,,first person singular genitive marker,,,,"aku, -ku, -iku",,,,FALSE
3061,ngofa bira,noun,"chamberlain or lady in waiting of the sultan's palace, usually related to the sultan,",,,,,,,,,,,,,,,,,,,,,,FALSE
3062,ngolu₁,intransitive verb,"tired, exhausted (from physical exertion)",,,,,,,,,,,,,,,,,,,bangolu-ngolu,,,FALSE
3063,ngolu₂,intransitive verb,"extremely tired, wearied by a fruitless activity",,,,,,,,,,,,,,,,,,,,,,FALSE
3064,ngongoma,noun,"font of the head, fontanel",,,,,,,,,,,,,,,,body,,,,,,FALSE
3065,ngongot,intransitive verb,painful,,,,,,,,,,,,,,,,,,mangongot,,,,FALSE
3066,ngoru₁,,,,,,,,,,,,,,,,,,,,,ngorui,,,FALSE
3067,ngoru₂,verb,to startle or frighten someone by grunting (of a boar or ghost),,,,,,,,,,,,,,,,,,"mangoru, ngguti",,,,FALSE
3068,ngumindatu,noun,kind of tree,,,,,,,,,,,,,,,,plant,,ngguming,,,,FALSE
3069,nguti-nguti,,,,,,,,,,,,,,,,,,,,ngguti-ngguti,,,,FALSE
3070,nya,particle,"as, similar to",,,,,,,,,,,,,,,,,,"mo:, deminya/",,,,FALSE
3071,nyagimoi,,,,,,,,,,,,,,,,,,,,soa nyagimoi,,,,FALSE
3072,nyala₁,noun,flame,,,,,,,,,,,,,,,,,,manyala,nyala akang,,,FALSE
3073,nyala₂,verb,to ignite for someone,,,,,,,,,,,,,,,,,,,manyala,,,FALSE
3074,nyala₃,intransitive verb,to be aflame,,,,,,,,,,,,,,,,,,,panyalai,,,FALSE
3075,nyala₄,verb,"to turn on something ( a light),, to increase the burning (of some fire), e.g. by fanning",pa juki yang mupanyalai,It was Mr. Juki who turned on (the light),,,,,,,,,,,,,,,,,,,,FALSE
3076,nyama₁,noun,name,nyamana apé,What is its name?,,,,,,,,,,,,,,,,,nyama:kang,,,FALSE
3077,nyama₂,verb,"to name something, to give a name to something",,,,,,,,,,,,,,,,,,,,,,FALSE
3078,nyamang₁,intransitive verb,"tasty, delicious, pleasant, comfortable",,,,,,,,,,,,,,,,,,,nyamang akang,,,FALSE
3079,nyamang₂,verb,"to enhance the flavor of s. food on someone's behalf, to make something tasty at someone's request",,,,,,,,,,,,,,,,,,,panyamangi,,,FALSE
3080,nyamang₃,verb,"to enhance the delicious flavor of something by carefully adding herbs, etc.",,,,,,,,,,,,,,,,,,,panyamangi akang,,,FALSE
3081,nyamang₄,verb,to enhance the flavor of something for someone else by using one's culinary skills,jojobo itu kurang gasi po panyamangi akang hadiki,This food has too little salt so,,,,,,,,,,,,,,,,,kanyamangang,,,FALSE
3082,nyamang₅,noun,"pleasure, delight, gratification",parkara batanggar akang kanyamangang,It's a case of pursuing gratification,,,,,,,,,,,,,,,,,bakanyamangang,,,FALSE
3083,nyamang₆,intransitive verb,"to derive considerable pleasure, to enjoy oneself",duduk po ia sopang bakanyamangang nang bini-bini itu,He sits at home and then he,,,,,,,,,,,,,,,,,,,,FALSE
3084,nyamo,,,,,,,,,,,,,,,,,,,,de nyamo,,,,FALSE
3085,nyanyito,noun,kind of stationary rasp used to scrape coconuts <scraper>,,,,,,,,,,,,,,,,utensil,,,,,,FALSE
3086,nyanyá,noun,cat,,,,,,,,,,,,,Felis,,,animal,,pulu-pulut nyanya/,,,,FALSE
3087,nyao,ideophone,"the sound made by a cat, the meow of a cat",,,,,,,,,,,,,,,,,,ngao,,,,FALSE
3088,nyara,noun,"petulance, hypersensitivity, esp. of children",,,,,,,,,,,,,,,,,,,,,,FALSE
3089,nyausuka,verb,to enjoy something,,,,,,,,,,,,,,,,,,,,,,FALSE
3090,nyausí,verb,"to desire something, to want something",Kunyausí baha-baha,I want sago and sugar cakes.,,,,,,,,,,,,,,,,,,nyausu/ para nyausu/ \df to have an unrequited desire or an unfulfilled wish \crm  yogo,,FALSE
3091,nyawa,noun,"feelings, emotion, spirit, soul",ma lukai nyawana,She hurt her feelings,,,,,,,,,,,,,,,,,,"nyawa buruk \df selfish, nyawa gele \df amused \af  banyawa \ps  vi \df to breathe \af  banyawa-nyawa \ps  vi \df to pant, to be out of breath \af  nyawa-nyawana \ps  part \df apparently, in my opinion \af  sanyawa \ps  n \df one opinion, one emotion <agree> \il  sanyawa de palimpungang  agreement in a gathering",,FALSE
3092,nyile₁,,,,,,,,,,,,,,,,,,,,,nyilei,,,FALSE
3093,nyile₂,transitive verb,to peer at someone,,,,,,,,,,,,,,,,,,,nyinyilei,,,FALSE
3094,nyile₃,transitive verb,to repeatedly peer at someone,,,,,,,,,,,,,,,,,,,,,,FALSE
3095,nyilu₁,intransitive verb,sour,,,,,,,,,,,,,,,,,,,panyilui,,,FALSE
3096,nyilu₂,verb,to sour something (e.g. by adding vinegar),,,,,,,,,,,,,,,,,,,,,,FALSE
3097,nyiru₁,noun,"basket-like sieve to sift sago flour, rice winnow",,,,,,,,,,,,,,,,sago,,,,,,FALSE
3097,nyiru₂,noun,"basket-like sieve to sift sago flour, rice winnow",,,,,,,,,,,,,,,,utensil,,,,,,FALSE
3098,nyjaurang₁,noun,fishing pole,,,,,,,,,,,,,,,,,,,nyjaurangi,,,FALSE
3099,nyjaurang₂,verb,to strike or poke someone with a long pole using an action similar to casting a fishing rod,,,,,,,,,,,,,,,,,,,banyjaurang,,,FALSE
3100,nyjaurang₃,intransitive verb,"to catch fish with a fishing pole, to angle",,,,,,,,,,,,,,,,fishing,,,,,,FALSE
3101,nyjelang₁,verb,"to wrap something in leaves and roast (of food), to roll something (a cigarette)",lao nyjelang,a fish appropriate for cooking in leaves,,,,,,,,,,,,,,culinary,,,nyjelangi,,,FALSE
3102,nyjelang₂,verb,to wrap something in leaves for someone,nyjelangi aku tabako habua,Roll me a cigarette,,,,,,,,,,,,,,,,,banyjelang,,,FALSE
3103,nyjelang₃,intransitive verb,"to engage in wrapping things in leaves, e.g. rolling cigarettes",,,,,,,,,,,,,,,,,,,,,,FALSE
3104,nyjeling₁,verb,to glance out of the corner of one's eye,,,,,,,,,,,,,,,,,,,nyjelingi,,,FALSE
3105,nyjeling₂,verb,to cast a sideways glance at someone,,,,,,,,,,,,,,,,,,,banyjeling-jelingang,,,FALSE
3106,nyjeling₃,intransitive verb,to cast surreptitious glances at someone,,,,,,,,,,,,,,,,,,,,,,FALSE
3107,nyjong,noun,"boat, dugout",,,,,,,,,,,,,,,,boat,,,,"nyjong bangku \df dugout canoe, nyjong fonai \df kind of outrigger canoe with a distinctive prow, nyjong mananderu \df kind of canoe fitted with outriggers, nyjong pakata \df kind of small, narrow outrigger with pointed prow \sf  boat",,FALSE
3108,nyjong-nyjong,noun,kind of flower,,,,,,,,,,,,,,,,plant,,,,,,FALSE
3109,nyomi,noun,dew,,,,,,,,,,,,,,,,natural phenomenon,,ombong,,,,FALSE
3110,o:,exclamation,"oh, exclamation of surprise or perception",o: hamís abdíl,"I see, it's Hamis Abdul you mean (not some other Hamis)",,,,,,,,,,,,,,,,,,,,FALSE
3111,oar,noun,ginger,,,,,,,,,,,,,Zingiber officinale,,,plant,,,,,,FALSE
3112,obas,noun,pig nest (of wild boar),,,,,,,,,,,,,,,,,,kandang,,,,FALSE
3113,obit,,,,,,,,,,,,,,,,,,,,tanyjung obit,,,,FALSE
3114,obor,noun,bamboo torch,,,,,,,,,,,,,,,,,,,,,,FALSE
3115,ofal₁,intransitive verb,"to sail in a zigzag fashion, to beat to windward",,,,,,,,,,,,,,,,sailing,,,baofal,,,FALSE
3116,ofal₂,intransitive verb,to be engaged to sailing in a zigzag fashion,,,,,,,,,,,,,,,,sailing,,,,,,FALSE
3117,ogi,noun,a banana hand which has been split in two or from which some bananas have been,,,,,,,,,,,,,,,,,,,,,,FALSE
3118,oi,,,,,,,,,,,,,,,,,,,,tali oi,,,,FALSE
3119,oko₁,verb,to cannibalize the organs of one's living victims by sorcery (said of witches),,,,,,,,,,,,,,,,,,,,,,FALSE
3120,oko₂,,,,,,,,,,,,,,,,,,,,batiti oko,,,,FALSE
3121,oko-oko,noun,gullet (of chicken),,,,,,,,,,,,,,,,,,,,,,FALSE
3122,okop₁,,,,,,,,,,,,,,,,,,,,,okopi,,,FALSE
3123,okop₂,verb,"to cover someone with a cloth or blanket, to cover fruit (on a tree) with a cloth",,,,,,,,,,,,,,,,,,,baokop,,,FALSE
3124,okop₃,intransitive verb,"to blanket oneself, to wrap oneself in cloth",,,,,,,,,,,,,,,,,,,okop-okop,,,FALSE
3125,okop₄,noun,blanket,,,,,,,,,,,,,,,,,,,paokop,,,FALSE
3126,okop₅,noun,blanket,,,,,,,,,,,,,,,,,,,maokopi,,,FALSE
3127,okop₆,intransitive verb,to brood (of hens),,,,,,,,,,,,,,,,,,,,,,FALSE
3128,ola-ola,noun,kind of vegetable dish of bitter gourd stuffed with fish and spices,,,,,,,,,,,,,,,,food,,,,,,FALSE
3129,olas,verb,to wipe something (the nose),,,,,,,,,,,,,,,,,,,,,,FALSE
3130,ole,exclamation,yes,ole kayu besi,"Yes, ironwood.",aku batikang ole aku tala mangaku de pasi,"When I say 'yes', I have agreed in their",moyo ole,Right. He's not there.,,,,,,,,,,,,,,,,FALSE
3131,olong,noun,kind of mangrove tree,,,,,,,,,,,,,,,,plant,,,,,,FALSE
3132,olo-olo₁,transitive verb,"to mock someone, to tease someone",,,,,,,,,,,,,,,,,,,baolo-olo,,,FALSE
3133,olo-olo₂,intransitive verb,to constantly mock and tease,,,,,,,,,,,,,,,,,,,,,,FALSE
3134,omba,verb,"to block or obstruct something, to keep something in place",taomba puang mena tabotaing lecak,Let's block it off first then put the sand in,,,,,,,,,,,,,,,,,,,,FALSE
3135,ombong,noun,dew,,,,,,,,,,,,,,,,natural phenomenon,,nyomi,,,,FALSE
3136,ome,noun,kind of tree,,,,,,,,,,,,,,,,plant,,,,,,FALSE
3137,omong,verb,to chew something with toothless gums,,,,,,,,,,,,,,,,,,,,,,FALSE
3138,ompu,noun,Lord (God),,,,,,,,,,,,,,,,,,pu,,"ompu lahtala \df God, God Most High \df a court or religious title, ompu asal \df original lord, a title of the Sultan, ompu guru \df Quranic teacher, ompu hati/p \df formal title for the mosque official who reads the sermon, ompu imang \df formal title for the mosque prayer leader \crm  ima/m, ompu kale \df formal title for the highest religious official who makes legal decisions <judge>, ompu lutnan \df commander of the sultan's army and palace guard, ompu moding \df the senior muzzein \df sir, a respectful term of address or reference, esp. in letters, often used as a title before a personal name \il  ompu musín ambulung dirina itu barisi  Are many of Mr. Musin's sago trees fully mature? \crm  urang punana \af  baompu \ps  vi \df to have as a master, to treat someone as lord \il  cece basu: aku aku baompu de kau mo  Don't order me around. I don't have you for a master (You are not my master) \crm  pampuang",,FALSE
3139,ompu ruma,noun,"mouse, rat, order Rodentia",,,,,,,,,,,,,,,,animal,,tikus kupang,,,,FALSE
3140,ompu ruma pingganga,noun,kind of seaweed,,,,,,,,,,,,,Padina,,,plant,,,,,,FALSE
3141,ompur nana,noun,"God, master, owner",,,,,,,,,,,,,,,,,,,,,,FALSE
3142,onda₁,noun,node (of bamboo),,,,,,,,,,,,,,,,,,,onda-onda,,,FALSE
3143,onda₂,noun,"joint, knuckle",,,,,,,,,,,,,,,,,,,,,,FALSE
3144,onda₃,verb,"to cut at the node (e.g., bamboo)",,,,,,,,,,,,,,,,,,,,,,FALSE
3145,ondal,noun,"kind of fish, moray eels incl. the mottled reef eel or leopard moray",,,,,,,,,,,,,Gymnothorax undulatus,,,fish,,,,,,FALSE
3146,onda-onda,noun,kind of tree,,,,,,,,,,,,,,,,plant,,,,,,FALSE
3147,ondo,noun,sun,,,,,,,,,,,,,,,,natural phenomenon,,,,"ondo makarau \df solar eclipse \af  naondoa \ps  n \df an early time in the day <morning> \af  nao-naondoa \ps  adv \df early \af  ondo-ondo \ps  adv \df broad daylight, daytime \crm  tidu ondo-ondo",,FALSE
3148,ono,noun,"kind of palm, the Arenga palm or sugar palm",,,,,,,,,,,,,Arenga pinnata,,,plant,,ijuk,,,,FALSE
3149,ontok₁,noun,"contents, flesh",,,,,,,,,,,,,,,,,,isi,onto-ontoka,,,FALSE
3150,ontok₂,intransitive verb,to be stark naked,,,,,,,,,,,,,,,,,,,,,,FALSE
3151,onggas₁,,,,,,,,,,,,,,,,,,,,,onggasi,,,FALSE
3152,onggas₂,verb,to gesture with or move the eyes in order to frighten someone,kuonggasi mata de andeket itu,I opened my eyes wide at that youngster to scare him,,,,,,,,,,,,,,,,,naonggas,,,FALSE
3153,onggas₃,intransitive verb,"to have flared up (of a flame), to be wide open (of eyes)",,,,,,,,,,,,,,,,,,,,,,FALSE
3154,ongkos,noun,"costs, expenses",ongkosa ia puasa,one's Ramadan expenses,,,,,,,,,,,,,,,,,,,,FALSE
3155,op₁,noun,fish net,,,,,,,,,,,,,,,,,,,,,,FALSE
3156,op₂,verb,to fish with a net,,,,,,,,,,,,,,,,fishing,,giop,op akang,,,FALSE
3157,op₃,noun,"to net something (a frog, butterfly, etc.), to net with something",yo taba:pé yogo ka lau taop akang hanya-hanya salia,"Well, what did we carry to the",,,,,,,,,,,,,,,,,baop,,,FALSE
3158,op₄,intransitive verb,to fish with a net,,,,,,,,,,,,,,,,fishing,,maop,,,,FALSE
3159,opis₁,verb,to ripen some fruit by storing it,,,,,,,,,,,,,,,,,,,opis akang,,,FALSE
3160,opis₂,verb,to ripen something at someone's request,,,,,,,,,,,,,,,,,,,baopis,,,FALSE
3161,opis₃,intransitive verb,to engage in ripening in such a way,,,,,,,,,,,,,,,,,,,,,,FALSE
3162,ora,transitive verb,to loosen or slacken (a fish-line),,,,,,,,,,,,,,,,,,,,,,FALSE
3163,orang kaweng,noun,the families of the bride and groom <wedding>,,,,,,,,,,,,,,,,,Malay,,,,,FALSE
3164,orang pinggang,noun,dish rack,,,,,,,,,,,,,,,,utensil,,,,,,FALSE
3165,orang song,noun,an older man,orang song tolu urang,three men,,,,,,,,,,,,,,,,,,,,FALSE
3166,oras,noun,"o'clock, time, era, period",orasa bangaji,Quranic recitation time,orasa lao moyo,a time when there are no fish,,,,,,,,,,,,,,palu,,,,FALSE
3167,oru₁,noun,the base of a dugout,,,,,,,,,,,,,,,,boat,,,oru-oru,,,FALSE
3168,oru₂,noun,"gully, valley bottom",,,,,,,,,,,,,,,,geography,,lambak,,,,FALSE
3169,os,noun,rafter,,,,,,,,,,,,,,,,house,,,,os inana \df the main rafters \sf  house,,FALSE
3170,osa,noun,"kind of mollusc, the sculptured dosinia",,,,,,,,,,,,,Fallartemis sculpta,,,,,,,,,FALSE
3171,osi,,,,,,,,,,,,,,,,,,,,usi,,,,FALSE
3172,otap₁,noun,thatch,,,,,,,,,,,,,,,,,,,otapi,,,FALSE
3173,otap₂,verb,to thatch something,,,,,,,,,,,,,,,,,,,,,,FALSE
3174,oto,noun,the enclosure or well of a stationary fish trap,,,,,,,,,,,,,,,,fishing,,,,,,FALSE
3175,pa,noun,"term of respectful reference for an older, usually unrelated male, used with his given",pa kardi,Mr. Kardi,,,,,,,,,,,,,,,,,,,,FALSE
3176,pa:,ideophone,sound of a slap,,,,,,,,,,,,,,,,,,,,,,FALSE
3177,paangati,,,,,,,,,,,,,,,,,,,,angat,,,,FALSE
3182,pabua,verb,"to make, to do, to cause something to occur",pabua kalero ni mantak,To make a banked fire (for calcium oxide) is a painstaking task.,pabua rame-rame,to so something in large numbers or cooperatively,pabua ruma di:di:,"to cause a house to arise, to erect a house",,,,,,,,,,,,,,"pabua rame-rame \df to celebrate, to hold a party \crm  bei \crm  pabuat akang \crm  parbuatang",,FALSE
3183,pabuat akang,verb,"to complete some process, to work on something already begun, to prepare some food for someone, to cook a particular dish for someone",tapabuat akang bo rumanta,Let us work it up into material for our houses (said of trees,,,,,,,,,,,,,,culinary,,"pabua, parbuatang",,,,FALSE
3184,pabuti:₁,verb,to make something,,,,,,,,,,,,,,,,,,,pabuti: akang,,,FALSE
3185,pabuti:₂,verb,to make something for someone,,,,,,,,,,,,,,,,,,,,,,FALSE
3186,paca₁,verb,"to shatter something, to break open",manuk tala mupaca tolura ia,The chick has broken its eggshell,,,,,,,,,,,,,,,,,,,,FALSE
3187,paca₂,intransitive verb,to burst (e.g. of a blister or boil on the skin),,,,,,,,,,,,,,,,,,,paca:kang,,,FALSE
3188,paca₃,transitive verb,to cause to shatter,,,,,,,,,,,,,,,,,,,napaca,,,FALSE
3189,paca₄,intransitive verb,shattered (of an egg etc.),,,,,,,,,,,,,,,,,,mamaca,,,,FALSE
3190,pacai-cai,,,,,,,,,,,,,,,,,,,,cai,,,,FALSE
3191,pacaminang,noun,"looking-glass, mirror, codeword for outsider or stranger",,,,,,,,,,,,,,,,,,,,,,FALSE
3192,pacucuang,,,,,,,,,,,,,,,,,,,,cucu,,,,FALSE
3193,pacul₁,noun,mattock,,,,,,,,,,,,,,,,tool,,,bapacul,,,FALSE
3194,pacul₂,intransitive verb,to work with a mattock,,,,,,,,,,,,,,,,,,,,,,FALSE
3195,pacál,noun,kind of food made with boiled vegetables served with a peanut sauce <salad>,,,,,,,,,,,,,,,,,,,,,,FALSE
3196,pada,preposition,"at, during",pada waktu japang tama,at the time the Japanese arrived,,,,,,,,,,,,,,,,,,,,FALSE
3197,padadi,,,,,,,,,,,,,,,,,,,,dadi,,,,FALSE
3198,padahal,conjunction,"whereas, on the other hand",,,,,,,,,,,,,,,,,,,,,,FALSE
3199,padamara,noun,"lamp, lantern",,,,,,,,,,,,,,,,utensil,,,,,,FALSE
3200,padas₁,intransitive verb,hot (of the sun),,,,,,,,,,,,,,,,,,,,,,FALSE
3201,padas₂,noun,heat (of the sun),,,,,,,,,,,,,,,,,,,,"padas taina \df flaking or peeling skin due to exposure to the sun \af  bapadas \ps  vi \df to feel hot, to feel the heat \af  padas-padas \ps  vi \df very hot, hot for extended period of time \crm  ujang napada-padasa",,FALSE
3202,padat₁,intransitive verb,compact,,,,,,,,,,,,,,,,,,,bapadatang,,,FALSE
3203,padat₂,intransitive verb,to have become excessively firm,,,,,,,,,,,,,,,,,,,papadati,,,FALSE
3204,padat₃,verb,"to make something compact, to firm something up",itu di babat dalama itu musi papadati kapé i:,That which is already in the sago container must be firmed up or what?,,,,,,,,,,,,,,,,,,,,FALSE
3205,padede,intransitive verb,over-ripe,,,,,,,,,,,,,,,,,,,,,,FALSE
3206,padidi akang,,,,,,,,,,,,,,,,,,,,didi,,,,FALSE
3208,pagal,intransitive verb,lazy,ma mampo moyo tala pagal,He was unable,he had become lazy,,pagala,His laziness! (He is extraordinarily lazy),,,,,,,,,,,,,,,,FALSE
3209,pago,noun,rack (above a hearth),,,,,,,,,,,,,,,,utensil,,,,,,FALSE
3210,pahaga-haga,,,,,,,,,,,,,,,,,,,,haga,,,,FALSE
3211,pahe,intransitive verb,"to be stubborn, to be ornery",,,,,,,,,,,,,,,,,,,,,,FALSE
3212,paikatang,,,,,,,,,,,,,,,,,,,,ikat,,,,FALSE
3213,paingani,verb,"to lighten something, to reduce the weight of something",paingani hadiki pasasa:ng paotang laku,Please lighten this pile of clothes,it's too,,,,,,,,,,,,,,,ingang,,,,FALSE
3214,painggap,,,,,,,,,,,,,,,,,,,,inggap,,,,FALSE
3215,pairuk,noun,kind of earthenware pot with curving side,,,,,,,,,,,,,,,,utensil,,,,"pairuk besi \df kind of metallic pot, pairuk lecak \df kind of earthenware pot \crm  katang \sf  utensil",,FALSE
3216,paisu,noun,water,,,,,,,,,,,,,,,,,,,,"paisu muja-muja \df fragrant water, water with bits of flower in it <perfume>, paisu sambeang \df water for ritual ablutions \sf  spiritual \df body of water, e.g. river \sf  nat phen, paisu ra: \df river \sf  geography, paisu masing \df sea (water), paisu matana \df spring, paisu matina \df blocked water, stagnant water, paisu soli \df rising tide \sf  nat phen, paisu tur \df ebbing tide, paisu turung \df ebb tide \sf  nat phen \df beverage \il  paisu angat  a hot beverage, usually tea \af  bapaisu \ps  vi \df to be watery (of sago porridge) or watered down (of tea)",,FALSE
3217,pait,,,,,,,,,,,,,,,,,,,,papait,,,,FALSE
3218,pajajuar,verb,"to crash against something, to repeatedly strike something",,,,,,,,,,,,,,,,,,,,,,FALSE
3219,palita,noun,kind of rice flour cake with coconut cream steamed in banana leaf containers,,,,,,,,,,,,,,,,food,,,,,,FALSE
3220,palombuti,,,,,,,,,,,,,,,,,,,,lombut,,,,FALSE
3221,palu₁,noun,o'clock,palu sabua,one o'clock,,,,,,,,,,,,,,,,,,,,FALSE
3222,palu₂,verb,to strike,,,,,,,,,,,,,,,,,,,palui,,,FALSE
3223,palu₃,verb,to strike something (a drum) for someone,,,,,,,,,,,,,,,,,,,palu-palu,,,FALSE
3224,palu₄,noun,"about the hour of, more or less at a certain time",palu-palu tolu,about 3 o'clock,,,,,,,,,,,,,,,,,,,,FALSE
3225,palumbang,intransitive verb,"not properly ripe, over-ripe (of durian)",,,,,,,,,,,,,,,,,,"masak, durian bapalumbang",,,,FALSE
3226,palumbarang,,,,,,,,,,,,,,,,,,,,lumbar,,,,FALSE
3227,palu-palu dang,noun,cuspidor,,,,,,,,,,,,,,,,,,,,,,FALSE
3228,pamakanang,,,,,,,,,,,,,,,,,,,,makanang,,,,FALSE
3229,pamareang,noun,"seaside, shore",,,,,,,,,,,,,,,,geography,,"pare:, sawang, katang",,,,FALSE
3230,pamarenta,noun,government,,,,,,,,,,,,,,,,,,,,,,FALSE
3231,pamariang,,,,,,,,,,,,,,,,,,,,pamareang,,,,FALSE
3233,pamasik₁,noun,"rice, paddy, cooked rice",,,,,,,,,,,,,Oryza sativa,,,plant,,,,,,FALSE
3233,pamasik₂,noun,"rice, paddy, cooked rice",,,,,,,,,,,,,Oryza sativa,,,food,,,,,,FALSE
3234,pambulu,,,,,,,,,,,,,,,,,,,,pamulu,,,,FALSE
3235,pamicaki₁,verb,"to repair (broken furniture, a machine, etc.), to tidy something, to straighten something up (e.g. to make the bed)",,,,,,,,,,,,,,,,,,,bapamicaki,,,FALSE
3236,pamicaki₂,intransitive verb,to be in the process of repairing or setting up something,Kami bapamicaki pau,We were setting up the sago processing apparatus,,,,,,,,,,,,,,,,,,,,FALSE
3237,paminycaki,,,,,,,,,,,,,,,,,,,,pamicaki,,,,FALSE
3239,pampang₁,noun,kind of forked accessory of a boat on which fishing poles are held in place,,,,,,,,,,,,,,,,tool,,,,,,FALSE
3239,pampang₂,noun,kind of forked accessory of a boat on which fishing poles are held in place,,,,,,,,,,,,,,,,boat,,,,,,FALSE
3240,pampang₃,noun,"kind of fish, the coronation trout or lunar-tailed rock cod",,,,,,,,,,,,,Variola louti,,,fish,,,,,,FALSE
3241,pampenyju,noun,kind of land turtle,,,,,,,,,,,,,Cyclemys amboinensis,,,animal,,penyu,,,,FALSE
3242,pampis,verb,to recook fish by shredding and sauteing it with spices and tomatoes,,,,,,,,,,,,,,,,,,,,,,FALSE
3243,pampisang,noun,kind of flat grinding stone on which spices are ground with a heavy rolling device,,,,,,,,,,,,,,,,,,pampis,,,,FALSE
3244,pampu,noun,"a hook, prepared with a lure",,,,,,,,,,,,,,,,fishing,,,,,,FALSE
3245,pampuang,noun,house,,,,,,,,,,,,,,,court,,,ompu,,,,FALSE
3246,pampulang,noun,stem (of clove or fruit),,,,,,,,,,,,,,,,,,,,,,FALSE
3247,pamula:ng,noun,"rope tied to form handles or gripping places, a rope which has snapped and been joined to another",,,,,,,,,,,,,,,,,,mula,,,,FALSE
3248,pamulu,noun,a large predator fish in pursuit of a school of fish,,,,,,,,,,,,,,,,,,pulu,,,,FALSE
3249,pamuluna,,,,,,,,,,,,,,,,,,,,pamulu,,,,FALSE
3251,pamusukang₁,noun,kind of plaited sifting basket used to pulverize and sift sago flour <sifter>,,,,,,,,,,,,,,,,utensil,,"pambusukang, lalasang",,,,FALSE
3251,pamusukang₂,noun,kind of plaited sifting basket used to pulverize and sift sago flour <sifter>,,,,,,,,,,,,,,,,sago,,"pambusukang, lalasang",,,,FALSE
3252,pana₁,verb,to shoot at someone with a bow,Kupana ia.,I shot her (with a bow).,,,,,,,,,,,,,,,,,panai,,,FALSE
3253,pana₂,verb,to shoot a bow at someone,,,,,,,,,,,,,,,,,,,pana-pana,,,FALSE
3254,pana₃,noun,bow,,,,,,,,,,,,,,,,,,,,pana-pana anaka \df arrow,,FALSE
3255,panada,noun,kind of savory ball-shaped cake containing fish and herbs,,,,,,,,,,,,,,,,,,,,,,FALSE
3256,panam bau,noun,kind of fragrant pandanus,,,,,,,,,,,,,Pandanus,,,plant,,,,,,FALSE
3257,panambahang,noun,"addition, supplement",,,,,,,,,,,,,,,,,,tamba,,,,FALSE
3258,panamboang,noun,a place near Labuha,,,,,,,,,,,,,,,,,,,,,,FALSE
3259,pananggungang,,,,,,,,,,,,,,,,,,,,tanggung,,,,FALSE
3260,panasi akang,transitive verb,"to trim the thorns from a durian fruit, to trim the husk from a young coconut",,,,,,,,,,,,,,,,,,kindang,,,,FALSE
3261,panasta:,noun,threshold,,,,,,,,,,,,,,,,house,,,,,,FALSE
3262,panat,intransitive verb,"to feel numb (of folded limbs), to suffer from cramps",Tioku panat.,My leg is numb.,,,,,,,,,,,,,,,,,,,,FALSE
3263,panaulang₁,noun,the iron or wood framework against which the bamboo tubes of food (esp.,,,,,,,,,,,,,,,,utensil,,,,,,FALSE
3263,panaulang₂,noun,the iron or wood framework against which the bamboo tubes of food (esp.,,,,,,,,,,,,,,,,culinary,,,,,,FALSE
3264,panauliang,,,,,,,,,,,,,,,,,,,,tauli,,,,FALSE
3265,pandak₁,intransitive verb,short (esp. of stature),calana pandak,shorts (short pants),,,,,,,,,,,,,,,,,papandaki,,,FALSE
3266,pandak₂,verb,to shorten something,Papandaki celana itu hadiki,Shorten those pants a little,,,,,,,,,,,,,,,,,,,,FALSE
3267,pandapat,,,,,,,,,,,,,,,,,,,,mandapat,,,,FALSE
3268,pandapatang,noun,income,,,,,,,,,,,,,,,,,,dapat,,,,FALSE
3269,pandunguna,noun,kind of tutelary spirits associated with certain places <guardian>,pandunguna lipu,guardian of the village,benteng pandunguna,the spirit of the fort,,,,,,,,,,,,spiritual,,,,,,FALSE
3270,paneti,,,,,,,,,,,,,,,,,,,,kolouno paneti,,,,FALSE
3272,paniki,noun,"fruitbat, bat, order Chiroptera",,,,,,,,,,,,,,,,animal,,,,paniki ra:-ra: \df kind of bat \sf  animal,,FALSE
3273,panili,noun,"kind of plant, a climbing orchid, the beans of which are extracted to yield the flavoring",,,,,,,,,,,,,Vanilla planifolia,,,plant,,,,,,FALSE
3274,panintiang,,,,,,,,,,,,,,,,,,,,panitiang,,,,FALSE
3277,pano,noun,kind of skin fungus which causes light spots on the skin  surface <disease>,,,,,,,,,,,,,Tinea flava,,,health,,,,,,FALSE
3278,panolurang,,,,,,,,,,,,,,,,,,,,tolur,,,,FALSE
3279,pantak,verb,"to pierce someone or something with a sharp point (e.g. thorns),to sting someone (of fish with",lao kuring-kuring itu mupantak aku,That kuring-kuring fish pricked me,,,,,,,,,,,,,,,,,,,,FALSE
3280,pantáng,verb,to make something taut,,,,,,,,,,,,,,,,,,,,,,FALSE
3281,pantas,particle,"no wonder, it makes sense",,,,,,,,,,,,,,,,,,,,,,FALSE
3282,pantung₁,noun,"pantoum, kind of rhymed verse",,,,,,,,,,,,,,,,,,,bapantung,,,FALSE
3283,pantung₂,intransitive verb,to recite such poetry,,,,,,,,,,,,,,,,,,,,,,FALSE
3284,panuar,noun,kind of tree of the spurge family bearing a nut,,,,,,,,,,,,,Aleurites moluccana,,,culinary,,,,,,FALSE
3285,panunggu,,,,,,,,,,,,,,,,,,,,pandungu(na),,,,FALSE
3289,pang,noun,"pot, pan",paisu sapáng,a pot of water,,,,,,,,,,,,,,utensil,,,,,,FALSE
3290,pangabisang,noun,"the end, completion",,,,,,,,,,,,,,,,,,,,,,FALSE
3291,pangaji akang,verb,to recite the Quran on someone's behalf or at another's request,,,,,,,,,,,,,,,,spiritual,,"mangaji, bangaji",,,,FALSE
3292,pangakuang,noun,"admission (of responsibility or guilt), agreement, accord",,,,,,,,,,,,,,,,,,,,,,FALSE
3293,panganting,noun,the bride and groom,,,,,,,,,,,,,,,,,,,,"panganting bini-bini \df bride, panganting laki-laki \df groom",,FALSE
3294,pangao,intransitive verb,to agree voicelessly with a nod of the head or a facial gesture,,,,,,,,,,,,,,,,,,mangaku,,,,FALSE
3295,pangarang,noun,kind of cloud,,,,,,,,,,,,,,,,natural phenomenon,,awang,,,,FALSE
3296,pangga,noun,"kind of fish, the Spotted mackerel",,,,,,,,,,,,,Sawara niphonia,,,fish,,,,,,FALSE
3297,panggal₁,verb,to cut something into chunks,tala mupanggal lao ka bolung,Have you cut the fish into pieces or not?,,,,,,,,,,,,,,,,,panggali,,,FALSE
3298,panggal₂,verb,to cut something specified into pieces,,,,,,,,,,,,,,,,,,,panggal akang,,,FALSE
3299,panggal₃,verb,to cut something at another's request,,,,,,,,,,,,,,,,,,,panggali akang,,,FALSE
3300,panggal₄,verb,to cut something specified for someone else,,,,,,,,,,,,,,,,,,,bapanggal,,,FALSE
3301,panggal₅,intransitive verb,to be engaged in cutting and chopping,Si sapino bapanggal kayu,Sapino is working at chopping wood,,,,,,,,,,,,,,,,,napanggal,,,FALSE
3302,panggal₆,intransitive verb,to be cut into pieces,,,,,,,,,,,,,,,,,,,hapanggal,,,FALSE
3303,panggal₇,noun,"a piece, a chunk",,,,,,,,,,,,,,,,,,,,,,FALSE
3304,panggang,verb,to roast something on a grill,,,,,,,,,,,,,,,,,,,,panggang rica \df kind of culinary preparation in which the fish is roasted and then mixed with a spicy sauce \sf  culinary \crm  ndule,,FALSE
3305,panggil₁,verb,to call someone,,,,,,,,,,,,,,,,,,,bapanggil,,,FALSE
3306,panggil₂,intransitive verb,"to be engaged in calling, to invite",yo bapanggil papá ka lau,"Yes, you should be calling Dad over here.",,,,,,,,,,,,,,,,,bapabapanggilang,,,FALSE
3307,panggil₃,intransitive verb,to call or invite someone,,,,,,,,,,,,,,,,,,,,,,FALSE
3308,pangija:ng,noun,slumber,,,,,,,,,,,,,,,,,,,,,,FALSE
3309,pangkat,noun,rank,,,,,,,,,,,,,,,,society,,,,,,FALSE
3310,pangko₁,transitive verb,to hold something in the lap,,,,,,,,,,,,,,,,,,,pangkoi,,,FALSE
3311,pangko₂,verb,to hold something or someone in the lap for someone,,,,,,,,,,,,,,,,,,,pangkoi akang,,,FALSE
3312,pangko₃,verb,to hold something at someone's request,,,,,,,,,,,,,,,,,,,pangko akang,,,FALSE
3313,pangko₄,verb,to hold something on the lap at someone's request,,,,,,,,,,,,,,,,,,,bapangko,,,FALSE
3314,pangko₅,intransitive verb,to take one's seat on someone's lap,,,,,,,,,,,,,,,,,,,,bapangko tiol \sf  to sit with one's foot resting on one's thigh,,FALSE
3315,panglí,,,,,,,,,,,,,,,,,,,,duriang panglu/,,,,FALSE
3316,pangoap,intransitive verb,to yawn,,,,,,,,,,,,,,,,,,,,,,FALSE
3317,pangota₁,noun,"caulking for a boat, made from arenga palm fiber",,,,,,,,,,,,,,,,boat,,,,,,FALSE
3317,pangota₂,noun,a codeword for sago bread,,,,,,,,,,,,,,,codename,sago,,,,,,FALSE
3318,pangumumang,noun,announcement,,,,,,,,,,,,,,,,,Indonesian,,,,,FALSE
3319,panyaket₁,noun,disease,,,,,,,,,,,,,,,,health,,,,,,FALSE
3320,panyaket₂,exclamation,"shoot!, an exclamation of mild disparagement",,,,,,,,,,,,,,,,,,,,"panyaket anging \df a disease which causes dark round blemishes on the skin \sf  health, panyaket jat \df serious disease, usually caused by sorcery \sf  health \sf  spiritual",,FALSE
3321,panyakulang,,,,,,,,,,,,,,,,,,,,sakul,,,,FALSE
3322,panyamit₁,transitive verb,to chew on something,,,,,,,,,,,,,,,,,,,,,,FALSE
3323,panyamit₂,intransitive verb,to make chewing noises,,,,,,,,,,,,,,,,,,,panyamit akang,,,FALSE
3324,panyamit₃,verb,to make chewing noises at someone,ipanyamit akang kita tu,He is making those chomping noises at us (in our presence),,,,,,,,,,,,,,,,,,,,FALSE
3325,panyaputang,,,,,,,,,,,,,,,,,,,,saput,,,,FALSE
3327,panycar₁,verb,"to spray something, to scatter something",,,,,,,,,,,,,,,,,,,panycar akang,,,FALSE
3328,panycar₂,verb,"to spray something, to splash someone",,,,,,,,,,,,,,,,,,,bapanycar,,,FALSE
3329,panycar₃,intransitive verb,to be engaged in splashing and spraying,,,,,,,,,,,,,,,,,,,bapanycar-panycar,,,FALSE
3330,panycar₄,intransitive verb,to be separated or scattered,,,,,,,,,,,,,,,,,,,napanycar,,,FALSE
3331,panycar₅,intransitive verb,"to be sprayed about, to be scattered out",,,,,,,,,,,,,,,,,,,,,,FALSE
3332,panycungut,noun,"witch, sorcerer",,,,,,,,,,,,,,,,spiritual,,uru panycungut,,,,FALSE
3333,panyjaga masigit,noun,caretaker of the mosque,,,,,,,,,,,,,,,,,,,,,,FALSE
3334,panyjaga:ng,noun,guard,,,,,,,,,,,,,,,,,,jaga,,,,FALSE
3335,panyjampatang,noun,"cross-beams which provide horizontal support for house walls, ventilation louvers which are placed at the higher reaches of walls",,,,,,,,,,,,,,,,,,sampat,,,,FALSE
3336,panyjanyjilat,noun,"kind of <insect> annelid worm, apparently a leech, class Hirudinea",,,,,,,,,,,,,,,,insect,,jilat,,,,FALSE
3337,panyjulus,noun,"womanizer, a man who frequently marries or engages in extramarital affairs",,,,,,,,,,,,,,,,,,,,,,FALSE
3338,panyól₁,intransitive verb,to whistle,,,,,,,,,,,,,,,,,,,panyóli:,,,FALSE
3339,panyól₂,verb,to whistle at someone (to scare someone or attract someone's attention),,,,,,,,,,,,,,,,,,,bapanyól,,,FALSE
3340,panyól₃,intransitive verb,to whistle continuously,,,,,,,,,,,,,,,,,,,,,,FALSE
3341,panyut-nyut,intransitive verb,"to make sucking noises, to draw in the breath sharply (because of eating something spicy)",,,,,,,,,,,,,,,,,,,,,,FALSE
3342,paocoang,intransitive verb,lazy,,,,,,,,,,,,,,,,,,,,,,FALSE
3343,paokop,,,,,,,,,,,,,,,,,,,,okop,,,,FALSE
3344,pao-pao,noun,"kind of cloth money pouch worn around the waist under one's clothing, formerly used by",,,,,,,,,,,,,,,archaic,clothing,,,,,,FALSE
3345,paotang₁,intransitive verb,heavy,,,,,,,,,,,,,,,,,,,paotangi,,,FALSE
3346,paotang₂,verb,to increase the weight of something,paotangi pananggungang,to increase the weight of what is borne with a carrying pole,,,,,,,,,,,,,,,,,papaotang,,,FALSE
3347,paotang₃,noun,"a burden, a heavy weight",,,,,,,,,,,,,,,,,,,,,,FALSE
3348,paotangang,noun,kind of chest used to store clothes,,,,,,,,,,,,,,,,,,paotang,,,,FALSE
3349,papá,noun,father,papángku,my father,,,,,,,,,,,,,,kinship,,pa,,,,FALSE
3350,papaceda,noun,kind of seashore tree of the dogbane family,,,,,,,,,,,,,Cerbera manghas,,,plant,,,,,,FALSE
3351,papai,conjunction,"as long as, as far as that goes, as for that",Itu papai taasapi majang-majang.,That is so as long as we smoke them very well.,Yo: papai kita taeti kita indaya malailaing.,"Well, as for that, we don't know",we in the,,,,,,,,,,,,,,,,,FALSE
3352,papait₁,noun,"shipment, gift (sent to someone)",,,,,,,,,,,,,,,,,,,papaiti,,,FALSE
3353,papait₂,verb,to send someone something,adaing basaláng kau mubalas mena kupapaiti dang suratku ka lau,Later when you,,,,,,,,,,,,,,,,,papait akang,,,FALSE
3354,papait₃,transitive verb,to send something at someone's request,cece lupa papait akang habár,Don't forget to send news,,,,,,,,,,,,,,,,,,,,FALSE
3355,papak₁,verb,to chew,,,,,,,,,,,,,,,,,,,papaki,,,FALSE
3356,papak₂,verb,to chew something for someone (e.g. an infant),inana mupapaki nggaeka bo anaka,Her mother chewed a banana for her child,,,,,,,,,,,,,,,,,papaki akang,,,FALSE
3357,papak₃,verb,to chew something for someone at someone's request,,,,,,,,,,,,,,,,,,,papak akang,,,FALSE
3358,papak₄,verb,to chew something at someone's request,,,,,,,,,,,,,,,,,,,bapapak,,,FALSE
3359,papak₅,intransitive verb,to engage in chewing at something (e.g. hard sago bread),,,,,,,,,,,,,,,,,,,,,,FALSE
3360,papandaki,,,,,,,,,,,,,,,,,,,,pandak,,,,FALSE
3361,papang,noun,"thwart seat, sawn lumber, board, plank",,,,,,,,,,,,,,,,boat,,,,papang bapopot \df cutting board \crm  popot \af  papangi \ps  v \df to affix a board to the side of a boat to increase its capacity,,FALSE
3362,papar,,,,,,,,,,,,,,,,,,,,,,"papar buok \df to clip the hair erratically, to cut off chunks of the hair (as a punishment) \af  papar akang \ps  v \df to crash into or pound against something (of waves) \il  Suru-surung itu mupapar akang nyjong habua sigodo nabulus.  The surf pounded that boat till it sprang a leak. \af  napapar \ps  vi \df to break on the shore (of waves)",,FALSE
3363,paparangang,noun,war,,,,,,,,,,,,,,,,,,para/ng,,,,FALSE
3364,papartama,,,,,,,,,,,,,,,,,,,,partama,,,,FALSE
3366,papat-papat,adverb,"straight ahead, without looking left or right (when walking)",,,,,,,,,,,,,,,,,,,,,,FALSE
3367,papatu,noun,boat building adze,,,,,,,,,,,,,,,archaic,tool,,,,,,FALSE
3368,papenter,noun,"kind of small bat, order Chiroptera",,,,,,,,,,,,,,,,,,,,,,FALSE
3369,papi:,noun,"kind of fish, the butterfish",,,,,,,,,,,,,"Selenotoca multifasciata, Heniochus permutatus",,,fish,,,,"papi: bor \df kind of fish, the long-finned batfish, \sn Platax pinnatus \sf  fish",,FALSE
3370,papoa,,,,,,,,,,,,,,,,,,,,minyak,,,,FALSE
3371,papoa-poa₁,intransitive verb,new,,,,,,,,,,,,,,,,,,baru,,,,FALSE
3372,papoa-poa₂,adverb,recently,,,,,,,,,,,,,,,,,,,,,,FALSE
3373,papoas,noun,mud nest of a crab,,,,,,,,,,,,,,,,,,,,,,FALSE
3374,paposong,,,,,,,,,,,,,,,,,,,,posong,,,,FALSE
3375,papua,noun,slave,,,,,,,,,,,,,,,archaic,society,,,,,,FALSE
3376,papulas,,,,,,,,,,,,,,,,,,,,pulas,,,,FALSE
3377,para,particle,"with the sole purpose of, merely to",Cece kau ka sana para pabua baingar.,Don't you go there just to make a lot of noise.,Aku para batikang ga jalang-jalang pabua ruma,I want simply to tell you the ways to,,,,,,,,,,,,,,,,,,FALSE
3378,pará,noun,thigh,,,,,,,,,,,,,,,,body,,,,"para/ pokona \df haunch, upper thigh \sf  body",,FALSE
3379,parabut,noun,household goods and furnishings,,,,,,,,,,,,,,,,,,,,,,FALSE
3380,paramasang,,,,,,,,,,,,,,,,,,,,ramas,,,,FALSE
3381,paramatoli,noun,carpet beater,,,,,,,,,,,,,,,,,,,,,,FALSE
3382,paranak akang,,,,,,,,,,,,,,,,,,,,anak,,,,FALSE
3383,paranakang₁,noun,nuclear family,,,,,,,,,,,,,,,,kinship,,anak,saparanakang,,,FALSE
3384,paranakang₂,noun,"one family, i.e. related within a single nuclear family of father, mother and child(ren), a family group, e.g. a father or mother with his or her child or children",,,,,,,,,,,,,,,,kinship,,,paraparanakang,,,FALSE
3385,paranakang₃,noun,womb,,,,,,,,,,,,,,,,body,,saparanakang,,,,FALSE
3386,parandangi,,,,,,,,,,,,,,,,,,,,randang,,,,FALSE
3387,paraningkot₁,verb,to stand on tip toes to see something,,,,,,,,,,,,,,,archaic,,,,baparaningkot,,,FALSE
3388,paraningkot₂,intransitive verb,to stand on tip toes,,,,,,,,,,,,,,,,,,"maningkot, tingkot",,,,FALSE
3389,paráng,noun,war,,,,,,,,,,,,,,,,,,,,,,FALSE
3390,paranggang,intransitive verb,juvenile (of animals),,,,,,,,,,,,,,,,,,,,,,FALSE
3391,parang-parang,noun,the lower part of the facial cheeks,,,,,,,,,,,,,,,,body,,manu-manuk,,,,FALSE
3392,pararawit,intransitive verb,to weep and wail with extreme emotion,,,,,,,,,,,,,,,,,,,,,,FALSE
3393,paras,numeral classifier,"stack, counter of twenty-five pieces of thatch",,,,,,,,,,,,,,,,,,,,,,FALSE
3394,parat₁,intransitive verb,salty,,,,,,,,,,,,,,,,,,,parati,,,FALSE
3395,parat₂,verb,"to add salt to something, to increase the saltiness of something",,,,,,,,,,,,,,,,,,,parat-parat,,,FALSE
3396,parat₃,intransitive verb,very salty,,,,,,,,,,,,,,,,,,masing,,,,FALSE
3397,parawang,noun,"hymen, virgin (of females)",,,,,,,,,,,,,,,,body,,,,,,FALSE
3398,parbuatang₁,noun,"deed, action, behavior",Parbuatangmu aku tama de akal mone,I can't accept your doings as rational.,,,,,,,,,,,,,,,,,baparbuatang,,,FALSE
3399,parbuatang₂,intransitive verb,to be characterized by a certain deed or behavior,Song haiku baparbuatang dumi-dumik dapa jatina.,Because of one person's behavior,,,,,,,,,,,,,,,,,,,,FALSE
3400,parcaya₁,verb,"to believe, to trust",,,,,,,,,,,,,,,,,,,parcayai,,,FALSE
3401,parcaya₂,verb,to place trust in someone,Kuparcayai kau nang surat ini.,I place my trust in you with respect to this letter.,,,,,,,,,,,,,,,,,parcayakang,,,FALSE
3402,parcaya₃,verb,"to entrust something, to entrust someone to do something, to rely on someone",Kuparcayakang surat ini de kau.,I entrust this letter to you.,Kuparcayakang kau untuk...,I rely on you tone..,,,,,,,,,,,,,,,baparcaya:ng,,,FALSE
3403,parcaya₄,intransitive verb,"to trust someone, to believe someone",,,,,,,,,,,,,,,,,,,,,,FALSE
3404,parcís,adverb,precisely,,,,,,,,,,,,,,,,,,,,,,FALSE
3405,parcuma,adverb,"in vain, purposelessly",kita parcuma maóp bajual lao mata-mata ni,It's pointless for us to net fish and sell,,,,,,,,,,,,,,,,,,,,FALSE
3406,pare:,verb,to walk along the sea,sopang pare: de pamariang,to leave from that place by walking along the seashore,,,,,,,,,,,,,,,,pamareang,,,,FALSE
3407,pareksa,verb,"to examine something, to test something",yogo irabi ipareksa dang,"When one is ready to set the fire, he or she checks (it) again",,,,,,,,,,,,,,,,,,,,FALSE
3408,parenta,noun,"command, order",,,,,,,,,,,,,,,,,,,,,,FALSE
3409,pariama₁,noun,a constellation,,,,,,,,,,,,,,,,natural phenomenon,,,bapariama,,,FALSE
3410,pariama₂,intransitive verb,"starry (e.g. of a night sky), glamorous, newly refurbished",,,,,,,,,,,,,,,,,,,,,,FALSE
3411,parikang,noun,"a length of wire used to strengthen the connection between the fisma, Z. J.",,,,,,,,,,,,,,,,,,,,,,FALSE
3412,parimbung₁,intransitive verb,"lush (of foliage), thick and long (of hair), unacceptably long and unkempt (of hair)",buoka ia parimbung,His hair is thick,,,,,,,,,,,,,,,,,parimbungi,,,FALSE
3413,parimbung₂,verb,to thicken something (one's hair),,,,,,,,,,,,,,,,,,,paparimbung,,,FALSE
3414,parimbung₃,intransitive verb,very luxuriant and thick (of the hair),,,,,,,,,,,,,,,,,,,,,,FALSE
3415,paris₁,verb,"to shave, to cut the hair",,,,,,,,,,,,,,,,,,,paris akang,,,FALSE
3416,paris₂,verb,to shave someone at another's request,,,,,,,,,,,,,,,,,,,baparis,,,FALSE
3417,paris₃,intransitive verb,"to be engaged in shaving or hair-cutting (of a close haircut involving shaving), to undertake a ritual in which an infant's hair is cut or shaved",,,,,,,,,,,,,,,,,,,paris-paris,,,FALSE
3418,paris₄,noun,"shaving equipment, i.e., razor, etc.",,,,,,,,,,,,,,,,utensil,,,pamaris,,,FALSE
3419,paris₅,noun,razor,,,,,,,,,,,,,,,,,,,pamarisang,,,FALSE
3420,paris₆,noun,"shaving equipment, razor blade",,,,,,,,,,,,,,,,,,,,,,FALSE
3421,parkara₁,noun,"affair, issue, case, situation",parkara lampa:ng,the case of vegetables,parkara basaláng isu balampo keu,"It's a situation where, if someone tells him to go on",,,,,,,,,,,,,,,,,,FALSE
3422,parkara₂,intransitive verb,"to enjoy, to be delighted",kau parkara kata de eka ria,You really had a good time over at Eka Ria (Restaurant)!,,,,,,,,,,,,,,,,,,,,FALSE
3423,parkici,noun,kind of small parrot <bird>,,,,,,,,,,,,,Psittacidae,,,bird,,,,,,FALSE
3424,parlí,verb,to need something,tahasil akang apé yang musi taparlí,Let us produce something which we necessarily require,,,,,,,,,,,,,,,,,,,,FALSE
3425,parniti₁,,,,,,,,,,,,,,,,,,,,,baparniti,,,FALSE
3426,parniti₂,intransitive verb,to defecate,,,,,,,,,,,,,,,coarse,,,baria,,,,FALSE
3427,paro,intransitive verb,to be gravel-voiced,,,,,,,,,,,,,,,,,,,,,,FALSE
3428,parsén,noun,"gift, tip",,,,,,,,,,,,,,,,,,,,,,FALSE
3429,partama₁,particle,"first, initially",,,,,,,,,,,,,,,,,,,,,,FALSE
3430,partama₂,intransitive verb,"first, original",,,,,,,,,,,,,,,,,,,papartama,,,FALSE
3431,partama₃,particle,"firstly, first of all",,,,,,,,,,,,,,,,,,,partama-tama,,,FALSE
3432,partama₄,particle,first of all,,,,,,,,,,,,,,,,,,,,,,FALSE
3433,paru,transitive verb,"to grate something, esp. coconut",,,,,,,,,,,,,,,,,,"kikis, kasbi/ kaparu",,,,FALSE
3434,parudang,noun,grater for coconuts,,,,,,,,,,,,,,,,,,nyanyito,,,,FALSE
3435,parumai,,,,,,,,,,,,,,,,,,,,ruma,,,,FALSE
3437,parupuk₁,intransitive verb,"likely to touch everything in reach, fidgety",,,,,,,,,,,,,,,,,,,baparupuk,,,FALSE
3438,parupuk₂,intransitive verb,to take a number of things in a random pattern,,,,,,,,,,,,,,,,,,,,,,FALSE
3439,parusuk,noun,"the side of the body, flank",,,,,,,,,,,,,,,,,,rusu-rusu,,,,FALSE
3440,pas,intransitive verb,"exact, precise, fitting, appropriate, well-fitting",memang malang ahát itu pas,"Certainly, Saturday night is just right",pondo habua ni pas ka mo nang kau,Is this shirt the right fit for you or not?,,,,,,,,,,,,,,,,,,FALSE
3441,pasak₁,verb,to embed something,,,,,,,,,,,,,,,,,,,pasaki,,,FALSE
3442,pasak₂,verb,to drive something in,Pasaki beles yogo kuikat nyjong.,Drive that stake in,I want to tie up the boat.,,taala kuriwang tala tapasaki tiang,"After we collect sago bark, we drive the house poles in",,,,,,,,,,,,,pasak akang,,,FALSE
3443,pasak₃,verb,to embed something for someone else,,,,,,,,,,,,,,,,,,,bapasak,,,FALSE
3444,pasak₄,intransitive verb,to be engaged in driving something in (e.g. a house post),,,,,,,,,,,,,,,,,,,,,,FALSE
3445,pasal,noun,"section (of some written text), part (of an argument), factor (in a complex consideration)",,,,,,,,,,,,,,,,,,,,,,FALSE
3446,pasanakan,,,,,,,,,,,,,,,,,,,,sanak,,,,FALSE
3447,pasang₁,verb,"to set up something, to shoot, to aim for something or to target a goal",,,,,,,,,,,,,,,,,,,pasangi,,,FALSE
3448,pasang₂,verb,to set something up for someone,,,,,,,,,,,,,,,,,,,pasang akang,,,FALSE
3449,pasang₃,verb,to set something up at someone's request,,,,,,,,,,,,,,,,,,,bapasang,,,FALSE
3450,pasang₄,intransitive verb,"to take aim and fire guns, to engage in setting up (e.g. set up all the tapers and lamps before nightfall as a regular",,,,,,,,,,,,,,,,,,,,,,FALSE
3451,pasa:ng,,,,,,,,,,,,,,,,,,,,asa,,,,FALSE
3453,pasar,noun,market,,,,,,,,,,,,,,,,,,,,,,FALSE
3454,pasaruma:ng,,,,,,,,,,,,,,,,,,,,"ruma, saruma",,,,FALSE
3456,pasawat,noun,airplane,,,,,,,,,,,,,,,,,,udara,,,,FALSE
3457,pasebang,noun,"waiting-room (of the palace), audience-hall (of the palace)",,,,,,,,,,,,,,,archaic,,,,,,,FALSE
3458,paser,noun,the sandy bottom below the sea's surface,,,,,,,,,,,,,,,,geography,,"lecak, patilombut",,,,FALSE
3459,pasiar,intransitive verb,"to stroll, to travel for pleasure, to visit and pay calls on friends",,,,,,,,,,,,,,,,,,,,,,FALSE
3460,pasi₁,pronoun,"they, them",,,,,,,,,,,,,,third person plural,,,,"-na pasi, -na",,,,FALSE
3461,pasi₂,noun,"a place where the ocean floor rises (but not to the surface), a shallow part of the ocean bed <sandbank>",,,,,,,,,,,,,,,,geography,,bunging,,,,FALSE
3462,pasir,,,,,,,,,,,,,,,,,,,,pasi,,,,FALSE
3463,pasti,intransitive verb,certain,,,,,,,,,,,,,,,,,,,,,,FALSE
3464,pastiu,intransitive verb,"to be bored, to be tired of something",cece manusia po tala yogo pastiu lao,Let it not be that people are already about to become bored with fish!,,,,,,,,,,,,,,,,,,,,FALSE
3465,pasugo,intransitive verb,to be asthmatic,,,,,,,,,,,,,,,,health,,,,,,FALSE
3466,pasukat akang,,,,,,,,,,,,,,,,,,,,sukat,,,,FALSE
3467,pa:t₁,noun,chisel,,,,,,,,,,,,,,,,,,,bapa:t,,,FALSE
3468,pa:t₂,intransitive verb,to work with a chisel,,,,,,,,,,,,,,,,tool,,,,,,FALSE
3469,patajang akang,,,,,,,,,,,,,,,,,,,,tajang,,,,FALSE
3470,patang₁,noun,night,tala patang,"Hey, it's already night!",,,,,,,,,,,,,,,,,patang-patang,,,FALSE
3471,patang₂,noun,late at night,mena kau muba: kata patang-patang supaya tabei nang langker ni de ini,Then you can carry them up there late at night so we can give them to this elder here.,,,,,,,,,,,,,,,,,sapatang,,,FALSE
3472,patang₃,noun,one night,sapatang itu rodak sabayá,On that night how many fell?,,,,,,,,,,,,,,,,,,"sapatang itu \df that night, last night",,FALSE
3473,patapati,,,,,,,,,,,,,,,,,,,,tapat,,,,FALSE
3474,patatulang,noun,"kind of parasitic plant, characterized by luxuriant twining tangles of leafless stems",,,,,,,,,,,,,Cassytha filiformis,,,plant,,,,,,FALSE
3475,patiang akang,,,,,,,,,,,,,,,,,,,,tiang,,,,FALSE
3476,patilombut,noun,"sand, esp. the soft sand beside the beach, beach",,,,,,,,,,,,,,,,geography,,lecak,,,,FALSE
3477,patinggi,,,,,,,,,,,,,,,,,,,,tinggi,,,,FALSE
3478,patís,transitive verb,to wear something for a long time without washing it,Kupatís calanaku sigodo pucat.,I wore my pants so long they looked faded.,,,,,,,,,,,,,,,,,,,,FALSE
3479,patokang,noun,"direction, bearings, advice, instruction",,,,,,,,,,,,,,,,,,,,,,FALSE
3480,patola,,,,,,,,,,,,,,,,,,,,ular,,,,FALSE
3481,patolana,noun,"a large brood, said of children in a large family (because they are as numerous as a python's brood)",,,,,,,,,,,,,,,,,,ular,,,,FALSE
3482,patolang,verb,to eat large quantities (esp. of fish),,,,,,,,,,,,,,,,,,patola,,,,FALSE
3483,patorori:,,,,,,,,,,,,,,,,,,,,torori,,,,FALSE
3485,patuk₁,verb,"to peck at something (of fowl and birds), to eat",,,,,,,,,,,,,,,humorous,,,,patuki,,,FALSE
3486,patuk₂,verb,"to bite at, to nibble (of fish)",,,,,,,,,,,,,,,,,,,bapatuk,,,FALSE
3487,patuk₃,intransitive verb,to be pecking and scratching (of chickens),,,,,,,,,,,,,,,,,,,,,,FALSE
3488,patula,noun,"kind of vegetable, various kind of loofah, esp. the angled loofah",,,,,,,,,,,,,Luffa acutangula,,,plant,,,,"patula cina \df the smooth loofah, \sn Luffa cylindrica \sf  plant, patula ular \df kind of long bitter gourd, \sn Momordica charantia \sf  plant",,FALSE
3489,pau₁,noun,"kind of trough, the main part of the sago processing apparatus",,,,,,,,,,,,,,,,utensil,,,,"pau kapalana \df the first basin of the sago processing apparatus in which the pith is kneaded, squeezed and filtered \df the temporary shed which encloses the pau \sc  Casual, pau ikura \df the final spout at the end of the sago processing trough \sf  utensil \sf  sago \crm  paramasang \crm  ikur",,FALSE
3489,pau₂,noun,"kind of trough, the main part of the sago processing apparatus",,,,,,,,,,,,,,,,sago,,,,"pau kapalana \df the first basin of the sago processing apparatus in which the pith is kneaded, squeezed and filtered \df the temporary shed which encloses the pau \sc  Casual, pau ikura \df the final spout at the end of the sago processing trough \sf  utensil \sf  sago \crm  paramasang \crm  ikur",,FALSE
3490,pauli₁,verb,to obtain or get something,pauli barang dua pulu belek mitu e,"You get about twenty cans or so, right?",,,,,,,,,,,,,,,,,,,,FALSE
3491,pauli₂,particle,"capable of, can, possible",bahaláng jadi aku pauli kutuka,"If it is the case, I can buy it.",Yogo muli pauli mone,I wanted to go home but couldn't.,pauli dadi babunuang de itu de kayuang dalama,It's possible there might be killing there in the forest.,,,,,,,,,,,,,,,,FALSE
3492,paumbukang,,,,,,,,,,,,,,,,,,,,umbuk,,,,FALSE
3493,paus-paus,noun,"whale, order Cetacea",,,,,,,,,,,,,,,,sea creature,,alimposuk,,,,FALSE
3494,paya,intransitive verb,difficult,,,,,,,,,,,,,,,,,,,,,,FALSE
3495,payasa akang,,,,,,,,,,,,,,,,,,,,yasa,,,,FALSE
3496,payung,noun,umbrella,,,,,,,,,,,,,,,,,,,,,,FALSE
3497,pawasang,,,,,,,,,,,,,,,,,,,,uas,,,,FALSE
3500,pecik₁,verb,to spatter water with one's hand,,,,,,,,,,,,,,,,,,,bapecik,,,FALSE
3501,pecik₂,intransitive verb,to be roiled (of water) due to a school of fish near the surface,,,,,,,,,,,,,,,,,,,,,,FALSE
3502,pedal,noun,pedal (of a bicycle),,,,,,,,,,,,,,,,,,,,,,FALSE
3503,pedi,intransitive verb,stinging (of the eyes),,,,,,,,,,,,,,,,health,,,,,,FALSE
3504,pegas₁,verb,"to spread apart something, esp. body parts",,,,,,,,,,,,,,,,,,,pegasi,,,FALSE
3505,pegas₂,verb,to spread apart a body part for someone or affecting someone,si umar mupegasi si puda mata,Umar pulled at Puda's lower eyelids,,,,,,,,,,,,,,,,,pegas akang,,,FALSE
3506,pegas₃,verb,to spread apart something at someone's request,,,,,,,,,,,,,,,,,,,bapegas,,,FALSE
3507,pegas₄,intransitive verb,"to sit akimbo, to be in a posture with the legs spread apart",,,,,,,,,,,,,,,,,,,,,,FALSE
3508,pehi,noun,"kind of vegetable or salad dish made of the male flowers of the banana, usually mixed with grated coconut flesh",,,,,,,,,,,,,,,,food,,,,,,FALSE
3509,peka₁,,,,,,,,,,,,,,,,,,,,,pekai,,,FALSE
3510,peka₂,verb,to defend her brood by attacking someone who approaches (of brooding hen),,,,,,,,,,,,,,,,,,,bapeka,,,FALSE
3511,peka₃,intransitive verb,to be aggressive in protecting her brood (of a hen),,,,,,,,,,,,,,,,,,,,,,FALSE
3512,pel,noun,"pill, capsule",,,,,,,,,,,,,,,,,,,,,,FALSE
3513,peleborot,,,,,,,,,,,,,,,,,,,,peler borot,,,,FALSE
3514,peleca₁,adverb,fast (esp. of one's gait),,,,,,,,,,,,,,,,,,,pepeleca,,,FALSE
3515,peleca₂,adverb,very fast,,,,,,,,,,,,,,,,,,,,,,FALSE
3516,pelehega,intransitive verb,weak,,,,,,,,,,,,,,,,,,,,,,FALSE
3517,peler,noun,penis,,,,,,,,,,,,,,,,body,,"butu, pepelera",,"peler biji-biji \df testicles \sf  body, peler taina \df smegma \sf  body, peler ujunga \df foreskin \sf  body",,FALSE
3518,peler borot₁,noun,"kind of tree, the council tree",,,,,,,,,,,,,Ficus altissima,,,plant,,,,,,FALSE
3519,peler borot₂,intransitive verb,lazy,,,,,,,,,,,,,,,,,,,,,,FALSE
3520,pelester₁,noun,"plaster, any pasty finishing mortar used to cover a surface, esp. cement wattle",,,,,,,,,,,,,,,,,,,,,,FALSE
3521,pelester₂,verb,"to cover, esp. a vertical surface, with plaster, to overlay something with a pasty compound",,,,,,,,,,,,,,,,,,,,,,FALSE
3522,pen,,,,,,,,,,,,,,,,,,,,peng,,,,FALSE
3523,pendapatan,noun,income,,,,,,,,,,,,,,,,,Indonesian,pandapatang,,,,FALSE
3524,pendeknya,conjunction,in short,pendeknya de waktu itu makanang susa,"In short, at that time food was difficult (to obtain).",,,,,,,,,,,,,,,Indonesian,,,,,FALSE
3525,pendi,noun,kind of bent bamboo pole which functions as a spring on the filter of the sago processing apparatus,,,,,,,,,,,,,,,,,,,,,,FALSE
3526,pending,noun,belt buckle,,,,,,,,,,,,,,,,,,,,,,FALSE
3527,pentíng,intransitive verb,to be important,,,,,,,,,,,,,,,,,,,,,,FALSE
3528,peng,noun,"peg or dowel, esp. in construction",,,,,,,,,,,,,,,,,,,,,,FALSE
3529,penggu,intransitive verb,"lame, with legs bent to one side",,,,,,,,,,,,,,,,health,,,,,,FALSE
3530,penyak₁,,,,,,,,,,,,,,,,,,,,,penyaki,,,FALSE
3531,penyak₂,verb,to sit on something which is inappropriate (e.g. to sit on clean clothes),,,,,,,,,,,,,,,,,,,penyak akang,,,FALSE
3532,penyak₃,verb,to sit on something at someone's request,kana: mupenyak akang bukiku,Why did you sit on my books (just because she said to)?,,,,,,,,,,,,,,,,,bapenyak,,,FALSE
3533,penyak₄,intransitive verb,"to be seated on the floor or a platform (but not in a chair, etc.)",,,,,,,,,,,,,,,,,,"duduk, calepo",,,,FALSE
3534,penyakit,noun,"illness, disease",,,,,,,,,,,,,,,,,Indonesian,panyaket,,,,FALSE
3535,penyco,noun,"kind of sweetmeat, a custard of mashed banana, sugar, egg, and coconut milk",,,,,,,,,,,,,,,,food,,,,,,FALSE
3536,penyjagaan,noun,guard-post,,,,,,,,,,,,,,,,,Indonesian,,,,,FALSE
3537,penyju,noun,"sea tortoise, order Testudinata",,,,,,,,,,,,,,,,sea creature,,,,"penyju kayuang \df land turtle, order Testudinata \sf  animal \crm  pampenyju, penjyu lao \df kind of deep-sea turtle, the flesh of which is eaten, order Testudinata \sf  sea creature, penyju sikat \df kind of tortoise, the shell of which is a commercial product, order Testudinata \sf  animal \crm  kerang",,FALSE
3538,penyu,,,,,,,,,,,,,,,,,,,,penyju,,,,FALSE
3539,pep,noun,baby pacifier,,,,,,,,,,,,,,,,,,dop,,,,FALSE
3540,pepa,noun,young coconut esp. when it still contains liquid endosperm,,,,,,,,,,,,,Cocos nucifera,,,,,,,,,FALSE
3541,pepelera,intransitive verb,to be stark naked,,,,,,,,,,,,,,,,,,peler,,,,FALSE
3542,peperét,noun,ant lion larva,,,,,,,,,,,,,Myrmeleon,,,insect,,,,"pepere/t laot \df kind of sea animal, apparently a crustacean, the mole crab, \sn Hippoidea",,FALSE
3543,peput,intransitive verb,"paralyzed or unable to walk, usually from childhood",,,,,,,,,,,,,,,,,,,,,,FALSE
3544,perak,noun,silver,,,,,,,,,,,,,,,,,,,,,,FALSE
3545,percis,noun,light bulb,,,,,,,,,,,,,,,,,,,,,,FALSE
3546,perkebunan,noun,horticulture,,,,,,,,,,,,,,,,,Indonesian,,,,,FALSE
3547,perlindungan,noun,protection,,,,,,,,,,,,,,,,,Indonesian,,,,,FALSE
3548,perlu,particle,"need to, required",,,,,,,,,,,,,,,,,,parlu/,,,,FALSE
3549,pertanian,noun,agriculture,,,,,,,,,,,,,,,,,Indonesian,,,,,FALSE
3550,pertengahan,noun,center,,,,,,,,,,,,,,,,,Indonesian,mamananga,,,,FALSE
3551,pes,verb,"to peel (mango, cassava, etc.)",,,,,,,,,,,,,,,,,,,,,,FALSE
3552,pesa₁,particle,please (do something on behalf of the speaker),Pesa ba: paisu.,Please get water.,,,,,,,,,,,,,,,,,,,,FALSE
3553,pesa₂,conjunction,"should it happen, if","Pesa ujang, aku balampo mone","Should it rain, I won't gone",,,,,,,,,,,,,,,,,,"pesa mo \df otherwise, if that were not the case \il  Kajanga kau mantak pesa mo kubobar kau.  It's too bad you're sick; if not, I'd beat you up.",,FALSE
3554,pesu₁,,,,,,,,,,,,,,,,,,,,,pesu akang,,,FALSE
3555,pesu₂,transitive verb,to bend something backwards,,,,,,,,,,,,,,,,,,,bapesu,,,FALSE
3556,pesu₃,intransitive verb,"to bend the body backwards, to play a game in which coconut shells are picked up by bending one's body backwards",,,,,,,,,,,,,,,,game,,,,,,FALSE
3557,peta₁,transitive verb,to cut something into pieces,,,,,,,,,,,,,,,,,,,petai,,,FALSE
3558,peta₂,transitive verb,"to cut into something, to notch or incise something",,,,,,,,,,,,,,,,,,,,,,FALSE
3559,petik₁,intransitive verb,to flick with one's fingers,,,,,,,,,,,,,,,,,,,,,,FALSE
3560,petik₂,verb,to flick at something with one's finger,petik bola,to shoot marbles,,,,,,,,,,,,,,,,,,,,FALSE
3561,peto,noun,vagina,,,,,,,,,,,,,,,,body,,,,"peto tatoala \df clitoris \sf  body, peto lidana \df clitoris \af  bapeto, bapeto satampurung \df woman \sc  a coarse term used by youth \sf  body",,FALSE
3562,petsai,,,,,,,,,,,,,,,,,,,,petsawi,,,,FALSE
3563,petsawi,noun,"various kind of leafy greens used as vegetables, incl. leaf mustard",,,,,,,,,,,,,Brassica juncea,,,plant,,,,"petsawi babunga \df kind of vegetable, false pak choi, \sn Brassica parachinensis \sf  plant",,FALSE
3564,piak₁,verb,to split something up,,,,,,,,,,,,,,,,,,,bapiak,,,FALSE
3565,piak₂,intransitive verb,to be engaged in splitting,bapiak kayu,to split wood (for firewood),,,,,,,,,,,,,,,,,sapiak,,,FALSE
3566,piak₃,noun,one side,,,,,,,,,,,,,,,,,,,hapiak,,,FALSE
3567,piak₄,noun,"half, on one side",nggaoti hapiak,half a coconut,ruma hapiaka,the house next door,,,,,,,,,,,,,,,napiak-piak,,,FALSE
3568,piak₅,intransitive verb,"to be all split apart, to have burst open",,,,,,,,,,,,,,,,,,,,,,FALSE
3569,picikala,noun,kind of ginger plant,,,,,,,,,,,,,Zingiber aromaticum,,,plant,,,,,,FALSE
3570,picil₁,verb,to squeeze with the hand,Picil bangkurungku.,Rub my back.,,,,,,,,,,,,,,,,,picili,,,FALSE
3571,picil₂,verb,to squeeze something in a specified way,picili limo de dabu-dabu,squeeze a lime into that sauce,,,,,,,,,,,,,,,,,picil akang,,,FALSE
3572,picil₃,verb,to squeeze something at someone's request,,,,,,,,,,,,,,,,,,,bapici-picilang,,,FALSE
3573,picil₄,intransitive verb,"to squeeze someone, to rub someone's back",,,,,,,,,,,,,,,,,,,pici-picil,,,FALSE
3574,picil₅,verb,"to give a rub down, to massage lightly",,,,,,,,,,,,,,,,,,,,,,FALSE
3575,picilikong,noun,sty in the eye,,,,,,,,,,,,,,,,health,,,,,,FALSE
3576,pidá,intransitive verb,"to be stubborn, to be headstrong",,,,,,,,,,,,,,,,,,,,,,FALSE
3577,pigis,noun,frame (of a bed),,,,,,,,,,,,,,,,,,lalagar,,,,FALSE
3578,pija₁,verb,"to close one's eyes, to blink",,,,,,,,,,,,,,,,,,,pijai,,,FALSE
3579,pija₂,verb,"to close something (the eyes) for someone, e.g. to close a child's eyes so he or she will not see the needle of an injection",,,,,,,,,,,,,,,,,,,pija akang,,,FALSE
3580,pija₃,verb,to close someone's eyes at someone's request,,,,,,,,,,,,,,,,,,,bapija,,,FALSE
3581,pija₄,intransitive verb,"to rest for a short time, to nap during a rest stop",,,,,,,,,,,,,,,,,,,,,,FALSE
3582,piling₁,noun,request,,,,,,,,,,,,,,,,,,,pilingi,,,FALSE
3583,piling₂,verb,to request something for s.o,,,,,,,,,,,,,,,,,,,piling akang,,,FALSE
3584,piling₃,verb,"to request something at another's request, to order something (some food on a menu) for someone",,,,,,,,,,,,,,,,,,,bapiling,,,FALSE
3585,piling₄,intransitive verb,"to engage in requesting and ordering things, to order (some food from a restaurant menu)",,,,,,,,,,,,,,,,,,,,,,FALSE
3586,pilisír₁,noun,"party, esp. accompanied by music and dancing",,,,,,,,,,,,,,,archaic,,,,bapalisír,,,FALSE
3587,pilisír₂,intransitive verb,to attend or hold such events,,,,,,,,,,,,,,,,,,,,,,FALSE
3588,pilit₁,,,,,,,,,,,,,,,,,,,,,pilit akang,,,FALSE
3589,pilit₂,verb,"to disguise speech from someone, to deceive someone by using codewords",pasi tala mupilit akang mata salana tu,They disguised their intentions and deceived that outsider,,,,,,,,,,,,,,,,,pilit-pilit akang,,,FALSE
3590,pilit₃,verb,to repeatedly or intensively use codewords in someone's presence,,,,,,,,,,,,,,,,,,,bapilit akang,,,FALSE
3591,pilit₄,intransitive verb,"to dissemble by using codewords, to engage in using argot",si jani nang si yono bapilit akang de pa kardi,Jani and Yono spoke in codewords in front of Mr. Kardi,,,,,,,,,,,,,,,,basa pilit-pilit akang,,,,FALSE
3592,pilu:₁,verb,to insult someone,Ia mupilu: sidó.,He is insulting Sido,,,,,,,,,,,,,,,,,pilu:i,,,FALSE
3593,pilu:₂,verb,"to tell on someone, to give unsavory or secret information about someone",Ia mupilu:i sapinone,He informed on Sapinone,,,,,,,,,,,,,,,,,pilu: akang,,,FALSE
3594,pilu:₃,verb,to inform on someone at the request of another,Yasir mupilu: akang sapinone,Yasir divulged Sapino's misdeed (because he was told to).,,,,,,,,,,,,,,,,,bapapilu:,,,FALSE
3595,pilu:₄,intransitive verb,to divulge information,,,,,,,,,,,,,,,,,,,bapipilu:ang,,,FALSE
3596,pilu:₅,intransitive verb,"to revile someone, to bear tales about each other",,,,,,,,,,,,,,,,,,,,,,FALSE
3597,pilu₁,,,,,,,,,,,,,,,,,,,,,bapapilu,,,FALSE
3598,pilu₂,intransitive verb,"to give in to a false accusation, e.g. to punish one's child before the accuser although the accusation is known to be incorrect or to admit one's property belongs to another",,,,,,,,,,,,,,,,,,,,,,FALSE
3599,pisang-pisang,noun,"sensation of cramps, cramps, esp. in the legs",,,,,,,,,,,,,,,,health,,,,,,FALSE
3600,pitará,noun,the annual tithe paid by Muslims on the last night of the fasting month,,,,,,,,,,,,,,,,,,jaka/t,,,,FALSE
3601,pitate,noun,wall of plaited bamboo laths,,,,,,,,,,,,,,,,house,,,,,,FALSE
3602,pitsai,,,,,,,,,,,,,,,,,,,,petsawi,,,,FALSE
3603,pitu,numeral,seven,,,,,,,,,,,,,,,,,,,,,,FALSE
3604,pitua,noun,"advice, wisdom of elders and tradition",tapircaya mo pituana manusia tua-tua,We do not believe the wisdom of elders.,,,,,,,,,,,,,,,,,,,,FALSE
3605,piu-piu,noun,balloon,,,,,,,,,,,,,,,,,,,,,,FALSE
3606,piut,noun,great-grandchild,,,,,,,,,,,,,,,,kinship,,cece,,,,FALSE
3607,po,conjunction,"furthermore, then",Po malumpat de lau.,Then he ran to the sea.,Po kaná?,Then what?,,,,,,,,,,,,,,,,,,FALSE
3608,poci,noun,"kind of oil taper made with a metallic container, teapot",,,,,,,,,,,,,,,,,,,,,,FALSE
3609,pocot₁,verb,"to be fat, to become fat (i.e. to grow)",batanga alengo itu dadi pocot,The stems become thick.,,,,,,,,,,,,,,,,,papocoti,,,FALSE
3610,pocot₂,verb,to fatten someone up,,,,,,,,,,,,,,,,,,,,,,FALSE
3611,podas₁,verb,to separate sago pith into chunks once it has been removed from its package,,,,,,,,,,,,,,,,,,"tatas, romok",podasi,,,FALSE
3612,podas₂,verb,to separate sago pith from a specified sago package,,,,,,,,,,,,,,,,,,,podas akang,,,FALSE
3613,podas₃,verb,to separate sago pith into chunks at someone's request,,,,,,,,,,,,,,,,,,,bapodas,,,FALSE
3614,podas₄,intransitive verb,to be engaged in breaking sago pith into chunks,,,,,,,,,,,,,,,,,,,napodas,,,FALSE
3615,podas₅,intransitive verb,"to break apart, to have broken apart",ia napodas jat,It will have fallen apart in an inappropriate way,,,,,,,,,,,,,,,,,,,,FALSE
3616,podita,verb,to amass or collect bit by bit,kupodita kumbar sigodo dadi barisi,I amassed sago midribs until I had a lot.,,,,,,,,,,,,,,,,,,,,FALSE
3617,pogot,noun,"kind of fish, the red-lined triggerfish or vermiculated triggerfish",,,,,,,,,,,,,Balistapus undulatus,,,fish,,,,"pogot manuk \df kind of fish, the starry triggerfish or flat-tailed triggerfish, \sn Abalistes stellaris \sf  fish, pogot titiora \df kind of fish, probably a triggerfish \sf  fish",,FALSE
3618,pok,ideophone,"sound of certain birds, screech, cry (of birds)",,,,,,,,,,,,,,,,,,popok,,,,FALSE
3619,poko,noun,"base of a tree trunk, basis, base",kita bajagai duriang itu itu musi tarawasi pokona puang,"When we are tending durians,",talinga pokona,socket of the jaw,kebersihan itu manyjadi poko,Cleanliness is the basis.,,,,,,,,,,,,,,,,FALSE
3620,pokonya,conjunction,"basically, in short",,,,,,,,,,,,,,,,,Indonesian,,,,,FALSE
3621,polonggayang,noun,kind of large serving bowl,,,,,,,,,,,,,,,,utensil,,,,,,FALSE
3622,polu₁,noun,"sweat, perspiration",,,,,,,,,,,,,,,,body,,,bapolu,,,FALSE
3623,polu₂,intransitive verb,to sweat,bapolu aku,I broke into a sweat.,,,,,,,,,,,,,,,,,bapolu-polu,,,FALSE
3624,polu₃,intransitive verb,"to sweat excessively, to drip with sweat",si puda batibas kayu sigodo bapolu-polu,Puda did the wood-splitting till he was,,,,,,,,,,,,,,,,,,,,FALSE
3625,poluk₁,transitive verb,to bend something into a curve or cylinder,poluk belék,to shape a can into a taper by bending it,,,,,,,,,,,,,,,,,bapoluk akang,,,FALSE
3626,poluk₂,intransitive verb,to engage in bending something for someone,,,,,,,,,,,,,,,,,,,,,,FALSE
3627,poluk₃,verb,to embrace something,,,,,,,,,,,,,,,,,,,poluki,,,FALSE
3628,poluk₄,verb,to embrace someone with a specific intent,,,,,,,,,,,,,,,,,,,poluk akang,,,FALSE
3629,poluk₅,intransitive verb,to hug someone at another's request,Poluk akang adimu sigodo badiang.,Hug your brother till he's quiet.,,,,,,,,,,,,,,,,,bapolukang,,,FALSE
3630,poluk₆,intransitive verb,to embrace someone,,,,,,,,,,,,,,,,,,,,,,FALSE
3631,polulu₁,verb,to shape something with both hands into a round shape,,,,,,,,,,,,,,,,,,,bapolulu,,,FALSE
3632,polulu₂,intransitive verb,to curl up in a ball because of the cold,,,,,,,,,,,,,,,,,,,,,,FALSE
3633,pombo,noun,"kind of bird, dove or pigeon",,,,,,,,,,,,,Columbidae,,,bird,,,,"pombo utang \df kind of bird, kind of pigeon, fam. Columbidae \sf  bird",,FALSE
3634,pondak,noun,"kind of plant, pandanus",,,,,,,,,,,,,Pandanus,,,plant,Malay,panam bau,,,,FALSE
3635,pondo,noun,"shirt, blouse, tunic",,,,,,,,,,,,,,,,,,,,"pondo kabaya \df a woman's long-sleeved blouse worn with a sarong \sf  clothing, pondo kimo/n \df kind of woman's blouse or tunic, pondo tangang pandak \df short-sleeved shirt, pondo tangang tinggi \df long-sleeved shirt",,FALSE
3636,ponis,noun,bang (of hair),,,,,,,,,,,,,,,,,,,,,,FALSE
3637,ponu₁,intransitive verb,to be full,,,,,,,,,,,,,,,,,,,ponu akang,,,FALSE
3638,ponu₂,verb,to fill something for someone,,,,,,,,,,,,,,,,,,,paponui,,,FALSE
3639,ponu₃,verb,to fill up something completely,,,,,,,,,,,,,,,,,,,paponu akang,,,FALSE
3640,ponu₄,verb,to top off some container which has some water,,,,,,,,,,,,,,,,,,,paponoui akang,,,FALSE
3641,ponu₅,verb,to fill something (almost empty) completely at another's request,,,,,,,,,,,,,,,,,,,,,,FALSE
3642,pong,,,,,,,,,,,,,,,,,,,,puang,,,,FALSE
3643,pongo,intransitive verb,"to be deaf, hearing impaired",,,,,,,,,,,,,,,,health,,lori pongo,,,,FALSE
3644,pongot,intransitive verb,"nasal (of one's voice), to have a nasal twang",,,,,,,,,,,,,,,,,,,,,,FALSE
3645,popaco,noun,"any conical container <cone>, kind of steamed cake made in a leaf cone",,,,,,,,,,,,,,,,food,,,,,,FALSE
3646,popak₁,verb,to pour something out,,,,,,,,,,,,,,,,,,,popaki,,,FALSE
3647,popak₂,verb,to pour out on to something,hoap to ipopaki indalang tu,That vapor pours down inside it,,,,,,,,,,,,,,,,,napopak,,,FALSE
3648,popak₃,intransitive verb,"to be spilled out, to be overflowing <spill>",,,,,,,,,,,,,,,,,,,,,,FALSE
3649,popao,noun,kind of woman's money purse worn on the side of the waist,,,,,,,,,,,,,,,archaic,,,,,,,FALSE
3650,popare,noun,"various kind of vine bearing edible fruit, bitter gourds, incl.",,,,,,,,,,,,,Momordica charantia,,,plant,,,,"popare gaja \df kind of bitter gourd, \sn Momordica \sf  plant",,FALSE
3651,poparo,noun,kind of fish,,,,,,,,,,,,,,,,fish,,,,,,FALSE
3652,popas,,,,,,,,,,,,,,,,,,,,,bapopas,bapopas lipu \df to protect a village from evil by reciting prayers en masse at each corner of the village \sf  spiritual \crm  rorasa,,FALSE
3653,popia,noun,"kind of vine, spiny bitter cucumber",,,,,,,,,,,,,Momordica cochinchinensis,,,plant,,ngguming,,,,FALSE
3654,popo₁,intransitive verb,"short (of something ordinarily long or tall, e.g., a tree with the crown broken off or a finger",calana popo,short pants,,,,,,,,,,,,,,,,,papopoi,,,FALSE
3655,popo₂,verb,to shorten something excessively,kana: kau mupapopoi buoku mini,Why have you shortened my hair like this?,,,,,,,,,,,,,,,,,,,,FALSE
3656,popoje,noun,"pocket, marsupial's pouch",,,,,,,,,,,,,,,,,,,,popoje sarahasia \df a single family with its lore,,FALSE
3657,popok,noun,kind of nocturnal bird whose shriek portends serious illness in the village,,,,,,,,,,,,,,,,bird,,pok,,,,FALSE
3658,popot₁,verb,"to be cut on an angle (e.g., fish)",,,,,,,,,,,,,,,,,,,popot akang,,,FALSE
3659,popot₂,verb,to cut something in such a way for someone,,,,,,,,,,,,,,,,,,,bapopot,,,FALSE
3660,popot₃,intransitive verb,to engage in such cutting,,,,,,,,,,,,,,,,,,,pamopotang,,,FALSE
3661,popot₄,noun,cutting board,,,,,,,,,,,,,,,,,,papang bapopot,,,,FALSE
3662,popót,noun,"kind of insect, a large, black coconut ant",,,,,,,,,,,,,Formicidae,,,insect,,,,,,FALSE
3663,poros,intransitive verb,"to do the task carelessly, to do something casually",tala muporos ga ka ba: mo,Have you finished doing it any old way?,,,,,,,,,,,,,,,,mamoros,,,,FALSE
3664,poru-,,,,,,,,,,,,,,,,,,,,porut,,,,FALSE
3665,porubatu₁,noun,boils,,,,,,,,,,,,,,,,body,,,,,,FALSE
3665,porubatu₂,noun,boils,,,,,,,,,,,,,,,,health,,,,,,FALSE
3666,porus,,,,,,,,,,,,,,,,,,,,anging porus butuna,,,,FALSE
3667,porut,noun,belly,poruku bayasa jat,My stomach felt terrible.,,,,,,,,,,,,,,body,,,,"porut abanga \df the lower part of the abdomen, esp. the exterior \sf  body, porut lakarang \df intestines \sf  body, porut magigit \df to have a stomach ache \sf  health, porut marurak \df to have stabbing pains in the stomach \sf  health, porut nasibuk \df to have gas, to experience stomach problems with flatulence \af  poruti \ps  v \df to disembowel something, esp. to remove fish entrails <eviscerate> \af  poruti akang \ps  v \df to disembowel something at someone's request \af  porut akang \ps  v \df to disembowel something at someone's request \af  baporut \ps  vi \df to develop a paunch, to be big-bellied, to be fat around the waist <paunchy> \af  baporuti \ps  vi \df to be engaged in disemboweling as a task \il  ari bai aku baporuti lao di sawang  Yesterday I worked at cleaning fish at the seaside",,FALSE
3668,posa₁,noun,a culinary technique in which food (esp. fish or vegetables) is boiled with salt,lompa posa,boiled lompa fish,,,,,,,,,,,,,,culinary,,,posa akang,,,FALSE
3669,posa₂,transitive verb,to boil something with salt,,,,,,,,,,,,,,,,culinary,,,,,,FALSE
3670,posó₁,verb,to penetrate someone (in sexual intercourse),,,,,,,,,,,,,,,,,,,baposó,,,FALSE
3671,posó₂,intransitive verb,to engage in sexual intercourse,,,,,,,,,,,,,,,,,,,,,,FALSE
3672,posong₁,,,,,,,,,,,,,,,,,,,,,posong akang,,,FALSE
3673,posong₂,verb,to taboo something,,,,,,,,,,,,,,,,spiritual,,,paposong,,,FALSE
3674,posong₃,noun,"taboo, proscribed behavior, prohibition, potential problem area",dadi ampat pasal itu kalero paposonga itu musi jagai kayuna dua nang batu nang ular,So those four aspects are the potential problem areas in constructing lime ovens,that is we must be careful about the two kinds of (appropriate) wood and the kind of coral (used) and the snakes.,,,,,,,,,,,,,spiritual,,,,,,FALSE
3675,posuk₁,noun,hole on a vertical surface,burit posuka,anus,,,,,,,,,,,,,,,,,posuki,,,FALSE
3676,posuk₂,verb,to make a hole for someone,posuki pepa,to put a hole in a young coconut (to extract the liquid),,,,,,,,,,,,,,,,,posuk akang,,,FALSE
3677,posuk₃,verb,to make a hole at someone's request,,,,,,,,,,,,,,,,,,,baposuk,,,FALSE
3678,posuk₄,intransitive verb,to have a hole,,,,,,,,,,,,,,,,,,,,baposuk tikolok \df to consume \il  aku baposuk tikolok dua pinggang ini  I consumed two plates \sc  Arch \af  naposuk \ps  vi \df to leak,,FALSE
3679,pot,noun,chamber pot,,,,,,,,,,,,,,,,,,,,,,FALSE
3680,pote,intransitive verb,rank and malodorous,babau pote,malodorous,,,,,,,,,,,,,,,,kambing pote,,,,FALSE
3681,potil₁,verb,"to pick (fruit, etc.), to pluck",potil fofoki ka mai tapabua ola-ola,"Pick some eggplants and bring them here, we will",,,,,,,,,,,,,,,,,napotil,,,FALSE
3682,potil₂,intransitive verb,to have fallen down (of ripe fruit),,,,,,,,,,,,,,,,,,,,,,FALSE
3683,potlot,noun,pencil,,,,,,,,,,,,,,,,,,,,,,FALSE
3684,pu,noun,"sir, respectful title of address",,,,,,,,,,,,,,,,society,,ompu ruma,,,,FALSE
3685,puade,noun,the bridal stage and seats on which the newlyweds hold court as part of the,,,,,,,,,,,,,,,,,,,,,,FALSE
3686,puang,particle,"earlier, first-off",musi tatuka semén tapabua fonderen puang,We must buy cement for we build the foundation first of all.,,,,,,,,,,,,,,,,pertama-tama,,,,FALSE
3687,puasa₁,noun,"Islamic fasting month, Ramadan",puasa dalama,during fasting month,,,,,,,,,,,,,,,,,,,,FALSE
3688,puasa₂,intransitive verb,"to observe the Islamic fast, to fast",,,,,,,,,,,,,,,,,,,bapuasa,,,FALSE
3689,puasa₃,intransitive verb,to observe the Islamic fast,,,,,,,,,,,,,,,,spiritual,,ramada/n,,,,FALSE
3690,pucat₁,intransitive verb,"faded, pale",,,,,,,,,,,,,,,,,,,,,,FALSE
3691,pucat₂,noun,navel,,,,,,,,,,,,,,,,body,,,,"pucat nggong \df large, distended navel \sf  body, pucat ngguminga \df umbilical cord \sf  body",,FALSE
3692,pucuk,noun,"the tip of a tree or branch, an incipient bud",,,,,,,,,,,,,,,,,,,,,,FALSE
3693,puga-puga,intransitive verb,"to walk erratically, to limp along, to be caught up in one's own words, to be tongue-tied",,,,,,,,,,,,,,,,,,,,,,FALSE
3694,puji₁,verb,to praise or compliment someone,,,,,,,,,,,,,,,,,,,puji-puji akang,,,FALSE
3695,puji₂,verb,to flatter someone excessively,,,,,,,,,,,,,,,,,,,bapu-bapujiang,,,FALSE
3696,puji₃,intransitive verb,"to exchange compliments repeatedly, to flatter someone",,,,,,,,,,,,,,,,,,lotok puji,,,,FALSE
3697,puka,,,,,,,,,,,,,,,,,,,,lao,,,,FALSE
3698,pula,noun,"kind of fish, similar to the Trevally",,,,,,,,,,,,,,,,,,"anasege, mata buku pulang",,,,FALSE
3699,pulang-pulang,noun,"kind of large fish, the tarpon or oxeye herring",,,,,,,,,,,,,Megalops cyprinoides,,,fish,,,,,,FALSE
3700,pulas₁,verb,"to twist something, to make something (by turning, e.g. rope), to dial (a radio), to play a tape",pulas talinga,to twist an ear,,,,,,,,,,,,,,,,,pulasi,,,FALSE
3701,pulas₂,verb,to turn or twist something for someone,,,,,,,,,,,,,,,,,,,pulas akang,,,FALSE
3702,pulas₃,verb,to turn or twist something at someone's request,,,,,,,,,,,,,,,,,,,bapulas,,,FALSE
3703,pulas₄,intransitive verb,"to make rope, to turn (of a car, etc.)",,,,,,,,,,,,,,,,,,,napulas,,,FALSE
3704,pulas₅,intransitive verb,"twisted, to be characterized by a spinning movement",awarong napulasa,The current is spinning 'round.,napulas torus,It's spinning around continuously (said of the spindle of a tape recorder),,,,,,,,,,,,,,,papulas,,,FALSE
3705,pulas₆,noun,kind of turning tool used to make rope <spindle>,,,,,,,,,,,,,,,,tool,,,papulasi,,,FALSE
3706,pulas₇,verb,"to carefully twist something into a finished product (e.g. a rope), to encircle some area with a net, to make a turn around some area",,,,,,,,,,,,,,,,,,,,,,FALSE
3707,pulét,noun,epaulette,,,,,,,,,,,,,,,,,,bintoto pule/t,,,,FALSE
3708,puli,noun,kind of plant,,,,,,,,,,,,,,,,plant,,,,,,FALSE
3709,pulia,noun,"effeminate man, transvestite",,,,,,,,,,,,,,,,,,,,,,FALSE
3710,puli-puli₁,noun,scar,,,,,,,,,,,,,,,,health,,,,,,FALSE
3710,puli-puli₂,noun,scar,,,,,,,,,,,,,,,,body,,,,,,FALSE
3711,puli-pulit,verb,"to collect by selecting certain ones, to pick",,,,,,,,,,,,,,,,,,,,,,FALSE
3712,pulo,noun,island,,,,,,,,,,,,,,,,,Malay,,,,,FALSE
3713,pulot,noun,uncooked glutinous rice,,,,,,,,,,,,,,,,food,,nasipulo,,pulot nggoa \df kind of dark purple glutinous rice \sf  food,,FALSE
3714,pulu₁,numeral,tens,dua pulu,twenty,,,,,,,,,,,,marker of tens,,,,,bapulu-pulu,,,FALSE
3715,pulu₂,intransitive verb,"in the tens, by the tens",,,,,,,,,,,,,,,,,,"sapulu, pamulu",,,,FALSE
3716,pulung,verb,to pick up or collect something,,,,,,,,,,,,,,,,,,,,,,FALSE
3717,pulu-pulut,noun,kind of grass,,,,,,,,,,,,,Paspalum distichum,,,plant,,,,pulu-pulut nyanya/ \df kind of grass \sf  plant,,FALSE
3718,pulut₁,,,,,,,,,,,,,,,,,,,,,pulut akang,,,FALSE
3719,pulut₂,transitive verb,to toss something away,,,,,,,,,,,,,,,,,,,napulut,,,FALSE
3720,pulut₃,intransitive verb,to be knocked into the air,,,,,,,,,,,,,,,,,,,,napulut naik \df to be flipped upwards \crm  naik,,FALSE
3721,pulutang,,,,,,,,,,,,,,,,,,,,ambulung pulutang,,,,FALSE
3722,pun,particle,"even, though",,,,,,,,,,,,,,,,,Indonesian,ke,,,,FALSE
3723,puna,,,,,,,,,,,,,,,,,,,,lipu puna,,,,FALSE
3725,puntiana,noun,"kind of evil spirit, which appears as a woman and often causes hysteria",,,,,,,,,,,,,,,,,,,,,,FALSE
3726,punggung,noun,"base of the back, small of the back",,,,,,,,,,,,,,,,body,,,,,,FALSE
3727,punyangat,noun,"kind of insect, the common wasp",,,,,,,,,,,,,Vespa bicolor,,,insect,,,,"punyangat lidi \df kind of insect, the potter wasp, \sn Eumenes pyriformis \sf  insect",,FALSE
3728,puong,conjunction,first (in a series of events),dumik akang jojaga itu puong mena tama bakaya,"Finish that hut first, then start",,,,,,,,,,,,,,,,puang,,,,FALSE
3729,pupu,,,,,,,,,,,,,,,,,,,,sapupu,,,,FALSE
3730,pupuk₁,noun,fertilizer,,,,,,,,,,,,,,,,,,,,,,FALSE
3731,pupuk₂,verb,to fertilize something,,,,,,,,,,,,,,,,,,,,,,FALSE
3732,pupul,verb,"to break off something, to harvest it",,,,,,,,,,,,,,,,,,,,,,FALSE
3733,pupur,noun,facial powder or a damp paste made from plants to smear on the face for medicinal,,,,,,,,,,,,,,,,,,,,pupur pipis \df powder made from grinding rice \af  pupuri \ps  vt \df to apply facial powder or paste to something,,FALSE
3734,puru,,,,,,,,,,,,,,,,,,,,limo,,,,FALSE
3735,puru raja,noun,indigestion,,,,,,,,,,,,,,,,health,,,,,,FALSE
3736,pusaka,noun,inherited goods <inheritance>,,,,,,,,,,,,,,,,,,,,,,FALSE
3737,pusu,noun,"edible male banana flower, used for vegetable dishes, the funnel-shaped sago blossom",,,,,,,,,,,,,,,,food,,"pehi, rujak pusu",,,,FALSE
3738,put₁,noun,"flatus, intestinal gas",,,,,,,,,,,,,,,,body,,,bapít,,,FALSE
3739,put₂,intransitive verb,to break wind <fart>,,,,,,,,,,,,,,,,,,,,,,FALSE
3740,putetek,noun,kind of ginger-like plant,,,,,,,,,,,,,,,,plant,,,,"putetek pairuk \df kind of plant, the torch ginger, \sn Nicolaia elatior \sf  plant, putetek pusu \df kind of ginger plant, \sn Alpinia nutans \sf  plant, putetek romok \df kind of plant, the red ginger, \sn Alpinia purpurata \sf  plant, putetek rumbe \df kind of ginger plant \sf  plant",,FALSE
3741,puti₁,intransitive verb,"white, gray, fair (of the complexion)",,,,,,,,,,,,,,,,,,,paputi:,,,FALSE
3742,puti₂,verb,"to whiten something, to increase the whiteness of something <whitewash>",pasi mupaputi: dindinga pasi nang kapur,They whitened their walls with whitewash,,,,,,,,,,,,,,color,,salia puti,,,,FALSE
3743,putri mandi,noun,kind of snack featuring multicolored globules of boiled cassava flour covered with,,,,,,,,,,,,,,,,food,,,,,,FALSE
3744,putus₁,,,,,,,,,,,,,,,,,,,,,putus akang,,,FALSE
3745,putus₂,verb,"to snap something apart (e.g., a rope)",,,,,,,,,,,,,,,,,,,baputus,"baputus umur \df to spread a story, to gossip \df to inform on \af  naputus \ps  vi \df snapped \af  mamutus \ps  vi \df to take a short cut",,FALSE
3746,puyu-puyu,noun,"kind of reef fish, the banded humbug",,,,,,,,,,,,,Dascyllus aruanus,,,fish,,,,,,FALSE
3747,ra:₁,intransitive verb,big,lapetak mami ni ra:,This swidden of ours is big.,hargana ra:,Its price is great.,,,,,,,,,,,,,,,,,,FALSE
3748,ra:₂,adverb,"greatly, in great quantities",bataping ra:,to yield a lot of ashes,,,,,,,,,,,,,,,,,ra:-ra:,,,FALSE
3749,ra:₃,intransitive verb,"very big, large",paisu ra:-ra:,river,,,,,,,,,,,,,,,,rea,,,,FALSE
3750,rabi₁,verb,"to burn (a field, house, etc.)",rabi itu kalero ka ba:,Burn that banked fire thoroughly,,,,,,,,,,,,,,,,,,,,FALSE
3751,rabi₂,intransitive verb,"to scorch a field, to perform the first burning prior to planting a swidden, baked (cooked by baking)",jomur ia barang sapulu ari rabi tala,Dry it in the sun about ten days then burn the site,,,,,,,,,,,,,casual,,,,rabi akang,,,FALSE
3752,rabi₃,verb,to burn down something at someone's request,,,,,,,,,,,,,,,,,,,barabi,,,FALSE
3753,rabi₄,intransitive verb,"to destroy by fire, to be engaged in burning (a swidden field)",,,,,,,,,,,,,,,,,,,parabiang,,,FALSE
3754,rabi₅,noun,"burned logs, burned out wood (in a hearth or recently burned field)",,,,,,,,,,,,,,,,,,,,,,FALSE
3755,rabil ahir,noun,the fourth month of the Islamic calendar,,,,,,,,,,,,,,,,,,,,,,FALSE
3756,rabil awal,noun,the third month of the Islamic calendar,,,,,,,,,,,,,,,,,,,,,,FALSE
3757,racak,,,,,,,,,,,,,,,,,,,,wowo,,,,FALSE
3758,raci₁,noun,"poison, venom",,,,,,,,,,,,,,,,,,lao raci,baraci,,,FALSE
3759,raci₂,intransitive verb,"to engage in poisoning as a task or profession, e.g. of a wicked shaman who practices",,,,,,,,,,,,,,,,,,,baraci-raci,,,FALSE
3760,raci₃,intransitive verb,to repeatedly use poisons and evil spells,,,,,,,,,,,,,,,,,,,paraci:,,,FALSE
3761,raci₄,verb,to poison someone or something,,,,,,,,,,,,,,,,,,,paraci akang,,,FALSE
3762,raci₅,verb,to poison something at another's request,,,,,,,,,,,,,,,,,,,,,,FALSE
3763,radio,noun,radio,,,,,,,,,,,,,,,,,,,,,,FALSE
3764,radís,noun,"kind of plant, the winter radish, (Longipinnatus Group)",,,,,,,,,,,,,Raphanus sativus,,,plant,,,,,,FALSE
3765,rage-rage,noun,"litter (e.g. fallen leaves, shreds of paper, etc.)",,,,,,,,,,,,,,,,,,,,,,FALSE
3766,ragi,noun,yeast,,,,,,,,,,,,,,,,,,,,,,FALSE
3767,rahasia₁,noun,secret,,,,,,,,,,,,,,,,,,popoje sarahasia,rahasiai,,,FALSE
3768,rahasia₂,transitive verb,"to conceal a fact, to make a secret of something",nis murahasiai carita itu tu,Nis kept that story secret.,,,,,,,,,,,,,,,,,rahasia akang,,,FALSE
3769,rahasia₃,transitive verb,to conceal some fact at someone's request,,,,,,,,,,,,,,,,,,,,,,FALSE
3770,raja,,,,,,,,,,,,,,,,,,,,"nggaoti, nggaeka",,,,FALSE
3771,raja bau,noun,"kind of fish, the many-lined sweetlips",,,,,,,,,,,,,Plectorhynchus goldmanni,,,fish,,,,,,FALSE
3772,rajáp,noun,the seventh month of the Islamic calendar,,,,,,,,,,,,,,,,,,,,,,FALSE
3773,rakát,noun,one complete cycle of the postures of the Islamic prayer ritual,,,,,,,,,,,,,,,,spiritual,,,,,,FALSE
3774,rakit,noun,raft,,,,,,,,,,,,,,,,,,,,,,FALSE
3775,ramadán,noun,"the ninth month of the Islamic calendar, during which the annual fast is observed",,,,,,,,,,,,,,,,,,udang puasa,,,,FALSE
3776,ramas₁,verb,to squeeze something,Kuramas nggaoti sabokor.,I squeezed a basin full of (grated) coconut.,,,,,,,,,,,,,,,,,paramasang,,,FALSE
3777,ramas₂,noun,"the basin and attached filter used to process sago by squeezing the pith and water, any container used to squeeze or strain coconut",,,,,,,,,,,,,,,,,,,maramas,,,FALSE
3778,ramas₃,verb,"to knead (e.g. flour, sago meal)",,,,,,,,,,,,,,,,,,,,,,FALSE
3779,ramba-ramba,noun,"weeds, rubbish, fallen leaves, branches or fronds",,,,,,,,,,,,,,,,,,,,,,FALSE
3780,rambutang,noun,"kind of tree bearing edible fruit, the rambutan",,,,,,,,,,,,,Nephelium lappaceum,,,plant,,maritang,,,,FALSE
3781,rame₁,intransitive verb,to be crowded and interesting,,,,,,,,,,,,,,,,,,,kara-karameang,,,FALSE
3782,rame₂,noun,"party, usually acompanied by music and dancing",,,,,,,,,,,,,,,,,,,bakara-karameang,,,FALSE
3783,rame₃,intransitive verb,to attend or hold such parties,,,,,,,,,,,,,,,,,,,rame-rame,,,FALSE
3784,rame₄,intransitive verb,"together, as a large crowd",jadi kita musi batimumung ka mai rame-rame supaya kita bapaguna:ng,So we must assemble here all together so we can perform our work.,,,,,,,,,,,,,,,,,,,,FALSE
3785,rampak₁,,,,,,,,,,,,,,,,,,,,,narampak,,,FALSE
3786,rampak₂,intransitive verb,"to be disconnected, to fall apart",,,,,,,,,,,,,,,,,,,,,,FALSE
3787,rampa-rampa,noun,various kind of spices,,,,,,,,,,,,,,,,,,,,,,FALSE
3788,rampas₁,intransitive verb,"to be attractive, neat, esp. of one's grooming <good>",,,,,,,,,,,,,,,,,,,,,,FALSE
3789,rampas₂,verb,"to snatch something, to rob",,,,,,,,,,,,,,,,,,,,,,FALSE
3790,rampe₁,verb,to cut something down with a rampe-rampe tool,,,,,,,,,,,,,,,,,,,rampe-rampe,,,FALSE
3791,rampe₂,noun,"kind of pole with a knife attached, used to pick fruit",,,,,,,,,,,,,,,,tool,,,,,,FALSE
3792,randa₁,intransitive verb,"low, short (of stature)",,,,,,,,,,,,,,,,,,,randa akang,,,FALSE
3793,randa₂,verb,to make something lower at someone's request,,,,,,,,,,,,,,,,,,,parandai,,,FALSE
3794,randa₃,verb,to shorten the height of something in a specific way (e.g. to make the height of a rafter as,kau muparandai alintangang hadiki,Lower that rafter a bit (so it is as low as the other,,,,,,,,,,,,,,,,,paranda akang,,,FALSE
3795,randa₄,verb,to make an adjustment (to a lower height) at someone's request,,,,,,,,,,,,,,,,,,,,,,FALSE
3796,randang₁,,,,,,,,,,,,,,,,,,,,,barandang,,,FALSE
3797,randang₂,intransitive verb,wet,,,,,,,,,,,,,,,,,,,parandangi,,,FALSE
3798,randang₃,verb,"to cause something to be wet by soaking, dousing or spraying <douse>, to soak something",,,,,,,,,,,,,,,,,,,,,,FALSE
3799,rantasi,noun,"kind of fish, similar to the black kingfish",,,,,,,,,,,,,Rachycentron canadus,,,,,,,,,FALSE
3800,rangas,noun,kind of plant with highly toxic leaves,,,,,,,,,,,,,Sida rhombifolia,,,,,,,,,FALSE
3801,rangat,intransitive verb,spicy,,,,,,,,,,,,,,,,culinary,,,,,,FALSE
3802,ranggang,intransitive verb,to develop cracks and gaps (of adjoining planks),Si sapi mejana tala ranggang.,Safi's table has split apart.,,,,,,,,,,,,,,,,,,,,FALSE
3803,rangginang,,,,,,,,,,,,,,,,,,,,katang,,,,FALSE
3804,rangka,noun,"skeleton, outline, rough shape",rangka manusia,the form of a human ­,,,,,,,,,,,,,,,,,,,,FALSE
3805,ranycis,,,,,,,,,,,,,,,,,,,,mata ranycis,,,,FALSE
3807,rapat₁,intransitive verb,"near, soon, temporally near",ce' puasa tala rapat ni,Hey! Fasting month is already at hand,,,,,,,,,,,,,,,,,rapati,,,FALSE
3808,rapat₂,transitive verb,to draw something close <draw close> to someone or something,,,,,,,,,,,,,,,,,,,rapat akang,,,FALSE
3809,rapat₃,transitive verb,to narrow (a gap),,,,,,,,,,,,,,,,,,,rapat-rapat,,,FALSE
3810,rapat₄,intransitive verb,very close,,,,,,,,,,,,,,,,,,,barapa-rapat,,,FALSE
3811,rapat₅,intransitive verb,to be in a close arrangement (one after another),,,,,,,,,,,,,,,,,,,barapatang,,,FALSE
3812,rapat₆,intransitive verb,to be close to someone,,,,,,,,,,,,,,,,,,,parapatang,,,FALSE
3813,rapat₇,noun,"place where streets and paths meet, junction",,,,,,,,,,,,,,,,,,,,,,FALSE
3814,rapat₈,noun,meeting,,,,,,,,,,,,,,,,,Indonesian,,,,,FALSE
3815,rari₁,transitive verb,"to strip the leaves from a <sago> palm branch by slashing, to make something (thatch) by stripping leaves",tala tarari otap mena taala kuriwang,"After stripping palm leaves to make thatch, then",,,,,,,,,,,,,,,,rurut,barari,,,FALSE
3816,rari₂,intransitive verb,to prepare palm fronds for making thatch by slashing off leaves,,,,,,,,,,,,,,,,,,,narari,,,FALSE
3817,rari₃,intransitive verb,to be accidentally struck by a branch,,,,,,,,,,,,,,,,,,,,,,FALSE
3818,rari-rari,noun,"kind of throwing tool, a piece of wood used to knock down fruit <projectile>, kind of trap, the trigger of which releases a sapling which springs at the prey",,,,,,,,,,,,,,,,tool,,,,,,FALSE
3819,raroang,noun,boat rollers (on shore),,,,,,,,,,,,,,,,,,,,,,FALSE
3820,rarongat,noun,kind of tool or pole used to pick fruit,,,,,,,,,,,,,,,,,,,,,,FALSE
3821,rat,intransitive verb,to sit around and gossip for a long time,,,,,,,,,,,,,,,,,,,,,,FALSE
3822,rata,intransitive verb,flat,,,,,,,,,,,,,,,,,,,,,,FALSE
3823,ratu,,,,,,,,,,,,,,,,,,,,kumku/m ratu,,,,FALSE
3824,ratus,numeral,hundred,saratus,one hundred,,,,,,,,,,,,marker of hundreds,,,,,,,,FALSE
3825,raucaga,noun,"kind of flowering vine, the leaves of which are used as a vegetable",,,,,,,,,,,,,,,,plant,,,,,,FALSE
3826,raup₁,verb,"to scoop up something with the hands, to transfer processed sago meal from the trough (by scooping)",Mena song ka sana yang saehu tu muraup,"Then one of them goes there, the group",,,,,,,,,,,,,,,,,raupi,,,FALSE
3827,raup₂,verb,to scoop something for someone or some specified purpose,Bena raupi tama de babat tu,Then he scoops it up and puts it in the sago container,,,,,,,,,,,,,,,,,rau-raup,,,FALSE
3828,raup₃,noun,"kind of multiple funnel to guide flour into a sago mold, kind of utensil of two leaves to scoop up sago meal, leaves, etc.",,,,,,,,,,,,,,,,sago,,,,,,FALSE
3828,raup₄,noun,"kind of multiple funnel to guide flour into a sago mold, kind of utensil of two leaves to scoop up sago meal, leaves, etc.",,,,,,,,,,,,,,,,utensil,,,,,,FALSE
3829,raut₁,verb,"to trim off something (leaves, etc. from a palm midrib)",,,,,,,,,,,,,,,,,,,rauti,,,FALSE
3830,raut₂,verb,to trim something for someone,,,,,,,,,,,,,,,,,,,raut akang,,,FALSE
3831,raut₃,verb,to trim something at someone's request,,,,,,,,,,,,,,,,,,,baraut,,,FALSE
3832,raut₄,intransitive verb,to engage in trimming the leaves from a palm midrib,,,,,,,,,,,,,,,,,,,,,,FALSE
3833,rayat,noun,"the common people, the citizenry",,,,,,,,,,,,,,,,,,,,,,FALSE
3834,rawas₁,verb,to open up land for a garden by cutting down something (undergrowth),,,,,,,,,,,,,,,,,,,rawasi,,,FALSE
3835,rawas₂,verb,"to clear something (land) for a garden or site for a house, to cut down the undergrowth of an",musi kita tarawasi pokona puang,We must first clear out the land around the tree trunk,,,,,,,,,,,,,,,,,rawas akang,,,FALSE
3836,rawas₃,verb,to cut down something at someone's request,,,,,,,,,,,,,,,,,,,marawas,,,FALSE
3837,rawas₄,intransitive verb,to be engaged in cutting back and slashing undergrowth,,,,,,,,,,,,,,,,,,,,,,FALSE
3838,rea₁,intransitive verb,big,reana,How big! (Its bigness),reana,"the size of it, its size",,,,,,,,,,,,,,,pareai,,,FALSE
3839,rea₂,verb,"to increase something (e.g. the volume of a television, the luminosity of a pumped lantern), to enlarge something (e.g. the size of trouser's waist or one's house)",,,,,,,,,,,,,,,,,,ra:,,,,FALSE
3840,rebus₁,transitive verb,"to tear, to rip",,,,,,,,,,,,,,,,,,wakis,rebus akang,,,FALSE
3841,rebus₂,transitive verb,to tear on someone's behalf,,,,,,,,,,,,,,,,,,,narebus,,,FALSE
3842,rebus₃,intransitive verb,"torn, ripped",Capatuku tala narebus.,My shoe has split apart.,,,,,,,,,,,,,,,,,,,,FALSE
3843,rekeng₁,verb,"to count something, to calculate, to consider something, to reckon something",baláng duduk tarekeng tukayana tala damping saratus,If we were to sit and calculate,aku ni rekeng manycaringku kalero ini,"As for me, we can consider lime-burning my",,,,,,,,,,,,,,,barekeng,,,FALSE
3844,rekeng₂,intransitive verb,"to engage in calculating, to settle accounts",memang kita barekeng itu rugi,"Of course, we calculate that as a financial loss.",,,,,,,,,,,,,,,,,rekengang,,,FALSE
3845,rekeng₃,noun,"the count, the total",,,,,,,,,,,,,,,,,,,,,,FALSE
3846,rem,noun,brake (of a vehicle),,,,,,,,,,,,,,,,,,,,,,FALSE
3847,rembat₁,noun,oar,,,,,,,,,,,,,,,archaic,,,bose rembat,rembat akang,,,FALSE
3848,rembat₂,verb,to move something by rowing,,,,,,,,,,,,,,,,,,,barembat,,,FALSE
3849,rembat₃,intransitive verb,to be engaged in rowing,,,,,,,,,,,,,,,,,,,,,,FALSE
3850,rente-rente,,,,,,,,,,,,,,,,,,,,ujang,,,,FALSE
3852,renggang₁,transitive verb,"to take apart something (e.g. sago meal container), to disassemble something (e.g. a wall of sago",,,,,,,,,,,,,,,,,,,renggangi,,,FALSE
3853,renggang₂,transitive verb,to take something apart <take apart>,,,,,,,,,,,,,,,,,,,renggang akang,,,FALSE
3854,renggang₃,transitive verb,to take something apart for someone <take apart>,,,,,,,,,,,,,,,,,,,barenggang,,,FALSE
3855,renggang₄,intransitive verb,to be engaged in disassembling <disassemble>,,,,,,,,,,,,,,,,,,,narenggang-renggang,,,FALSE
3856,renggang₅,intransitive verb,"to have come apart, to be disassembled",,,,,,,,,,,,,,,,,,,,,,FALSE
3857,rengit,noun,mosquito,,,,,,,,,,,,,Culicidae,,,insect,,,,,,FALSE
3858,renycana,noun,plan,,,,,,,,,,,,,,,,,Indonesian,,,,,FALSE
3859,renyjes,verb,"to scavenge for something, esp. durian",,,,,,,,,,,,,,,slang,,,,,,,FALSE
3860,rep,noun,coral reef,,,,,,,,,,,,,,,colloquial,,,karang,,,,FALSE
3861,repa,noun,fathom,,,,,,,,,,,,,,,,,,,,,,FALSE
3862,repat₁,verb,"to throw something at someone, to stone someone",Ia murepat anasene yang baingar itu nang batu.,He tossed stones at those noisy kids.,,,,,,,,,,,,,,,,,repat akang,,,FALSE
3863,repat₂,verb,to throw things at someone at another's request,,,,,,,,,,,,,,,,,,,,,,FALSE
3864,rerék,noun,kind of bird,,,,,,,,,,,,,,,,bird,,,,,,FALSE
3865,resép,noun,recipe,,,,,,,,,,,,,,,,culinary,,,,,,FALSE
3866,retis₁,transitive verb,"to rip, to tear, esp. paper",,,,,,,,,,,,,,,,,,,naretis,,,FALSE
3867,retis₂,intransitive verb,torn,,,,,,,,,,,,,,,,,,,maretis,,,FALSE
3868,retis₃,intransitive verb,to be engaged in tearing and shredding,,,,,,,,,,,,,,,,,,,,,,FALSE
3869,rewit₁,verb,to drag something,tarewit ramba-ramba tu ka da:,Let's drag those fallen branches over there,,,,,,,,,,,,,,,,,rewit-rewit,,,FALSE
3870,rewit₂,verb,to drag something repeatedly,,,,,,,,,,,,,,,,,,,rewiti,,,FALSE
3871,rewit₃,verb,to drag something for someone,,,,,,,,,,,,,,,,,,,rewit akang,,,FALSE
3872,rewit₄,verb,to drag something at someone's request,,,,,,,,,,,,,,,,,,,barewit,,,FALSE
3873,rewit₅,intransitive verb,to engage in dragging objects (furniture or branches),,,,,,,,,,,,,,,,,,,bare-barewitang,,,FALSE
3874,rewit₆,intransitive verb,to drag someone repeatedly,,,,,,,,,,,,,,,,,,,,,,FALSE
3875,ribu,numeral,thousand,saribu,one thousand,,,,,,,,,,,,marker of thousands,,,,,,,,FALSE
3876,ribut,noun,"strong wind, gale, typhoon",,,,,,,,,,,,,,,,natural phenomenon,,anging,,,,FALSE
3877,rica,noun,chile pepper,,,,,,,,,,,,,Capsicum,,,plant,,,,"rica basar-basar \df kind of chile, maybe \sn Capsicum annuum var longum \sf  plant, rica jawa \df black pepper, \sn Piper nigrum \sf  plant, rica lalat \df kind of chile, maybe \sn Capsicum frutescens \sf  plant",,FALSE
3878,ridis,verb,"to score something slightly, i.e. to make a long shallow cut on the surface of something",,,,,,,,,,,,,,,,,,,,,,FALSE
3879,rigap,intransitive verb,"to be out of sight, to have vanished",,,,,,,,,,,,,,,,,,,,,,FALSE
3880,rijikí,noun,"providential bounty, esp. food (perceived as a gift of providence), sustenance",jadi taumang rijikíta bo: puasa ni,So we seek our food for this fasting month,,,,,,,,,,,,,,,,,,,,FALSE
3881,riki,transitive verb,to know something from experience,kamí riki ka mo barikang pake alolang,Have you ever experienced fishing with,,,,,,,,,,,,,,,,,,,,FALSE
3882,riri₁,,,,,,,,,,,,,,,,,,,,,riri akang,,,FALSE
3883,riri₂,verb,"to burn something at another's request (a heap of leaves, etc.)",,,,,,,,,,,,,,,,,,,nariri,,,FALSE
3884,riri₃,intransitive verb,to flame up excessively,,,,,,,,,,,,,,,,,,,,,,FALSE
3885,risi,,,,,,,,,,,,,,,,,,,,barisi,,,,FALSE
3887,ro:,intransitive verb,to unintentionally cave in,,,,,,,,,,,,,,,,,,,,,,FALSE
3888,robut,intransitive verb,"to attack (of disease and illness), to be virulent",Malaria murobut .,There was an attack of malaria.,,,,,,,,,,,,,,,,,,,,FALSE
3889,robó,noun,Wednesday,,,,,,,,,,,,,,,,,,,,,,FALSE
3890,roci,intransitive verb,"curly, kinky (of hair)",,,,,,,,,,,,,,,,,,,,,,FALSE
3891,rodak₁,intransitive verb,"to fall, to suffer a serious decline (e.g. in purchasing power, in strength)",a itu paling tinggi sapatang rodak barang lima anang biji,"Well, as for that, at the most",badangmu tala rodak,Your bodyweight has declined,tukaya rodak ini ke bahaláng tabatak barisi,The price will go down even if we bring in,,,,,,,,,,,Malay,,narodak,,,FALSE
3892,rodak₂,intransitive verb,to have fallen,,,,,,,,,,,,,,,,,,anaka rodak,,,,FALSE
3893,rofofel,noun,"revolver, handgun",,,,,,,,,,,,,,,,,,,,,,FALSE
3894,roka₁,verb,to pass by someone,,,,,,,,,,,,,,,casual,,,,,,,FALSE
3895,roka₂,intransitive verb,to go by in a certain direction,aku roka bausi gareja alengo,I passed through via the church earlier,,,,,,,,,,,,,,,,,,,,FALSE
3896,roka₃,exclamation,"Excuse me, a polite utterance as one passes in front of someone (while bowing slightly)",roka hadiki,Please excuse me (as I pass before you),,,,,,,,,,,,,,,,,rokai,,,FALSE
3897,roka₄,verb,to pass by someone or something,alengo ku ka ba: itu ku rokai si Sapino to rumana,Just now I went over there to the,,,,,,,,,,,,,,,,,roka akang,,,FALSE
3898,roka₅,verb,to pass by something at someone's request,,,,,,,,,,,,,,,,,,,rokai akang,,,FALSE
3899,roka₆,verb,to go a certain route at someone's request,,,,,,,,,,,,,,,,,,,baroka:ng,,,FALSE
3900,roka₇,intransitive verb,to pass by someone,kita tala baroka:ng ke halit mukilala mo aku,We passed by each other but Chalid did,,,,,,,,,,,,,,,,,parokai,,,FALSE
3901,roka₈,verb,to assist someone in passing by something (e.g. to help an old person cross a busy street),,,,,,,,,,,,,,,,,,,,,,FALSE
3902,roket,,,,,,,,,,,,,,,,,,,,duriang roket,,,,FALSE
3903,roko-roko,noun,kind of cylindrical cake of cassava and palm sugar wrapped in banana  leaf,,,,,,,,,,,,,,,,food,,,,,,FALSE
3904,romo,noun,"remnants, left-over food scraps (e.g., a few rice grains adhering to a plate or sago granules in the bottom of one's glass), the last fruits of a season",,,,,,,,,,,,,,,,,,,,,,FALSE
3905,romok₁,verb,"to cause to fall apart, to cause to flake or to granulate  <crumble>, to pulverize scraped sago pith with the hands before processing it in the filter basin",,,,,,,,,,,,,,,,,,"podas, tatas",romoki,,,FALSE
3906,romok₂,verb,to pulverize something for someone,,,,,,,,,,,,,,,,,,,romok akang,,,FALSE
3907,romok₃,verb,to pulverize at someone's request,,,,,,,,,,,,,,,,,,,baromok,,,FALSE
3908,romok₄,intransitive verb,to be engaged in pulverizing,,,,,,,,,,,,,,,,,,,paromoki,,,FALSE
3909,romok₅,verb,to refine pulverized material so it is even more finely crumbled,,,,,,,,,,,,,,,,,,,romok-romok,,,FALSE
3910,romok₆,intransitive verb,"completely pulverized, smashed, or crushed",,,,,,,,,,,,,,,,,,,,,,FALSE
3911,romuk,noun,kind of disease causing sores on the elbows,,,,,,,,,,,,,,,,,,,,,,FALSE
3912,rondas₁,verb,"to rub something, esp. with some tool, to scrape away something (body grime) with a stone",rondas meja,to scrape a table top with sand,,,,,,,,,,,,,,,,,rondasi,,,FALSE
3913,rondas₂,verb,to rub something smooth for someone,,,,,,,,,,,,,,,,,,,barondas,,,FALSE
3914,rondas₃,intransitive verb,to engage in grinding or rubbing,,,,,,,,,,,,,,,,,,,,,,FALSE
3915,rondis,noun,"kind of skin disease, kind of scabies",,,,,,,,,,,,,,,,health,,,,,,FALSE
3916,rong₁,noun,"stagnant water, swamp, puddle, mud",,,,,,,,,,,,,,,,,,,baróng,,,FALSE
3917,rong₂,intransitive verb,"to stagnate, to form puddles, to have many puddles, swampy",,,,,,,,,,,,,,,,,,,,,,FALSE
3918,rongat,,,,,,,,,,,,,,,,,,,,rarongat,,,,FALSE
3919,ropat₁,verb,to twist or braid something (lengths of rope) into a larger rope,,,,,,,,,,,,,,,,,,,ropat akang,,,FALSE
3920,ropat₂,verb,to twist something for someone else,,,,,,,,,,,,,,,,,,,maropat,,,FALSE
3921,ropat₃,intransitive verb,to be twisted together (of ropes),,,,,,,,,,,,,,,,,,,,,,FALSE
3922,rorasa₁,,,,,,,,,,,,,,,,,,,,,barorasa,,,FALSE
3923,rorasa₂,intransitive verb,"to consolidate the spiritual force of a place (a village, a  neighborhood, etc.) in order to expel or withstand disease or evil spirits by moving en  masse from corner to corner of the place and reciting prayers",,,,,,,,,,,,,,,,spiritual,,,,,,FALSE
3924,rore,noun,"pebble, gravel",,,,,,,,,,,,,,,,,,,,,,FALSE
3925,roti,noun,"baked goods made of wheat, incl. bread, crackers",,,,,,,,,,,,,,,,food,,,,roti coe \df kind of steamed bun \sf  food,,FALSE
3926,roto,noun,"kind of very large fish, apparently a kind of cod 2-3 m. in length",,,,,,,,,,,,,Gadidae,,,fish,,,,,,FALSE
3927,rox,noun,soul,,,,,,,,,,,,,,,,spiritual,,,,,,FALSE
3928,r:u,ideophone,sound of heavy rain on the roof,,,,,,,,,,,,,,,,,,,,,,FALSE
3929,ruas₁,noun,"joint, knuckle",,,,,,,,,,,,,,,,body,,onda-onda,ruas-ruas,,,FALSE
3930,ruas₂,noun,wrist,,,,,,,,,,,,,,,,body,,,,,,FALSE
3931,ruci,intransitive verb,to cheat in a game,,,,,,,,,,,,,,,,,,,,,,FALSE
3932,rugi₁,intransitive verb,"to suffer a financial loss <lose money>, to suffer a set-back",,,,,,,,,,,,,,,,,,,,,,FALSE
3933,rugi₂,noun,financial loss,kita barekeng itu rugi,We consider that a net loss.,,,,,,,,,,,,,,,,,barugi,,,FALSE
3934,rugi₃,intransitive verb,to experience significant or repeated financial losses,kau kawing aku yang barugi,You got married but it was me who bore the financial,,,,,,,,,,,,,,,,,parugi,,,FALSE
3935,rugi₄,verb,to cause someone to suffer financial loss,,,,,,,,,,,,,,,,,,,karugiang,,,FALSE
3936,rugi₅,noun,a source or cause of financial or temporal loss,,,,,,,,,,,,,,,,,,,,,,FALSE
3937,rujak,noun,"kind of vegetable dish, a salad",,,,,,,,,,,,,,,,food,,,,rujak pusu \df a sour salad made of sliced male banana flower \sf  food,,FALSE
3938,ruju₁,transitive verb,"to poke at someone or something with a long instrument (e.g., pole)",,,,,,,,,,,,,,,,,,,rujui,,,FALSE
3939,ruju₂,verb,to poke at something for s.o,murujui aku kayu tu itu,Poke at that piece of wood for me (and pull it towards me),,,,,,,,,,,,,,,,,ruju akang,,,FALSE
3940,ruju₃,verb,to poke at something at someone's request,,,,,,,,,,,,,,,,,,,,,,FALSE
3941,rukí₁,noun,"a posture in the Islamic prayer ritual, a profound bow",,,,,,,,,,,,,,,,,,,baruku/,,,FALSE
3942,rukí₂,intransitive verb,to perform such a ritual,,,,,,,,,,,,,,,,,,,,,,FALSE
3943,ruma,noun,house,,,,,,,,,,,,,,,,,,,,"ruma balak \df a wooden house, ruma batu \df a brick, cement or stone house \sf  house, ruma kanycing \df a house built with prefit timber partially assembled before erecting \sf  house, ruma reana \df the public space of a house, parlor, ruma tinggi \df a house built on posts high above the ground \sf  house \df public building, ruma agama \df shrine, place of worship, ruma batutuk \df smithy, forge \af  parumai \ps  v \df to cover something with a roof or temporary shelter \af  paruma:ng \ps  n \df site of a former house, a place where there was formerly a house \af  ruma-ruma \ps  n \df something similar to a house, a building or roofed structure \il  ruma-ruma agama house of worship \crm  ba:ruma \crm  mata parumangina",,FALSE
3944,ruma-ruma,noun,"kind of fish, perhaps the Australian bonito",,,,,,,,,,,,,"Sarda chiliensis australis, Cybiosarda elegans",,,fish,,,,,,FALSE
3945,rumbe,noun,kind of round earthenware water vessel,,,,,,,,,,,,,,,,utensil,,,,,,FALSE
3946,runding₁,,,,,,,,,,,,,,,,,,,,,barunding,,,FALSE
3947,runding₂,intransitive verb,"to hold deliberations, to engage in negotiations <deliberate> <negotiate>",musi barunding puang nang inaku,It will be necessary to hold discussions with my,,,,,,,,,,,,,,,,,,,,FALSE
3948,ruo,verb,"to spread out with the hand to dry, e.g., sago meal, cloves or chile peppers",,,,,,,,,,,,,,,,,,baku ruo,,,,FALSE
3949,rupa₁,noun,face,,,,,,,,,,,,,,,,body,,muka,,,,FALSE
3950,rupa₂,noun,"variety, kind, species",,,,,,,,,,,,,,,,,,,,"rupa deminya/ \df in what way, how \af  rupa-rupa \ps  n \df various kinds \il  rupa-rupa ituka  She bought all kinds of things \af  barupa \ps  vi \df to be in a certain shape or form \df to take a certain form, to transform someone",,FALSE
3951,rupia,noun,"rupiah, the national currency of Indonesia",,,,,,,,,,,,,,,,,,doit,,,,FALSE
3952,rurak₁,verb,to jab something with a pole,,,,,,,,,,,,,,,,,,,,,,FALSE
3953,rurak₂,intransitive verb,to be rotten or infected from some external point far into the interior (of an infected,,,,,,,,,,,,,,,,,,porut marurak,,,,FALSE
3954,rurus₁,intransitive verb,straight,,,,,,,,,,,,,,,,,,,parurusi,,,FALSE
3955,rurus₂,verb,to straighten something,,,,,,,,,,,,,,,,,,,,,,FALSE
3956,rurut₁,verb,to strip the leaves from a palm midrib or bamboo stem by ripping with the hand,,,,,,,,,,,,,,,,,,rari,ruruti,,,FALSE
3957,rurut₂,verb,to strip leaves from something for someone,ruruti kami kumbar habua,Strip a sago midrib for us,,,,,,,,,,,,,,,,,rurut akang,,,FALSE
3958,rurut₃,verb,to strip leaves from something at someone's request,,,,,,,,,,,,,,,,,,,barurut,,,FALSE
3959,rurut₄,intransitive verb,to perform this ripping activity,,,,,,,,,,,,,,,,,,,paruruti,,,FALSE
3960,rurut₅,verb,to strip leaves thoroughly from a stem,adaing kuparuruti kamu: iba tu,In a while I'll strip the leaves from that bamboo for you,,,,,,,,,,,,,,,,,,,,FALSE
3961,rusak,intransitive verb,"spoiled, ruined",,,,,,,,,,,,,,,,,,,,,,FALSE
3962,rusik₁,,,,,,,,,,,,,,,,,,,,,barusik,,,FALSE
3963,rusik₂,intransitive verb,"to twitch, to move erratically or swiftly, to dart around",puasa dalama ia musi barusik ga maumang ongkosa ia puasa,During Ramadan one must,,,,,,,,,,,,,,,,,barusik-rusik,,,FALSE
3964,rusik₃,intransitive verb,"to twitch repeatedly (e.g., a dying fish)",,,,,,,,,,,,,,,,,,,parusik akang,,,FALSE
3965,rusik₄,verb,"to cause something to twitch or move slightly (without visible cause, e.g., by pulling a",,,,,,,,,,,,,,,,,,,,,,FALSE
3966,rusu-rusu,noun,rib,,,,,,,,,,,,,,,,body,,parusuk,,,,FALSE
3967,rutak₁,intransitive verb,"to be crushed, to be rotten (falling to pieces)",kofo ilau tu balama:ng rutak,A net at sea will eventually fall apart,,,,,,,,,,,,,,,,,baru-barutakang,,,FALSE
3968,rutak₂,intransitive verb,"to be in a crushed and damaged state (of many things, e.g. dozens of fallen mangos",,,,,,,,,,,,,,,,,,,parutaki,,,FALSE
3969,rutak₃,verb,to crush something,,,,,,,,,,,,,,,,,,,,,,FALSE
3970,sa,,,,,,,,,,,,,,,,,,,,sia/,,,,FALSE
3971,sa-,numeral,one,saudang,a month,sajuta mitu,one million or so,,,,,,,,,,,,,,"ha-, sabua",,,,FALSE
3972,sabageang,pronoun,"some, a part",,,,,,,,,,,,,,,,,,bage,,,,FALSE
3973,sabal,intransitive verb,"to have no appetite for food, to have no desire for something, to reject in a listless way suggesting ennui",nyawaku sabal bausi rapat nang kamí,I feel disinterested in attending the meeting,kudapa lia laulak habua nyawaku sabal,When I saw the game I had no inclination to,,,,,,,,,,,,,,,,,,FALSE
3974,sabala nyawa,noun,three-fourths of a fathom,,,,,,,,,,,,,,,archaic,,,,,,,FALSE
3975,sabalumnya,conjunction,before,,,,,,,,,,,,,,,,,Indonesian,,,,,FALSE
3976,sabalé₁,verb,"to ritually slaughter something, to cut the throat of someone or something",,,,,,,,,,,,,,,,,,,sabalé akang,,,FALSE
3977,sabalé₂,verb,to slaughter something at someone's request,,,,,,,,,,,,,,,,,,,basabalé,,,FALSE
3978,sabalé₃,intransitive verb,to engage in slaughtering,nampisiang ari raya po si umar basabalé sapi,Tomorrow's the sawál holiday so,,,,,,,,,,,,,,,,,,,,FALSE
3979,sabang,pronoun,"every, each",,,,,,,,,,,,,,,,,,,,,,FALSE
3980,sabapnya,noun,reason,,,,,,,,,,,,,,,,,Indonesian,,,,,FALSE
3981,sabar₁,intransitive verb,to be patient,,,,,,,,,,,,,,,,,,,basabar-sabar,,,FALSE
3982,sabar₂,intransitive verb,to maintain one's patience,,,,,,,,,,,,,,,,,,,,,,FALSE
3983,sabarang₁,pronoun,"any kind, whatever",,,,,,,,,,,,,,,,,,,,,,FALSE
3984,sabarang₂,noun,something inferior or impossible,,,,,,,,,,,,,,,,,,,,,,FALSE
3985,sabayá,pronoun,"how many, how much",jam sabayá,What time?,kawila nomor sabayá,A hook of what number (size)?,sakayu itu hasila sabayá,How much is the yield from one of those trees?,,,,,,,,,,,,sapa,,,,FALSE
3986,sabeba₁,noun,"loincloth, any cloth used temporarily to cover one's private parts",,,,,,,,,,,,,,,,clothing,,malo,sabebai,,,FALSE
3987,sabeba₂,verb,"to clothe someone in a loincloth, to adjust someone's loincloth (e.g. for a traditional dance)",,,,,,,,,,,,,,,,,,,sabebai akang,,,FALSE
3988,sabeba₃,verb,to clothe someone in a loincloth at someone's request,,,,,,,,,,,,,,,,,,,sabeba akang,,,FALSE
3989,sabeba₄,verb,to clothe someone in a loincloth at someone's request,,,,,,,,,,,,,,,,,,,basabeba,,,FALSE
3990,sabeba₅,intransitive verb,to wear a loincloth,,,,,,,,,,,,,,,,,,,pasabebai,,,FALSE
3991,sabeba₆,verb,"to arrange clothing esp. a sarong, as if it were a loincloth, for someone (e.g. bringing the",ia tala mupasabebai adina yogo batiang buang,He has adjusted his brother's sarong,,,,,,,,,,,,,,,,,pasabebai akang,,,FALSE
3992,sabeba₇,verb,to arrange clothing into a loincloth for someone at someone's request,pasabebai akang adimu,Adjust your brother's sarong into a loincloth for him.,,,,,,,,,,,,,,,,,,,,FALSE
3993,sabele,verb,to slaughter an animal according to the Muslim ritual by slitting the throat while,sabele sapi sapulu iku,slaughter ten head of cattle,,,,,,,,,,,,,,,,,,,,FALSE
3994,sabe-sabel,noun,shin,,,,,,,,,,,,,,,,body,,,,,,FALSE
3995,sabi₁,,,,,,,,,,,,,,,,,,,,,sabi-sabi akang,,,FALSE
3996,sabi₂,verb,to ignite something (firewood),,,,,,,,,,,,,,,,,,,pasabi akang,,,FALSE
3997,sabi₃,verb,to organize something (firewood) so that the dead wood ignites first then fresh wood can be,,,,,,,,,,,,,,,,,,,,,,FALSE
3998,sabil,noun,"kind of long sword, scythe",,,,,,,,,,,,,,,,tool,,udang sabil,,,,FALSE
3999,sabua₁,numeral,one,,,,,,,,,,,,,,,,,,habua,basabua,,,FALSE
4000,sabua₂,intransitive verb,"to become one, to unite",,,,,,,,,,,,,,,,,,,basabua akang,,,FALSE
4001,sabua₃,intransitive verb,"to bring things together, to unite",,,,,,,,,,,,,,,,,,,,,,FALSE
4002,sabung,noun,soap,,,,,,,,,,,,,,,,,,,,,,FALSE
4003,sabán₁,noun,the eighth month of the Islamic calendar,,,,,,,,,,,,,,,,,,,,,,FALSE
4004,sabán₂,,,,,,,,,,,,,,,,,,,,saba/ng,,,,FALSE
4006,sabáp₁,noun,"cause, reason",aku ni ada sabapina ni,"As for me, I have the reason for this",,,,,,,,,,,,,,,,,,,,FALSE
4007,sabáp₂,conjunction,because,itu tala memang banar sabáp tala mujadi galip inycana,It's certainly true because it has,,,,,,,,,,,,,,,,,,,,FALSE
4008,sadaká₁,noun,alms,,,,,,,,,,,,,,,,,,,basadaká,,,FALSE
4009,sadaká₂,intransitive verb,to give alms,,,,,,,,,,,,,,,,,,,,,,FALSE
4010,sadangkang,conjunction,"while, whereas",,,,,,,,,,,,,,,,,,sedangkang ... ke,,,,FALSE
4011,sadia₁,,,,,,,,,,,,,,,,,,,,,sadiai,,,FALSE
4012,sadia₂,transitive verb,to prepare something for someone,Sadiai aku lapát hadiki,Why don't you fix me some rice cakes?,,,,,,,,,,,,,,,,,sadia akang,,,FALSE
4013,sadia₃,transitive verb,to prepare something at another's request,Sadia akang pakakasiku barikang aku yogo ka lau.,"Get my fishing gear ready, I'm",,,,,,,,,,,,,,,,,,,,FALSE
4014,sadiki,pronoun,"a little, a few",,,,,,,,,,,,,,,,,,hadiki,,,,FALSE
4015,sadáng₁,intransitive verb,moderate (in behavior or wealth),,,,,,,,,,,,,,,,,,,,,,FALSE
4016,sadáng₂,conjunction,"whereas, however",,,,,,,,,,,,,,,,,,seda/ng,,,,FALSE
4017,saku,noun,"kind of pouch worn in a sash around one's waist, an article of female clothing",,,,,,,,,,,,,,,,clothing,,,,,,FALSE
4018,sakul₁,verb,"to stab something with a spear, esp. with a downward jab, to hurl a spear at someone or something",,,,,,,,,,,,,,,,,,,sakuli,,,FALSE
4019,sakul₂,verb,to cast something downward (to a specific place),,,,,,,,,,,,,,,,,,,sakul akang,,,FALSE
4020,sakul₃,verb,to cast something at someone's request,,,,,,,,,,,,,,,,,,,basakul,,,FALSE
4021,sakul₄,intransitive verb,to work at extracting sago in such a manner,ari bai kami tolu urang basakul ambulung hakayu sigodo dumik,Yesterday the three of,,,,,,,,,,,,,,,,,sasakul,,,FALSE
4022,sakul₅,noun,"prising bar, mattock for scraping sago pith ..panyakulang",,,,,,,,,,,,,,,,,,,,,,FALSE
4023,sakul₆,noun,"the site or place where the sago is scraped, workplace",,,,,,,,,,,,,,,,tool,,panyakulang,,,,FALSE
4024,sakulát,noun,"kind of tree, cacao,, kind of beverage, cocoa",,,,,,,,,,,,,Theobroma cacao,,,plant,,,,,,FALSE
4025,sakupa,noun,tackle box,,,,,,,,,,,,,,,,fishing,,,,,,FALSE
4026,sakurang-kurangnya,conjunction,at least,,,,,,,,,,,,,,,,,,,,,,FALSE
4027,sala₁,intransitive verb,incorrect,,,,,,,,,,,,,,,,,,,salai,,,FALSE
4028,sala₂,verb,"to miss, to be off target",,,,,,,,,,,,,,,,,,,sala-sala,,,FALSE
4029,sala₃,intransitive verb,"mixed up, somewhat wrong",,,,,,,,,,,,,,,,,,,,,,FALSE
4030,salagáng,noun,"a half coconut, the flesh of which has been partially scraped",,,,,,,,,,,,,,,,,,,,,,FALSE
4031,salahát,noun,"kind of trap in which a large piece of timber falls on and crushes the prey, kind of booby-trap using such a mechanism to protect a house or village from intruders",,,,,,,,,,,,,,,,,,"sungga, lika-lika, tamboang",,,,FALSE
4032,salak,noun,"kind of palm, the Salacca palm",,,,,,,,,,,,,Zalacca edulis,,,plant,,,,,,FALSE
4033,salamanetu,noun,kind of fish,,,,,,,,,,,,,,,,fish,,,,,,FALSE
4034,salamat,noun,"safety, peace, salvation",doa salamat,a propitiatory meal (preceded by ritual prayer),,,,,,,,,,,,,,,,,,,,FALSE
4035,salapa,noun,"kind of round scoop net, used for small fish",,,,,,,,,,,,,,,,fishing,,,,,,FALSE
4036,salapang,numeral,nine,,,,,,,,,,,,,,,,,,,,,,FALSE
4037,salasa,noun,Tuesday,,,,,,,,,,,,,,,,,,,,,,FALSE
4038,salatang,noun,"a point of the compass, south",,,,,,,,,,,,,,,,,,,,"salatang manunggara \df a point of the compass, south-southeast \df a rainy season characterized by high seas and wind storms",,FALSE
4039,salawa₁,verb,to sharpen something (a blade) (without water),,,,,,,,,,,,,,,,,,,salawai,,,FALSE
4040,salawa₂,verb,to sharpen something for someone,,,,,,,,,,,,,,,,,,,salawa akang,,,FALSE
4041,salawa₃,verb,to sharpen something at someone's request,,,,,,,,,,,,,,,,,,,basalawa,,,FALSE
4042,salawa₄,intransitive verb,to be engaged in sharpening a blade,,,,,,,,,,,,,,,,,,asa,,,,FALSE
4043,salawat₁,noun,"a laudation of the prophet Muhammad recited by the congregation repeatedly, usually",,,,,,,,,,,,,,,,,,,basalawat,,,FALSE
4044,salawat₂,intransitive verb,to engage in reciting this laudation,,,,,,,,,,,,,,,,,,doit salawat,,,,FALSE
4045,sale₁,verb,"to smoke something (fruit or fish), to preserve or cure something by exposure to smoke",lao sale,smoked fish,,,,,,,,,,,,,,culinary,,,salei,,,FALSE
4046,sale₂,verb,to smoke something for someone,salei aku lao hadiki,"Smoke some fish for me, please",,,,,,,,,,,,,,,,,sale akang,,,FALSE
4047,sale₃,verb,to smoke something at someone's request,,,,,,,,,,,,,,,,,,,basale,,,FALSE
4048,sale₄,intransitive verb,to engage in smoking fish,,,,,,,,,,,,,,,,,,,panyaleang,,,FALSE
4049,sale₅,noun,a rack or place to smoke fish,,,,,,,,,,,,,,,,,,,,,,FALSE
4050,salendang,noun,kind of sash or shawl,,,,,,,,,,,,,,,,clothing,,kudung,,,,FALSE
4051,salia,noun,sarong,,,,,,,,,,,,,,,,clothing,,,,"salia sambeang \df sarong worn during prayer \df cloth, salia paokop \df blanket, salia pasaoang \df cloth for carrying infants <sling>, salia puti \df burial shroud \af  saliai \ps  v \df to clothe someone or something with a sarong \af  salia akang \ps  v \df to clothe someone or something at someone's request \af  basalia \ps  vi \df to wear a sarong \af  pasaliai \ps  v \df to wrap someone with cloth (e.g. a towel, a blanket) as if it were a sarong \il  pasaliai adimu nang handuk  Wrap a towel around your little sister (and fasten it like a sarong) \df to clothe someone very carefully in a sarong (e.g. when assisting a bride dressing for her wedding) \af  pasaliai akang \ps  v \df to clothe someone in a sarong or sarong-like article of clothing at someone's request",,FALSE
4052,salobar,noun,brackish (of water),,,,,,,,,,,,,,,,,,togor-togor,,,,FALSE
4053,saloi,noun,"kind of basket, carried on the back",,,,,,,,,,,,,,,,utensil,,,,,,FALSE
4054,salong₁,noun,"damar resin, damar torch",,,,,,,,,,,,,,,,,,,salongi,,,FALSE
4055,salong₂,verb,"to shine a light on something, esp. with a damar torch or taper",,,,,,,,,,,,,,,,,,,basalongi,,,FALSE
4056,salong₃,intransitive verb,"to look for things with a light, esp. a torch",,,,,,,,,,,,,,,,,,,panyalongi,,,FALSE
4057,salong₄,verb,to illumine something by focusing a light on it,si halima panyalongi anuna ia yang rodak de pake-pakerapuna,Halimah was using a,,,,,,,,,,,,,,,,,manyalong,,,FALSE
4058,salong₅,intransitive verb,"to search for seafood in tidal pools, esp. by torchlight <illumine>",,,,,,,,,,,,,,,,,,,manyalongi,,,FALSE
4059,salong₆,intransitive verb,to look for things with a torch or other light,,,,,,,,,,,,,,,,,,,,,,FALSE
4060,salu₁,verb,to pick up and to shape sago meal into containers,,,,,,,,,,,,,,,,sago,,,basalu,,,FALSE
4061,salu₂,intransitive verb,to be engaged in shaping sago meal,,,,,,,,,,,,,,,,sago,,,,,,FALSE
4062,salu-salu,noun,"kind of disease, similar to measles",,,,,,,,,,,,,,,,health,,,,,,FALSE
4063,saláng,,,,,,,,,,,,,,,,,,,,basala/ng,,,,FALSE
4064,sama skali,adverb,"completely, in toto",manusia sama skali luang,Everyone (people in toto) fled,,,,,,,,,,,,,,,,,,,,FALSE
4065,samangka,noun,"kind of vine bearing edible fruit, watermelon",,,,,,,,,,,,,Citrullus lanatus,,,plant,,,,,,FALSE
4066,sama₁,intransitive verb,"same, equivalent",tala sama ga sarupa ga,"It was the same, exactly the same",,,,,,,,,,,,,,,,,,sama nang \df the same as \il  harga sama nang ruma itu a price the same as that house,,FALSE
4067,sama₂,preposition,with,,,,,,,,,,,,,,,,,Indonesian,nang,,,,FALSE
4068,samaput,intransitive verb,"to lose consciousness, to faint",,,,,,,,,,,,,,,,,,,,,,FALSE
4069,samat₁,verb,"to fix together two pieces by skewering or pinning them togther, e.g. to make a",,,,,,,,,,,,,,,,,,,samati,,,FALSE
4070,samat₂,verb,to  pin something to something,,,,,,,,,,,,,,,,,,,samat akang,,,FALSE
4071,samat₃,verb,to affix something (by pinning) for someone else,,,,,,,,,,,,,,,,,,,basamat,,,FALSE
4072,samat₄,intransitive verb,to be engaged in pinning or fixing things together,,,,,,,,,,,,,,,,,,,,,,FALSE
4073,sambal,,,,,,,,,,,,,,,,,,,,dabu-dabu sambal,,,,FALSE
4074,sambar,verb,"to lunge and attack, to dive and swipe at (of predatory birds or fish)",,,,,,,,,,,,,,,,,,,,,,FALSE
4075,sambeang₁,intransitive verb,to perform the Muslim prayer ritual,,,,,,,,,,,,,,,,spiritual,,,basambeang,,,FALSE
4076,sambeang₂,intransitive verb,to engage in performing the Muslim prayer ritual,,,,,,,,,,,,,,,,spiritual,,,,,,FALSE
4077,sambei₁,verb,to exchange something (for something else),,,,,,,,,,,,,,,,,,,sambei akang,,,FALSE
4078,sambei₂,verb,to exchange something (for something else) at someone's request,,,,,,,,,,,,,,,,,,,basambei,,,FALSE
4079,sambei₃,verb,to engage in bartering or exchanging one thing for another,,,,,,,,,,,,,,,,,,,,,,FALSE
4080,sambilu,noun,the outer bark of certain kind of bamboo; this serves as a sharp blade,,,,,,,,,,,,,,,,,,sasambiluna bawi,,,,FALSE
4081,sambut₁,verb,"to reply to something, to respond to something, to greet someone's arrival",sambut carita,to respond to a conversation (by contributing to it),,,,,,,,,,,,,,,,,basambut,,,FALSE
4082,sambut₂,intransitive verb,to engage in greeting an arrival,,,,,,,,,,,,,,,,,,,,,,FALSE
4083,sampat₁,verb,"to elevate something, to put something in a high place, to carry something on the head",Si sapi musampat tiola de bangkurunga ia.,Sapi put his feet on his (friend's) back,alengo pasi basasa mena pasi muli musampat pasasa:ng de kapala buluta,Just now they,,,,,,,,,,,,,,,sampat akang,,,FALSE
4084,sampat₂,verb,"to put in a high place at another's request, to elevate for someone",,,,,,,,,,,,,,,,,,,basampat,,,FALSE
4085,sampat₃,intransitive verb,"to be seated (on an elevated place, e.g. a chair not the floor)",,,,,,,,,,,,,,,,,,,panyampatang,,,FALSE
4086,sampat₄,noun,the coil of cloth placed on the head to support burdens carried there,,,,,,,,,,,,,,,,,,panyjampatang,,,,FALSE
4087,sampe,intransitive verb,to arrive,,,,,,,,,,,,,,,,,Indonesian,,,,,FALSE
4088,sana,locative,there,,,,,,,,,,,,,,,,,,inycana,,,,FALSE
4089,sanak₁,noun,sibling or first cousin,ampat sanak,four brothers and sisters (in the family),,,,,,,,,,,,,,kinship,,,pasanakang,,,FALSE
4090,sanak₂,noun,"a familial unit, the relationship that pertains among siblings and first cousins",,,,,,,,,,,,,,,,,,,pasa-pasanakang,,,FALSE
4091,sanak₃,noun,the relationship that pertains among siblings with the same father but different,,,,,,,,,,,,,,,,,,,sapasanakang,,,FALSE
4092,sanak₄,noun,one in the same extended family and at the same generational level,,,,,,,,,,,,,,,,,,,,,,FALSE
4093,sandal,noun,sandals,,,,,,,,,,,,,,,,,,,,,,FALSE
4094,sandar₁,transitive verb,"to bring a vehicle close to its resting place, e.g., to bring a boat next to a pier or to",,,,,,,,,,,,,,,,,,,sandar akang,,,FALSE
4095,sandar₂,verb,"to bring something (a bicycle, a boat) into close contact at someone's request",,,,,,,,,,,,,,,,,,,basandar,,,FALSE
4096,sandar₃,intransitive verb,"to be in a close, esp. leaning, position",,,,,,,,,,,,,,,,,,,,,,FALSE
4097,sander₁,,,,,,,,,,,,,,,,,,,,,sanderi,,,FALSE
4098,sander₂,verb,to lean something in some place,,,,,,,,,,,,,,,,,,,sander akang,,,FALSE
4099,sander₃,verb,to cause to lean against,Musander akang kumbar de itu.,Lean the sago midribs over there.,,,,,,,,,,,,,,,,,basander,,,FALSE
4100,sander₄,intransitive verb,"to lean, to lean back, to prop oneself",,,,,,,,,,,,,,,,,,,nasander,,,FALSE
4101,sander₅,intransitive verb,"to be unintentionally leaned or propped against, huddled against",ia salalu nasandar imbawa,It (a fish) always is forced to be huddled close to the bottom,,,,,,,,,,,,,,,,,,,,FALSE
4102,sandiri,noun,self,itu aku sandiri kueti akang moyo keadaanya,As for that I myself do not understand the,,,,,,,,,,,,,,,,sasaraurang,,,,FALSE
4103,sang,,,,,,,,,,,,,,,,,,,,basala/ng,,,,FALSE
4104,sangaji,noun,"a title of hereditary nobility, a title given by the sultan to the village head of (Christian) Labuha",,,,,,,,,,,,,,,,society,,,,,,FALSE
4105,sangal₁,verb,to grab someone by the neck with one hand,,,,,,,,,,,,,,,,,,kurup,sangal akang,,,FALSE
4106,sangal₂,verb,"to pin someone's neck down with one hand, to push someone into water by grabbing the neck",,,,,,,,,,,,,,,,,,,basangalang,,,FALSE
4107,sangal₃,intransitive verb,to grab at someone's neck,,,,,,,,,,,,,,,,,,,,,,FALSE
4108,sanggalotang api,noun,kind of plant with toxic leaves,,,,,,,,,,,,,,,,plant,,,,,,FALSE
4109,sanggera,,,,,,,,,,,,,,,,,,,,ndango sanggera,,,,FALSE
4110,sanggul₁,noun,hair-bun,,,,,,,,,,,,,,,,,,,basanggul,,,FALSE
4111,sanggul₂,intransitive verb,to fasten a hair-bun,,,,,,,,,,,,,,,,,,,,,,FALSE
4112,sanggup,intransitive verb,to be capable or sufficient,ma sanggup ka mo itu papang ilau itu,"Well, is it good enough or not, I mean the board",,,,,,,,,,,,,,,,,,,,FALSE
4113,sangka₁,transitive verb,"to assume, to reckon, to presume",Dang kusangka lao batu ga.,"Furthermore, I even thought it was a reef fish.",,,,,,,,,,,,,,,,,basasangka:ng,,,FALSE
4114,sangka₂,intransitive verb,to make mutual accusations <accuse>,,,,,,,,,,,,,,,,,,,,,,FALSE
4115,sao₁,verb,to carry on the side with one arm supporting from below,,,,,,,,,,,,,,,,,,,pasao akang,,,FALSE
4116,sao₂,verb,"to carry something and place it next to something of the same kind in order to make sure they are of, to make something the same size or shape, e.g. by trimming it if it is too long, to even up, to unite diverse elements",,,,,,,,,,,,,,,,,,"sikut sao, salia pasaoang",,,,FALSE
4117,sao₃,noun,"kind of tree bearing edible fruit, the sapodilla",,,,,,,,,,,,,Manilkara zapota,,,plant,,,,,,FALSE
4118,saot₁,noun,the pegging or straps used to sew (thatch),,,,,,,,,,,,,,,,,,,saoti,,,FALSE
4119,saot₂,verb,to strap something with bamboo lashing,,,,,,,,,,,,,,,,,,,basaoti,,,FALSE
4120,saot₃,intransitive verb,to engage in strapping thatch,,,,,,,,,,,,,,,,,,,,,,FALSE
4121,sa:p,,,,,,,,,,,,,,,,,,,,saba/p,,,,FALSE
4122,sapa₁,pronoun,how many,sapa meter,How many meters?,,,,,,,,,,,,,,,,,sapa-sapa,,,FALSE
4123,sapa₂,pronoun,about how many,sapa-sapa taong,approximately how many years,,,,,,,,,,,,,,,,"sabaya/, sapat-",,,,FALSE
4124,sapa-,numeral,a fractional part,,,,,,,,,,,,,,a numeral marker indicating fractional divisions,,,,sapadua,,,,FALSE
4125,sapabiniang,,,,,,,,,,,,,,,,,,,,bini,,,,FALSE
4127,sapadua,pronoun,"some, roughly half",,,,,,,,,,,,,,,,,,"dua, istenga, hatanga",,,,FALSE
4128,sapar,noun,the second month of the Islamic calendar,,,,,,,,,,,,,,,,,,balumbar,,,,FALSE
4129,saparnakang,,,,,,,,,,,,,,,,,,,,paranakang,,,,FALSE
4131,sapat-,pronoun,"how many, in certain collocations",sapatari,how many days,sapatudang,how many months,sapaturang,how many persons,,,,,,,,,,,,"sabaya/, sapa",,,,FALSE
4132,sapatang,noun,one night,,,,,,,,,,,,,,,,,,,,"sapatang ini \df tonight, sapatang itu \df that night \crm  patang",,FALSE
4133,sapela₁,noun,"crotch, genitalia",,,,,,,,,,,,,,,,body,,,sapelai,,,FALSE
4134,sapela₂,verb,"to step over something, to straddle something",,,,,,,,,,,,,,,,,,,,,,FALSE
4135,sapi,noun,"cow, cattle",,,,,,,,,,,,,Bos,,,animal,,,,,,FALSE
4136,sapiak,,,,,,,,,,,,,,,,,,,,,piak,,,FALSE
4137,saptí,noun,Saturday,,,,,,,,,,,,,,,,,,,,,,FALSE
4138,sapulu,numeral,"ten, marker of teens",,,,,,,,,,,,,,,,,,,,sapulu sabua \df eleven \il   sapulu dua  twelve \crm  pulu,,FALSE
4139,sapupu,noun,"cousin, first cousin",,,,,,,,,,,,,,,,kinship,,,,"sapupu hakali \df first cousin, sapupu duakali \df second cousin \crm  sanak",,FALSE
4140,saput₁,verb,"to wipe something, to snatch something away (of small thefts), to completely remove something in one sweep",alu-alungang tala musaput nyjong de sawang,The waves have washed away the,,,,,,,,,,,,,,,,,saputi,,,FALSE
4141,saput₂,verb,to wipe or rub something for someone,,,,,,,,,,,,,,,,,,,saput akang,,,FALSE
4142,saput₃,verb,to wipe something or to rub something with cloth at someone's request,,,,,,,,,,,,,,,,,,,basaput,,,FALSE
4143,saput₄,intransitive verb,"to wipe one's body, to engage in wiping",,,,,,,,,,,,,,,,,,,basaput akang,,,FALSE
4144,saput₅,intransitive verb,to engage in wiping with something,,,,,,,,,,,,,,,,,,,basa-basaputang,,,FALSE
4145,saput₆,intransitive verb,to wipe someone,,,,,,,,,,,,,,,,,,,sasaput,sasaputa ndango \ps  n \df a long utensil with a cloth or paper tip used to wipe the sago mold <wiper> \af panyaputang \ps  n \df wiping cloth or tool for leveling sago flour in molds \sf  sago \crm  manyaput,,FALSE
4146,sapíl,numeral,marker of teens,sapíl tolu,thirteen,,,,,,,,,,,,,casual,,,,,,,FALSE
4147,saradina,noun,"kind of fish, the bony bream or hair-back herring",,,,,,,,,,,,,Nematolosa come,,,fish,,,,,,FALSE
4148,sarampa,noun,measles,,,,,,,,,,,,,,,,health,,salu-salu,,,,FALSE
4149,sarampang,noun,trident,,,,,,,,,,,,,,,,tool,,,,,,FALSE
4150,sarani,noun,the Christian religion,manusia sarani,a Christian,,,,,,,,,,,,,,,,,,,,FALSE
4151,sara₁,,,,,,,,,,,,,,,,,,,,,sara akang,,,FALSE
4152,sara₂,verb,"to hand over something, to present something",,,,,,,,,,,,,,,,,,,nasara,,,FALSE
4153,sara₃,intransitive verb,to have spread (of disease),panomu itu tala nasara de aku itu,That skin fungus has spread to me,,,,,,,,,,,,,,,,,,,,FALSE
4154,sara₄,,,,,,,,,,,,,,,,,,,,hakim sara,,,,FALSE
4155,sararó₁,intransitive verb,to squat on one's haunches,,,,,,,,,,,,,,,,,,,basararó,,,FALSE
4156,sararó₂,intransitive verb,to squat for some time,,,,,,,,,,,,,,,,,,,,,,FALSE
4157,sarawaki,noun,kind of short-spined sea urchin,,,,,,,,,,,,,Asthenosoma varium,,,sea creature,,,,,,FALSE
4158,sari,noun,one day,,,,,,,,,,,,,,,,,,ari,,sari ini \df today,,FALSE
4159,sarini,,,,,,,,,,,,,,,,,,,,sari,,,,FALSE
4160,saritu,particle,"then, at that time",,,,,,,,,,,,,,,,,,,,,,FALSE
4161,saroa,noun,"kind of edible sea urchin, class Echinoidea",,,,,,,,,,,,,,,,sea creature,,,,,,FALSE
4162,sarok₁,transitive verb,"to scatter something by tossing upward, esp. in a crowd (i.e., rice at a wedding, coins in a crowd)",,,,,,,,,,,,,,,,,,,saroki,,,FALSE
4163,sarok₂,verb,to bombard with something,saroki doit,to scatter money,,,,,,,,,,,,,,,,,sarok akang,,,FALSE
4164,sarok₃,verb,to toss and scatter something at someone's request,,,,,,,,,,,,,,,,,,,basarok,,,FALSE
4165,sarok₄,intransitive verb,to throw colored rice at a wedding,,,,,,,,,,,,,,,,,,,,,,FALSE
4166,sarosap₁,,,,,,,,,,,,,,,,,,,,,nasarosap,,,FALSE
4167,sarosap₂,intransitive verb,to feel a twinge of pain because something has gotten into or pressed  against a wound,,,,,,,,,,,,,,,,,,,,,,FALSE
4168,sartu₁,,,,,,,,,,,,,,,,,,,,,sartui,,,FALSE
4169,sartu₂,verb,to cleanse ritually defiled objects with clay,,,,,,,,,,,,,,,,spiritual,,,basartu,,,FALSE
4170,sartu₃,intransitive verb,to cleanse someone of serious ritual impurity by rubbing with  clay,,,,,,,,,,,,,,,,spiritual,,,,,,FALSE
4171,saruma₁,noun,"friend, co-worker, colleague",basaláng nang saruma batikang kami dangang mpu,"If you are with friends, say ""We",,,,,,,,,,,,,,,,ruma,basaruma,,,FALSE
4172,saruma₂,intransitive verb,"to have a friend, to be friends",,,,,,,,,,,,,,,,,,,basaruma akang,,,FALSE
4173,saruma₃,intransitive verb,to introduce someone to someone else,,,,,,,,,,,,,,,,,,,basarumang,,,FALSE
4174,saruma₄,intransitive verb,"to be friends, to have a friendship",,,,,,,,,,,,,,,,,,,pasarumai,,,FALSE
4175,saruma₅,verb,"to befriend, to take someone as a friend",,,,,,,,,,,,,,,,,,,pasaruma akang,,,FALSE
4176,saruma₆,verb,to compare two objects of the same kind (to see how they may differ in detail),,,,,,,,,,,,,,,,,,,pasaruma:ng,,,FALSE
4177,saruma₇,noun,"a collection of friends, a clique, an association, friend",aku pasaruma:ng nang si musa,I am a friend of Musa,,,,,,,,,,,,,casual,,,,bapasaruma:ng,,,FALSE
4178,saruma₈,intransitive verb,to be in the state of making friends with each other,kau mutarima dangang untuk bapasaruma:ng,Do you accept me as someone with whom to,,,,,,,,,,,,,,,,ba: ruma,,,,FALSE
4179,sarung₁,noun,"sheath, covering ( e.g. of a pillow)",bayaka sarunga,machete sheath,kalanggurung sarunga,pillowcase,,,,,,,,,,,,,,,sarungi,,,FALSE
4180,sarung₂,transitive verb,"to encase something, to put something into its sheath or cover",Capát sarungi gogololo itu.,Hurry up and put the pillowcase on the bolster.,,,,,,,,,,,,,,,,,basarung,,,FALSE
4181,sarung₃,intransitive verb,"to engage in sheathing or covering, to be encased",,,,,,,,,,,,,,,,,,,,,,FALSE
4182,sarupa,intransitive verb,"same, similar",,,,,,,,,,,,,,,,,,rupa,,,,FALSE
4183,saru-sarung,noun,flank (of one's body),,,,,,,,,,,,,,,,body,,sarung,,,,FALSE
4184,sasa,transitive verb,to wash something (clothes),,,,,,,,,,,,,,,,,,,,"sasa guer \df to have only the clothes one wears (i.e., to take off and wash the same set of clothes) <clothes on one's back> \af  sasai \ps  v \df to wash something for someone \af  sasa:kang \ps  v \df to wash (clothes) at someone's request \af  basasa \ps  vi \df to be doing the wash \af  pasasa:ng \ps  n \df the wash (i.e. dirty clothes to be washed or clothes just recently washed) <laundry>",,FALSE
4185,sasaja,,,,,,,,,,,,,,,,,,,,saja,,,,FALSE
4187,sasambiluna bawi,noun,"kind of plant, kind of spiked grass-like herbaceous plant",,,,,,,,,,,,,Cyperus,,,plant,,sambilu,,,,FALSE
4188,sasanggai,noun,various kind of branching plants,,,,,,,,,,,,,,,,,,,,"sasanggai tanggalaot \df the sea nettle or stinging hydroid, \sn Aglaophenia  , the tube worm or sabellid fan worm, perhaps \sn Sabellastarte indica \sf  plant, sasanggai kayuang \df kind of herbaceous plant, club moss, \sn Lycopodium \sf  plant",,FALSE
4189,sasangkím,noun,kind of small black ant,,,,,,,,,,,,,Formicidae,,,insect,,somut,,,,FALSE
4190,sasaraurang,pronoun,by oneself,,,,,,,,,,,,,,,,,,urang,,,,FALSE
4191,sasat₁,intransitive verb,to be lost,,,,,,,,,,,,,,,,,,,sasat akang,,,FALSE
4192,sasat₂,verb,"to make someone lose his or her way, to ditch someone",,,,,,,,,,,,,,,,,,,,,,FALSE
4193,sasati,intransitive verb,to have an urgent need to defecate,si udin sasati po malumpat de da: de sawang,Udin needed to use the toilet so he ran to,,,,,,,,,,,,,,,,,,,,FALSE
4194,sasi₁,verb,to curse someone,Inana ia musasi anaka.,His mother cursed her child.,,,,,,,,,,,,,,,,,basasi,,,FALSE
4195,sasi₂,intransitive verb,"to take an oath, to bear witness with an oath",,,,,,,,,,,,,,,,,,,basasi-sasiang,,,FALSE
4196,sasi₃,intransitive verb,to curse someone,,,,,,,,,,,,,,,,,,doa/,,,,FALSE
4197,sasiang,noun,kind of rock oyster,,,,,,,,,,,,,Saxostrea commercialis,,,,,,,,,FALSE
4198,sasokat₁,intransitive verb,"narrow, cramped",,,,,,,,,,,,,,,,,,,sasokati,,,FALSE
4199,sasokat₂,verb,to fill something up so it is cramped,,,,,,,,,,,,,,,,,,,,,,FALSE
4200,sasona,noun,"kind of crustacean, shrimp, suborder Natantia",,,,,,,,,,,,,,,,sea creature,,,,"sasona batu \df kind of shrimp \sf  sea creature, sasona tanggalaut \df kind of shrimp \sf  sea creature, sasona katang \df kind of freshwater crab, tribe Brachyura \sf  sea creature",,FALSE
4201,sasu:,noun,"kind of cephalopod, squid, class Cephalopoda",,,,,,,,,,,,,,,,sea creature,,,,,,FALSE
4202,sat,noun,"vitamin, nutrient",,,,,,,,,,,,,,,,,,,,,,FALSE
4203,sate,noun,"satay, brochettes of roasted meat, fish or sago grubs",,,,,,,,,,,,,,,,,,,,,,FALSE
4204,satenga,pronoun,half,,,,,,,,,,,,,,,,,,istenga,,,,FALSE
4205,satiap,pronoun,every,,,,,,,,,,,,,,,,,,tiap,,,,FALSE
4206,satinggi-tingginya,conjunction,at most,,,,,,,,,,,,,,,,,,,,,,FALSE
4207,satu,numeral,"one, postposed in certain phrases",jam satu,one o'clock,nomor satu,first of all,,,,,,,,,,,,,Indonesian,,,,,FALSE
4208,satuju,intransitive verb,to concur or agree,,,,,,,,,,,,,,,,,Indonesian,,,,,FALSE
4209,saturu:₁,verb,to hate someone,,,,,,,,,,,,,,,,,,,,,,FALSE
4210,saturu:₂,intransitive verb,to feel hateful,,,,,,,,,,,,,,,,,,,saturu:i,,,FALSE
4211,saturu:₃,verb,"to hate someone, to resent someone",,,,,,,,,,,,,,,,,,jaga saturui,basa-basaturu:ang,,,FALSE
4212,saturu:₄,intransitive verb,"to be in mutual enmity, to hate someone",,,,,,,,,,,,,,,,,,,,,,FALSE
4213,sau,verb,"to persuade, to coax",,,,,,,,,,,,,,,,,,,,,,FALSE
4214,sauk₁,verb,"to draw water from a well, to scoop up, e.g., small fish from an enclosing net",basaláng lao tama itu pasi musauk cara deminyá,"If fish go in, how do they scoop",,,,,,,,,,,,,,,,,sauki,,,FALSE
4215,sauk₂,verb,to draw water for someone,Aku kusauki kau paisu.,I'll draw some water for you.,,,,,,,,,,,,,,,,,sauk akang,,,FALSE
4216,sauk₃,verb,to draw water at someone's request,,,,,,,,,,,,,,,,,,,basauk,,,FALSE
4217,sauk₄,intransitive verb,to be engaged in drawing water <draw water>,yo itu kita alengo balampo basauk paisu tu,"Yes, about that, well a while ago we walked",,,,,,,,,,,,,,,,,basa-basaukang,,,FALSE
4218,sauk₅,intransitive verb,to draw water for someone,,,,,,,,,,,,,,,,,,,sau-sauk,,,FALSE
4219,sauk₆,noun,dipper,,,,,,,,,,,,,,,,utensil,,,,,,FALSE
4220,saulapa,noun,dining room,,,,,,,,,,,,,,,,house,,,,,,FALSE
4221,saut₁,,,,,,,,,,,,,,,,,,,,,sauti,,,FALSE
4222,saut₂,verb,to answer someone,,,,,,,,,,,,,,,,,,,saut akang,,,FALSE
4223,saut₃,verb,to answer for someone else,,,,,,,,,,,,,,,,,,,sauti akang,,,FALSE
4224,saut₄,verb,to answer someone for someone else,,,,,,,,,,,,,,,,,,,basasautang,,,FALSE
4225,saut₅,intransitive verb,"to argue with each other, to answer each other's accusations",,,,,,,,,,,,,,,,,,,manyaut,,,FALSE
4226,saut₆,intransitive verb,"to reply to a call, to shout back a greeting",,,,,,,,,,,,,,,,,,,,,,FALSE
4227,saya,noun,flower,,,,,,,,,,,,,,,,,,,,saya gambir \df kind of white flower,,FALSE
4228,semang-semang,noun,kind of outrigger boat,,,,,,,,,,,,,,,,boat,Malay,nyjong mananderu,,,,FALSE
4229,sempe₁,noun,kind of large earthenware bowl,,,,,,,,,,,,,,,archaic,,,,,,,FALSE
4230,sempe₂,intransitive verb,bald (of heads),,,,,,,,,,,,,,,,,,,,,,FALSE
4231,semén,noun,cement,,,,,,,,,,,,,,,,,,,,,,FALSE
4232,sen,noun,cent,,,,,,,,,,,,,,,,,,,,,,FALSE
4233,sendelét,noun,rope sandals worn by women,,,,,,,,,,,,,,,archaic,,,,,,,FALSE
4234,sender  bonycis,noun,"kind of legume, the French bean or string bean",,,,,,,,,,,,,Phaseolus vulgaris,,,plant,,,,,,FALSE
4235,senderé,noun,"kind of herb, celery",,,,,,,,,,,,,Apium graveolens var. dulce,,,plant,,,,,,FALSE
4236,seni,,,,,,,,,,,,,,,,,,,,ana seni,,,,FALSE
4237,senso,noun,chain saw,,,,,,,,,,,,,,,,tool,,,,,,FALSE
4238,senti,noun,centimeter,,,,,,,,,,,,,,,,,,,,,,FALSE
4239,senén,noun,Monday,,,,,,,,,,,,,,,,,,,,,,FALSE
4240,seng,noun,zinc or tin sheets for roofing,,,,,,,,,,,,,,,,house,,,,,,FALSE
4241,sengga,noun,boundary (of land),,,,,,,,,,,,,,,archaic,,,,,,,FALSE
4242,sengsara₁,noun,"mistreatment, great suffering",,,,,,,,,,,,,,,,,,,,,,FALSE
4243,sengsara₂,intransitive verb,"painful, difficult",,,,,,,,,,,,,,,,,Indonesian,singsara,,,,FALSE
4244,sepi₁,,,,,,,,,,,,,,,,,,,,,nasepi,,,FALSE
4245,sepi₂,intransitive verb,"to have snapped off, to have broken off (of a branch torn off  because of bearing a large quantity of fruit)",,,,,,,,,,,,,,,,,,,,,,FALSE
4246,sepit₁,verb,"to grasp with tongs, pincers, etc.",,,,,,,,,,,,,,,,,,,sepiti,,,FALSE
4247,sepit₂,verb,to grasp something with tongs for someone,pesa sepiti lao di tajela tu ka mai,Please take (with tongs) that fish in the wok for me,,,,,,,,,,,,,,,,,sepiti akang,,,FALSE
4248,sepit₃,verb,to grasp something with tongs at someone's request,,,,,,,,,,,,,,,,,,,sepit akang,,,FALSE
4249,sepit₄,verb,to grasp something with tongs at someone's request,,,,,,,,,,,,,,,,,,,basepitang,,,FALSE
4250,sepit₅,intransitive verb,"to pinch someone with tongs, pliers or pincers",,,,,,,,,,,,,,,,,,,sasepit,,,FALSE
4251,sepit₆,noun,tongs (for sago bread),,,,,,,,,,,,,,,,utensil,,,,sasepit api \df fire tongs \sf  utensil,,FALSE
4251,sepit₇,noun,tongs (for sago bread),,,,,,,,,,,,,,,,sago,,,,sasepit api \df fire tongs \sf  utensil,,FALSE
4252,serang,verb,to attack,,,,,,,,,,,,,,,,,,,,,,FALSE
4253,sere,noun,"kind of grass used in cooking, lemon grass",,,,,,,,,,,,,Cymbopogon citratus,,,plant,,,,,,FALSE
4254,seri,noun,coconut cream,,,,,,,,,,,,,,,,food,,,,"seri kantalina \df first straining of coconut cream \sf  culinary, seri pukat \df first straining of coconut cream \sf  culinary \sc  TM, term used by younger speakers",,FALSE
4255,sero,noun,kind of stationary fish trap,,,,,,,,,,,,,,,,,,,,"sero talaga \df kind of fish trap with one enclosure, used in shallow waters, sero tangga laot \df kind of fish trap with multiple enclosed sections, used in deep waters \sf  fishing",,FALSE
4256,seseng₁,verb,to remove thorns from some plant,,,,,,,,,,,,,,,,,,,sesengi,,,FALSE
4257,seseng₂,verb,to dethorn something for someone,sesengi aku kuriwang hadiki,Please clean the thorns from the sago bark for me,,,,,,,,,,,,,,,,,seseng akang,,,FALSE
4258,seseng₃,verb,to dethorn something at someone's request,,,,,,,,,,,,,,,,,,,baseseng,,,FALSE
4259,seseng₄,intransitive verb,to engage in the removal of thorns,,,,,,,,,,,,,,,,,,,,,,FALSE
4260,seserit,noun,the spout which leads from the filtering basin to the main trough of the sago,,,,,,,,,,,,,,,,,,,,,,FALSE
4261,sesuda,conjunction,after,,,,,,,,,,,,,,,,,Indonesian,,,,,FALSE
4262,setang₁,noun,"evil spirit, ghost",,,,,,,,,,,,,,,,spiritual,,,basetang,,,FALSE
4263,setang₂,intransitive verb,angry,,,,,,,,,,,,,,,,,,,basetangang,,,FALSE
4264,setang₃,intransitive verb,to be angry with someone,,,,,,,,,,,,,,,,,,,,,,FALSE
4265,setela,conjunction,after,,,,,,,,,,,,,,,,,Indonesian,sesuda,,,,FALSE
4266,si,article,"the, a certain (name)",si abu bakar ni kapo mubapanggil aku torus ka sana,This Abu Bakar here arrived to call,pesa muculiki aku si umar,Please point out (that) Umar to me,,,,,,,,,,"a marker of personal names, esp. on their initial appearance in  discourse",,,,,,,,FALSE
4267,siang,,,,,,,,,,,,,,,,,,,,labu siang,,,,FALSE
4268,siat₁,verb,to knot s.t (string) into a net,,,,,,,,,,,,,,,,,,,siati,,,FALSE
4269,siat₂,verb,to knot something into a net for someone,siati aku op,Make me a casting net,,,,,,,,,,,,,,,,,siat akang,,,FALSE
4270,siat₃,verb,to knot something into a net at someone's request,,,,,,,,,,,,,,,,,,,basiat,,,FALSE
4271,siat₄,intransitive verb,to engage in net-making,,,,,,,,,,,,,,,,,,,manyiat,,,FALSE
4272,siat₅,intransitive verb,to make nets,,,,,,,,,,,,,,,,,,,,,,FALSE
4273,sibuk,,,,,,,,,,,,,,,,,,,,porut nasibuk,,,,FALSE
4274,sibur₁,verb,to draw water (from a well),,,,,,,,,,,,,,,,,,,siburi,,,FALSE
4275,sibur₂,verb,to draw water for someone,,,,,,,,,,,,,,,,,,,siburi akang,,,FALSE
4276,sibur₃,verb,to draw water at someone's request,,,,,,,,,,,,,,,,,,,sasibur,,,FALSE
4277,sibur₄,noun,"pail, bucket",,,,,,,,,,,,,,,,utensil,,,,,,FALSE
4278,sidar,noun,various kind of large fish characterized by an elongated upper jaw forming a sword,,,,,,,,,,,,,"Istiophorus, marlin, Istiompax, Makaira, Tetrapturus",,,fish,,,,,,FALSE
4279,sido,,,,,,,,,,,,,,,,,,,,sigodo,,,,FALSE
4280,sigaro₁,verb,to order someone to work,,,,,,,,,,,,,,,,,,,sigaro akang,,,FALSE
4281,sigaro₂,verb,to order someone to work at another's request,,,,,,,,,,,,,,,,,,,basigaro,,,FALSE
4282,sigaro₃,intransitive verb,"to engage in ordering, to summon each other",,,,,,,,,,,,,,,,,,,,,,FALSE
4283,sigi₁,noun,a boar's tusk or teeth,,,,,,,,,,,,,,,,,,,basigi,,,FALSE
4284,sigi₂,intransitive verb,to have grown tusks (of pigs),,,,,,,,,,,,,,,,,,,,,,FALSE
4285,sigi₃,,,,,,,,,,,,,,,,,,,,cigi,,,,FALSE
4286,sigodo₁,conjunction,"to the point of, until",sigodo bajam-jam,to the point of hour after hour,kulia sigodo kamí botangi silóng ka ba:,I see that it's reached the point where you,,,,,,,,,,,,,,,,,,FALSE
4287,sigodo₂,adverb,"excessively, to an extreme extent",Ia tala muala barisi sigodone,He took an awful lot.,,,,,,,,,,,,,,,,sodo/,,,,FALSE
4288,sikat₁,noun,comb,,,,,,,,,,,,,,,,,,,,,,FALSE
4289,sikat₂,transitive verb,to comb something,,,,,,,,,,,,,,,,,,,,sika tuma \df lice comb \af  sikati \ps  v \df to comb something for someone \af  sikat akang \ps  vt \df to comb something at someone's request \af  sika-sikat \ps  n \df kind of utensil to brush off the sago mold \sf  utensil \sf  sago,,FALSE
4290,sikekal,noun,"kind of bird, a large gull",,,,,,,,,,,,,Laridae,,,bird,,,,,,FALSE
4291,siku₁,noun,elbow,,,,,,,,,,,,,,,,body,,,,,,FALSE
4292,siku₂,verb,to elbow someone,,,,,,,,,,,,,,,,,,,basiku,,,FALSE
4293,siku₃,intransitive verb,to engage in elbowing,,,,,,,,,,,,,,,,,,,basiku-sikuang,,,FALSE
4294,siku₄,intransitive verb,to elbow someone,,,,,,,,,,,,,,,,,,,,,,FALSE
4295,sikuda,noun,"kind of fish, the long-nosed emperor",,,,,,,,,,,,,Lethrinella miniata,,,fish,,,,,,FALSE
4296,sikut,verb,to carry someone or something on the back by providing support from below with one's bent arms,,,,,,,,,,,,,,,,,,,,sikut sao \df to carry in the arms \af  sikuti \ps  v \df to carry someone in such a manner \af  sikut akang \ps  v \df to carry someone in such a manner at someone's request \af  basikut \ps  vi \df to travel or move by being carried on the back \il  aku basikut de kani  I got there on Kani's back \af  basi-basikutang \ps  vi \df to carry someone in turns,,FALSE
4297,siké,,,,,,,,,,,,,,,,,,,,ambulung sike,,,,FALSE
4299,sila,intransitive verb,to sit with the legs folded under each other,,,,,,,,,,,,,,,,,,,,,,FALSE
4300,silaguri,noun,"kind of tufted grass, wiregrass",,,,,,,,,,,,,"Eleusine indica, used in some rituals",,,plant,,,,,,FALSE
4301,silang,noun,a river mouth <estuary> or river confluence perceived as a passageway or riverine,,,,,,,,,,,,,,,,,,,,,,FALSE
4302,silap₁,noun,martial arts,,,,,,,,,,,,,,,,,,,silapi,,,FALSE
4303,silap₂,verb,to use martial arts tactics on someone,,,,,,,,,,,,,,,,,,,silapi akang,,,FALSE
4304,silap₃,verb,to use martial arts moves on someone at someone's request,,,,,,,,,,,,,,,,,,,basilap,,,FALSE
4305,silap₄,intransitive verb,to train in the martial arts,,,,,,,,,,,,,,,,,,,basi-basilapang,,,FALSE
4306,silap₅,intransitive verb,to fight someone with martial arts techniques,,,,,,,,,,,,,,,,,,,,,,FALSE
4307,sili₁,,,,,,,,,,,,,,,,,,,,,sili:,,,FALSE
4308,sili₂,verb,"to change, to exchange",,,,,,,,,,,,,,,,,,,sili akang,,,FALSE
4309,sili₃,verb,"to replace something, to leave something in exchange for something else",iala doitku po isili akang nang gunting,She took my money then replaced it with a pair,,,,,,,,,,,,,,,,,basili:,,,FALSE
4310,sili₄,verb,to change one's clothes,pondomu malaing. basili:,Your shirt is different. I've changed.,,,,,,,,,,,,,,,,,,"basili: kulit \df to moult skin (of snakes) \af  basili akang \ps  v \df to exchange one thing for another \il  Handuk moyo dadi kubasili akang nang pondo fur basaput akang. I \didn't have a towel so I used a shirt in its place to wipe myself dry. \df to engage in changing (clothes) at someone's request or for someone \il  ia mubasili akang panganteng bini-bini  She assisted the bride in grooming and changing her clothes \crm  hunya \af  basili-sili:ang \ps  vi \df to take turns at something \af  basi-basiliang \ps  vi \df to spell someone, to alternate with someone",,FALSE
4311,siloang,noun,"kind of fish, a garfish, perhaps the stout long-tom",,,,,,,,,,,,,Tylosurus macleayanus,,,fish,,,,,,FALSE
4312,siloloa₁,verb,"to take one's leave of someone, to say good-bye to someone",kau siloloa ia,You say good-bye to her,,,,,,,,,,,,,,,,,basiloloa,,,FALSE
4313,siloloa₂,intransitive verb,to take one's farewell,,,,,,,,,,,,,,,,,,,,basiloloa de nabi heder \df to perform a ritual to cleanse the village of disease by releasing a miniature boat with offerings to appease the spirits,,FALSE
4314,silóng,noun,a temporary shelter to protect projects or goods which cannot be brought indoors,,,,,,,,,,,,,,,,,,,,,,FALSE
4315,sinole₁,noun,"kind of food, i.e.sago flour tossed and stirred with grated coconut in a heated pan",,,,,,,,,,,,,,,,sago,,,,,,FALSE
4315,sinole₂,noun,"kind of food, i.e.sago flour tossed and stirred with grated coconut in a heated pan",,,,,,,,,,,,,,,,food,,,,,,FALSE
4316,sintak₁,verb,to jerk upward,basáng pasi musintak naik itu ada nang nalapas ka moyo itu,If they jerk it up to the,,,,,,,,,,,,,,,,,sintaki,,,FALSE
4317,sintak₂,verb,to pull something upward for someone,,,,,,,,,,,,,,,,,,,sintak akang,,,FALSE
4318,sintak₃,verb,to pull something at someone's request,sintak akang nyjong,to haul in a dug-out (for someone),,,,,,,,,,,,,,,,,basintak,,,FALSE
4319,sintak₄,intransitive verb,"to be engaged in yanking upward, to fish (with a jerking motion of the line)",,,,,,,,,,,,,,,,fishing,,,,"basintak nyjong \df to haul a boat ashore, to beach a boat \af  basasintak \ps  vi \df to pull and hug at others in erratic movements because of great emotion (e.g. at the death of a loved one) \il  ia ka mai po manyák de aku sigodo basasintak  He came here and wept in front of me to the point of hugging and grabbing at me",,FALSE
4320,sintu,noun,belt,,,,,,,,,,,,,,,,clothing,,,,,,FALSE
4321,singarok,noun,"kind of fish, a sea chub, perhaps the low-finned drummer",,,,,,,,,,,,,Kyphosus vaigiensis,,,fish,,,,,,FALSE
4322,singga₁,intransitive verb,to stop a moment,apé ka kau pauli singga di kampung mitu mujual atau ka kau muli langsung di ruma,,,,,,,,,,,,,,,,,,singgai,,,FALSE
4323,singga₂,verb,to stop briefly for someone,"Kani, kau basaláng yogo kata hadiki dang kau musinggai aku mena kita dua kata",,,,,,,,,,,,,,,,,,singga akang,,,FALSE
4324,singga₃,verb,to stop by at someone's request,,,,,,,,,,,,,,,,,,,basingga,,,FALSE
4325,singga₄,intransitive verb,to be engaged in stopping by briefly,,,,,,,,,,,,,,,,,,,basi-basingga:ng,,,FALSE
4326,singga₅,verb,"to stop by at someone's houses, esp. if incremental, i.e. one stops at a friend's house, then",,,,,,,,,,,,,,,,,,,pasingga:ng,,,FALSE
4327,singga₆,noun,"the usual place to stop briefly, resting place",,,,,,,,,,,,,,,,,,,,,,FALSE
4328,singgalong,noun,"kind of forest feline <cat> with short forelegs, possibly the Malay civet",,,,,,,,,,,,,Viverra tangalunga,,,animal,,,,,,FALSE
4329,singgit₁,intransitive verb,"slanted, on an angle",,,,,,,,,,,,,,,,,,linggang,singgit akang,,,FALSE
4330,singgit₂,verb,"to tilt something, to cause something to slant",,,,,,,,,,,,,,,,,,,pasinggit akang,,,FALSE
4331,singgit₃,verb,to tilt something intentionally and carefully,,,,,,,,,,,,,,,,,,,nasinggit,,,FALSE
4332,singgit₄,intransitive verb,to be tilting (accidentally),,,,,,,,,,,,,,,,,,,singgit-singgit,,,FALSE
4333,singgit₅,intransitive verb,to be on one's side,,,,,,,,,,,,,,,,,,,,,,FALSE
4334,singi₁,verb,to collect something (a debt) by visiting the debtor,,,,,,,,,,,,,,,,,,,singi:,,,FALSE
4335,singi₂,verb,to collect from someone,,,,,,,,,,,,,,,,,,,singi akang,,,FALSE
4336,singi₃,verb,to collect a debt on someone's behalf,,,,,,,,,,,,,,,,,,,singi: akang,,,FALSE
4337,singi₄,verb,to collect a debt from someone for someone else,,,,,,,,,,,,,,,,,,,basingi,,,FALSE
4338,singi₅,intransitive verb,to collect debts,,,,,,,,,,,,,,,,,,,basingi:-singi:,,,FALSE
4339,singi₆,intransitive verb,to collect from someone by repeatedly visiting,Kau kapo basingi:-singi: kita torus,You have gotten to the point where you are having to come to us repeatedly to collect the debt,,,,,,,,,,,,,,,,,basingi-singiang,,,FALSE
4340,singi₇,intransitive verb,to collect debts from someone,,,,,,,,,,,,,,,,,,,basi-basingiang,,,FALSE
4341,singi₈,intransitive verb,to collect debts from someone (of large numbers),,,,,,,,,,,,,,,,,,,,,,FALSE
4342,singit,,,,,,,,,,,,,,,,,,,,singgit,,,,FALSE
4343,singofu,particle,"should, ought to",singofu ia ka sana,She ought to go there.,ke aku pesa saíng makang bakar rica singofu kulonggar ibi gula,"But, as for me, if for",,,,,,,,,,a presentential or preclausal marker to indicate a desiderative event,,,,,,,,FALSE
4344,singsara₁,noun,"problem, difficulty",tapi semén mahal ini ni mahal nang ma ba: singsara hadiki,But cement is expensive,,,,,,,,,,,,,,,,,,,,FALSE
4345,singsara₂,intransitive verb,"torturous, difficult, unpleasant",,,,,,,,,,,,,,,,,,,pasingsara,,,FALSE
4346,singsara₃,verb,"to make things difficult for someone, to hamper, disempower or obstruct someone",,,,,,,,,,,,,,,,,,sengsara,,,,FALSE
4347,sipa,intransitive verb,"to surface in large numbers, esp. regarding schools of fish",lao tu sipa bausi in de dodoku,Those fish surface along Dodoku,,,,,,,,,,,,,,,,,,,,FALSE
4348,sipal₁,,,,,,,,,,,,,,,,,,,,,sipal akang,,,FALSE
4349,sipal₂,verb,to shove something (a surfboard) so it will ride on the crest of a wave,,,,,,,,,,,,,,,,,,,basipal,,,FALSE
4350,sipal₃,intransitive verb,"to ride on the crest of a wave (of a boat), to bodysurf, to surf",,,,,,,,,,,,,,,,,,,,,,FALSE
4351,sipat,noun,"boundary, property line, limit, time limit, maximum allotment, distinction, delineation, differentiation",papai cece kanai sipata urang,"As far as that goes, don't go over another person's",pitu taung anuna sipata,"Seven years is its watchamacallit, its time limit",sapadua bapaguna:ng sapadua musi garu itu musi kita tapake itu sipat itu tu,Half will be,,,,,,,,,,,,,,,,FALSE
4352,siri pinang,noun,the sum of money given to one's fiancée's parents <bride price>,,,,,,,,,,,,,,,,,,balanyja,,,,FALSE
4353,sirikaya,noun,"kind of colored frosting or sweet sauce made with coconut cream, kind of sweetmeat of steamed rice with such a frosting",,,,,,,,,,,,,,,,food,,,,,,FALSE
4354,siring-siring,adverb,"frequently, quite often",,,,,,,,,,,,,,,,,,,,,,FALSE
4355,sisa₁,noun,"remnant, extra",,,,,,,,,,,,,,,,,,"foloi, lebi sisa",basisa,,,FALSE
4356,sisa₂,intransitive verb,"to have more, to be over and above some limit",cece dua pulu belék basisa ke ada,Never mind twenty containers! There are times,,,,,,,,,,,,,,,,,,,,FALSE
4357,sisik,noun,fish scale,,,,,,,,,,,,,,,,,,,,,,FALSE
4358,sisip₁,,,,,,,,,,,,,,,,,,,,,sisipi,,,FALSE
4359,sisip₂,verb,"to wedge in something (e.g. caulking of a boat, etc.), to  slip between",ari malang jani musisipi domplet de kasur imbawana,Last night  Mujani slipped his wallet below the mattress.,,,,,,,,,,,,,,,,,sisip akang,,,FALSE
4360,sisip₃,verb,to wedge something in at someone's request,,,,,,,,,,,,,,,,,,,basisip,,,FALSE
4361,sisip₄,intransitive verb,"to insert someone, to insinuate someone, to hide (from view), to slip into a hiding place",balangma:ng ompu ruma basisip imba:,Eventually the rats will slip in below,,,,,,,,,,,,,,,,,basisipi,,,FALSE
4362,sisip₅,intransitive verb,"to be in the process of inserting or wedging something to hide it or to arrange it properly,",,,,,,,,,,,,,,,,,,,nasisip,,,FALSE
4363,sisip₆,intransitive verb,to be hidden from view,,,,,,,,,,,,,,,,,,,,,,FALSE
4364,sisir₁,,,,,,,,,,,,,,,,,,,,,sisiri,,,FALSE
4365,sisir₂,verb,"to knock against something, to brush against something (esp. of someone drunk)",,,,,,,,,,,,,,,,,,,sisir akang,,,FALSE
4366,sisir₃,verb,to knock against something,,,,,,,,,,,,,,,,,,,nasisir,,,FALSE
4367,sisir₄,intransitive verb,"to have stumbled, esp. due to drunkenness",,,,,,,,,,,,,,,,,,,,,,FALSE
4368,siwi,noun,"kind of fish, the sweetlip emperor",,,,,,,,,,,,,Lethrinus chrysostomus,,,fish,,,,"siwi karang \df kind of fish, the red-finned emperor, \sn Lethrinus flettus \sf  fish",,FALSE
4369,siá₁,pronoun,who,kamí bakaya de siá ambulunga,At whose sago trees are you processing sago?,,,,,,,,,,,,,,,,,siá-siá,,,FALSE
4370,siá₂,pronoun,"just who, whoever, who all",inycana de masigit siá-siá ga,Who all is there at the mosque then?,,,,,,,,,,,,,,,,,,,,FALSE
4371,skaf₁,noun,a carpenter's plane,,,,,,,,,,,,,,,,,,,,,,FALSE
4372,skaf₂,verb,to smooth something (wood) with a plane,,,,,,,,,,,,,,,,,,,,,,FALSE
4373,skeleng,,,,,,,,,,,,,,,,,,,,,,mata skeleng \df to be cross-eyed \crm  juling,,FALSE
4374,skola₁,noun,school,,,,,,,,,,,,,,,,,,,,,,FALSE
4375,skola₂,intransitive verb,to attend school,,,,,,,,,,,,,,,,,,,skola akang,,,FALSE
4376,skola₃,verb,"to educate someone, to arrange for someone's schooling",,,,,,,,,,,,,,,,,,,,,,FALSE
4377,skop,,,,,,,,,,,,,,,,,,,,iskop,,,,FALSE
4378,skotor,noun,kind of cake similar to bread pudding,,,,,,,,,,,,,,,,food,,,,,,FALSE
4379,skuci₁,noun,"lifeboat, rowboat",,,,,,,,,,,,,,,,,,,,,,FALSE
4380,skuci₂,noun,"the shuttle-like device that carries the lower thread in a sewing machine, sewing machine",,,,,,,,,,,,,,,,,,,,,,FALSE
4381,slot₁,noun,padlock,,,,,,,,,,,,,,,,utensil,,,slot akang,,,FALSE
4382,slot₂,verb,to put a padlock on something,,,,,,,,,,,,,,,,,,,,,,FALSE
4383,smingkin,noun,lipstick,,,,,,,,,,,,,,,,,,,,,,FALSE
4384,snapang,noun,"gun, rifle",,,,,,,,,,,,,,,,,,,,,,FALSE
4385,so:₁,verb,"to pour over someone or something,, to pour out something, to water something",basetang po iso: andeket tu nang te angat-angat lapé tu,"Because she was furious, she",pesa musing padas jagai-jagai so: muti-muti nang kalamari,"If it's the hot season, tend",,,,,,,,,,,,,,,so:i,,,FALSE
4386,so:₂,verb,"to pour something for someone, to pour something over someone",si alkani muso:i aku nang paisu angat,Alkani poured hot water over me,,,,,,,,,,,,,,,,,so: akang,,,FALSE
4387,so:₃,verb,to pour something at someone's request,,,,,,,,,,,,,,,,,,,so:i akang,,,FALSE
4388,so:₄,verb,to pour something for someone at someone's request,,,,,,,,,,,,,,,,,,,baso:,,,FALSE
4389,so:₅,intransitive verb,"to be engaged in pouring, e.g. watering plants or dampening newly poured cement",,,,,,,,,,,,,,,,,,,baso:baso:iang,,,FALSE
4390,so:₆,intransitive verb,to pour liquid over someone on someone's behalf (e.g. to splash water for someone while bathing,,,,,,,,,,,,,,,,,,,paso: akang,,,FALSE
4391,so:₇,verb,"to pour out large quantities of water on something, to inundate something, e.g., instead of using a",,,,,,,,,,,,,,,,,,,,,,FALSE
4392,soa,,,,,,,,,,,,,,,,,,,,manuk soa,,,,FALSE
4393,soa nyagimoi,noun,"animist peoples, pagans",,,,,,,,,,,,,,,,spiritual,,,,,,FALSE
4394,soal,noun,"issue, topic, question",soal lao tukayana,the issue of the price of fish,,,,,,,,,,,,,,,,,,,,FALSE
4395,soalnya,particle,"basically, the issue is",,,,,,,,,,,,,,,,,Indonesian,,,,,FALSE
4396,soanang,noun,"clump (of bamboo, sago, etc.)",aur sasoanang,one clump of bamboo,,,,,,,,,,,,,,,,bobato soanang salapang,,,,FALSE
4397,soang,,,,,,,,,,,,,,,,,,,,ambulung soang,,,,FALSE
4399,soat₁,transitive verb,"to wipe something off (e.g., mud from one's shoe by scraping the sole on a root) <scrape>",,,,,,,,,,,,,,,,,,,soat akang,,,FALSE
4400,soat₂,verb,to rub something against something,si yasir musoat akang dirina de dinding,Yasir rubbed himself against the wall,,,,,,,,,,,,,,,,,baso-basobatang,,,FALSE
4401,soat₃,intransitive verb,to rub against someone,,,,,,,,,,,,,,,,,,,,,,FALSE
4402,sobut₁,transitive verb,to mention someone or something,Alengo kusobut nyamamu.,Just now I mentioned your name.,,,,,,,,,,,,,,,,,sobuti,,,FALSE
4403,sobut₂,verb,to mention something for someone,,,,,,,,,,,,,,,,,,,sobut akang,,,FALSE
4404,sobut₃,verb,to mention something at someone's request,cece kamí sobut akang ka sana de pa wahit,Don't you mention it there in Mr. Wahit's,,,,,,,,,,,,,,,,,,,,FALSE
4405,sodut,intransitive verb,"to hiccough, to gasp involuntarily while eating because of too little water",,,,,,,,,,,,,,,,health,,bada/k,,,,FALSE
4406,sodó₁,conjunction,"until, to the point that",lau pambuluna ilau sodó natutuk,"There, the predator fish is there (pursuing) from the",sodó badibo-dibo,until (we) could peddle them,,,,,,,,,,,,,,,,,,FALSE
4407,sodó₂,adverb,"excessively, very",cece mo sodó kamí tama nang asek paguna:ng nang ...,Let it not be that you start so,,,,,,,,,,,,,,,,sigodo/,,,,FALSE
4408,soe₁,noun,"misfortune, jinx",jadi bo: soe dang pauli mo tapabuat akang bo: rumanta,"So, it would just be a jinx",we,,,,,,,,,,,,,,,,,,,FALSE
4409,soe₂,intransitive verb,"to have bad luck, to be unlucky",,,,,,,,,,,,,,,,,,,,,,FALSE
4410,soga,noun,"kind of coral-reef fish, the red squirrel-fish",,,,,,,,,,,,,Adioryx ruber,,,fish,,,,,,FALSE
4411,sogili,noun,"kind of fish, a fresh-water pike-eel, fam. Muraenesocidae",,,,,,,,,,,,,,,,,Malay,gasili,,,,FALSE
4412,soi,noun,"kind of bird, a heron",,,,,,,,,,,,,Ardeidae,,,fish,,"sueko, coco/k",,,,FALSE
4413,sokiki,noun,kind of spear with an iron shaft,,,,,,,,,,,,,,,,,,tumbak,,,,FALSE
4414,soli,noun,high tide,,,,,,,,,,,,,,,,natural phenomenon,,,,,,FALSE
4415,solomi,verb,"to slip something into a certain place, to insert something",ia ma solomi tangang de popoje,He slipped his hand into the pocket.,,,,,,,,,,,,,,,,solong,,,,FALSE
4416,solong₁,,,,,,,,,,,,,,,,,,,,,solong akang,,,FALSE
4417,solong₂,verb,"to slip something beneath an object, to trick or trap someone",kau musolong akang aku,You trapped me,,,,,,,,,,,,,,,,,basasolong,,,FALSE
4418,solong₃,intransitive verb,"to pass beneath an obstacle (e.g., a fallen tree)",,,,,,,,,,,,,,,,,,,nasolong,,,FALSE
4419,solong₄,intransitive verb,"tripped up, trapped",,,,,,,,,,,,,,,,,,solomi,,,,FALSE
4420,soltáng,noun,sultan,,,,,,,,,,,,,,,,,,,,,,FALSE
4421,soluk₁,verb,to withdraw something from an interior cavity,Aku kusoluk tabako habua nakepit de nawang imbawana.,I got a  cigarette out from under the door (where it was stuck).,,,,,,,,,,,,,,,,,soluki,,,FALSE
4422,soluk₂,verb,to withdraw something for someone,,,,,,,,,,,,,,,,,,,basoluk,,,FALSE
4423,soluk₃,intransitive verb,to engage in withdrawing things,,,,,,,,,,,,,,,,,,,,,,FALSE
4424,soma₁,noun,kind of fishing net,,,,,,,,,,,,,,,,fishing,,,basoma,,,FALSE
4425,soma₂,intransitive verb,to be engaged in fishing with a net,,,,,,,,,,,,,,,,fishing,,,,,,FALSE
4426,somang,noun,outrigger pontoon,,,,,,,,,,,,,,,,boat,,semang-semang,,,,FALSE
4427,somel,noun,sawmill,,,,,,,,,,,,,,,,,,,,,,FALSE
4428,sompo₁,verb,to carry someone or something on one's shoulders such that the feet of the one carried fall forward,,,,,,,,,,,,,,,,,,,sompo akang,,,FALSE
4429,sompo₂,verb,to carry someone on the shoulders at someone's request,,,,,,,,,,,,,,,,,,,panyompoang,,,FALSE
4430,sompo₃,noun,"the place for carrying in such a manner, shoulders intended for bearing someone",,,,,,,,,,,,,,,,,,,manyompo,,,FALSE
4431,sompo₄,intransitive verb,"to carry on the shoulders, e.g. as part of a celebration or ritual",,,,,,,,,,,,,,,,,,,,,,FALSE
4432,sompo₅,,,,,,,,,,,,,,,,,,,,,panyompoang,,,FALSE
4433,sompo₆,noun,"a plaited rack upon which spirit offerings are placed, kind of ritual platter made of sago midribs upon which certain ritual foods for the",,,,,,,,,,,,,,,,,,"galasak manyompu, anycak",manyompo,,,FALSE
4434,sompo₇,intransitive verb,to appease malevolent or powerful spirits by making offerings and reciting,,,,,,,,,,,,,,,,,,,,,,FALSE
4435,somut₁,noun,ant,,,,,,,,,,,,,Formicidae,,,insect,,,,"somut nggoa \df kind of black ant with toxic spray \sf  insect, somut sela \df kind of red ant \sf  insect \crm  sasangku/m \crm  kapila/r \crm  kararangga",,FALSE
4436,somut₂,noun,kind of tree (favored by ants),,,,,,,,,,,,,,,,plant,,,,,,FALSE
4437,sondor₁,intransitive verb,to not exist,,,,,,,,,,,,,,,,,,,,,,FALSE
4438,sondor₂,preposition,without,sondor surat,without proper documentation,ka lau umang nyjong sondor ke dapa,I went to the seashore looking for a boat without,,,,,,,,,,,,,,,,,,FALSE
4439,song₁,pronoun,one person,Song habua.,Each person (gets) one piece.,Anasene itu song sasabua.,Each child gets one.,Orang song haiku balampone,A certain elder walked off.,,,,,,,,,,,,,song-song,,,FALSE
4440,song₂,adverb,"one by one, individually",Kutanyai song-song.,I will interrogate (you) one by one.,,,,,,,,,,,,,,,,,,,,FALSE
4441,songga₁,verb,"to look at something, to gaze at something",,,,,,,,,,,,,,,,,,,songgai,,,FALSE
4442,songga₂,verb,to assist someone in seeing for someone,,,,,,,,,,,,,,,,,,,songgai akang,,,FALSE
4443,songga₃,verb,to assist someone in seeing at someone's request,,,,,,,,,,,,,,,,,,,songga akang,,,FALSE
4444,songga₄,verb,to assist someone in seeing,,,,,,,,,,,,,,,,,,,baso-basongga:ng,,,FALSE
4445,songga₅,intransitive verb,to look at someone,,,,,,,,,,,,,,,,,,,basongga-songga:ng,,,FALSE
4446,songga₆,intransitive verb,"to stare at someone, esp. because of mutual anger",,,,,,,,,,,,,,,,,,,,,,FALSE
4447,songgat,noun,an early stage in budding on a tree or plant,,,,,,,,,,,,,,,archaic,,,,,,,FALSE
4448,songgoyamang₁,,,,,,,,,,,,,,,,,,,,,basonggoyamang,,,FALSE
4449,songgoyamang₂,intransitive verb,"to intrude someone into others' presence by passing too closely or frequently, to cut into a conversation, to insinuate someone into a conversational group",,,,,,,,,,,,,,,,,,,,,,FALSE
4450,songo₁,transitive verb,to blow out s.t (nasal mucous),songo ingur,expel mucous by blowing the nose,,,,,,,,,,,,,,,,,songoi,,,FALSE
4451,songo₂,verb,to help someone (e.g. a child) blow his or her nose,,,,,,,,,,,,,,,,,,,songoi akang,,,FALSE
4452,songo₃,verb,to help someone blow the nose at someone's request,,,,,,,,,,,,,,,,,,,pasongo,,,FALSE
4453,songo₄,verb,"to force air through the nasal passage, to snort (as a nervous habit)",,,,,,,,,,,,,,,,,,,basongo,,,FALSE
4454,songo₅,intransitive verb,to be engaged in blowing one's nose,,,,,,,,,,,,,,,,,,,,,,FALSE
4455,sopa,noun,ring (of a hilt),bayaka sopana,machete ring,,,,,,,,,,,,,,,,,,,,FALSE
4456,sopang₁,intransitive verb,"to exit, to go out",tiap-tiap saptu itu musi sopang bapaguna:ng de masigit,Every Saturday (we) must go,,,,,,,,,,,,,,,,,basopang,,,FALSE
4457,sopang₂,intransitive verb,to engage in expelling or producing,ari robó kami ka sana basopang kayu puong,On Wednesday we will go there to work,,,,,,,,,,,,,,,,,basopang akang,,,FALSE
4458,sopang₃,intransitive verb,to engage in expelling something or someone at someone request,Mubasopang akang nyanyá itu baingar ga.,Get that cat out of here,it's noisy.,,,,,,,,,,,,,,,,nasopang,,,FALSE
4459,sopang₄,intransitive verb,to have gotten out by accident,,,,,,,,,,,,,,,,,,,,,,FALSE
4460,sopu₁,verb,"to dip something into a liquid (e.g., fish into sauce of lime, salt and  water), to spray something (e.g. insect repellent), to gild something (e.g., metals)",sopu lao ini hadiki,Please dip this fish.,"basaláng botang apina sigodo mati, bobuena tasopu, ia napodas jat",If we let the fire,Tukang bayaka musopu tamoang supaya matana marosong.,The  blacksmith dipped the axe (in a chemical solution) to strengthen its blade.,,,,,,,,,,,,,sopui,,,FALSE
4461,sopu₂,verb,to dip or gild something for someone,,,,,,,,,,,,,,,,,,,sopui akang,,,FALSE
4462,sopu₃,verb,to dip or gild at someone's request,,,,,,,,,,,,,,,,,,,sopu akang,,,FALSE
4463,sopu₄,transitive verb,to dip something at someone's request,Ndule lao itu barenti sopu akang nang limo nang gasi.,After roasting,,,,,,,,,,,,,,,,,,,,FALSE
4464,suang₁,verb,"to pry something up or out with a lever, to grub (of a pig)",,,,,,,,,,,,,,,colloquial,,,,suangi,,,FALSE
4465,suang₂,verb,to pry something out for someone,,,,,,,,,,,,,,,,,,,suangi akang,,,FALSE
4466,suang₃,verb,to pry something out at someone's request,pasi tala musuangi akang batu ra:-ra: di lapetaku inda:,They levered out that huge rock,,,,,,,,,,,,,,,,,suang akang,,,FALSE
4467,suang₄,verb,to pry something out at someone's request,,,,,,,,,,,,,,,,,,,basuang,,,FALSE
4468,suang₅,intransitive verb,to engage in prying and levering,,,,,,,,,,,,,,,,,,sumbang,,,,FALSE
4469,suap₁,noun,mouthful,,,,,,,,,,,,,,,,,,,suapi,,,FALSE
4470,suap₂,verb,to feed someone (by hand),suapi andeket itu hadiki,Please feed that child,,,,,,,,,,,,,,,,,suapi akang,,,FALSE
4471,suap₃,verb,to feed someone by hand at someone's request,,,,,,,,,,,,,,,,,,,basuapi,,,FALSE
4472,suap₄,intransitive verb,to engage in the task of feeding by hand,,,,,,,,,,,,,,,,,,,basu-basuapang,,,FALSE
4473,suap₅,intransitive verb,to feed someone (by putting food in someone's mouths),,,,,,,,,,,,,,,,,,,,,,FALSE
4474,suara₁,noun,voice,,,,,,,,,,,,,,,,,,,basuara,,,FALSE
4475,suara₂,intransitive verb,"to voice one's opinions, to use one's vocal abilities",,,,,,,,,,,,,,,,,,,,,,FALSE
4476,suasa,noun,"kind of metal, an alloy of gold and copper",,,,,,,,,,,,,,,,,,,,,,FALSE
4477,suba₁,verb,"to pay one's respects to someone, to prostrate someone before someone",,,,,,,,,,,,,,,,,,,basuba,,,FALSE
4478,suba₂,intransitive verb,"to pay one's respects, to pay respect to and seek forgiveness of one's parents and relatives, a ritual task, to extend one's hands in a greeting of apology (e.g. on the first day of sawál)",,,,,,,,,,,,,,,,,,,,basuba jou \df to make obeisance to the sultan \sc  Arch,,FALSE
4479,subi,,,,,,,,,,,,,,,,,,,,kasusubiang,,,,FALSE
4480,subu,noun,wick,,,,,,,,,,,,,,,,,,,,,,FALSE
4481,subur,noun,"the time of the Islamic prayer ritual at sunrise, dawn",,,,,,,,,,,,,,,,,,,,,,FALSE
4482,suda,particle,already,,,,,,,,,,,,,,,,,Malay,tala,,,,FALSE
4483,sudu₁,transitive verb,"to pry up, to lift up from below with some tool",,,,,,,,,,,,,,,,,,,sasudu,,,FALSE
4484,sudu₂,noun,a tool to prise,,,,,,,,,,,,,,,,tool,,,sudu-sudu,,,FALSE
4485,sudu₃,noun,"iron spatula, flipper",,,,,,,,,,,,,,,,utensil,,,,,,FALSE
4486,sueko,noun,"kind of bird, egret",,,,,,,,,,,,,Ardeidae,,,bird,,"soi, coco/k",,,,FALSE
4487,suka,intransitive verb,"to experience pleasure, to enjoy",,,,,,,,,,,,,,,,,,,,,,FALSE
4488,sukat₁,verb,"to invite to fight, to  challenge",,,,,,,,,,,,,,,,,,,pasukat akang,,,FALSE
4489,sukat₂,verb,"to pit someone against another, to place someone in competition",Ia mupasukat akang aku nang yono,He is pitting me against Yono,,,,,,,,,,,,,,,,,,,,FALSE
4490,sukur,exclamation,Thanks to God!,,,,,,,,,,,,,,,,,,,,"sukur alhamdu \df Thank God!, sukur banyak \df Many thanks to God!, sukur barisi-risi \df Many thanks to God! \crm  babaca sukur",,FALSE
4491,sulai₁,verb,"to wear something (clothing), to put something on <put on>",,,,,,,,,,,,,,,,,,,,,,FALSE
4492,sulai₂,intransitive verb,to be prone to wear other's clothing,,,,,,,,,,,,,,,,,,pake,sulai akang,,,FALSE
4493,sulai₃,verb,to dress someone,,,,,,,,,,,,,,,,,,,basulai,,,FALSE
4494,sulai₄,intransitive verb,to engage in dressing someone or someone,,,,,,,,,,,,,,,,,,,,,,FALSE
4495,sulang,noun,"kind of fish with long barbels, the gold-saddled goatfish",,,,,,,,,,,,,Parupeneus cyclostomus,,,fish,,,,,,FALSE
4496,sulasi,noun,"kind of herb, basil",,,,,,,,,,,,,Ocimum sanctum,,,plant,,,,,,FALSE
4497,sule,noun,post (of a house),,,,,,,,,,,,,,,,house,,,,,,FALSE
4498,suligi,noun,sharpened bamboo stake,,,,,,,,,,,,,,,,,,,,,,FALSE
4499,suling,noun,"kind of transverse flute, wind instrument",,,,,,,,,,,,,,,,,,,,,,FALSE
4500,sulur,,,,,,,,,,,,,,,,,,,,manyulur,,,,FALSE
4501,sumang₁,transitive verb,to cook something by roasting it in a bamboo tube,,,,,,,,,,,,,,,,culinary,,baku sumang,sumangi,,,FALSE
4502,sumang₂,verb,to roast something in bamboo for someone,,,,,,,,,,,,,,,,,,,sumang akang,,,FALSE
4503,sumang₃,verb,to roast something in bamboo at someone's request,,,,,,,,,,,,,,,,,,,basumang,,,FALSE
4504,sumang₄,intransitive verb,to engage in roasting food in bamboo tubes,,,,,,,,,,,,,,,,,,,,,,FALSE
4505,sumbang₁,verb,to grub something (of pigs),bawi musumbang nggaeka de lapetak,The pigs have dug up the bananas in the garden,,,,,,,,,,,,,,,,,sumbangi,,,FALSE
4506,sumbang₂,verb,to cause someone to fall head first for someone,,,,,,,,,,,,,,,,,,,sumbang akang,,,FALSE
4507,sumbang₃,verb,to cause someone to fall head first at someone's request,,,,,,,,,,,,,,,,,,,basumbang,,,FALSE
4508,sumbang₄,intransitive verb,"to grub and root up (of a pig), esp. near water",,,,,,,,,,,,,,,,,,,basu-basumbangang,,,FALSE
4509,sumbang₅,intransitive verb,to grub and dig up in large numbers (of pigs),,,,,,,,,,,,,,,,,,,nasumbang,,,FALSE
4510,sumbang₆,intransitive verb,to have fallen head first,,,,,,,,,,,,,,,,,,,,,,FALSE
4511,sumbilang,noun,"kind of fish, the eel-tailed catfish",,,,,,,,,,,,,Plotosus lineatus,,,fish,,,,,,FALSE
4512,sumbul,noun,bung or plug (in a boat's hull or a water basin),,,,,,,,,,,,,,,,,,,,,,FALSE
4513,sumpir,noun,moustache,,,,,,,,,,,,,,,,body,,,,,,FALSE
4514,sumpit₁,noun,"blowpipe, children's toy blowpipe",,,,,,,,,,,,,,,,,,,,,,FALSE
4515,sumpit₂,verb,to shoot someone or something with a blowpipe,,,,,,,,,,,,,,,,,,,sumpiti,,,FALSE
4516,sumpit₃,verb,to shoot someone or s.t with a blowpipe for someone,,,,,,,,,,,,,,,,,,,basu-basumpitang,,,FALSE
4517,sumpit₄,intransitive verb,to engage in shooting at someone with blowpipes,,,,,,,,,,,,,,,,,,,,,,FALSE
4518,sumung₁,,,,,,,,,,,,,,,,,,,,,sumungi,,,FALSE
4519,sumung₂,verb,to smile at someone,,,,,,,,,,,,,,,,,,,basumung,,,FALSE
4520,sumung₃,intransitive verb,to smile,,,,,,,,,,,,,,,,,,,,,,FALSE
4521,sumur,noun,well,,,,,,,,,,,,,,,,,,,,,,FALSE
4522,sumut,noun,mouth,,,,,,,,,,,,,,,children's language,,,sungut,,,,FALSE
4523,sunat₁,verb,to circumcize,,,,,,,,,,,,,,,,,,biang,sunati,,,FALSE
4524,sunat₂,verb,to circumsize someone for someone,,,,,,,,,,,,,,,,,,,sunat akang,,,FALSE
4525,sunat₃,verb,to circumcize someone at another's request,mantri ka mai musunat akang si salim,The health technician came to circumcize Salim.,,,,,,,,,,,,,,,,,basunat,,,FALSE
4526,sunat₄,intransitive verb,to be circumcized,,,,,,,,,,,,,,,,,,,,,,FALSE
4527,sundal,noun,prostitute,,,,,,,,,,,,,,,,,,,,,,FALSE
4528,suni,intransitive verb,"deserted, quiet and lonely",,,,,,,,,,,,,,,,,,,,,,FALSE
4529,sungga,noun,"a sharpened stake, used as a defense around a village",,,,,,,,,,,,,,,,,,,,,,FALSE
4530,sunggu₁,intransitive verb,original,,,,,,,,,,,,,,,,,,,,,,FALSE
4531,sunggu₂,particle,Really?,,,,,,,,,,,,,,,,,,,,,,FALSE
4532,sungkit₁,verb,"to pry out (a thorn), to extract (coconut flesh)",,,,,,,,,,,,,,,,,,,sungkiti,,,FALSE
4533,sungkit₂,verb,to pry something out for someone,,,,,,,,,,,,,,,,,,,sungkit akang,,,FALSE
4534,sungkit₃,verb,to pry something out at someone's request,,,,,,,,,,,,,,,,,,,basungkit,,,FALSE
4535,sungkit₄,intransitive verb,to engage in prying out or extracting,basungkit nggaoti,to extract coconut flesh as a task,,,,,,,,,,,,,,,,,,,,FALSE
4536,sungut,noun,mouth,,,,,,,,,,,,,,,,body,,,,sungut bibira \df lips \af  basungut \ps  vi \df to be characterized by constant talking or complaining \sf  body,,FALSE
4537,suo,noun,"kind of fish, the sharp-nosed wrasse",,,,,,,,,,,,,Cheilio inermis,,,fish,,,,,,FALSE
4538,supaya,conjunction,so that,adaing tabujuk langker supaya ia bausi,Later we'll persuade him so that he join us,,,,,,,,,,,,,,,,,,,,FALSE
4539,surabi,noun,"porch, veranda, front gallery of a house",,,,,,,,,,,,,,,,house,,,,,,FALSE
4540,surat₁,noun,"letter, leaflet, announcement, document",waktu itu surat-surat de kapal udara balaga de itu de kampung dalama,"At that time,",sondor surat,without the proper documents,,,,,,,,,,,,,,,surati,,,FALSE
4541,surat₂,transitive verb,to write to someone,kusurati sapino ke kantór pos mubei mo,"I wrote to Sapino, but the post office didn't give it to him.",,,,,,,,,,,,,,,,,surat akang,,,FALSE
4542,surat₃,verb,to write someone at someone's request,kau basaláng ka ba: di tarnate musurat akang aku ka mai,"When you are in Ternate,",,,,,,,,,,,,,,,,,basu-basuratang,,,FALSE
4543,surat₄,intransitive verb,"to exchange letters, to correspond by letter",,,,,,,,,,,,,,,,,,,,,,FALSE
4544,suriang,noun,kind of tree,,,,,,,,,,,,,,,,plant,,,,,,FALSE
4545,suru,noun,"kind of fish, the rainbow runner",,,,,,,,,,,,,Elagatis bipinnulatus,,,fish,,,,,,FALSE
4546,suru-surung,noun,"the surf, breakers",,,,,,,,,,,,,,,,natural phenomenon,,alu-alungang,,,,FALSE
4547,surut₁,verb,"to paddle (a boat) backwards, to retract (the tongue), to step out and immediately go back in",,,,,,,,,,,,,,,,,,,surut akang,,,FALSE
4548,surut₂,verb,to move something back at someone's request,,,,,,,,,,,,,,,,,,,,,,FALSE
4549,susa₁,intransitive verb,"difficult, poor, in difficult straits",de waktu itu makanang susa,"At that time, food was difficult (to obtain).",,,,,,,,,,,,,,,,buang (babuang susa),pasusa,,,FALSE
4550,susa₂,verb,"to cause difficulties for someone, to disadvantage someone",ipasusa manusia itu,They made things difficult for that person,,,,,,,,,,,,,,,,,,,,FALSE
4551,suster,noun,nurse,,,,,,,,,,,,,,,,,,,,,,FALSE
4552,susu,noun,"breast, milk, cream",kofi susu,coffee with condensed milk,,,,,,,,,,,,,,body,,,,"susu matana \df teat, nipple \sf  body \ps  v \df to breast feed someone \af  susui \ps  v \df to breast feed someone specific \af  susu akang \ps  v \df to breast feed someone at someone's request \af  susui akang \ps  v \df to breast feed someone intensively or urgently at someone's request \af  basusu \ps  vi \df to regularly breast feed",,FALSE
4553,susumbilang,,,,,,,,,,,,,,,,,,,,"lau, sumbilang",,,,FALSE
4554,susung₁,verb,"to arrange something, to put something in order",aku sadiki puong bala kayu nang susung mo e,I will first split some firewood and,,,,,,,,,,,,,,,,,susungi,,,FALSE
4555,susung₂,verb,to put something in order for someone,,,,,,,,,,,,,,,,,,,susungi akang,,,FALSE
4556,susung₃,verb,to arrange something at someone's request,,,,,,,,,,,,,,,,,,,susung akang,,,FALSE
4557,susung₄,verb,to arrange something at someone's request,susung akang kayu itu majang-majang,Arrange that wood carefully,,,,,,,,,,,,,,,,,basusung,,,FALSE
4558,susung₅,intransitive verb,to engage in putting things in order,,,,,,,,,,,,,,,,,,,basu-basusungang,,,FALSE
4559,susung₆,intransitive verb,"to be arranged in order, to be placed consecutively",,,,,,,,,,,,,,,,,,,susu-susung,,,FALSE
4560,susung₇,noun,"neat and ordered stacks (of planks, etc.)",,,,,,,,,,,,,,,,,,,,,,FALSE
4561,susur₁,verb,to take after someone (in appearance or behavior),andeket ni isusur bapana,This kid takes after his father,,,,,,,,,,,,,,,,,kasusurang,,,FALSE
4562,susur₂,intransitive verb,to display inherited characteristics,Umar pakona. Kasusurang.,Umar is outspoken. (He) inherited it,,,,,,,,,,,,,,,,,,,,FALSE
4563,susuruang,noun,a personal servant,,,,,,,,,,,,,,,archaic,,,,,,,FALSE
4564,ta,,,,,,,,,,,,,,,,,,,,tala,,,,FALSE
4565,tabako,noun,"tobacco, cigarette",,,,,,,,,,,,,,,,,,,,,,FALSE
4566,tabal₁,intransitive verb,thick,,,,,,,,,,,,,,,,,,,tabal akang,,,FALSE
4567,tabal₂,verb,to thicken something at another's request,,,,,,,,,,,,,,,,,,,patabali,,,FALSE
4568,tabal₃,verb,"to cause something to thicken, e.g. cement for a foundation",,,,,,,,,,,,,,,,,,,,,,FALSE
4569,tabalai,intransitive verb,"confused, at wit's end",Si Taslim muumang bukina sigodo tabalai.,Taslim looked for his  book till he was at wit's end.,,,,,,,,,,,,,,,,,,,,FALSE
4570,tabang₁,verb,"to cut down, to chop down",itu manusia bakaya ini mulai dari tabang ambulung,Persons process sago starting with,,,,,,,,,,,,,,,,,tabangi,,,FALSE
4571,tabang₂,verb,"to chop down (trees, etc.) for someone",,,,,,,,,,,,,,,,,,,tabang akang,,,FALSE
4572,tabang₃,verb,to chop down something at someone's request,,,,,,,,,,,,,,,,,,,batabang,,,FALSE
4573,tabang₄,intransitive verb,to engage in chopping down trees,,,,,,,,,,,,,,,,,,manabang,,,,FALSE
4574,tabang kulung,noun,various kind of sea cucumbers,,,,,,,,,,,,,"Holothuria , stichopus, Bohadschia, Phyllidia, Phaestilla",,,sea creature,,momami tabang kulung,,"tabang kulung gogololo \df kind of sea cucumber, the black and white sea cucumber, \sn Bohadschia graffei \sf  sea creature, tabang kulung nana/s \df kind of sea slug, the Coral grazing sea slug \ \sn Phaestilla melanobrachia \sf  sea creature",,FALSE
4575,tabangkalang,verb,to have choked while swallowing one's food or water,,,,,,,,,,,,,,,,,,,,,,FALSE
4576,tabas₁,transitive verb,"to part something (e.g., undergrowth)",,,,,,,,,,,,,,,,,,,batatabas,,,FALSE
4577,tabas₂,intransitive verb,"to repeatedly make one's way in the forest (where paths are not available), to",,,,,,,,,,,,,,,,,,,,,,FALSE
4578,tabea,particle,"Excuse me, a polite particle used when leaving a gathering or passing by someone",,,,,,,,,,,,,,,,,,,,,,FALSE
4579,tabeat,noun,"personality, character, disposition, behavior",tabeat jat,"rotten disposition, wicked",,,,,,,,,,,,,,,,,,,,FALSE
4580,tabisasu,noun,"kind of plant, the leaves of which are used to treat boils",,,,,,,,,,,,,,,,plant,,,,"tabisasu nggaoti \df kind of flower, the ground orchid, \sn Spathoglottis plicata \sf  plant",,FALSE
4581,tabului,verb,"to strike someone, to beat someone",,,,,,,,,,,,,,,slang,,,,,,,FALSE
4582,tadi,particle,"mentioned earlier, aforesaid",,,,,,,,,,,,,,,,,Malay,alengo,,,,FALSE
4583,tadore,noun,"Tidore, an island and city in North Maluku, the site of a former sultanate",,,,,,,,,,,,,,,,,,bose tadore,,,,FALSE
4584,tagal,intransitive verb,long (of time),kau tala tagal de ini,You've been here a long time.,tagal mo tala aman,"Not very much later, there was peace.",,,,,,,,,,,,,,,,"tagala \df length of time \af  taga-tagal \ps  adv \df for a very long time \df eventually, after a long time \il  dugana babubuk taga-tagal However, eventually it will become infested. \af  patagali \ps  v \df to spend a long time in a certain place \il  patagali de ini  to spend a long time here",,FALSE
4585,tagalana,,,,,,,,,,,,,,,,,,,,tagala < tagal,,,,FALSE
4586,tagalolo,noun,kind of tree,,,,,,,,,,,,,Ficus,,,plant,,,,,,FALSE
4587,tahang₁,verb,to endure something,Mena matahang daga.,First endure thirst.,,,,,,,,,,,,,,,,,tahang akang,,,FALSE
4588,tahang₂,verb,"to make do with something, to put up with something",,,,,,,,,,,,,,,,,,manahang,,,,FALSE
4589,tahe,intransitive verb,"to be excessively long at some place, to be somewhere for too long, to dally",ingka sana po tahe inycana tu,You went there (for some chore) but then you stayed,,,,,,,,,,,,,,,,,,,,FALSE
4590,tahodu-hodu,intransitive verb,"to overeat, to feel excessively satiated, bloated",,,,,,,,,,,,,,,,,,,,,,FALSE
4591,tahta,noun,"throne, the elevated dais of the sultan, the bridal seats",,,,,,,,,,,,,,,casual,,,puade,,,,FALSE
4592,tai,noun,"feces, excreta",,,,,,,,,,,,,,,,body,,,,tai kambing \df a stage in the growth of langsat fruit; the fruits are green and pellet-shaped \af  batai kambing \ps  vi \df to have reached that early stage of growth \crm  peler taina,,FALSE
4593,tajang₁,intransitive verb,sharp,,,,,,,,,,,,,,,,,,,batajang,,,FALSE
4594,tajang₂,intransitive verb,to be characterized by sharpness or pointedness,kapal tu de dodaka batajang,That ship has a very pointed prow,,,,,,,,,,,,,,,,,patajang akang,,,FALSE
4595,tajang₃,verb,to sharpen something,,,,,,,,,,,,,,,,,,,,,,FALSE
4596,tajela,noun,"kind of earthenware bowl, esp. for sago porridge",,,,,,,,,,,,,,,,utensil,,sempe,,,,FALSE
4597,taji,noun,spur (of a fighting cock),,,,,,,,,,,,,,,,,,,,,,FALSE
4598,takanál,intransitive verb,"to be possessed by a spirit, to fall into a trance or illness due to spirit intrusion",,,,,,,,,,,,,,,,,,,,,,FALSE
4599,taki:,noun,"kind of sedge, white kyillinga",,,,,,,,,,,,,Cyperus kyllingia,,,plant,,,,taki: kanycing \df kind of grass \sf  plant \crm  kanycing,,FALSE
4600,taksír,transitive verb,to estimate,Taksír ambaya gagawang udara...,(We) estimated that by the time the air raid took place...,,,,,,,,,,,,,,,,,,,,FALSE
4601,taku₁,verb,"to transfer liquid from one container to another, to transfer something in general",,,,,,,,,,,,,,,casual,,,,takui,,,FALSE
4602,taku₂,verb,to transfer something ( a liquid) for someone,ia mutakui aku te sagalas,She poured a glass of tea for me,,,,,,,,,,,,,,,,,taku akang,,,FALSE
4603,taku₃,verb,to transfer something (liquid) at someone's request,,,,,,,,,,,,,,,,,,,bataku,,,FALSE
4604,taku₄,verb,"to transfer liquids as a task or profession, e.g. to regularly fill bathing basins with",,,,,,,,,,,,,,,,,,,bata-batakuang,,,FALSE
4605,taku₅,verb,"to transfer liquids for someone, to pour for someone (e.g. pour someone's beer in a restaurant)",,,,,,,,,,,,,,,,,,,pataku akang,,,FALSE
4606,taku₆,verb,to transfer liquids repeatedly (e.g. to pour water from one glass to another and back,,,,,,,,,,,,,,,,,,,nataku,,,FALSE
4607,taku₇,intransitive verb,to be spilled out,,,,,,,,,,,,,,,,,,"bataku-takuhe/r, wangi",,,,FALSE
4608,taku api,,,,,,,,,,,,,,,,,,,,nggaeka taku api,,,,FALSE
4609,tala,particle,"already, after, first of all, then, it's high time",tala kanyang,Are you full?,yo gigi tala moyo,"Yes, (my) teeth are gone already.",tala ipamicaki tala,They've repaired it already.,Tala aku balumbar mena kita balampone,"After I've bathed, let's gone",balumbar tala,Get going! Take your bath!,kawing tala,It's high time you got married!,,"a modal marking past activity, a presentential marker indicating an earlier event in a series, a sentence final marker indicating an event which should have already taken place",,,,,,"tala itu barenti \df afterwards, next (in a series of tasks) \il  tala itu barenti notai Next, ring (the trees)., tala nang badang \df pregnant \sc  Polite, tala mo tala \df anymore \il  ingatanmu tala mo tala  You don't have worries anymore",,FALSE
4610,talaga,noun,"pond, lake, shallow parts of the sea, shallow cove, shallows,  shoal",,,,,,,,,,,,,,,,geography,,,,,,FALSE
4611,talalu,intransitive verb,excessive,,,,,,,,,,,,,,,,,Malay,laku,,,,FALSE
4612,talang₁,verb,to swallow something,,,,,,,,,,,,,,,,,,,talangi,,,FALSE
4613,talang₂,verb,to swallow something for someone,,,,,,,,,,,,,,,,,,,talang akang,,,FALSE
4614,talang₃,verb,to swallow something at someone's request or completely,,,,,,,,,,,,,,,,,,,batalang,,,FALSE
4615,talang₄,intransitive verb,to regularly swallow,Kau tala batalang pel?,Have you taken your pill?,modél kumkím batalang nané,Like a dove swallowing a kanari nut (said of toothless,,,,,,,,,,,,,,,talang-talang,,,FALSE
4616,talang₅,verb,to swallow something in a series of swallows,,,,,,,,,,,,,,,,,,,,,,FALSE
4617,talang₆,,,,,,,,,,,,,,,,,,,,baku talang,,,,FALSE
4618,tala-tala,noun,"a springy post, jerked to draw water for the sago processing apparatus",,,,,,,,,,,,,,,,sago,,,,,,FALSE
4619,talaten,intransitive verb,disciplined,,,,,,,,,,,,,,,,,,,,,,FALSE
4620,talawár,intransitive verb,"to be capable, to have the necessary strength or resources",,,,,,,,,,,,,,,,,,,,,,FALSE
4621,tali oi₁,noun,"the fastening, made of sago palm midrib, which holds together the package into",,,,,,,,,,,,,,,,,,,,,,FALSE
4622,tali oi₂,numeral classifier,"a measure of sago, that is the amount encompassed by such a fastening",,,,,,,,,,,,,,,,,,,,,,FALSE
4623,talinana,noun,base upon which wood is chopped,,,,,,,,,,,,,,,,,,,,,,FALSE
4624,talinga,noun,ear,,,,,,,,,,,,,,,,body,,,,"talinga ompu ruma \df kind of fungus \crm  talingang tikus, talinga pokona \df the part of the neck behind the jaw and below the ear \sf  body",,FALSE
4625,talingang tikus,noun,"kind of fungus, the jelly fungus",,,,,,,,,,,,,Auricularia,,,,,kulat,,,,FALSE
4626,talise,noun,"kind of tree, the catapang or Indian almond",,,,,,,,,,,,,Terminalia catappa,,,plant,,,,talise kayuang \df kind of tree \sf  plant,,FALSE
4627,taluang,noun,earwax,,,,,,,,,,,,,,,,body,,,,,,FALSE
4628,taluke,noun,kind of seaside vine,,,,,,,,,,,,,Canavalia maritima,,,plant,,,,,,FALSE
4629,talupunggung,noun,kind of plant,,,,,,,,,,,,,Hedyotis,,,plant,,,,,,FALSE
4630,talák₁,noun,"the divorce formula, i.e. the words uttered by a man divorcing his wife",,,,,,,,,,,,,,,,,,,taláki,,,FALSE
4631,talák₂,verb,to divorce someone,,,,,,,,,,,,,,,,society,,,batalák,,,FALSE
4632,talák₃,verb,to be divorced,,,,,,,,,,,,,,,,society,,,,,,FALSE
4633,tama₁,intransitive verb,to enter,Tama ka mai.,Come on in.,,,,,,,,,,,,,,,,,,,,FALSE
4634,tama₂,verb,"to begin some task, to insert",tama bakaya,to begin processing sago,Bena raupi tama de babat tu,Then scoop it up and put it in the sago container,,,,,,,,,,,casual,,,,,"tama baompu \df to become a bondsman, to agree to servitude (e.g. to pay debts) \sc  Arch, tama long \df to develop a lung infection, to get bronchitis \sf  health \af  tamai \ps  v \df to go inside something with stealth, to enter something secretly, to infiltrate \il  Ma tamai rumaku. He got into my house (without my knowledge). \af  tama:kang \ps  v \df to put something inside (e.g., a pillow into a pillowcase), to insert \something \af  batama \ps  vi \df to result in something being inside, to engage in bringing something in <bring in> \il  aku batama buk de lotok I brought the book into the room. \il  ala lecak ianta batama Take the top soil and put it in (the hole). \af  batabatama:ng \ps  vi \df to be thoroughly interfitted, overlapping or mixed together \il  bararti batabatama:ng nang itu karang tapake alengo itu Thus, it becomes thoroughly intermixed with that coral we used that I mentioned. \af  batatama:ng \ps  vi \df intertwining (of roots, etc.) \af  batama:kang \ps  vi \df to put something inside on someone's behalf (e.g., to thread a needle for a farsighted person, to insert one's penis at the request of his partner) <insert> \il  batama:kang paisu de botol  Put water in the bottles \af  batama-tama:kang \ps  vi \df to interfit and intertwine (of many things) \df to mislead and misdirect to the point that those led are hopelessly lost \il  si marjuki mueti mo jalang po ibatama-tama:kang de iba-iba dalama  Marjuki didn't know the way so he got us hopelessly lost in a bamboo forest \crm  ala \af  patama akang \ps  v \df to put something inside in a thorough and careful manner",,FALSE
4635,tamará,noun,kind of conical sun hat,,,,,,,,,,,,,,,,clothing,,,,,,FALSE
4636,tamará bintang,noun,"kind of plant, the moneywort",,,,,,,,,,,,,Centella asiatica,,,plant,,,,,,FALSE
4637,tamate,noun,"kind of plant, the tomato",,,,,,,,,,,,,Lycopersicon esculentum,,,plant,,,,,,FALSE
4638,tamba₁,exclamation,please take more,,,,,,,,,,,,,,,,,,,tambai,,,FALSE
4639,tamba₂,verb,"to add something, to increase a quantity",Kutambai paisu de bak.,I added water to the basin.,isu: kutambai tuju pulu lima,He told me to add seventy-five (rupiah),,,,,,,,,,,,,,,tamba akang,,,FALSE
4640,tamba₃,verb,to add something at someone's request,,,,,,,,,,,,,,,,,,,batambai,,,FALSE
4641,tamba₄,intransitive verb,to be engaged in adding to,,,,,,,,,,,,,,,,,,,babatambai,,,FALSE
4642,tamba₅,intransitive verb,to be characterized by interfering in other's affairs or by adding opinions <interfere>,mahamut babatambai halina urang,Mahmud tends to add his opinion to others',,,,,,,,,,,,,,,,,bata-batamba:ng,,,FALSE
4643,tamba₆,intransitive verb,to add something to one another's possessions or problems,,,,,,,,,,,,,,,,,,,batatamba:ng,,,FALSE
4644,tamba₇,intransitive verb,"to jointly or mutually be engaged in adding, e.g., to add contributions to a joint",taslim nang si safi batatamba:ng batuka tep,Taslim and Safi pooled their resources to buy a tape recorder.,,,,,,,,,,,,,,,,,,,,FALSE
4645,tambaga,noun,brass,,,,,,,,,,,,,,,,,,,,,,FALSE
4646,tambalikur,intransitive verb,folded behind one's back (of the hands),,,,,,,,,,,,,,,,,,,,,,FALSE
4647,tambelo,noun,"kind of marine bivalve mollusc, the Teredo shipworm",,,,,,,,,,,,,Teredo navalis,,,,,,,,,FALSE
4648,tambi₁,verb,to insult and disrespect someone,pasi mutambi ia torus,They continuously pick on him.,,,,,,,,,,,,,,,,,bata-batambiang,,,FALSE
4649,tambi₂,intransitive verb,to continually exchange insults and slights,cece bata-batambiang de pamakanang dalama,Don't be belligerent and nasty at the dining table.,,,,,,,,,,,,,,,,,babatambiang,,,FALSE
4650,tambi₃,intransitive verb,to be insulting to someone,,,,,,,,,,,,,,,,,,,,,,FALSE
4651,tamboang,noun,kind of snare <trap> activated by a rattan spring,,,,,,,,,,,,,,,,,,lika-lika,,,,FALSE
4652,tambuku,noun,"knot (of wood), protrusions of lug in the hull of a boat for anchoring lines to the struts",,,,,,,,,,,,,,,,boat,,,,,,FALSE
4653,tamheo,noun,kind of plant,,,,,,,,,,,,,,,,plant,,,,,,FALSE
4654,tamiang,,,,,,,,,,,,,,,,,,,,aur,,,,FALSE
4655,tamoang,noun,axe,,,,,,,,,,,,,,,,tool,,,,,,FALSE
4656,tampa,noun,"place, site, container, receptacle",tampa paguna:ng,workplace,tala ada nang tampana,They are sold with their containers.,,,,,,,,,,,,,,,,"tampa dupa-dupa \df censer, tampa rasa \df male and female genitalia \sf  body \sc  Slang",,FALSE
4657,tampal₁,verb,to mend or patch something,,,,,,,,,,,,,,,,,,,tampal akang,,,FALSE
4658,tampal₂,verb,to patch something at someone's request,,,,,,,,,,,,,,,,,,,batampal,,,FALSE
4659,tampal₃,intransitive verb,"to engage in patching, to be patched up",,,,,,,,,,,,,,,,,,,tampa-tampal,,,FALSE
4660,tampal₄,intransitive verb,to be patched repeatedly,pondo tampa-tampal,patched shirt,,,,,,,,,,,,,,,,,,,,FALSE
4661,tampar₁,verb,to slap,,,,,,,,,,,,,,,,,,,tampari,,,FALSE
4662,tampar₂,verb,to slap (on a certain place),ia mutampari bangkurunga,He slapped his back.,,,,,,,,,,,,,,,,,batampar,,,FALSE
4663,tampar₃,intransitive verb,to engage in slapping,,,,,,,,,,,,,,,,,,,,batampar tangang \df to clap,,FALSE
4664,tampar puki,noun,"various kind of fish incl. most flounders, and soles",,,,,,,,,,,,,"Pleuronectidae, Bothidae, Soleidae",,,fish,,,,,,FALSE
4665,tampat,,,,,,,,,,,,,,,,,,,,tampa,,,,FALSE
4666,tampurung,noun,"coconut shell, the hard endocarp of the coconut",,,,,,,,,,,,,,,,,,tatampurung,,,,FALSE
4667,tamulilingang,intransitive verb,"nervous and hurried, e.g. rushing to look for something or pacing back and forth",,,,,,,,,,,,,,,,,,,,,,FALSE
4668,tamám,noun,"an even thirty, esp. of months",jadi ia tamám de saptí,"Thus, it will be a full month (an even thirty) on Saturday.",,,,,,,,,,,,,archaic,,,,,,,FALSE
4669,tamáng,noun,friend,,,,,,,,,,,,,,,,,Malay,saruma,,,,FALSE
4670,tana,noun,"earth, soil",,,,,,,,,,,,,,,,,Malay,lecak,,,,FALSE
4671,tanaga,noun,energy,,,,,,,,,,,,,,,,,,,,"tanaga manusia \df manpower, human resources",,FALSE
4672,tanak₁,verb,to render (coconut) into oil,Kikis nggaoti bena tanak minyak.,"Scrape the coconuts, then render some oil.",,,,,,,,,,,,,,,,,tanaki akang,,,FALSE
4673,tanak₂,verb,to render something (specified coconuts) at someone's request,,,,,,,,,,,,,,,,,,,batanak,,,FALSE
4674,tanak₃,intransitive verb,to be engaged in rendering oil from coconuts,,,,,,,,,,,,,,,,,,,,,,FALSE
4675,tanam₁,,,,,,,,,,,,,,,,,,,,,tanamang,,,FALSE
4676,tanam₂,noun,crop,,,,,,,,,,,,,,,,,,tanang,,,,FALSE
4677,tanang₁,intransitive verb,"relaxed, calm and quiet, calm (of the sea)",itu baawarong ka tanang,So was it choppy or calm?,,,,,,,,,,,,,,,,,patanangi,,,FALSE
4678,tanang₂,verb,to calm something (one's thoughts),,,,,,,,,,,,,,,,,,,patanangi akang,,,FALSE
4679,tanang₃,verb,to calm something at someone's request,,,,,,,,,,,,,,,,,,,,,,FALSE
4680,tanang₄,transitive verb,to plant something,dadi kami parlí tu musi tanang tirigu,"So we need it, we must plant corn.",,,,,,,,,,,,,,,,,tanangi,,,FALSE
4681,tanang₅,transitive verb,"to plant something for someone, to plant something (a field) with something (a crop)",ia mutanangi aku sakulát de lapetaku,He planted cacao for me in my garden.,ia tala mutanangi lapetaka ia nang nggaeka,He has planted his garden with bananas.,,,,,,,,,,,,,,,tanangi akang,,,FALSE
4682,tanang₆,verb,to plant something at someone's request,,,,,,,,,,,,,,,,,,,tanang akang,,,FALSE
4683,tanang₇,verb,to plant something at someone's request,,,,,,,,,,,,,,,,,,,batanang,,,FALSE
4684,tanang₈,intransitive verb,to engage in planting as a task or job,,,,,,,,,,,,,,,,,,,,,,FALSE
4685,tanda,noun,sign,,,,,,,,,,,,,,,,,,,,,,FALSE
4686,tanduk,noun,animal horn,,,,,,,,,,,,,,,,,,,,manyjangang tanduka \df deer antlers \crm  nggaeka tanduk,,FALSE
4687,tandíng,ideophone,sound of something crashing,,,,,,,,,,,,,,,,,,,,,,FALSE
4688,tanoga,noun,kind of spell which immobilizes a thief as soon as he or she touches the item to be stolen,,,,,,,,,,,,,,,,,,uru,,,,FALSE
4689,tantu,intransitive verb,to be certain,,,,,,,,,,,,,,,,,,tantukang,,,,FALSE
4690,tantukang,verb,"to ascertain, to determine",,,,,,,,,,,,,,,,,Indonesian,tantu,,,,FALSE
4691,tantung,,,,,,,,,,,,,,,,,,,,ulat,,,,FALSE
4693,tanga malang,noun,"late night, midnight",,,,,,,,,,,,,,,,,,,,tanga malang dua sama \df very late night,,FALSE
4694,tangang,noun,"hand, arm",tanang dadana,pai,,,,,,,,,,,,,,,,,,,,FALSE
4695,tanggalaot,noun,sea,,,,,,,,,,,,,,,,geography,,,,tanggalaot dolong \df the deep sea,,FALSE
4696,tanggaló₁,,,,,,,,,,,,,,,,,,,,,tanggaló akang,,,FALSE
4697,tanggaló₂,verb,to wash (another's) face,,,,,,,,,,,,,,,,,,,batanggaló,,,FALSE
4698,tanggaló₃,verb,to wash (one's face),,,,,,,,,,,,,,,,,,,,,,FALSE
4699,tanggar₁,verb,"to chase or pursue someone or something, to follow someone from a distance, to catch up on something",Yoyó mutanggar manyjangang.,A dog chased a deer.,nampisiang mena kutanggar,Then tomorrow I will catch up (on the work),,,,,,,,,,,,,,,tanggari,,,FALSE
4700,tanggar₂,verb,"to chase after someone, to lunge at someone",,,,,,,,,,,,,,,,,,,tanggari akang,,,FALSE
4701,tanggar₃,verb,to chase after someone with something,tanggari akang suratku ini de pa puda,Please chase after Mr. Puda with this letter of,,,,,,,,,,,,,,,,,tanggar akang,,,FALSE
4702,tanggar₄,verb,to expedite something that belongs with some set,Umar mutanggar akang pondo dua biji ni de amasing,"Umar, try to rush these two",,,,,,,,,,,,,,,,,batanggar,,,FALSE
4703,tanggar₅,intransitive verb,to be engaged in chasing after and catching up,,,,,,,,,,,,,,,,,,,bata-batanggarang,,,FALSE
4704,tanggar₆,intransitive verb,"to chase someone, to be in competition <compete> with others",po ini kita batabatanggarang nang lao mamakanga ni,"Moreover, we're racing against",,,,,,,,,,,,,,,,,,,,FALSE
4705,tangge-tangge₁,noun,riddle,,,,,,,,,,,,,,,,,,,batangge-tangge,,,FALSE
4706,tangge-tangge₂,intransitive verb,to tell riddles,,,,,,,,,,,,,,,,,,,,,,FALSE
4707,tanggiri,noun,"kind of fish, the mackerel, incl. the narrow-barred Spanish mackerel, and the broad-barred Spanish mackerel",,,,,,,,,,,,,"Cybium commersoni, Indocybium semifasciatum",,,fish,,,,,,FALSE
4708,tanggolo₁,,,,,,,,,,,,,,,,,,,,,tanggo-tanggolona,,,FALSE
4709,tanggolo₂,noun,"isolated place, remote area",,,,,,,,,,,,,,,,,,,,,,FALSE
4710,tanggulang₁,,,,,,,,,,,,,,,,,,,,,tanggulangi,,,FALSE
4711,tanggulang₂,verb,"to take something over, to be responsible for something <control>",,,,,,,,,,,,,,,,,Indonesian,,tanggulangang,,,FALSE
4712,tanggulang₃,noun,"responsibility, duty",,,,,,,,,,,,,,,,,,,,,,FALSE
4713,tanggung₁,verb,to carry something on one's shoulder or shoulders,,,,,,,,,,,,,,,,,,,tanggungi,,,FALSE
4714,tanggung₂,verb,to place something (a burden) on someone's shoulders,,,,,,,,,,,,,,,,,,,tanggung akang,,,FALSE
4715,tanggung₃,verb,to carry something on one's shoulders on behalf of another,,,,,,,,,,,,,,,,,,,pananggungang,,,FALSE
4716,tanggung₄,noun,carrying pole borne on the shoulders,,,,,,,,,,,,,,,,,,,,,,FALSE
4717,tangkes₁,verb,"to parry a blow, to meet a blow with a counter-blow",,,,,,,,,,,,,,,,,,,tangkes akang,,,FALSE
4718,tangkes₂,verb,to parry something (a blow) at someone's direction or on someone's behalf,,,,,,,,,,,,,,,,,,,batangkes,,,FALSE
4719,tangkes₃,intransitive verb,to engage in parrying,,,,,,,,,,,,,,,,,,,bata-batangkesang,,,FALSE
4720,tangkes₄,intransitive verb,to parry someone's blows,,,,,,,,,,,,,,,,,,,,,,FALSE
4721,tangkorak,noun,skull,,,,,,,,,,,,,,,,body,,,,,,FALSE
4722,tangkoring,noun,"kind of plant, the Mexican sunflower",,,,,,,,,,,,,Tithonia diversifolia,,,plant,,fofoki tangkoring,,,,FALSE
4723,ta-₁,verb,,tabaria,to defecate involuntarily,,,,,,,,,,,,an affix marking inadvertant occurrences,,,,,,,,FALSE
4724,tanyai,verb,"to ask something, to direct a question to someone, to question someone",kau mutanyai aku waktu daulu deminyá,You ask me how the old times were.,,,,,,,,,,,,,,,,,,,,FALSE
4725,tanyjik,noun,dorsal fin,,,,,,,,,,,,,,,,,,,,,,FALSE
4726,tanyjung,noun,"cape, promontory",,,,,,,,,,,,,,,,,,,,,,FALSE
4727,tanyjung mangga,noun,a cape near Labuha,,,,,,,,,,,,,,,,,,,,,,FALSE
4728,tanyjung obit,noun,a cape near Labuha,,,,,,,,,,,,,,,,,,,,,,FALSE
4729,ta-₂,pronoun,we,Kita yogo tapabua lapetak.,We want to make a garden.,,,,,,,,,,,,"verbal person marker (transitive), first person plural, inclusive",,,,,,,,FALSE
4730,taogi,,,,,,,,,,,,,,,,,,,,bobot taogi,,,,FALSE
4732,tapa,pronoun,"why, for what purpose",Tapa kau balampo ka sana?,Why did you go there?,,,,,,,,,,,,,,,,,,,,FALSE
4733,tapak,noun,a small lane or gangway,,,,,,,,,,,,,,,,,,,,,,FALSE
4734,tapalí,noun,"kind of vine, the sap of which may be used as soap",,,,,,,,,,,,,,,,plant,,,,,,FALSE
4735,tapat₁,intransitive verb,"correct, precise, appropriate",,,,,,,,,,,,,,,,,,,tapat akang,,,FALSE
4736,tapat₂,verb,to improve something,,,,,,,,,,,,,,,,,,,patapati,,,FALSE
4737,tapat₃,verb,to correct or repair something,,,,,,,,,,,,,,,,,,,tapat-tapat,,,FALSE
4738,tapat₄,adverb,"carefully, with circumspection",,,,,,,,,,,,,,,,,,,,,,FALSE
4739,tapi,conjunction,but,,,,,,,,,,,,,,,,,Malay,ke,,,,FALSE
4740,taping₁,noun,"ash, dust, kitchen, place of the hearth",,,,,,,,,,,,,,,,,,,bataping,,,FALSE
4741,taping₂,intransitive verb,"to be covered with ashes, to yield ashes",bataping ra:,to yield a lot of ashes,,,,,,,,,,,,,,,,,,,,FALSE
4742,tapis,noun,"filter, esp. on sago  processing apparatus",,,,,,,,,,,,,,,,,,,,tapis nggaoti \df kind of strainer made of coconut fiber \ps  v \df to winnow or filter something \af  tapis akang \ps  v \df to filter something at someone's request \il  tapis akang topongingku Filter my flour \af  batapis \ps  vi \df to be engaged in winnowing or filtering,,FALSE
4743,tapu,noun,anchor (made of wood and stone),,,,,,,,,,,,,,,,boat,,,,,,FALSE
4744,tarang₁,transitive verb,to press down,,,,,,,,,,,,,,,,,,,tarang akang,,,FALSE
4745,tarang₂,verb,to make something flat by pressing or treading (e.g. to flatten sago sheaths in order to make,,,,,,,,,,,,,,,,,,,batarang,,,FALSE
4746,tarang₃,intransitive verb,to engage in flattening or pressing down (e.g. of a child mischievously jumping on a,,,,,,,,,,,,,,,,,,,,,,FALSE
4747,tarangkat₁,intransitive verb,tall,,,,,,,,,,,,,,,,,,,patarangkati,,,FALSE
4748,tarangkat₂,verb,to elevate or heighten something,,,,,,,,,,,,,,,,,,,,,,FALSE
4749,tarapesa,noun,chair,,,,,,,,,,,,,,,,,,,,,,FALSE
4750,tarate,noun,lotus,,,,,,,,,,,,,Nelumbo nucifera,,,plant,,,,,,FALSE
4751,taraucit₁,intransitive verb,to have diarrhea,,,,,,,,,,,,,,,,health,,baria,tarauciti,,,FALSE
4752,taraucit₂,transitive verb,to defecate on something (because of a sudden attack of diarrhea),,,,,,,,,,,,,,,,,,,,,,FALSE
4753,tarik₁,transitive verb,"to pull at something, esp. with a rope",,,,,,,,,,,,,,,,,,,tariki,,,FALSE
4754,tarik₂,transitive verb,"to pull at something for someone, to tug intensively",pasi mutariki itu pauli moyo,They (the fish) tug at them but they achieve nothing.,,,,,,,,,,,,,,,,,tarik akang,,,FALSE
4755,tarik₃,verb,to pull something at someone's request,,,,,,,,,,,,,,,,,,,batarik,,,FALSE
4756,tarik₄,intransitive verb,"to stretch someone, to be engaged in pulling",,,,,,,,,,,,,,,,,,,batariki,,,FALSE
4757,tarik₅,intransitive verb,to engage in pulling for someone,kami batariki oto de amasing barang nalobong,We pulled a vehicle at Amasing,it was,,,,,,,,,,,,,,,,patariki,,,FALSE
4758,tarik₆,verb,to make something (a rope) taut,,,,,,,,,,,,,,,,,,,patarik akang,,,FALSE
4759,tarik₇,verb,to tauten something at someone's request,,,,,,,,,,,,,,,,,,,natarik,,,FALSE
4760,tarik₈,intransitive verb,"to be drawn to, to be interested",,,,,,,,,,,,,,,,,,,,,,FALSE
4761,tarima,verb,to receive,,,,,,,,,,,,,,,,,,dapa,,,,FALSE
4762,tarimakasi,noun,"thanks, gratitude",,,,,,,,,,,,,,,,,,,,,,FALSE
4763,tarkuku,noun,"kind of bird, a dove, fam. Columbidae",,,,,,,,,,,,,,,,,,pombo,,,,FALSE
4764,tarpaksa₁,intransitive verb,"compelled, obligated, forced",,,,,,,,,,,,,,,,,,,,,,FALSE
4765,tarpaksa₂,particle,necessarily,,,,,,,,,,,,,,,,,,,,,,FALSE
4766,tartíp,intransitive verb,"to sit, kneeling with the haunches on the heels",,,,,,,,,,,,,,,,,,,,,,FALSE
4767,tarumpak,noun,kind of wooden sandals with a knob for the toes,,,,,,,,,,,,,,,,,,,,,,FALSE
4768,taráng,intransitive verb,"clear, bright",,,,,,,,,,,,,,,,,,,,,,FALSE
4769,tasbé₁,noun,prayer beads,,,,,,,,,,,,,,,,,,,,,,FALSE
4770,tasbé₂,noun,"kind of plant, a member of the banana family, the hanging heliconia",,,,,,,,,,,,,Heliconia rostrata,,,plant,,,,,,FALSE
4771,tas₁,noun,bag,,,,,,,,,,,,,,,,,,,,,,FALSE
4772,tas₂,,,,,,,,,,,,,,,,,,,,litas,,,,FALSE
4773,tatabuang₁,noun,"drum-roll to announce the beginning and end of fasting month and certain other, a blow","basaláng de rekengang udang, tatabuang memang de ahát",If we follow the monthly,,,,,,,,,,,,,whimsical,,,,,,,FALSE
4774,tatabuang₂,verb,to strike someone,,,,,,,,,,,,,,,whimsical,,,,,,,FALSE
4775,tatagang,noun,"lime, calcium oxide (usually made from burned coral)",,,,,,,,,,,,,,,,,,,,,,FALSE
4776,tatak₁,verb,to chop up (finely),,,,,,,,,,,,,,,,,,,tataki,,,FALSE
4777,tatak₂,verb,to chop something up for someone,tataki aku edat hadiki,"Chop up some seviche for me, please.",,,,,,,,,,,,,,,,,tataki akang,,,FALSE
4778,tatak₃,verb,to chop something for someone at someone's request,,,,,,,,,,,,,,,,,,,tatak akang,,,FALSE
4779,tatak₄,verb,to chop something at someone's request,,,,,,,,,,,,,,,,,,,batatak-tatak,,,FALSE
4780,tatak₅,intransitive verb,to occupy someone with chopping or notching repeatedly and without purpose,,,,,,,,,,,,,,,,,,,batata-tatak,,,FALSE
4781,tatak₆,intransitive verb,to be characterized by scattered piles of scraps and chips,,,,,,,,,,,,,,,,,,,hatatak,,,FALSE
4782,tatak₇,intransitive verb,"chopped, nicked, notched",meja tu tala natatak de tiola,The table is nicked (esp.) on its legs.,,,,,,,,,,,,,,,,,natata-tatak,,,FALSE
4783,tatak₈,intransitive verb,chopped and nicked severely (all over),,,,,,,,,,,,,,,,,,,,,,FALSE
4784,tatambola,noun,"kind of fish, incl. archer fish",,,,,,,,,,,,,Toxotidae,,,fish,,,,"tatambola buaya \df kind of fish, Waites pipe-fish, \sn Corythoichthys intestinalis waitei \sf  fish",,FALSE
4785,tatampurung,noun,knee-cap,,,,,,,,,,,,,,,,body,,tampurung,,,,FALSE
4786,tatapi,conjunction,but,,,,,,,,,,,,,,,,,Malay,"ke, tapi",,,,FALSE
4787,tatar₁,verb,"to chop with a knife or machete with firm, downward strokes usually on a flat",,,,,,,,,,,,,,,,,,,tatar akang,,,FALSE
4788,tatar₂,verb,to chop something at someone's request,,,,,,,,,,,,,,,,,,,batatar,,,FALSE
4789,tatar₃,intransitive verb,to engage in chopping downward,,,,,,,,,,,,,,,,,,lao tatar,,,,FALSE
4790,tatas₁,verb,to rip something at the seams,danycanaku tala mutatas calanaku yogo ipareai,My sister ripped my trousers apart so,,,,,,,,,,,,,,,,,tatasi,,,FALSE
4791,tatas₂,transitive verb,to rip apart something at the seams for someone,,,,,,,,,,,,,,,,,,,batatas,,,FALSE
4792,tatas₃,intransitive verb,to engage in such sartorial activity,,,,,,,,,,,,,,,,,,,natatas,,,FALSE
4793,tatas₄,intransitive verb,ripped apart (at the seams),,,,,,,,,,,,,,,,,,,,,,FALSE
4794,tatawa₁,verb,to laugh,,,,,,,,,,,,,,,,,,,tatawai,,,FALSE
4795,tatawa₂,verb,to laugh at someone,Ia mutatawai aku.,He laughed at me.,,,,,,,,,,,,,,,,,,,,FALSE
4796,tatinggir₁,,,,,,,,,,,,,,,,,,,,,tatinggir akang,,,FALSE
4797,tatinggir₂,transitive verb,"to make something perch, to get a bird or monkey to perch",,,,,,,,,,,,,,,,,,,batatinggir,,,FALSE
4798,tatinggir₃,intransitive verb,"to perch (of birds, etc.), to sit on an edge or ledge",,,,,,,,,,,,,,,,,,,,,,FALSE
4799,tatoal,noun,knife,,,,,,,,,,,,,,,,tool,,peto tatoala,,,,FALSE
4800,tatumbul,,,,,,,,,,,,,,,,,,,,tumbul,,,,FALSE
4801,tatunggar sela,noun,"kind of plant, the chenille plant",,,,,,,,,,,,,Acalypha hispida,,,plant,,,,,,FALSE
4802,tau abi,noun,kind of seaside plant,,,,,,,,,,,,,Pemphis acidula,,,plant,,,,,,FALSE
4803,taugé,noun,beansprouts,,,,,,,,,,,,,Phaseolus aureus,,,plant,,,,,,FALSE
4804,taul₁,,,,,,,,,,,,,,,,,,,,,taul akang,,,FALSE
4805,taul₂,transitive verb,to lean something over a fire to roast it,,,,,,,,,,,,,,,,,,panaulang,,,,FALSE
4806,taul₃,intransitive verb,to gaze listlessly for a long time,,,,,,,,,,,,,,,,,,,tauli,,,FALSE
4807,taul₄,verb,"to look at something carefully, to inspect something, to check on someone, to watch over (a sick person)",Kutauli botang putus.,I watched for the island to appear.,papa to kapo mutauli kamí,"Father, you know, came to check on you.",,,,,,,,,,,,,,,panauliang,,,FALSE
4808,taul₅,noun,"someone who assists and cares for an old or infirm person, live-in companion, nurse or",,,,,,,,,,,,,,,,,,,,,,FALSE
4809,taung₁,noun,year,tolu taung,three years,,,,,,,,,,,,,,,,,,,,FALSE
4810,taung₂,,,,,,,,,,,,,,,,,,,,burung taung,,,,FALSE
4811,taur₁,verb,"to scatter something, to broadcast something (seed) <disperse>",,,,,,,,,,,,,,,,,,,tauri,,,FALSE
4812,taur₂,verb,to scatter something for someone,,,,,,,,,,,,,,,,,,,taur akang,,,FALSE
4813,taur₃,verb,to scatter something at someone's request,taur akang nggomi itu ka sana de itu,Throw that coconut residue over there,,,,,,,,,,,,,,,,,bataur,,,FALSE
4814,taur₄,intransitive verb,"to scatter as a task, e.g. to scatter rice for fowls",,,,,,,,,,,,,,,,,,,pataur akang,,,FALSE
4815,taur₅,verb,"to make a mess of something by dispersing it all over, to scatter something in a definitive way",,,,,,,,,,,,,,,,,,,nataur,,,FALSE
4816,taur₆,intransitive verb,to be scattered,Basaláng kering-kering ia nataur,"If it is too dry, it will disperse",,,,,,,,,,,,,,,,doit tataura,,,,FALSE
4817,taurung₁,intransitive verb,to be hungry,,,,,,,,,,,,,,,,,,,patarung akang,,,FALSE
4818,taurung₂,verb,to cause someone to be hungry (e.g. by serving a late lunch),,,,,,,,,,,,,,,,,,,,,,FALSE
4819,tautang₁,noun,medicine,,,,,,,,,,,,,,,,,,,tautangi,,,FALSE
4820,tautang₂,verb,to treat someone with medicine,,,,,,,,,,,,,,,,,,,tautang akang,,,FALSE
4821,tautang₃,verb,to treat someone at someone's request,,,,,,,,,,,,,,,,,,,tau-tautang akang,,,FALSE
4822,tautang₄,verb,to treat someone intensively,,,,,,,,,,,,,,,,,,,batautang,,,FALSE
4823,tautang₅,intransitive verb,to undergo medicinal treatment,,,,,,,,,,,,,,,,,,,,,,FALSE
4824,tayong,noun,"kind of sea urchin, the black long-spined sea urchin",,,,,,,,,,,,,Diadema setosum,,,sea creature,,duri babi,,"tayong batu \df kind of sea urchin, \sn Echinothrix  , incl. the banded long-spined sea urchin \sf  sea creature, tayong nggaoti \df kind of echinoderm, a seastar, the crown of thorns starfish, \sn Acanthaster planci \sf  sea creature",,FALSE
4825,tawáf,intransitive verb,"to circumambulate the Kaba in Mecca, one of the obligatory tasks of the pilgrims, to move around, to circle around, to encircle, to undertake a trip to several places <travel>, to wander",murabi kalero musi mutawáf,"If you're burning (coral) in a fire, you must continually",andekat ini tawáf di mana ni,Where is this child wandering now?,,,,,,,,,,,,,,,,,,FALSE
4826,te,noun,"tea, esp. with sugar",te loa-loa,tea without sugar or milk,,,,,,,,,,,,,,,,,,,,FALSE
4827,teli₁,noun,spine or lath of a piece of thatch to which the leaves are affixed,,,,,,,,,,,,,,,,,,teri,,,,FALSE
4828,teli₂,,,,,,,,,,,,,,,,,,,,,bateli-teli,bateli-teli fitana/ \df to spread gossip and rumors \crm  tial,,FALSE
4829,telor,intransitive verb,to have a speech defect,,,,,,,,,,,,,,,,,,,,,,FALSE
4830,tembal,noun,spout to drain rainwater from gutters,,,,,,,,,,,,,,,,house,,,,,,FALSE
4831,tembing₁,noun,river bank,,,,,,,,,,,,,,,,,,,batembing,,,FALSE
4832,tembing₂,intransitive verb,to slope downward (of land),,,,,,,,,,,,,,,,geography,,,,,,FALSE
4833,tempang,intransitive verb,lame,,,,,,,,,,,,,,,,health,,,,,,FALSE
4834,tempik₁,verb,to break something into pieces,Ia mutempik tarapesa.,He broke the chair.,,,,,,,,,,,,,,,,,tempiki,,,FALSE
4835,tempik₂,verb,to break something off for someone,tempiki baku,to break off a piece of sago bread,,,,,,,,,,,,,,,,,tempik akang,,,FALSE
4836,tempik₃,verb,to break something for someone,,,,,,,,,,,,,,,,,,,batempik,,,FALSE
4837,tempik₄,intransitive verb,to engage in breaking something up,batempik lalondang,to break up sugarcane (so it can be crushed easily),,,,,,,,,,,,,,,,,natempik,,,FALSE
4838,tempik₅,intransitive verb,to have been broken,,,,,,,,,,,,,,,,,,,,,,FALSE
4839,tempo-tempo,adverb,occasionally,,,,,,,,,,,,,,,,,Malay,sakali-sakali,,,,FALSE
4840,tenang,noun,kind of tree,,,,,,,,,,,,,,,,plant,,,,,,FALSE
4841,tentara,noun,"the armed forces, the military, soldier",,,,,,,,,,,,,,,,,,,,,,FALSE
4842,tentukan,verb,to determine,,,,,,,,,,,,,,,,,Indonesian,tantukang,,,,FALSE
4843,tenga,noun,"center, middle",,,,,,,,,,,,,,,,,Indonesian,,,,,FALSE
4844,tengahari,noun,"noontime, mid-day",,,,,,,,,,,,,,,,,Indonesian,,,,,FALSE
4845,tep,noun,tape-recorder,,,,,,,,,,,,,,,,,,,,,,FALSE
4846,terbang,,,,,,,,,,,,,,,,,,,,lapangang,,,,FALSE
4848,teri,noun,the lath around which a piece of palm thatch is made,,,,,,,,,,,,,,,,,,teli,,,,FALSE
4849,tes-tes,ideophone,sound of a light rain on the roof <pitter-patter>,,,,,,,,,,,,,,,,,,,,,,FALSE
4850,tete,noun,grandfather,,,,,,,,,,,,,,,,kinship,,,,,,FALSE
4851,tetes₁,noun,a drop,,,,,,,,,,,,,,,,,,,tetesi,,,FALSE
4852,tetes₂,verb,"to release in drops on something, to drip on something",tetesi tautang de mataku,Drip the medicine into my eye,,,,,,,,,,,,,,,,,tetes akang,,,FALSE
4853,tetes₃,verb,to release some liquid in drops for someone,,,,,,,,,,,,,,,,,,,,,,FALSE
4854,tewa-tewa,,,,,,,,,,,,,,,,,,,,aur tewa-tewa,,,,FALSE
4855,tial,verb,to connect or tie together something (e.g. rope),,,,,,,,,,,,,,,,,,,,"batial-tial fitana/ \df to spread gossip or rumors \crm  teli \af patial \ps  v \df to splice something, to secure connecting lashing \af  patial akang \ps  v \df to splice something for someone else \af  panialang \ps  n \df splice, connection",,FALSE
4856,tiang₁,noun,"mast, post",,,,,,,,,,,,,,,,boat,,,,tiang raja \df the main house post,,FALSE
4857,tiang₂,,,,,,,,,,,,,,,,,,,,,batiang,,,FALSE
4858,tiang₃,intransitive verb,"to be pregnant, gravid (of fish)",,,,,,,,,,,,,,,,health,,,patiang akang,,,FALSE
4859,tiang₄,verb,"to cause someone to be pregnant, to impregnate",,,,,,,,,,,,,,,,,,,,,,FALSE
4860,tiap₁,pronoun,every,,,,,,,,,,,,,,,,,,,,tiap-tiap \df every,,FALSE
4861,tiap₂,verb,"to count something, to calculate something",ia mutiap untunga,She was calculating her profit,,,,,,,,,,,,,,,,,batiap,,,FALSE
4862,tiap₃,intransitive verb,to engage in computing and counting,,,,,,,,,,,,,,,archaic,,,,,,,FALSE
4863,tiarap₁,intransitive verb,to lie face down,,,,,,,,,,,,,,,,,,,tiarap akang,,,FALSE
4864,tiarap₂,verb,to turn something face down,,,,,,,,,,,,,,,,,,,tatiarap,,,FALSE
4865,tiarap₃,intransitive verb,to have turned over (of a boat at sea) <capsize>,,,,,,,,,,,,,,,,,,,,,,FALSE
4866,tibas₁,verb,to split wood by striking the end with an axe and twisting  sideways <strike>,,,,,,,,,,,,,,,,,,,,,,FALSE
4867,tibas₂,noun,"splinter, a piece of wood twisted off a branch",kayu tibasa,a split of wood,,,,,,,,,,,,,,,,,tibasi,,,FALSE
4868,tibas₃,verb,to split something for someone,,,,,,,,,,,,,,,,,,,tibas akang,,,FALSE
4869,tibas₄,verb,to split something at someone's request,,,,,,,,,,,,,,,,,,,batibas,,,FALSE
4870,tibas₅,intransitive verb,to perform wood-splitting as a task or chore,sapatang itu di mansia kawing puda batibas kayu sigodo bapolu-polu,That night at the,,,,,,,,,,,,,,,,,,,,FALSE
4871,tida ada,intransitive verb,to be nonexistent,,,,,,,,,,,,,,,,,Indonesian,moyo,,,,FALSE
4872,tida bisa,particle,"impossible, forbidden",,,,,,,,,,,,,,,,,Indonesian,pauli,,,,FALSE
4873,tida perna,particle,never,,,,,,,,,,,,,,,,,Indonesian,bolung,,,,FALSE
4874,tidore,noun,"an island and city, Tidore, site of a former sultunate",,,,,,,,,,,,,,,,,,tadore,,,,FALSE
4875,tidu,verb,to sleep,,,,,,,,,,,,,,,,,,,,"tidu caya-caya \df to take a siesta, to take a nap during the day, tidu jat \df to fling one's arms and legs in sleep, to toss and turn, tidu ondo-ondo \df to take a siesta, to take a nap \af  tidui \ps  v \df to sleep on something or someone \il  sapi mutidui mut isampat tiola de bangkurunga ia Sapi slept all over Mut, with his feet resting on Mut's back. \af  tidu akang \ps  v \df to put someone to sleep (e.g., one's child, etc.) \crm  babolo \crm  jinak \crm  tidur",,FALSE
4876,tidur₁,,,,,,,,,,,,,,,,,,,,tidui,"tiduri, tidur akang",,,FALSE
4877,tidur₂,verb,"to put someone to sleep, to put something down flat",,,,,,,,,,,,,,,,,,,batidurang,,,FALSE
4878,tidur₃,intransitive verb,to sleep together in large numbers,,,,,,,,,,,,,,,,,,,tidurang,"tampa tidurang \df sleeping place, (e.g. bed) \af  katidurang \ps  n \df place of repose, sleeping place (e.g., bed, mat, etc.) \crm  tidu",,FALSE
4879,tijak,verb,"to step on, to tread",tijak rem,step on the brakes,,,,,,,,,,,,,,,,,,"tijak lecak \df a ceremony in the wedding ritual in which the marital couple first leaves the house as man and wife \af  tijaki \ps v \df to step on something \af  tijak akang \ps  v \df to step on something at another's request \af  batijakang \ps  vi \df to step on someone \af  bati-batijakang \ps  vi \df to step or tread on someone (of large numbers) \af  pani-panijakang \ps  n \df stepping-stone, foothold",,FALSE
4880,tikam₁,,,,,,,,,,,,,,,,,,,,,bapatikamang,,,FALSE
4881,tikam₂,intransitive verb,"to tell each other, to mutually inform, to exchange utterances",,,,,,,,,,,,,,,,,,,batitikamang,,,FALSE
4882,tikam₃,intransitive verb,to hold discussions,,,,,,,,,,,,,,,,,,batikang,,,,FALSE
4883,tikar,noun,kind of mat,,,,,,,,,,,,,,,,,,didit,,,,FALSE
4884,tikir,noun,gums,,,,,,,,,,,,,,,,body,,,,,,FALSE
4885,tikolok₁,noun,throat,,,,,,,,,,,,,,,,body,,,tikoloki,,,FALSE
4886,tikolok₂,verb,to call someone,,,,,,,,,,,,,,,,,,,tikolok akang,,,FALSE
4887,tikolok₃,verb,"to summon, to call",,,,,,,,,,,,,,,,,,,batikolok,,,FALSE
4888,tikolok₄,intransitive verb,to be engaged in shouting to call others or in summoning,guru batikolok imba: lut,The Quranic teacher summoned from over there 'Lut!',,,,,,,,,,,,,,,,,,,,FALSE
4889,tikus kupang,noun,"shrew, whose squeaking is similar to the ring of coins (i.e. kupang), fam.",,,,,,,,,,,,,,,,animal,,ompu ruma,,,,FALSE
4890,tilantang₁,,,,,,,,,,,,,,,,,,,,,tilantang akang,,,FALSE
4891,tilantang₂,verb,to lift something up while providing support under the back (e.g. of a child),,,,,,,,,,,,,,,,,,,titilantang,,,FALSE
4892,tilantang₃,intransitive verb,"to sleep on one's back, to be supine",,,,,,,,,,,,,,,,,,,tila-tilantang,,,FALSE
4893,tilantang₄,intransitive verb,to be lying on one's back for some time,,,,,,,,,,,,,,,,,,,,,,FALSE
4894,tilong₁,,,,,,,,,,,,,,,,,,,,,tilong akang,,,FALSE
4895,tilong₂,transitive verb,to roast something until crisp or charred,,,,,,,,,,,,,,,,culinary,,,batilong-tilong,,,FALSE
4896,tilong₃,intransitive verb,"burned crisp, charred and inedible",,,,,,,,,,,,,,,,culinary,,,,,,FALSE
4897,timamak,intransitive verb,"to scream from pain, to shriek while crying",,,,,,,,,,,,,,,,,,,,,,FALSE
4898,timba₁,verb,to bail something (water),,,,,,,,,,,,,,,,,Malay,,tatimba,,,FALSE
4899,timba₂,noun,bailing scoop,,,,,,,,,,,,,,,,,,,,,,FALSE
4900,timbangang,noun,a scale to measure weight,,,,,,,,,,,,,,,,,,,,,,FALSE
4901,timbul₁,intransitive verb,"to float, to rise to the surface",,,,,,,,,,,,,,,,,,,timbul akang,,,FALSE
4902,timbul₂,transitive verb,"to set afloat, to cause something to float",ada kalanya sodó itimbul akang itu bu:,There have been times when it reached a point,,,,,,,,,,,,,,,,,batimbul,,,FALSE
4903,timbul₃,intransitive verb,"to float for some time, to be characterized by the ability to float",pampenyu tu tala batimbul inycana,That sea turtle is floating over there.,,,,,,,,,,,,,,,,,,,,FALSE
4904,timu:,noun,"tin, lead",,,,,,,,,,,,,,,,,,,,"timu: nggoa \df lead, timu: puti \df tin \df sinker, lead weights of a net \sf  fishing",,FALSE
4905,timumung₁,verb,"to collect, to gather up",,,,,,,,,,,,,,,,,,,batimumung,,,FALSE
4906,timumung₂,intransitive verb,"to gather together, to collect in a crowd",jadi kita musi batimumung ka mai rame-rame,So we must gather together over here in,,,,,,,,,,,,,,,,,,,,FALSE
4907,timur,noun,"a point of the compass, east",,,,,,,,,,,,,,,,,,,,"timur laut \df a point of the compass, northeast, timur manunggara \df a point of the compass, east-southeast",,FALSE
4908,tindi₁,,,,,,,,,,,,,,,,,,,,,tindi:,,,FALSE
4909,tindi₂,verb,"to press down on something, to squeeze (a louse)",,,,,,,,,,,,,,,,,,,tindi akang,,,FALSE
4910,tindi₃,verb,to press something down at someone's request,,,,,,,,,,,,,,,,,,,batitindiang,,,FALSE
4911,tindi₄,intransitive verb,"to press against each other, e.g., in a jam-packed bus, or on a crowded bed, to be piled up on top of each other, e.g., logs or palm midribs in a pile",,,,,,,,,,,,,,,,,,,,,,FALSE
4912,tindi-tindi,noun,wooden cover of sago mold,,,,,,,,,,,,,,,,sago,,,,,,FALSE
4913,tiniku,noun,"(finger) nail, claw, talon",,,,,,,,,,,,,,,,body,,,,,,FALSE
4914,tiniku tinggi,noun,kind of female vampire,,,,,,,,,,,,,,,,,,,,,,FALSE
4915,tintiau₁,noun,"kind of cake made with sago, coconut cream, and other ingredients",,,,,,,,,,,,,,,,sago,,,,,,FALSE
4915,tintiau₂,noun,"kind of cake made with sago, coconut cream, and other ingredients",,,,,,,,,,,,,,,,food,,,,,,FALSE
4916,tintis,noun,"kind of small red bird, similar to a parrot",,,,,,,,,,,,,,,,bird,,,,,,FALSE
4917,tingada,intransitive verb,to gaze upward,,,,,,,,,,,,,,,,,,,tingada akang,,,FALSE
4918,tiwadak,noun,kind of jackfruit,,,,,,,,,,,,,Artocarpus champeden,,,plant,,naka,,,,FALSE
4919,to: tu,pronoun,that one there,,,,,,,,,,,,,,,,,,,,,,FALSE
4920,toang,noun,"kind of fish, the white trevally",,,,,,,,,,,,,Caranx nobilis,,,fish,,,,,,FALSE
4921,toap₁,verb,to steam something,,,,,,,,,,,,,,,,culinary,,,toapi,,,FALSE
4922,toap₂,verb,to steam something specific,,,,,,,,,,,,,,,,,,,toap akang,,,FALSE
4923,toap₃,verb,to steam something for someone,,,,,,,,,,,,,,,,,,,batoap,,,FALSE
4924,toap₄,intransitive verb,"to be engaged in steaming foods, to undergo a ritual and medicinal steaming process in which the patient, usually a",,,,,,,,,,,,,,,,,,,panoapang,,,FALSE
4925,toap₅,noun,"utensils used for steaming, the place where steaming takes place <steamer>, e.g. the",,,,,,,,,,,,,,,,,,,,,,FALSE
4926,tobaua,noun,"someone who does not learn from unpleasant experiences, recalcitrant, unrepentant",,,,,,,,,,,,,,,,,,,,,,FALSE
4927,tobelo canga,noun,"a sobriquet for mean and belligerent persons, esp. children",,,,,,,,,,,,,,,,,,canga,,,,FALSE
4928,tobok₁,verb,"to stab with a knife, esp. with an underhand lunge, to perforate (a blister), to skewer something",,,,,,,,,,,,,,,,,,,toboki,,,FALSE
4929,tobok₂,verb,to stab or perforate something specific (for someone),,,,,,,,,,,,,,,,,,,toboki akang,,,FALSE
4930,tobok₃,verb,to stab something at someone's request,toboki akang wowo hapanggal ka mai,Skewer a piece of mango and give it to me,,,,,,,,,,,,,,,,,tobok akang,,,FALSE
4931,tobok₄,verb,to jab or perforate something at someone's request,kau mutobok akang duriku di tiol,Can you jab at (and pry out) that thorn in my foot?,,,,,,,,,,,,,,,,,batobok,,,FALSE
4932,tobok₅,intransitive verb,"to stab as a task, e.g. to hunt and kill deer",,,,,,,,,,,,,,,,,,,bato-batobokang,,,FALSE
4933,tobok₆,intransitive verb,to stab someone,,,,,,,,,,,,,,,,,,,,,,FALSE
4934,tobus₁,verb,to redeem something pawned,,,,,,,,,,,,,,,,,,,tobusi,,,FALSE
4935,tobus₂,verb,to redeem something for someone,,,,,,,,,,,,,,,,,,,tobus akang,,,FALSE
4936,tobus₃,verb,to redeem something at another's request,,,,,,,,,,,,,,,,,,,tobusi akang,,,FALSE
4937,tobus₄,verb,to redeem something for someone at another's request,mutobusi akang masiku de pa kardi,Redeem my gold for me at Kardi's goldshop,,,,,,,,,,,,,,,,,,,,FALSE
4938,tobusala,noun,kind of cane or reed used for plaiting,,,,,,,,,,,,,,,,,,,,,,FALSE
4939,todu₁,intransitive verb,"calm (of the sea), quiet",,,,,,,,,,,,,,,,,,,todu akang,,,FALSE
4940,todu₂,verb,to cause something to sedimentate,,,,,,,,,,,,,,,,,,,batodu,,,FALSE
4941,todu₃,intransitive verb,to seek shelter,istiár cece mo haiwán duduk indalang batodu,Make sure no animal is inside seeking,basaláng ujang kita batodu de jojaga si ripai,"If it rains, we'll shelter in Rivai's garden",,,,,,,,,,,,,,,,,,FALSE
4942,tofahe,intransitive verb,"to be cooked very dry (of rice, the grains of which do not adhere, of sago bread that",,,,,,,,,,,,,,,,,,,,,,FALSE
4943,tofor-tofor,intransitive verb,shallow,,,,,,,,,,,,,,,,,Malay,lande,,,,FALSE
4944,tofu₁,verb,"to pile up, to collect something",,,,,,,,,,,,,,,,,,,batofu-tofu,,,FALSE
4945,tofu₂,intransitive verb,"to crowd, to collect in large numbers, to be heaped up, to have been collected in large numbers",,,,,,,,,,,,,,,,,,,,,,FALSE
4946,togal₁,noun,kind of drum and violin music,,,,,,,,,,,,,,,,,,,batogal,,,FALSE
4947,togal₂,intransitive verb,to play or dance to such music,,,,,,,,,,,,,,,,,,,,,,FALSE
4948,togas,intransitive verb,"to spin in place, to gyrate, to go and very much later return",,,,,,,,,,,,,,,,,,,,,,FALSE
4949,togor₁,intransitive verb,hard,,,,,,,,,,,,,,,,,,,togori,,,FALSE
4950,togor₂,verb,to harden something for someone else,,,,,,,,,,,,,,,,,,,patogori,,,FALSE
4951,togor₃,verb,"to harden something (e.g. sago bread by sunning it), to increase the hardness of something",,,,,,,,,,,,,,,,,,,patogori akang,,,FALSE
4952,togor₄,verb,to carefully harden or toughen something at someone's request,,,,,,,,,,,,,,,,,,,togor-togor,,,FALSE
4953,togor₅,intransitive verb,brackish (of water),,,,,,,,,,,,,,,,,,,batogor-togor,,,FALSE
4954,togor₆,intransitive verb,to be characteristically very hard,,,,,,,,,,,,,,,,,,saloban,,,,FALSE
4955,toguhi akang,verb,"to perform some task or do something with great intensity, to concentrate on something",,,,,,,,,,,,,,,,,,,,,,FALSE
4956,toguhu,intransitive verb,"intense, perspicacious",,,,,,,,,,,,,,,,,,,,,,FALSE
4957,togór₁,verb,"to greet someone, to say hello (when passing by someone)",,,,,,,,,,,,,,,,,,,batogórang,,,FALSE
4958,togór₂,verb,"to exchange greetings, to say hello to someone",,,,,,,,,,,,,,,,,,buai,,,,FALSE
4959,tohoko,noun,kind of bird,,,,,,,,,,,,,,,,bird,,,,,,FALSE
4960,tojung₁,verb,to leap on a level surface,,,,,,,,,,,,,,,,,,,tojungi,,,FALSE
4961,tojung₂,verb,"to leap at someone, to jump in front of someone, to pounce on something",,,,,,,,,,,,,,,,,,,tojung akang,,,FALSE
4962,tojung₃,verb,to leap in front of someone,,,,,,,,,,,,,,,,,,,tojung-tojung,,,FALSE
4963,tojung₄,verb,"to repeatedly jump, to dance with leaping movements",,,,,,,,,,,,,,,,,,,,,,FALSE
4964,toki,verb,"to rap, esp. with a downward thrust of the knuckles",,,,,,,,,,,,,,,,,,"koke, antuk",,,,FALSE
4965,toko,noun,"shop, store",,,,,,,,,,,,,,,,,,,,,,FALSE
4966,tola bumi,,,,,,,,,,,,,,,,,,,,tola gumi,,,,FALSE
4967,tola gumi,verb,"to open up new land, to prepare forest land",,,,,,,,,,,,,,,,,,marentes,,,,FALSE
4968,tolap,noun,kind of fish,,,,,,,,,,,,,,,,fish,,,,,,FALSE
4969,tolban₁,noun,kind of sponge cake made of sago flour and egg,,,,,,,,,,,,,,,,sago,,,,,,FALSE
4969,tolban₂,noun,kind of sponge cake made of sago flour and egg,,,,,,,,,,,,,,,,food,,,,,,FALSE
4970,tolo-tolo,noun,the whorl of one's hair,,,,,,,,,,,,,,,,,,,,,,FALSE
4971,tolouro,noun,kind of fish,,,,,,,,,,,,,Megalaspis cordyla,,,fish,,,,,,FALSE
4972,tolu,numeral,three,sapíl tolu,thirteen,,,,,,,,,,,,,,,,,,,,FALSE
4973,tolur₁,noun,egg,,,,,,,,,,,,,,,,,,,batolur,,,FALSE
4974,tolur₂,intransitive verb,to lay eggs,,,,,,,,,,,,,,,,,,,panolurang,,,FALSE
4975,tolur₃,noun,"nest, esp. of fowls",,,,,,,,,,,,,,,,,,panolurang,,,,FALSE
4976,tomang₁,intransitive verb,"complete, undiminished",,,,,,,,,,,,,,,,,,,patomangi,,,FALSE
4977,tomang₂,verb,"to reconstitute the unity of something, e.g. to put back together a durian which was split",,,,,,,,,,,,,,,,,,,tomang-tomang,,,FALSE
4978,tomang₃,intransitive verb,"entire, whole",Italang lao tomang-tomang.,He swallowed the fish whole.,saudang tomang-tomang,for the whole month,,,,,,,,,,,,,,,,,,FALSE
4979,tombong,noun,the fleshy seed-bud of in a coconut,,,,,,,,,,,,,,,,,,,,,,FALSE
4980,tome-tome,noun,kind of tree bearing sour fruit,,,,,,,,,,,,,Flacourtia inermis,,,plant,,,,,,FALSE
4981,tomo,verb,"to move (i.e., paddle, swim, etc.) against  something, e.g. the wind or current",des ma tomo itu nawa-nawang pauli moyo,Thus it simply cannot move out against the,,,,,,,,,,,,,,,,,,,,FALSE
4982,tomo obo,noun,"kind of culinary technique in which a fish is deboned, stuffed with peanuts and spices",,,,,,,,,,,,,,,,,Malay,,,,,FALSE
4983,tomok,noun,kind of plant having edible rhizomes and bright red flowers,,,,,,,,,,,,,Canna edulis,,,plant,,,,,,FALSE
4984,tonang₁,noun,a sauce to accompany sago porridge,,,,,,,,,,,,,,,,food,,,batonang,,,FALSE
4985,tonang₂,intransitive verb,to be served with a sago sauce,kapurung bahaláng tamau nyamang singofu batonang lao kiríng kuana,"Sago porridge,",,,,,,,,,,,,,,,,,,,,FALSE
4986,tonap,intransitive verb,"smelling of defecation, malodorous",,,,,,,,,,,,,,,,,,,,,,FALSE
4987,tondok₁,noun,fence,tiang tondok,fence post,,,,,,,,,,,,,,,,,,,,FALSE
4988,tondok₂,noun,a place near Labuha,,,,,,,,,,,,,,,,,,,,,,FALSE
4989,tonobane₁,intransitive verb,"to get a ride, to be a passenger",,,,,,,,,,,,,,,,,,,batonobane,,,FALSE
4990,tonobane₂,intransitive verb,to engage in getting a ride,,,,,,,,,,,,,,,,,,,patonobane,,,FALSE
4991,tonobane₃,verb,to give someone a ride,,,,,,,,,,,,,,,,,,,,,,FALSE
4992,tontong,noun,"kind of fish, the lined spine-cheek",,,,,,,,,,,,,Scolopsis cancellatus,,,fish,,,,"tontong nggaeka \df kind of fish, the whiptail, \sn Pentapodus setosus \sf  fish",,FALSE
4993,tonung₁,,,,,,,,,,,,,,,,,,spiritual,,,batonung,,,FALSE
4994,tonung₂,intransitive verb,"to engage in fortune-telling, clairvoyant communication and other such paranormal",,,,,,,,,,,,,,,,spiritual,,,patonungi,,,FALSE
4995,tonung₃,transitive verb,"to point out a perpetrator by using magic, to determine something by spells and reading",,,,,,,,,,,,,,,,,,,patonungi akang,,,FALSE
4996,tonung₄,verb,to point out a perpetrator by clairvoyance or magic at the request of another,,,,,,,,,,,,,,,,,,,,,,FALSE
4997,tong₁,verb,to bark at someone (of dogs),,,,,,,,,,,,,,,,,,mano/ng,,,,FALSE
4998,tong₂,noun,kind of large barrel or metallic storage drum,,,,,,,,,,,,,,,,,,,,,,FALSE
4999,tongo,pronoun,a small amount,pauli tadapa doit tongo sen fur balanyja,We can get a few cents' worth of money for,,,,,,,,,,,,,,,,,,"tongo diki \df a bit, a few",,FALSE
5000,tongoli,verb,"to drink in one gulp, to drink alcohol in swigs",,,,,,,,,,,,,,,,,,,,,,FALSE
5001,to₁,particle,and the others,de yono to rumana,at Yono and his family's house,,,,,,,,,,,,a marker used to pluralize or collectivize personal pronouns,,,,,,,,FALSE
5002,to₂,particle,you know,papa to kapo mutauli kamí,"Father, you know, came to check on you.",,,,,,,,,,,,,,,,,,,,FALSE
5003,topang₁,verb,"to attack (of predatory fish), to browbeat or out-maneuver (of a powerful person)",,,,,,,,,,,,,,,,,,,batopang,,,FALSE
5004,topang₂,intransitive verb,to be in the process of attacking other fish,,,,,,,,,,,,,,,,,,,,,,FALSE
5005,topa-topal,noun,the high tips of the prows of certain Bacan boats,,,,,,,,,,,,,,,,,,,,,,FALSE
5006,topo₁,verb,"to clap at someone (to attract that person's attention), to clap for someone (in appreciation)",mutopo ia ka mai hadiki,Please clap for him to come,,,,,,,,,,,,,,,,,topoi,,,FALSE
5007,topo₂,verb,to clap at someone for someone,,,,,,,,,,,,,,,,,,,topo akang,,,FALSE
5008,topo₃,verb,to clap at someone at someone's request,,,,,,,,,,,,,,,,,,,batopo,,,FALSE
5009,topo₄,intransitive verb,to clap the hands,,,,,,,,,,,,,,,,,,batampar tangang,,,,FALSE
5010,topóng,noun,wheat flour,,,,,,,,,,,,,,,,food,,,,topo/ng pamasik \df rice flour \sf  food,,FALSE
5011,tore₁,intransitive verb,dry and hard (but still chewable) of food which is fried or sunned,,,,,,,,,,,,,,,,,,,tore-tore,,,FALSE
5012,tore₂,intransitive verb,crisp,,,,,,,,,,,,,,,,,,,,,,FALSE
5013,torong₁,,,,,,,,,,,,,,,,,,,,,torongi,,,FALSE
5014,torong₂,transitive verb,to give something in large quantities to someone,,,,,,,,,,,,,,,,,,,,,,FALSE
5015,torori₁,verb,to sedimentate,,,,,,,,,,,,,,,,,,,,,,FALSE
5016,torori₂,intransitive verb,"to have cleared up (because impurities have settled), said of water and other liquids",,,,,,,,,,,,,,,,,,,patorori,,,FALSE
5017,torori₃,intransitive verb,to cause something (e.g. dregs) to sedimentate,,,,,,,,,,,,,,,,,,,,,,FALSE
5018,torosol₁,intransitive verb,"to pester, annoy, interrupt or bother others",,,,,,,,,,,,,,,,,,,batorosol,,,FALSE
5019,torosol₂,intransitive verb,to be engaged in bothering and fussing around,,,,,,,,,,,,,,,,,,,,,,FALSE
5020,torus₁,particle,"then, immediately afterwards, after that",kami imba: de ba: torus kami singga di si umar to,We went over there (at the east,,,,,,,,,,,,,,,,,,,,FALSE
5021,torus₂,adverb,"incessantly, continuously",anandeket ni balampo torus,This child is always on the move,,,,,,,,,,,,,,,,,torus akang,,,FALSE
5022,torus₃,verb,"to continue something (one's journey, unrolling a measuring tape) at someone's request",torus akang ka lau,Continue in the direction of the sea,,,,,,,,,,,,,,,,,patorusi,,,FALSE
5023,torus₄,verb,to extend something in the same direction,,,,,,,,,,,,,,,,,,,,,,FALSE
5024,toróp,,,,,,,,,,,,,,,,,,,,batoro/p,,,,FALSE
5025,tosa₁,noun,"reserve, something extra set aside",botang fur tosa,Put it away as a reserve supply (of food),,,,,,,,,,,,,,,,,batosa,,,FALSE
5026,tosa₂,intransitive verb,"to keep extra supplies, to have reserves",,,,,,,,,,,,,,,,,,,,,,FALSE
5027,totak₁,transitive verb,"to shake something (e.g., clothes) to remove dust or crumbs",,,,,,,,,,,,,,,,,,,totaki,,,FALSE
5028,totak₂,verb,to shake something for someone,,,,,,,,,,,,,,,,,,,patotak,,,FALSE
5029,totak₃,intransitive verb,to stamp one's feet and flail one's arms in exasperation or a willful pout,,,,,,,,,,,,,,,,,,,,,,FALSE
5030,toto,pronoun,"that thing, that one",,,,,,,,,,,,,,,,,,,,"toto ini \df this one exactly \il  ana seni toto ini  Precisely these boys, toto itu \df that one precisely \il  toto itu itu  Exactly that one there",,FALSE
5031,totorang,,,,,,,,,,,,,,,,,,,,bobot totorang,,,,FALSE
5032,totu,noun,great-grandparent,,,,,,,,,,,,,,,,kinship,,"cece, piut",,,,FALSE
5033,totuko,noun,"kind of fish, perhaps the northern bluefin tuna",,,,,,,,,,,,,Kishinoella tonggol,,,fish,,,,,,FALSE
5034,tring,,,,,,,,,,,,,,,,,,,,cring,,,,FALSE
5036,tu,pronoun,"that, the aforesaid",,,,,,,,,,,,,,,,,,itu,,,,FALSE
5037,tua₁,intransitive verb,old (of persons),,,,,,,,,,,,,,,,,,,patuai,,,FALSE
5038,tua₂,verb,to allow something to ripen,,,,,,,,,,,,,,,,,,,patua akang,,,FALSE
5039,tua₃,verb,"to let something go to seed, to grow something to its full ripeness to obtain seeds for planting",,,,,,,,,,,,,,,,,,,tua-tua,,,FALSE
5040,tua₄,intransitive verb,old (of things),,,,,,,,,,,,,,,,,,,,,,FALSE
5041,tua₅,noun,elders,,,,,,,,,,,,,,,,,,,tu-tua,,,FALSE
5042,tua₆,noun,elders,,,,,,,,,,,,,,,,,,,,,,FALSE
5043,tuala,noun,handkerchief,,,,,,,,,,,,,,,,,,,,,,FALSE
5044,tuar₁,noun,"stump, esp. of small trees",,,,,,,,,,,,,,,,,,,batuar,,,FALSE
5045,tuar₂,intransitive verb,to be characterized by stumps (e.g. a recently cleared forest),,,,,,,,,,,,,,,,,,,,,,FALSE
5046,tuarakang,verb,"to leave someone behind on purpose, to ditch someone",,,,,,,,,,,,,,,,,,,,,,FALSE
5047,tuba₁,intransitive verb,bitter,,,,,,,,,,,,,,,,,,,batuba-tuba,,,FALSE
5048,tuba₂,intransitive verb,to have the characteristic of bitterness (when tasted),,,,,,,,,,,,,,,,,,,patubai,,,FALSE
5049,tuba₃,verb,to make something bitter,,,,,,,,,,,,,,,,,,,,,,FALSE
5050,tuba kayu₁,noun,"kind of fish poison, kind of root used to make a fish poison, tuba root",,,,,,,,,,,,,Derris elliptica,,,plant,,,,,,FALSE
5050,tuba kayu₂,noun,"kind of fish poison, kind of root used to make a fish poison, tuba root",,,,,,,,,,,,,Derris elliptica,,,fishing,,,,,,FALSE
5051,tubas₁,verb,to cause land to slide down,,,,,,,,,,,,,,,,,,,tubas akang,,,FALSE
5052,tubas₂,verb,"to cause something to collapse, to scrape away something (land)",,,,,,,,,,,,,,,,,,,natubas,,,FALSE
5053,tubas₃,intransitive verb,to have collapsed by a landslide,,,,,,,,,,,,,,,,,,,,,,FALSE
5054,tubin,noun,four days from now,,,,,,,,,,,,,,,,,,,,,,FALSE
5055,tudang,,,,,,,,,,,,,,,,,,,,sapat-,,,,FALSE
5056,tuda-tuda,noun,"loop, usually of rattan, fastening the strut to the boat",,,,,,,,,,,,,,,,,,,,,,FALSE
5057,tuging,noun,"kind of boring tool, a gimlet",,,,,,,,,,,,,,,,tool,,,,,,FALSE
5058,tuhang,noun,God,,,,,,,,,,,,,,,,,,Allah,,,,FALSE
5059,tuju₁,verb,to shoot something or someone,,,,,,,,,,,,,,,,,,,tujui,,,FALSE
5060,tuju₂,verb,to shoot at some target or person,,,,,,,,,,,,,,,,,,,tuju akang,,,FALSE
5061,tuju₃,verb,to shoot at another's request,,,,,,,,,,,,,,,,,,,batuju,,,FALSE
5062,tuju₄,intransitive verb,to engage in shooting,,,,,,,,,,,,,,,,,,,,,,FALSE
5063,tujublas ramadán,noun,the Islamic holiday commemorating the descent of the angel Jibrail to reveal the,,,,,,,,,,,,,,,,spiritual,,,,,,FALSE
5064,tujui,intransitive verb,to travel in some direction,tujui de awanggó,to travel in the direction of Awanggó.,,,,,,,,,,,,,,,,,,,,FALSE
5065,tuka₁,verb,to buy something,,,,,,,,,,,,,,,,,,,tukai,,,FALSE
5066,tuka₂,verb,to buy something for someone,tukai aku pondo habua,Buy me a shirt.,,,,,,,,,,,,,,,,,tukai akang,,,FALSE
5067,tuka₃,verb,to buy something for someone at someone's request,tukai akang pondo habua bo si ali,Buy a shirt for Ali.,,,,,,,,,,,,,,,,,tuka akang,,,FALSE
5068,tuka₄,verb,to buy something at someone's request,,,,,,,,,,,,,,,,,,,batuka,,,FALSE
5069,tuka₅,intransitive verb,to make a purchase (as a task),alengo kusu: si umar batuka tabako,Just now I told Umar to buy cigarettes,,,,,,,,,,,,,,,,,batuka-tuka,,,FALSE
5070,tuka₆,intransitive verb,to make purchases repeatedly or intensively,,,,,,,,,,,,,,,,,,tukaya,,,,FALSE
5071,tukang,noun,"craftsman, workman",,,,,,,,,,,,,,,,,,,,tukang bayaka \df blacksmith \crm  bayaka \crm  burung tukang,,FALSE
5072,tukaya,noun,price,tukayana sabayá,What's its price?,,,,,,,,,,,,,,,,,,tukaya kawing \df bride price \crm  tuka,,FALSE
5073,tula,noun,three days from now,,,,,,,,,,,,,,,,,,,,,,FALSE
5074,tulak₁,transitive verb,to push,,,,,,,,,,,,,,,,,,,tulaki,,,FALSE
5075,tulak₂,transitive verb,to push at something,,,,,,,,,,,,,,,,,,,tulak akang,,,FALSE
5076,tulak₃,transitive verb,to push at someone's request,,,,,,,,,,,,,,,,,,,batulak,,,FALSE
5077,tulak₄,intransitive verb,to engage in pushing,,,,,,,,,,,,,,,,,,,batutulakang,,,FALSE
5078,tulak₅,intransitive verb,"to push each other, to jostle",,,,,,,,,,,,,,,,,,,,,,FALSE
5079,tulang,noun,bone,tulang natempik,broken bone,,,,,,,,,,,,,,body,,,,"tulang bangkurung \df backbone, tulang keringa \df shin bone, tibia \crm  sabe-sabel \sf  body",,FALSE
5080,tulung₁,verb,"to assist, to help",Kau mutulung aku hadiki.,"Give me some help, will you?",,,,,,,,,,,,,,,,,tulungi,,,FALSE
5081,tulung₂,verb,to help someone,,,,,,,,,,,,,,,,,,,tulungi akang,,,FALSE
5082,tulung₃,verb,to help someone at the request of another,Kau mutulungi akang ia basintak nyjong.,Help him beach his boat!,,,,,,,,,,,,,,,,,tulung akang,,,FALSE
5083,tulung₄,verb,to help someone at his or her request,,,,,,,,,,,,,,,,,,,batulung,,,FALSE
5084,tulung₅,intransitive verb,to extend aid,,,,,,,,,,,,,,,,,,,batulungang,,,FALSE
5085,tulung₆,intransitive verb,to extend aid (of many persons),,,,,,,,,,,,,,,,,,,batu-batulungang,,,FALSE
5086,tulung₇,intransitive verb,to help someone,kamí pabua foloi pauli kita batu-batulungang,You make extra then we will be able to,,,,,,,,,,,,,,,,,,,,FALSE
5087,tum₁,ideophone,the sound of splashing or diving,,,,,,,,,,,,,,,,,,,batím,,,FALSE
5088,tum₂,verb,"to dive (deeply), to swim underwater",,,,,,,,,,,,,,,,,,manyalang,,,,FALSE
5089,tuma,noun,"kind of insect, body louse, order Phthiraptera, tick, (Acari), or flea (Siphonaptera)",,,,,,,,,,,,,,,,insect,,"bawi tumana, iyu tumana, linyca, daung tumana",,,,FALSE
5090,tumbak₁,transitive verb,to hew something to split and shape something (wood) into blocks suitable for chopping into,,,,,,,,,,,,,,,,,,,tumbaki,,,FALSE
5091,tumbak₂,verb,to hew something for someone,,,,,,,,,,,,,,,,,,,tumbak akang,,,FALSE
5092,tumbak₃,verb,to hew something at someone's request,,,,,,,,,,,,,,,,,,,batumbak,,,FALSE
5093,tumbak₄,intransitive verb,to engage in wood-hewing,,,,,,,,,,,,,,,,,,,,,,FALSE
5094,tumbak₅,noun,"kind of spear, sharpened stake",,,,,,,,,,,,,,,,,,,,,,FALSE
5095,tumbol₁,verb,"to poke at something (fruit, etc.) with a pole",,,,,,,,,,,,,,,,,,,tatumbol,,,FALSE
5096,tumbol₂,noun,"cane, staff, walking stick, kind of pole or cross-piece used to spread a net apart for drying",,,,,,,,,,,,,,,,tool,,,,,,FALSE
5097,tumbu₁,,,,,,,,,,,,,,,,,,,,,batumbu,,,FALSE
5098,tumbu₂,intransitive verb,to sprout (of plants),,,,,,,,,,,,,,,,,,,patumbu akang,,,FALSE
5099,tumbu₃,verb,to cause something to sprout,,,,,,,,,,,,,,,,,,jarung,,,,FALSE
5100,tumbulawang,noun,"kind of ginger, the rhizomes of which are medicinal",,,,,,,,,,,,,Curcuma xanthorrhiza <medicine>,,archaic,plant,,,,,,FALSE
5101,tumbuni₁,verb,to blow on something,,,,,,,,,,,,,,,,,,,tumbuni akang,,,FALSE
5102,tumbuni₂,verb,to blow at something at another's request,Tumbuni akang mataku.,Blow into my eyes (to remove a particle there).,,,,,,,,,,,,,,,,,batumbuni,,,FALSE
5103,tumbuni₃,intransitive verb,to engage in blowing (e.g. to ignite a fire),,,,,,,,,,,,,,,,,,,batu-batumbuniang,,,FALSE
5104,tumbuni₄,intransitive verb,to blow at someone,,,,,,,,,,,,,,,,,,,,,,FALSE
5105,tumburafu,intransitive verb,"to do as one likes, to be self-centered, to be so egotistical that one's behavior is erratic",,,,,,,,,,,,,,,,,,,,,,FALSE
5106,tumbu-tumbuhan,noun,"plants, vegetation",,,,,,,,,,,,,,,,,Indonesian,,,,,FALSE
5107,tumping,noun,a fleshy growth on the skin,,,,,,,,,,,,,,,,body,,,,,,FALSE
5108,tumpul,intransitive verb,"dull, blunt-edged",,,,,,,,,,,,,,,,,,,,,,FALSE
5109,tunas₁,noun,kind of tree,,,,,,,,,,,,,,,,plant,,,,,,FALSE
5110,tunas₂,noun,young branch,,,,,,,,,,,,,,,,,,,,,,FALSE
5111,tunduk₁,verb,to lean forward,,,,,,,,,,,,,,,,,,,batunduk,,,FALSE
5112,tunduk₂,intransitive verb,to be in a bent or leaning position,,,,,,,,,,,,,,,,,,,,,,FALSE
5113,tundung₁,noun,"thestalk (of certain fruits, e.g. coconuts), incl. the peduncle and multiple pedicels",,,,,,,,,,,,,,,,,,,,,,FALSE
5114,tundung₂,numeral classifier,"a bunch or cluster, a counter of certain fruits",,,,,,,,,,,,,,,,,,,,,,FALSE
5115,tuntut₁,verb,to charge something in a legal proceeding,,,,,,,,,,,,,,,,,,,manuntut,,,FALSE
5116,tuntut₂,intransitive verb,to be a complainant in a legal proceeding,,,,,,,,,,,,,,,,,,kala/k,,,,FALSE
5117,tunu₁,verb,"to set alight (a torch or lantern), to start a fire <ignite>",,,,,,,,,,,,,,,,,,,tunui,,,FALSE
5118,tunu₂,verb,to light something for someone,tunui ia padamara,Light a lamp for him,,,,,,,,,,,,,,,,,tunu akang,,,FALSE
5119,tunu₃,verb,to light something at someone's request,,,,,,,,,,,,,,,,,,,batunu,,,FALSE
5120,tunu₄,intransitive verb,engage in lighting (e.g. lighting lanterns at nightfall),,,,,,,,,,,,,,,,,,,,,,FALSE
5121,tuníng,verb,to weave something,,,,,,,,,,,,,,,archaic,,,,,,,FALSE
5122,tung,noun,kind of small long hand-held drum,,,,,,,,,,,,,,,,,,,,,,FALSE
5123,tunggar,noun,kind of tree,,,,,,,,,,,,,,,,plant,,,,,,FALSE
5124,tunggara,noun,"a point of the compass, southeast",,,,,,,,,,,,,,,,,,,,,,FALSE
5125,tunggu,verb,to wait,,,,,,,,,,,,,,,,,Indonesian,adangi,,,,FALSE
5126,tungkangi₁,,,,,,,,,,,,,,,,,,,,,tungkangi:,,,FALSE
5127,tungkangi₂,verb,"to show something to someone, to demonstrate something to someone, to explain to someone",Ia mutungkangi: langker benteng dadauluna.,She showed him the old fort.,A: sakarang kutungkangi: kau.,"So, now I'll explain to you.",,,,,,,,,,,,,,,tungkangi akang,,,FALSE
5128,tungkangi₃,verb,to show someone something at another's request,,,,,,,,,,,,,,,,,,,batungkangi:,,,FALSE
5129,tungkangi₄,intransitive verb,to be engaged in showing something to someone,,,,,,,,,,,,,,,,,,,,,,FALSE
5130,tuong₁,verb,"to wrap up something, to cover something, to envelop something",asapa itu naik ka:ta mutuong kita,Its smoke rose up and enveloped us.,,,,,,,,,,,,,,,,,,,,FALSE
5131,tuong₂,noun,package,,,,,,,,,,,,,,,,,,,,,,FALSE
5132,tuong₃,numeral classifier,"pack, counter for cigarettes",,,,,,,,,,,,,,,,,,,tuongi,,,FALSE
5133,tuong₄,verb,to wrap something for someone,,,,,,,,,,,,,,,,,,,tuong akang,,,FALSE
5134,tuong₅,verb,to wrap something at someone's request,,,,,,,,,,,,,,,,,,,batuong,,,FALSE
5135,tuong₆,intransitive verb,to engage in packaging,,,,,,,,,,,,,,,,,,,patuongi,,,FALSE
5136,tuong₇,verb,to thoroughly enclose something in wrapping,,,,,,,,,,,,,,,,,,,tuo-tuong,,,FALSE
5137,tuong₈,noun,"package, bundle (of clothes)",,,,,,,,,,,,,,,,,,bobot tutuongang,,,,FALSE
5138,tur,noun,"low tide, ebb tide",,,,,,,,,,,,,,,,,,,,"tur kering \df very low tide, typical of certain seasons",,FALSE
5139,turang₁,verb,"to push something down, to take apart something",tadua taturang pandudukang itu,Let's the two of us push over that group's sitting,,,,,,,,,,,,,,,,,turangi,,,FALSE
5140,turang₂,verb,to push something down on someone or something,dinding ni muturangi aku de kapala,"You pushed that wall down on to me, right onto",,,,,,,,,,,,,,,,,turang akang,,,FALSE
5141,turang₃,verb,to cause something to slide down at someone's request,,,,,,,,,,,,,,,,,,,naturang,,,FALSE
5142,turang₄,intransitive verb,"to have slid down, to have come down",pasir naturang,the (dune of) sand has collapsed,,,,,,,,,,,,,,,,,,,,FALSE
5143,turi,noun,"kind of tree, the scarlet wisteria tree",,,,,,,,,,,,,Sesbania grandiflora,,,plant,,,,,,FALSE
5144,turumpét₁,noun,"kind of musical instrument, the trumpet",,,,,,,,,,,,,,,,,,,,,,FALSE
5145,turumpét₂,noun,"kind of fish, the deep-sea flute-mouth",,,,,,,,,,,,,Fistularia villosa,,,fish,,,,,,FALSE
5146,turung,intransitive verb,"to descend, to conclude some elevated task (e.g. studying Quranic recital) and so return to the",,,,,,,,,,,,,,,,,,,,"turung sambeang \df to leave from Friday prayers, to leave from worship in the mosque (i.e. to come down from the spiritual plane to the mundane) \af  turungi \ps  v \df to lower something \af  turung akang \ps  v \df to lower something at someone's request \af  baturung \ps  vi \df to send (someone) off, to see off <send off> \il  pasi mubaturung panganting They saw the bride and groom off. \df to be engaged in lowering something \af  babaturung \ps  vi \df to set forth in a bridal entourage \il  panganting tu tala babaturung The groom set forth in a wedding parade \af  naturung \ps  vi \df to be sloping inappropriately (e.g. of a roof with too steep a pitch) <slope> \df to have gone down unexpectedly \af  panurungang \ps  n \df ladder, notched log (for descending a river bank) \af  panu-panurungang \ps  n \df steps or well-beaten path leading downwards (e.g. to a river) \af  katurungang \ps  n \df line of descent \af  katu-katurungang \ps  n \df riverbank \df steep incline leading downward, including path or stairway",,FALSE
5147,tutuk₁,verb,to pound,,,,,,,,,,,,,,,,,,,tutuki,,,FALSE
5148,tutuk₂,verb,to pound something for someone,,,,,,,,,,,,,,,,,,,tutuk akang,,,FALSE
5149,tutuk₃,verb,to pound something at someone's request,,,,,,,,,,,,,,,,,,,batutukang,,,FALSE
5150,tutuk₄,intransitive verb,to fight someone,pasi batutukang,They fight each other,,,,,,,,,,,,,,,,,natutuk,,,FALSE
5151,tutuk₅,intransitive verb,"to have choked (on food), to be pounded or slammed (e.g., to be driven shoreward by heavy waves)",pamuluna ilau yogo natutuk,The predator fish is there and the school of fish is about to,,,,,,,,,,,,,,,,,panutukang,,,FALSE
5152,tutuk₆,noun,fist,,,,,,,,,,,,,,,,,,,,,,FALSE
5153,tutuongang,,,,,,,,,,,,,,,,,,,,bobot tutuongang,,,,FALSE
5154,tutup,transitive verb,to put a cover on something,,,,,,,,,,,,,,,,,,,,"tutupa \df bung, cover, or plug of something \af  tutupi \ps  vt \df to close something for someone \il  tutupi nawang  Close the door \il  di buluta itutupi nang daung apé  At the top they close it with what kind of leaf? \af  tutupi akang \ps  v \df to close something at someone's request \af  tutup akang \ps  vt \df to close something at someone's request \af  natutup \ps  vi \df accidentally closed \af  tutu-tutup \ps  n \df cover, lid",,FALSE
5155,tutusaji,noun,kind of semi-spherical food cover of plaited and decorated palm leaves,,,,,,,,,,,,,,,,,,,,,,FALSE
5156,tutuyang,noun,kind of permanent side porch or gazebo without walls; the roof is usually thatch,,,,,,,,,,,,,,,,,,,,,,FALSE
5157,tuyut,,,,,,,,,,,,,,,,,,,,batuyutang,,,,FALSE
5158,uar₁,verb,"to bring down, to cause to collapse, to wreck (a house)",,,,,,,,,,,,,,,,,,,uari,,,FALSE
5159,uar₂,transitive verb,to bring down something on someone,,,,,,,,,,,,,,,,,,,uar akang,,,FALSE
5160,uar₃,verb,to bring something down at someone's request,,,,,,,,,,,,,,,,,,,bauar,,,FALSE
5161,uar₄,intransitive verb,to be engaged in dismantling <dismantle> or tearing down,,,,,,,,,,,,,,,,,,,,bauar kayuang \df to clear a forest \il  supaya pasi mueti yang kita bauar kayuang so that they know that we plan to clear some land (for planting) \af  bauari akang \ps  vi \df to be engaged in tearing something down at another's request \af  nauar \ps  vi \df collapsed,,FALSE
5162,uas₁,verb,to wash something (a plate),,,,,,,,,,,,,,,,,,,uasi,,,FALSE
5163,uas₂,verb,to wash something (crockery) for someone,,,,,,,,,,,,,,,,,,,uas akang,,,FALSE
5164,uas₃,verb,to wash something at someone's request,,,,,,,,,,,,,,,,,,,bauas,,,FALSE
5165,uas₄,intransitive verb,to engage in dish-washing,,,,,,,,,,,,,,,,,,,bauas-uas,,,FALSE
5166,uas₅,intransitive verb,to engage in washing a large number of plates and glasses,,,,,,,,,,,,,,,,,,,pauasang,,,FALSE
5167,uas₆,noun,"fingerbowl, water used to wash dishes <dishwasher>",,,,,,,,,,,,,,,,,,,,,,FALSE
5168,uat,,,,,,,,,,,,,,,,,,,,mauat,,,,FALSE
5169,ubang₁,verb,"to strike someone with the hand, to hit someone",,,,,,,,,,,,,,,,,,,ubang akang,,,FALSE
5170,ubang₂,verb,to strike someone at someone's request,,,,,,,,,,,,,,,,,,,,,,FALSE
5171,ubo,noun,"kind of bird, a blue and green parrot",,,,,,,,,,,,,Psittacidae,,,bird,,,,,,FALSE
5172,udang,noun,"moon,",,,,,,,,,,,,,,,,natural phenomenon,,,,"udang makarau \df lunar eclipse \sf  nat phen, udang pakaciang \df full moon \df bright, luminescent moon \sf  nat phen, udang purnama \df full moon \sf  nat phen, udang sabil \df crescent moon, new moon, udang sabit \df crescent moon, new moon \df month, udang haji \df the twelfth month of the Islamic calendar, during which the rituals of the hajj are performed, udang puasa \df the ninth month of the Islamic calendar, during which the fast is observed, udang kapota \df next month \crm  julkaida \crm  julhija \crm  jumadil awal \crm  jumadil ahir \crm  muharam \crm  raja/p \crm  ramada/n \crm  saba/n \crm  sapar \crm  sawa/l",,FALSE
5173,udara,noun,airplane,,,,,,,,,,,,,,,,,,kapal udara,,,,FALSE
5174,uhi,noun,"kind of fish, the black spinefoot",,,,,,,,,,,,,Siganus spinus,,,fish,,,,,,FALSE
5175,ui,noun,"kind of root crop, the sweet potato",,,,,,,,,,,,,Ipomoea batatas,,,plant,,,,,,FALSE
5176,ujang,noun,rain,,,,,,,,,,,,,,,,natural phenomenon,,laulaka ujang,,"ujang alu-alus \df light shower, ujang rente-rente \df drizzle, light shower \sf  nat phen, ujang nang papadasa \df sunshower \sf  nat phen",,FALSE
5177,ujung,noun,"cape, promontory, headland, extremity, point",,,,,,,,,,,,,,,,geography,,peler ujunga,,,,FALSE
5178,ukir,verb,to carve,,,,,,,,,,,,,,,,,,,,,,FALSE
5179,ukur₁,,,,,,,,,,,,,,,,,,,,,ukuri,,,FALSE
5180,ukur₂,verb,to measure someone or something,,,,,,,,,,,,,,,,,,,ukur akang,,,FALSE
5181,ukur₃,verb,to measure something at someone's request,,,,,,,,,,,,,,,,,,,baukurang,,,FALSE
5182,ukur₄,intransitive verb,to measure someone,puda nang juki baukurang siá lebe ra:,Puda and Juki were measuring someone (to see) who was bigger,,,,,,,,,,,,,,,,,,,,FALSE
5183,ulang₁,verb,to repeat (some behavior pattern),cece kau muulang dang mo kubobar kau,Don't do (that) again,otherwise I'll beat you,,,,,,,,,,,,,,,,ulangi,,,FALSE
5184,ulang₂,verb,to repeat something for someone,ulangi caritamu,repeat your story,,,,,,,,,,,,,,,,,ulang akang,,,FALSE
5185,ulang₃,verb,to repeat something at someone's request,,,,,,,,,,,,,,,,,,,ulangi akang,,,FALSE
5186,ulang₄,verb,to repeat something specific at another's request,,,,,,,,,,,,,,,,,,,baulang,,,FALSE
5187,ulang₅,intransitive verb,to be in the process of repeating,,,,,,,,,,,,,,,,,,,mangulangi,,,FALSE
5188,ulang₆,intransitive verb,to review or restudy something,,,,,,,,,,,,,,,,,,,paulang akang,,,FALSE
5189,ulang₇,verb,to cause or assist someone to repeat something,ia keu mupaulang akang adina mangaji,She refused to help her brother review his,,,,,,,,,,,,,,,,,,,,FALSE
5190,ulang-ulang₁,noun,"kind of savory cake, made of glutinous rice steamed with fish, wrapped in banana",,,,,,,,,,,,,,,,,,"ulang, lalampa",,,,FALSE
5191,ulang-ulang₂,noun,kind of vegetable dish of raw male banana flowers and cucumbers in a slightly sour,,,,,,,,,,,,,,,,,,,,,,FALSE
5192,ular,noun,"snake, suborder Serpentes or Ophidia",,,,,,,,,,,,,,,,animal,,,,"ular leper \df various kind of poisonous snakes, esp. pit-vipers, \sn Crotalinae  , incl. the marble pit viper, \sn Agkistrodon rhodostoma \sf  animal, ular lidi \df kind of green tree snake, probably \sn Dryophis prasinus \sf  animal, ular buta \df some kind of sea snakes \sf  sea creature, ular mata buta \df kind of snake, \sn Acrochordus \sf  animal, ular minyak \df kind of snake, perhaps the banded coral snake, \sn Maticora intestinalis \sf  animal, ular patola \df kind of snake, python \sf  animal, ular patola rong \df kind of snake, kind of python \sf  animal, ular suligi \df kind of small snake \sf  animal, ular komalona \df a luminescent excretion of snakes, believed to be the lifeforce of a snake, perhaps a bezoar \crm  komalo",,FALSE
5193,ulat,noun,"grub, caterpillar",,,,,,,,,,,,,,,,insect,,,,"ulat babulu \df various kind of caterpillars with venomous setae, fam. Limacodidae, incl. the stinging caterpillar, \sn Parasa lepida \sf  insect, ulat tantung \df mosquito larvae \sf  insect \af  baulat \ps  vi \df to be wormy or full of larvae",,FALSE
5194,ulu₁,noun,"hilt, handle",bayaka uluna,machete hilt,,,,,,,,,,,,,,,,,baulu,,,FALSE
5195,ulu₂,intransitive verb,to have a handle or hilt,bayaka habua tu baulu kayu molugotu,That machete has a hilt of molugotu wood,,,,,,,,,,,,,,,,,,,,FALSE
5196,ulur₁,verb,"to put (a boat) in water, to launch",,,,,,,,,,,,,,,,sailing,,cunting naulur,ulur akang,,,FALSE
5197,ulur₂,verb,to lower something (a boat) into the water at someone's request,,,,,,,,,,,,,,,,,,,baular,,,FALSE
5198,ulur₃,intransitive verb,"to be hanging low, to be bent down (of a tree)",,,,,,,,,,,,,,,,,,,baulurang,,,FALSE
5199,ulur₄,intransitive verb,to be bent very low (of branches with heavy fruiting),,,,,,,,,,,,,,,,,,,,,,FALSE
5200,umang₁,verb,to look for something or someone,kuumang kau alengo,I was looking for you just now,yogo bose maóp alengo ka lau umang nyjong sondor ke dapa,I wanted to paddle out to,,,,,,,,,,,,,,,baumang,,,FALSE
5201,umang₂,intransitive verb,to be engaged in searching,manusia yogo sopang baumang lao musi japang mueti,If someone wanted to go out to look,,,,,,,,,,,,,,,,,baumang-umang,,,FALSE
5202,umang₃,intransitive verb,to constantly be searching,soalnya aku ni ada baumang-baumang kintal mitu,The fact is I have been looking and,,,,,,,,,,,,,,,,,,,,FALSE
5203,umat,noun,"person, often used as a codeword",,,,,,,,,,,,,,,,,,,,,,FALSE
5204,umbuk,verb,"to request, to ask the hand of someone, to propose marriage to a woman's parents",duga-dugana kami umbuk ambulung de abdíl nang wahit,We will just ask for sago,Mansia tala muumbuk anaka ia.,Someone has asked for the hand of his daughter in,,,,,,,,,,,,society,,,,"umbuk hala/l \df to ask for forgiveness of someone from whom one has stolen, to ask that the victim bear no grudge and clear the perpetrator by the victim's releasing his or her right over the property, umbuk maaf \df to ask forgiveness <apologize> \df to utter something respectfully as a supplicant, umbuk doa \df to say or utter a prayer <pray>, umbuk tarimakasi \df to say thank you, esp. to someone of higher status \af  umbuki \ps  v \df to request something for someone \il  umbuki aku doit saribu de pa mus  Ask for a thousand rupiah for me from Mr. Mus. \af  umbuk akang \ps  v \df to ask for something at someone's request \af  baumbuk \ps  vi \df to be characterized by requesting and begging \af  paumbukang \ps  n \df the formal proposal of marriage by the prospective groom's family; this includes setting the marriage date",,FALSE
5205,umpak₁,transitive verb,"to chase someone out, to expel someone",,,,,,,,,,,,,,,,,,,umpak akang,,,FALSE
5206,umpak₂,verb,to chase someone or something out at someone's request,,,,,,,,,,,,,,,,,,,baumpak,,,FALSE
5207,umpak₃,intransitive verb,to engage in chasing as a task,baumpak manuk,to work at chasing out chickens,,,,,,,,,,,,,,,,,,,,FALSE
5208,umpalak₁,verb,to drive someone away harshly <expel>,,,,,,,,,,,,,,,,,,,umpalak akang,,,FALSE
5209,umpalak₂,verb,to drive someone away at someone's request,,,,,,,,,,,,,,,,,,,,,,FALSE
5210,umpamanya,conjunction,for example,,,,,,,,,,,,,,,,,Indonesian,"mo:, nya",,,,FALSE
5211,umpang,noun,bait,,,,,,,,,,,,,,,,fishing,,,,,,FALSE
5212,umur,noun,age,Kau umurmu sabayá?,How old are you?,Umuku sapulu salapang taung.,I'm nineteen.,,,,,,,,,,,,,,,,"umur tinggi-tinggi \df God-willing, if circumstances permit",,FALSE
5213,undang,transitive verb,to invite someone to a reception (often by delivering a written  invitation),,,,,,,,,,,,,,,,,,alap,,,,FALSE
5214,unding₁,verb,to order or command someone,,,,,,,,,,,,,,,,,,,baunding,,,FALSE
5215,unding₂,intransitive verb,"to engage in ordering (as one's job, e.g. as a foreman), to be bossy",,,,,,,,,,,,,,,,,,,paundingang,,,FALSE
5216,unding₃,noun,a personal servant,,,,,,,,,,,,,,,archaic,,,,,,,FALSE
5217,undur₁,intransitive verb,to go backwards,,,,,,,,,,,,,,,,,,,,,,FALSE
5218,undur₂,noun,"kind of conical basket, made of sago leaf sheath used to carry sago pith",,,,,,,,,,,,,,,,utensil,,,,,,FALSE
5218,undur₃,noun,"kind of conical basket, made of sago leaf sheath used to carry sago pith",,,,,,,,,,,,,,,,sago,,,,,,FALSE
5219,undur₄,noun,kind of tree bearing edible fruit,,,,,,,,,,,,,,,,plant,,,,,,FALSE
5220,undus₁,,,,,,,,,,,,,,,,,,,,,undus akang,,,FALSE
5221,undus₂,verb,to shove something so it moves downward,,,,,,,,,,,,,,,,,,,baundus,,,FALSE
5222,undus₃,intransitive verb,"to slide downward in a seated position, e.g. to sit on a plank and slide down a hill",,,,,,,,,,,,,,,,,,,naundus,,,FALSE
5223,undus₄,intransitive verb,to have slid down (of trousers which are too loose and slip down),,,,,,,,,,,,,,,,,,,,,,FALSE
5224,untak,noun,brain,,,,,,,,,,,,,,,,body,,,,,,FALSE
5225,unti,noun,the filling of a cake,,,,,,,,,,,,,,,,culinary,,,,,,FALSE
5226,untuk₁,preposition,for,,,,,,,,,,,,,,,,,,,,,,FALSE
5227,untuk₂,conjunction,for the purpose of,,,,,,,,,,,,,,,,,,,,,,FALSE
5228,untuk₃,preposition,"as for, with regard to",untuk puasa tu aku hawater mo,"As far as fasting month is concerned, I am not worried.",,,,,,,,,,,,,,,Indonesian,"bo:, fur",,,,FALSE
5229,untumajang,exclamation,What a stroke of luck!,,,,,,,,,,,,,,,,,,"untung, majang",,,,FALSE
5230,untung₁,intransitive verb,"to win, to derive a profit",dadi itu kita untung,"So, that way we profit",,,,,,,,,,,,,,,,,,,,FALSE
5231,untung₂,noun,profit,,,,,,,,,,,,,,,,,,"untumajang, baruntung",,,,FALSE
5232,unyjur₁,verb,to stretch out something (one's legs),,,,,,,,,,,,,,,,,,,unyjur akang,,,FALSE
5233,unyjur₂,verb,"to assist someone in stretching (his or her legs), e.g. a baby or an infirm person",,,,,,,,,,,,,,,,,,,baunyjur,,,FALSE
5234,unyjur₃,intransitive verb,to be (seated) in a posture with stretched out legs,,,,,,,,,,,,,,,,,,,,,,FALSE
5235,upatí,noun,tribute (to the sultan),,,,,,,,,,,,,,,archaic,,,,,,,FALSE
5236,uramati,noun,the deceased,,,,,,,,,,,,,,,,,,"urang, mati-mati, almarhu/m, aruaha",,,,FALSE
5237,urang,noun,person,,,,,,,,,,,,,,,,,,,,"urang tutua \df parents \sf  kinship \df other (person), someone else \il  lakina urang someone else's husband \af  baurang \ps  vi \df to contain an embryo (of a chicken egg) \af  saurang \ps  n \df by oneself \crm  sasaraurang \crm  sapaturang",,FALSE
5238,urang punana,noun,owner,,,,,,,,,,,,,,,,,,,,,,FALSE
5239,uras,transitive verb,"to strike someone with a rod, to cane someone",,,,,,,,,,,,,,,,,,,,,,FALSE
5240,urat₁,noun,"vein, artery, suture (of a durian carpel)",,,,,,,,,,,,,,,,body,,,urati,,,FALSE
5241,urat₂,verb,to cut slits or grooves into something,,,,,,,,,,,,,,,,,,,baurat,,,FALSE
5242,urat₃,intransitive verb,to have bulging veins,,,,,,,,,,,,,,,,,,,,,,FALSE
5243,ure₁,transitive verb,to unfasten (one's hair bun),,,,,,,,,,,,,,,,,,,ure akang,,,FALSE
5244,ure₂,transitive verb,to unfasten a hair bun at someone's request,,,,,,,,,,,,,,,,,,,baure,,,FALSE
5245,ure₃,intransitive verb,to let down one's hair,,,,,,,,,,,,,,,,,,,naure,,,FALSE
5246,ure₄,intransitive verb,unfastened unintentionally and hanging down (of the hair),,,,,,,,,,,,,,,,,,,,,,FALSE
5247,uru,noun,"hex, hex sign, esp. to deter or punish thefts; canonical hex signs are usually made",,,,,,,,,,,,,,,,,,,,"uru foya-foya \df a hex sign, often made of cloth, usually hung in the tree to be protected; although not canonical hexes, these often cause fatal or very serious results \crm  foya, uru kalaumang \df a hex sign in which a hermit crab is tied and hung from the rafter of the model house; this causes intestinal disorders as if a hermit crab were moving slowly through the stomach \crm  kalaumang, uru kal baha/r \df a hex sign in which a small piece of black coral is placed in the shell of the model house; if that piece of coral is heated or roasted before it is placed, the thief will suffer severe illness, unconsciousness and, possibly, death \crm  kal baha/r, uru koco-koco \df a hex sign which causes extreme distension of the stomach \crm  koco-koco, uru lobong \df a hex sign in which a piece of sago bread is buried below the model house; the thief suffers intestinal disorders upon his or her return home \crm  lobong, uru panycungut \df a hex, featuring the recitation of mantras over the item to be protected; if that item is touched with the intent to steal, the would-be thief is only able to move in circles in the vicinity of that item \crm  panycungut \crm  tanoga, uru tirigu \df a hex sign in which a few kernels of maize are placed in the shell of the model house; if those kernels are heated or roasted before they are placed, the thief will suffer severe illness, unconsciousness and, possibly, death \crm  tirigu \af  urui \ps  v \df to put a hex sign in a certain place \il  kuurui buángiku I put a hex sign on my langsat tree \af  urui akang \ps  v \df to put a hex sign in a certain place at someone's request \crm  luli \sf  spiritual",,FALSE
5248,urumbó,intransitive verb,"crazy, insane, zany",,,,,,,,,,,,,,,,,,,,,,FALSE
5249,urung₁,verb,"to swarm around something (of insects), to crowd around something or someone (of persons)",,,,,,,,,,,,,,,,,,,urungi,,,FALSE
5250,urung₂,verb,"to swarm on something, to crowd something",,,,,,,,,,,,,,,,,,,urung akang,,,FALSE
5251,urung₃,verb,to crowd someone or something at another's request,,,,,,,,,,,,,,,,,,,,,,FALSE
5252,urut₁,,,,,,,,,,,,,,,,,,,,,uruti,,,FALSE
5253,urut₂,verb,to massage someone or something,,,,,,,,,,,,,,,,,,,baurut,,,FALSE
5254,urut₃,intransitive verb,to be engaged in massaging,,,,,,,,,,,,,,,,,,,,,,FALSE
5255,usa₁,transitive verb,"to increase the intensity (of a flame), to intensify (a fire) by fanning it, etc.",Usa api naik.,Stoke up that fire so it rises up.,,,,,,,,,,,,,,,,,nausa,,,FALSE
5256,usa₂,intransitive verb,to have flamed up,,,,,,,,,,,,,,,,,,,,,,FALSE
5257,usaha₁,noun,"endeavor, effort",,,,,,,,,,,,,,,,,,,,,,FALSE
5258,usaha₂,verb,"to attempt, to try",,,,,,,,,,,,,,,,,,,,,,FALSE
5259,usi₁,,,,,,,,,,,,,,,,,,,,,usi akang,,,FALSE
5260,usi₂,verb,"to follow (what someone says), to do (as someone says)",,,,,,,,,,,,,,,,,,,bausi,,,FALSE
5261,usi₃,intransitive verb,"to follow (someone's footsteps), to come along, to move along some direction",tabujuk langker supaya ia bausi,We'll persuade him to come along.,lao tu sipa bausi in de dodoku,Those fish surface along Dodoku.,,,,,,,,,,,,,,,,,,FALSE
5262,usi₄,particle,"following from, subsequent to (some event or action)",,,,,,,,,,,,,,,,,,,,,,FALSE
5263,usir,verb,to chase someone or something away,,,,,,,,,,,,,,,,,Malay,umpak,,,,FALSE
5264,utang,,,,,,,,,,,,,,,,,,,,pombo utang,,,,FALSE
5265,utara,noun,"a point of the compass, north",,,,,,,,,,,,,,,,,,,,,,FALSE
5266,utur,noun,"kind of fish, a trevally, perhaps the bludger",,,,,,,,,,,,,Carangoides gymnostethus,,,fish,,,,,,FALSE
5267,uwuk-wuk,ideophone,"the sound made by an owl, the hoot of an owl",,,,,,,,,,,,,,,,,,,,,,FALSE
5268,ya,particle,"well, as it stands",,,,,,,,,,,,,,,,,,,,,,FALSE
5269,ya:,exclamation,"So!, what do you expect, exclamation of disparagement",,,,,,,,,,,,,,,,,,,,,,FALSE
5270,ya ala,exclamation,"Good gosh!, a mild expression of surprise",,,,,,,,,,,,,,,,,,,,,,FALSE
5271,ya ilahi,exclamation,"God!, an expression of disbelief or disapproval",,,,,,,,,,,,,,,,,,,,,,FALSE
5272,yabut₁,,,,,,,,,,,,,,,,,,,,,yabut akang,,,FALSE
5273,yabut₂,verb,"to unravel something (cloth, the weave)",,,,,,,,,,,,,,,,,,,nayabut,,,FALSE
5274,yabut₃,intransitive verb,unraveled,,,,,,,,,,,,,,,,,,,nayabu-yabut,,,FALSE
5275,yabut₄,intransitive verb,"unraveled and frayed, exhausted, frazzled",saliaku nayabu-yabut,My sarong's falling apart.,"meskena nayabu-yabut, musi ka lau hadiki","Although we're exhausted, we must head",,,,,,,,,,,,,,,,,,FALSE
5276,yafo,verb,"very slow, poky",,,,,,,,,,,,,,,,,,,,,,FALSE
5277,yakis,,,,,,,,,,,,,,,,,,,,bua yakis,,,,FALSE
5278,yambu₁,noun,thread,,,,,,,,,,,,,,,,,,,,,,FALSE
5279,yambu₂,noun,"various kind of trees bearing edible fruit, incl. the Malay apple, and the water apple,",,,,,,,,,,,,,"Eugenia malaccensis, Eugenia aquea",,,plant,,,,,,FALSE
5280,yambu-yambut,noun,"sponge, phylum Porifera",,,,,,,,,,,,,,,,sea creature,,,,"yambu-yambut karuaya \df kind of sponge, the Mound-type sponge \sf  sea creature, yambu-yambut sasu/ \df kind of sponge, the White Ascidian \sf  sea creature",,FALSE
5281,yang₁,pronoun,which,yang penting,that which is important,lecak yang ada ianta,the earth which was on top,,,,,,,,,,,,,,,,,,FALSE
5282,yang₂,conjunction,"that, namely",,,,,,,,,,,,,,,,,,,,,,FALSE
5283,yapu₁,transitive verb,"to grope for something in the dark, to sexually molest or assault someone by entering the house stealthily at night",ia muyapu anaka urang bini-bini.,He was indecent with somebody's daughter.,,,,,,,,,,,,,,,,,bayapu,,,FALSE
5284,yapu₂,intransitive verb,to engage in entering others' houses in order to pursue sexual adventures,,,,,,,,,,,,,,,,,,,,,,FALSE
5285,yarasulallah,exclamation,"For heaven's sake!, an exclamation of surprise or shock",,,,,,,,,,,,,,,,,,,,,,FALSE
5286,yasa₁,,,,,,,,,,,,,,,,,,,,,bayasa,,,FALSE
5287,yasa₂,intransitive verb,"to have an offensive taste, to have a certain taste, to have a certain feeling",lao ini tala bayasa,This fish has a spoiled taste,bayasa tuba,to taste bitter,,,,,,,,,,,,,,,,"bayasa jat \df to hurt, to feel pain \il  poruku bayasa jat My stomach hurt. My stomach was bothering me. \af  payasa akang \ps  v \df to taste something \crm  idap",,FALSE
5288,yautang,noun,"kind of tree, similar to trees found in mangroves",,,,,,,,,,,,,,,,plant,,,,,,FALSE
5289,yayáng,noun,"kind of insect, the fruit fly",,,,,,,,,,,,,Drosophilidae,,,insect,,,,,,FALSE
5290,yo₁,exclamation,certainly,yo ipasusa manusia,Certainly they just made things difficult for people.,,,,,,,,,,,,,,,,,,,,FALSE
5291,yo₂,particle,well,yo anu de lalaina tala mo,"Well, are the whatchamacallits at the others' still not (ripe)?",yo basaláng kata de pasar lao mata-mata bolung i:,"Well, as for the market there, there",,,,,,,,,,,,,,,,,,FALSE
5292,yo:,particle,"let's, hey",Yo: balampone,Let's gone,,,,,,,,,,,,particle to urge action,,,,,,,,FALSE
5293,yobung,noun,bamboo shoot,,,,,,,,,,,,,,,,,,,,,,FALSE
5294,yogo,particle,"want to, intend to, about to",yogo balumbar,want to go take a bath,po waktuna yogo irabi ipareksa dang ilia mo ular indalang de kalero dalama,"When one intends to ignite the fire, he examines and sees that there are no snakes inside the heaped firewood.",,,,,,,,,,aspect marker indicating intentionality or a future activity,,,,nyausu/,,,,FALSE
5295,yoyó,noun,dog,,,,,,,,,,,,,Canidae,,,animal,,,,,,FALSE
5296,yuyuk₁,,,,,,,,,,,,,,,,,,,,,yuyuki,,,FALSE
5297,yuyuk₂,verb,to gargle out,balampo ka yuyuki sungut itu,Go gargle that mouth out,,,,,,,,,,,,,,,,,bayuyuk,,,FALSE
5298,yuyuk₃,intransitive verb,to gargle,,,,,,,,,,,,,,,,,,,,,,FALSE
5299,wa:,exclamation,"Oh!, exclamation of regret, longing or disagreement",,,,,,,,,,,,,,,,,,,,,,FALSE
5300,wafel,noun,kind of square cake,,,,,,,,,,,,,,,,food,,,,,,FALSE
5301,waji,noun,"kind of steamed sweetmeat made of rice, glutinous rice and other ingredients",,,,,,,,,,,,,,,,food,,,,,,FALSE
5302,wakil,noun,"representative, temporary replacement",,,,,,,,,,,,,,,,,Indonesian,,,,,FALSE
5303,wakis₁,,,,,,,,,,,,,,,,,,,,,wakis akang,,,FALSE
5304,wakis₂,verb,"to rip something, to tear something",,,,,,,,,,,,,,,,,,,nawakis,,,FALSE
5305,wakis₃,intransitive verb,torn,,,,,,,,,,,,,,,,,,,,,,FALSE
5306,waktu,noun,"time, era",,,,,,,,,,,,,,,,,,,,,,FALSE
5307,walanda,noun,"Netherlands, Dutch",,,,,,,,,,,,,,,,,,,,,,FALSE
5308,walawpung,conjunction,although,,,,,,,,,,,,,,,,,Indonesian,,,,,FALSE
5309,walhasil,noun,result,,,,,,,,,,,,,,,,,,,,,,FALSE
5310,wali,noun,"guardian, a category of relationship, defined by Islamic law, to represent one's parents",,,,,,,,,,,,,,,,,,,,wali jou gugu \df a representative acting on behalf of the sultan of Bacan \sc  Archaic,,FALSE
5311,walirang,noun,sulphur,,,,,,,,,,,,,,,,,,,,,,FALSE
5312,walu,noun,various kind of squash,,,,,,,,,,,,,Cucurbitaceae,,,plant,,,,"walu botol \df bottle gourd, calabash \sn Lagenaria siceraria \sf  plant",,FALSE
5313,wanis,noun,"the topmost frond of the arenga palm, used to string fish",,,,,,,,,,,,,,,,,,,,,,FALSE
5314,wang,noun,"kind of fish, cod",,,,,,,,,,,,,Gadidae,,,fish,,,,"wang batitik \df kind of very large cod with scattered spots, the dotty back or estuary rock-cod, \sn Epinephelus tauvina \sf  fish, wang dolong \df kind of cod often found at depths of 30 fathoms, the black-tipped rock-cod",,FALSE
